I1102 19:13:04.523462 Main     thread.cpp:100] Register main thread: tid=1402924
E1102 19:13:04.524620 Main     docker.cpp:59] Cannot find docker's cgroup in /proc/self/cgroup
I1102 19:13:04.524671 Main     func_config.cpp:135] Load configuration for function Echo[1]
I1102 19:13:04.524682 Main     engine.cpp:109] Engine: Start 1 IO workers
I1102 19:13:04.527911 IO-0/EL  thread.cpp:40] Start thread: IO-0/EL
I1102 19:13:04.527964 IO-0/EL  io_worker.cpp:192] IO-0: Event loop starts
Checking for file descriptor...
Got a file descriptor!
I1102 19:13:06.368540 Main     engine.cpp:180] Engine: Created 1 Machnet connections to Gateway at 10.10.1.2:10007
I1102 19:13:06.368613 Main     engine.cpp:208] Engine: Listen on /dev/shm/faas_ipc/engine.sock for IPC connections
I1102 19:13:06.368773 Server/E thread.cpp:40] Start thread: Server/EL
I1102 19:13:06.368891 Server/E server_base.cpp:50] Server: Event loop starts
I1102 19:13:06.525964 Server/E engine.cpp:674] Engine: New message connection
I1102 19:13:06.529152 IO-0/EL  buffer_pool.h:25] BufferPool[IO-0_Read]: Allocate new buffer, current buffer count is 1
I1102 19:13:06.529185 IO-0/EL  engine.cpp:277] Engine: Receive new handshake message from message connection
I1102 19:13:06.529191 IO-0/EL  worker_manager.cpp:23] WorkerManager: Launcher of func_id 1 connected
I1102 19:13:06.529195 IO-0/EL  worker_manager.cpp:131] WorkerManager: Request new FuncWorker for func_id 1 with client_id 1
I1102 19:13:06.529215 IO-0/EL  worker_manager.cpp:131] WorkerManager: Request new FuncWorker for func_id 1 with client_id 2
I1102 19:13:06.529228 IO-0/EL  worker_manager.cpp:131] WorkerManager: Request new FuncWorker for func_id 1 with client_id 3
I1102 19:13:06.529238 IO-0/EL  worker_manager.cpp:131] WorkerManager: Request new FuncWorker for func_id 1 with client_id 4
I1102 19:13:06.529247 IO-0/EL  worker_manager.cpp:131] WorkerManager: Request new FuncWorker for func_id 1 with client_id 5
I1102 19:13:06.529257 IO-0/EL  worker_manager.cpp:131] WorkerManager: Request new FuncWorker for func_id 1 with client_id 6
I1102 19:13:06.529268 IO-0/EL  worker_manager.cpp:131] WorkerManager: Request new FuncWorker for func_id 1 with client_id 7
I1102 19:13:06.529278 IO-0/EL  worker_manager.cpp:131] WorkerManager: Request new FuncWorker for func_id 1 with client_id 8
I1102 19:13:06.529290 IO-0/EL  worker_manager.cpp:131] WorkerManager: Request new FuncWorker for func_id 1 with client_id 9
I1102 19:13:06.529299 IO-0/EL  worker_manager.cpp:131] WorkerManager: Request new FuncWorker for func_id 1 with client_id 10
I1102 19:13:06.529311 IO-0/EL  worker_manager.cpp:131] WorkerManager: Request new FuncWorker for func_id 1 with client_id 11
I1102 19:13:06.529320 IO-0/EL  worker_manager.cpp:131] WorkerManager: Request new FuncWorker for func_id 1 with client_id 12
I1102 19:13:06.529333 IO-0/EL  worker_manager.cpp:131] WorkerManager: Request new FuncWorker for func_id 1 with client_id 13
I1102 19:13:06.529343 IO-0/EL  worker_manager.cpp:131] WorkerManager: Request new FuncWorker for func_id 1 with client_id 14
I1102 19:13:06.529352 IO-0/EL  worker_manager.cpp:131] WorkerManager: Request new FuncWorker for func_id 1 with client_id 15
I1102 19:13:06.529363 IO-0/EL  worker_manager.cpp:131] WorkerManager: Request new FuncWorker for func_id 1 with client_id 16
I1102 19:13:06.529372 IO-0/EL  worker_manager.cpp:131] WorkerManager: Request new FuncWorker for func_id 1 with client_id 17
I1102 19:13:06.529393 IO-0/EL  worker_manager.cpp:131] WorkerManager: Request new FuncWorker for func_id 1 with client_id 18
I1102 19:13:06.529402 IO-0/EL  worker_manager.cpp:131] WorkerManager: Request new FuncWorker for func_id 1 with client_id 19
I1102 19:13:06.529413 IO-0/EL  worker_manager.cpp:131] WorkerManager: Request new FuncWorker for func_id 1 with client_id 20
I1102 19:13:06.529424 IO-0/EL  worker_manager.cpp:131] WorkerManager: Request new FuncWorker for func_id 1 with client_id 21
I1102 19:13:06.529433 IO-0/EL  worker_manager.cpp:131] WorkerManager: Request new FuncWorker for func_id 1 with client_id 22
I1102 19:13:06.529443 IO-0/EL  worker_manager.cpp:131] WorkerManager: Request new FuncWorker for func_id 1 with client_id 23
I1102 19:13:06.529469 IO-0/EL  worker_manager.cpp:131] WorkerManager: Request new FuncWorker for func_id 1 with client_id 24
I1102 19:13:06.529479 IO-0/EL  worker_manager.cpp:131] WorkerManager: Request new FuncWorker for func_id 1 with client_id 25
I1102 19:13:06.529488 IO-0/EL  worker_manager.cpp:131] WorkerManager: Request new FuncWorker for func_id 1 with client_id 26
I1102 19:13:06.529497 IO-0/EL  worker_manager.cpp:131] WorkerManager: Request new FuncWorker for func_id 1 with client_id 27
I1102 19:13:06.529509 IO-0/EL  worker_manager.cpp:131] WorkerManager: Request new FuncWorker for func_id 1 with client_id 28
I1102 19:13:06.529519 IO-0/EL  worker_manager.cpp:131] WorkerManager: Request new FuncWorker for func_id 1 with client_id 29
I1102 19:13:06.529529 IO-0/EL  worker_manager.cpp:131] WorkerManager: Request new FuncWorker for func_id 1 with client_id 30
I1102 19:13:06.529539 IO-0/EL  worker_manager.cpp:131] WorkerManager: Request new FuncWorker for func_id 1 with client_id 31
I1102 19:13:06.529549 IO-0/EL  worker_manager.cpp:131] WorkerManager: Request new FuncWorker for func_id 1 with client_id 32
I1102 19:13:06.529558 IO-0/EL  worker_manager.cpp:131] WorkerManager: Request new FuncWorker for func_id 1 with client_id 33
I1102 19:13:06.529591 IO-0/EL  worker_manager.cpp:131] WorkerManager: Request new FuncWorker for func_id 1 with client_id 34
I1102 19:13:06.529601 IO-0/EL  worker_manager.cpp:131] WorkerManager: Request new FuncWorker for func_id 1 with client_id 35
I1102 19:13:06.529614 IO-0/EL  worker_manager.cpp:131] WorkerManager: Request new FuncWorker for func_id 1 with client_id 36
I1102 19:13:06.529624 IO-0/EL  worker_manager.cpp:131] WorkerManager: Request new FuncWorker for func_id 1 with client_id 37
I1102 19:13:06.529633 IO-0/EL  worker_manager.cpp:131] WorkerManager: Request new FuncWorker for func_id 1 with client_id 38
I1102 19:13:06.529644 IO-0/EL  worker_manager.cpp:131] WorkerManager: Request new FuncWorker for func_id 1 with client_id 39
I1102 19:13:06.529655 IO-0/EL  worker_manager.cpp:131] WorkerManager: Request new FuncWorker for func_id 1 with client_id 40
I1102 19:13:06.529664 IO-0/EL  worker_manager.cpp:131] WorkerManager: Request new FuncWorker for func_id 1 with client_id 41
I1102 19:13:06.529673 IO-0/EL  worker_manager.cpp:131] WorkerManager: Request new FuncWorker for func_id 1 with client_id 42
I1102 19:13:06.529683 IO-0/EL  worker_manager.cpp:131] WorkerManager: Request new FuncWorker for func_id 1 with client_id 43
I1102 19:13:06.529695 IO-0/EL  worker_manager.cpp:131] WorkerManager: Request new FuncWorker for func_id 1 with client_id 44
I1102 19:13:06.529704 IO-0/EL  worker_manager.cpp:131] WorkerManager: Request new FuncWorker for func_id 1 with client_id 45
I1102 19:13:06.529720 IO-0/EL  worker_manager.cpp:131] WorkerManager: Request new FuncWorker for func_id 1 with client_id 46
I1102 19:13:06.529731 IO-0/EL  worker_manager.cpp:131] WorkerManager: Request new FuncWorker for func_id 1 with client_id 47
I1102 19:13:06.529741 IO-0/EL  worker_manager.cpp:131] WorkerManager: Request new FuncWorker for func_id 1 with client_id 48
I1102 19:13:06.529751 IO-0/EL  worker_manager.cpp:131] WorkerManager: Request new FuncWorker for func_id 1 with client_id 49
I1102 19:13:06.529761 IO-0/EL  worker_manager.cpp:131] WorkerManager: Request new FuncWorker for func_id 1 with client_id 50
I1102 19:13:06.529772 IO-0/EL  worker_manager.cpp:131] WorkerManager: Request new FuncWorker for func_id 1 with client_id 51
I1102 19:13:06.529782 IO-0/EL  worker_manager.cpp:131] WorkerManager: Request new FuncWorker for func_id 1 with client_id 52
I1102 19:13:06.529792 IO-0/EL  worker_manager.cpp:131] WorkerManager: Request new FuncWorker for func_id 1 with client_id 53
I1102 19:13:06.529802 IO-0/EL  worker_manager.cpp:131] WorkerManager: Request new FuncWorker for func_id 1 with client_id 54
I1102 19:13:06.529812 IO-0/EL  worker_manager.cpp:131] WorkerManager: Request new FuncWorker for func_id 1 with client_id 55
I1102 19:13:06.529824 IO-0/EL  worker_manager.cpp:131] WorkerManager: Request new FuncWorker for func_id 1 with client_id 56
I1102 19:13:06.529839 IO-0/EL  worker_manager.cpp:131] WorkerManager: Request new FuncWorker for func_id 1 with client_id 57
I1102 19:13:06.529850 IO-0/EL  worker_manager.cpp:131] WorkerManager: Request new FuncWorker for func_id 1 with client_id 58
I1102 19:13:06.529859 IO-0/EL  worker_manager.cpp:131] WorkerManager: Request new FuncWorker for func_id 1 with client_id 59
I1102 19:13:06.529870 IO-0/EL  worker_manager.cpp:131] WorkerManager: Request new FuncWorker for func_id 1 with client_id 60
I1102 19:13:06.529881 IO-0/EL  worker_manager.cpp:131] WorkerManager: Request new FuncWorker for func_id 1 with client_id 61
I1102 19:13:06.529891 IO-0/EL  worker_manager.cpp:131] WorkerManager: Request new FuncWorker for func_id 1 with client_id 62
I1102 19:13:06.529901 IO-0/EL  worker_manager.cpp:131] WorkerManager: Request new FuncWorker for func_id 1 with client_id 63
I1102 19:13:06.529910 IO-0/EL  worker_manager.cpp:131] WorkerManager: Request new FuncWorker for func_id 1 with client_id 64
I1102 19:13:06.529919 IO-0/EL  worker_manager.cpp:131] WorkerManager: Request new FuncWorker for func_id 1 with client_id 65
I1102 19:13:06.529970 IO-0/EL  worker_manager.cpp:131] WorkerManager: Request new FuncWorker for func_id 1 with client_id 66
I1102 19:13:06.529981 IO-0/EL  worker_manager.cpp:131] WorkerManager: Request new FuncWorker for func_id 1 with client_id 67
I1102 19:13:06.529990 IO-0/EL  worker_manager.cpp:131] WorkerManager: Request new FuncWorker for func_id 1 with client_id 68
I1102 19:13:06.530003 IO-0/EL  worker_manager.cpp:131] WorkerManager: Request new FuncWorker for func_id 1 with client_id 69
I1102 19:13:06.530013 IO-0/EL  worker_manager.cpp:131] WorkerManager: Request new FuncWorker for func_id 1 with client_id 70
I1102 19:13:06.530023 IO-0/EL  worker_manager.cpp:131] WorkerManager: Request new FuncWorker for func_id 1 with client_id 71
I1102 19:13:06.530033 IO-0/EL  worker_manager.cpp:131] WorkerManager: Request new FuncWorker for func_id 1 with client_id 72
I1102 19:13:06.530047 IO-0/EL  worker_manager.cpp:131] WorkerManager: Request new FuncWorker for func_id 1 with client_id 73
I1102 19:13:06.530056 IO-0/EL  worker_manager.cpp:131] WorkerManager: Request new FuncWorker for func_id 1 with client_id 74
I1102 19:13:06.530065 IO-0/EL  worker_manager.cpp:131] WorkerManager: Request new FuncWorker for func_id 1 with client_id 75
I1102 19:13:06.530077 IO-0/EL  worker_manager.cpp:131] WorkerManager: Request new FuncWorker for func_id 1 with client_id 76
I1102 19:13:06.530088 IO-0/EL  worker_manager.cpp:131] WorkerManager: Request new FuncWorker for func_id 1 with client_id 77
I1102 19:13:06.530098 IO-0/EL  worker_manager.cpp:131] WorkerManager: Request new FuncWorker for func_id 1 with client_id 78
I1102 19:13:06.530108 IO-0/EL  worker_manager.cpp:131] WorkerManager: Request new FuncWorker for func_id 1 with client_id 79
I1102 19:13:06.530117 IO-0/EL  worker_manager.cpp:131] WorkerManager: Request new FuncWorker for func_id 1 with client_id 80
I1102 19:13:06.530130 IO-0/EL  worker_manager.cpp:131] WorkerManager: Request new FuncWorker for func_id 1 with client_id 81
I1102 19:13:06.530140 IO-0/EL  worker_manager.cpp:131] WorkerManager: Request new FuncWorker for func_id 1 with client_id 82
I1102 19:13:06.530149 IO-0/EL  worker_manager.cpp:131] WorkerManager: Request new FuncWorker for func_id 1 with client_id 83
I1102 19:13:06.530160 IO-0/EL  worker_manager.cpp:131] WorkerManager: Request new FuncWorker for func_id 1 with client_id 84
I1102 19:13:06.530173 IO-0/EL  worker_manager.cpp:131] WorkerManager: Request new FuncWorker for func_id 1 with client_id 85
I1102 19:13:06.530182 IO-0/EL  worker_manager.cpp:131] WorkerManager: Request new FuncWorker for func_id 1 with client_id 86
I1102 19:13:06.530191 IO-0/EL  worker_manager.cpp:131] WorkerManager: Request new FuncWorker for func_id 1 with client_id 87
I1102 19:13:06.530202 IO-0/EL  worker_manager.cpp:131] WorkerManager: Request new FuncWorker for func_id 1 with client_id 88
I1102 19:13:06.530219 IO-0/EL  worker_manager.cpp:131] WorkerManager: Request new FuncWorker for func_id 1 with client_id 89
I1102 19:13:06.530229 IO-0/EL  worker_manager.cpp:131] WorkerManager: Request new FuncWorker for func_id 1 with client_id 90
I1102 19:13:06.530240 IO-0/EL  worker_manager.cpp:131] WorkerManager: Request new FuncWorker for func_id 1 with client_id 91
I1102 19:13:06.530249 IO-0/EL  worker_manager.cpp:131] WorkerManager: Request new FuncWorker for func_id 1 with client_id 92
I1102 19:13:06.530260 IO-0/EL  worker_manager.cpp:131] WorkerManager: Request new FuncWorker for func_id 1 with client_id 93
I1102 19:13:06.530270 IO-0/EL  worker_manager.cpp:131] WorkerManager: Request new FuncWorker for func_id 1 with client_id 94
I1102 19:13:06.530279 IO-0/EL  worker_manager.cpp:131] WorkerManager: Request new FuncWorker for func_id 1 with client_id 95
I1102 19:13:06.530290 IO-0/EL  worker_manager.cpp:131] WorkerManager: Request new FuncWorker for func_id 1 with client_id 96
I1102 19:13:06.530303 IO-0/EL  worker_manager.cpp:131] WorkerManager: Request new FuncWorker for func_id 1 with client_id 97
I1102 19:13:06.530313 IO-0/EL  worker_manager.cpp:131] WorkerManager: Request new FuncWorker for func_id 1 with client_id 98
I1102 19:13:06.530323 IO-0/EL  worker_manager.cpp:131] WorkerManager: Request new FuncWorker for func_id 1 with client_id 99
I1102 19:13:06.530333 IO-0/EL  worker_manager.cpp:131] WorkerManager: Request new FuncWorker for func_id 1 with client_id 100
I1102 19:13:06.530344 IO-0/EL  worker_manager.cpp:131] WorkerManager: Request new FuncWorker for func_id 1 with client_id 101
I1102 19:13:06.530354 IO-0/EL  worker_manager.cpp:131] WorkerManager: Request new FuncWorker for func_id 1 with client_id 102
I1102 19:13:06.530365 IO-0/EL  worker_manager.cpp:131] WorkerManager: Request new FuncWorker for func_id 1 with client_id 103
I1102 19:13:06.530374 IO-0/EL  worker_manager.cpp:131] WorkerManager: Request new FuncWorker for func_id 1 with client_id 104
I1102 19:13:06.530386 IO-0/EL  worker_manager.cpp:131] WorkerManager: Request new FuncWorker for func_id 1 with client_id 105
I1102 19:13:06.530397 IO-0/EL  worker_manager.cpp:131] WorkerManager: Request new FuncWorker for func_id 1 with client_id 106
I1102 19:13:06.530407 IO-0/EL  worker_manager.cpp:131] WorkerManager: Request new FuncWorker for func_id 1 with client_id 107
I1102 19:13:06.530416 IO-0/EL  worker_manager.cpp:131] WorkerManager: Request new FuncWorker for func_id 1 with client_id 108
I1102 19:13:06.530428 IO-0/EL  worker_manager.cpp:131] WorkerManager: Request new FuncWorker for func_id 1 with client_id 109
I1102 19:13:06.530437 IO-0/EL  worker_manager.cpp:131] WorkerManager: Request new FuncWorker for func_id 1 with client_id 110
I1102 19:13:06.530448 IO-0/EL  worker_manager.cpp:131] WorkerManager: Request new FuncWorker for func_id 1 with client_id 111
I1102 19:13:06.530457 IO-0/EL  worker_manager.cpp:131] WorkerManager: Request new FuncWorker for func_id 1 with client_id 112
I1102 19:13:06.530468 IO-0/EL  worker_manager.cpp:131] WorkerManager: Request new FuncWorker for func_id 1 with client_id 113
I1102 19:13:06.530479 IO-0/EL  worker_manager.cpp:131] WorkerManager: Request new FuncWorker for func_id 1 with client_id 114
I1102 19:13:06.530488 IO-0/EL  worker_manager.cpp:131] WorkerManager: Request new FuncWorker for func_id 1 with client_id 115
I1102 19:13:06.530498 IO-0/EL  worker_manager.cpp:131] WorkerManager: Request new FuncWorker for func_id 1 with client_id 116
I1102 19:13:06.530509 IO-0/EL  worker_manager.cpp:131] WorkerManager: Request new FuncWorker for func_id 1 with client_id 117
I1102 19:13:06.530521 IO-0/EL  worker_manager.cpp:131] WorkerManager: Request new FuncWorker for func_id 1 with client_id 118
I1102 19:13:06.530531 IO-0/EL  worker_manager.cpp:131] WorkerManager: Request new FuncWorker for func_id 1 with client_id 119
I1102 19:13:06.530547 IO-0/EL  worker_manager.cpp:131] WorkerManager: Request new FuncWorker for func_id 1 with client_id 120
I1102 19:13:06.530562 IO-0/EL  worker_manager.cpp:131] WorkerManager: Request new FuncWorker for func_id 1 with client_id 121
I1102 19:13:06.530577 IO-0/EL  worker_manager.cpp:131] WorkerManager: Request new FuncWorker for func_id 1 with client_id 122
I1102 19:13:06.530586 IO-0/EL  worker_manager.cpp:131] WorkerManager: Request new FuncWorker for func_id 1 with client_id 123
I1102 19:13:06.530596 IO-0/EL  worker_manager.cpp:131] WorkerManager: Request new FuncWorker for func_id 1 with client_id 124
I1102 19:13:06.530607 IO-0/EL  worker_manager.cpp:131] WorkerManager: Request new FuncWorker for func_id 1 with client_id 125
I1102 19:13:06.530618 IO-0/EL  worker_manager.cpp:131] WorkerManager: Request new FuncWorker for func_id 1 with client_id 126
I1102 19:13:06.530628 IO-0/EL  worker_manager.cpp:131] WorkerManager: Request new FuncWorker for func_id 1 with client_id 127
I1102 19:13:06.530637 IO-0/EL  worker_manager.cpp:131] WorkerManager: Request new FuncWorker for func_id 1 with client_id 128
I1102 19:13:06.530750 IO-0/EL  buffer_pool.h:25] BufferPool[IO-0_Write]: Allocate new buffer, current buffer count is 1
I1102 19:13:06.530780 IO-0/EL  buffer_pool.h:25] BufferPool[IO-0_Write]: Allocate new buffer, current buffer count is 2
I1102 19:13:06.530811 IO-0/EL  message_connection.cpp:269] LauncherConnection[1]: Handshake done
I1102 19:13:06.535125 Server/E engine.cpp:674] Engine: New message connection
I1102 19:13:06.535187 IO-0/EL  engine.cpp:277] Engine: Receive new handshake message from message connection
I1102 19:13:06.535193 IO-0/EL  worker_manager.cpp:60] WorkerManager: FuncWorker of func_id 1, client_id 1 connected
I1102 19:13:06.535204 IO-0/EL  dispatcher.cpp:47] Dispatcher[1]: min_workers=128
I1102 19:13:06.535208 IO-0/EL  dispatcher.cpp:51] Dispatcher[1]: max_workers=128
I1102 19:13:06.535229 IO-0/EL  message_connection.cpp:269] FuncWorkerConnection[1-1]: Handshake done
I1102 19:13:06.535461 Server/E engine.cpp:674] Engine: New message connection
I1102 19:13:06.535489 IO-0/EL  engine.cpp:277] Engine: Receive new handshake message from message connection
I1102 19:13:06.535493 IO-0/EL  worker_manager.cpp:60] WorkerManager: FuncWorker of func_id 1, client_id 2 connected
I1102 19:13:06.535507 IO-0/EL  message_connection.cpp:269] FuncWorkerConnection[1-2]: Handshake done
I1102 19:13:06.537612 Server/E engine.cpp:674] Engine: New message connection
I1102 19:13:06.537643 IO-0/EL  engine.cpp:277] Engine: Receive new handshake message from message connection
I1102 19:13:06.537648 IO-0/EL  worker_manager.cpp:60] WorkerManager: FuncWorker of func_id 1, client_id 3 connected
I1102 19:13:06.537663 IO-0/EL  message_connection.cpp:269] FuncWorkerConnection[1-3]: Handshake done
I1102 19:13:06.538360 Server/E engine.cpp:674] Engine: New message connection
I1102 19:13:06.538402 IO-0/EL  engine.cpp:277] Engine: Receive new handshake message from message connection
I1102 19:13:06.538407 IO-0/EL  worker_manager.cpp:60] WorkerManager: FuncWorker of func_id 1, client_id 5 connected
I1102 19:13:06.538421 IO-0/EL  message_connection.cpp:269] FuncWorkerConnection[1-5]: Handshake done
I1102 19:13:06.538695 Server/E engine.cpp:674] Engine: New message connection
I1102 19:13:06.538739 IO-0/EL  engine.cpp:277] Engine: Receive new handshake message from message connection
I1102 19:13:06.538744 IO-0/EL  worker_manager.cpp:60] WorkerManager: FuncWorker of func_id 1, client_id 4 connected
I1102 19:13:06.538758 IO-0/EL  message_connection.cpp:269] FuncWorkerConnection[1-4]: Handshake done
I1102 19:13:06.539141 Server/E engine.cpp:674] Engine: New message connection
I1102 19:13:06.539182 IO-0/EL  engine.cpp:277] Engine: Receive new handshake message from message connection
I1102 19:13:06.539186 IO-0/EL  worker_manager.cpp:60] WorkerManager: FuncWorker of func_id 1, client_id 6 connected
I1102 19:13:06.539199 IO-0/EL  message_connection.cpp:269] FuncWorkerConnection[1-6]: Handshake done
I1102 19:13:06.539420 Server/E engine.cpp:674] Engine: New message connection
I1102 19:13:06.539455 IO-0/EL  engine.cpp:277] Engine: Receive new handshake message from message connection
I1102 19:13:06.539460 IO-0/EL  worker_manager.cpp:60] WorkerManager: FuncWorker of func_id 1, client_id 7 connected
I1102 19:13:06.539481 IO-0/EL  message_connection.cpp:269] FuncWorkerConnection[1-7]: Handshake done
I1102 19:13:06.541031 Server/E engine.cpp:674] Engine: New message connection
I1102 19:13:06.541068 IO-0/EL  engine.cpp:277] Engine: Receive new handshake message from message connection
I1102 19:13:06.541073 IO-0/EL  worker_manager.cpp:60] WorkerManager: FuncWorker of func_id 1, client_id 9 connected
I1102 19:13:06.541087 IO-0/EL  message_connection.cpp:269] FuncWorkerConnection[1-9]: Handshake done
I1102 19:13:06.541175 Server/E engine.cpp:674] Engine: New message connection
I1102 19:13:06.541204 IO-0/EL  engine.cpp:277] Engine: Receive new handshake message from message connection
I1102 19:13:06.541209 IO-0/EL  worker_manager.cpp:60] WorkerManager: FuncWorker of func_id 1, client_id 10 connected
I1102 19:13:06.541222 IO-0/EL  message_connection.cpp:269] FuncWorkerConnection[1-10]: Handshake done
I1102 19:13:06.541646 Server/E engine.cpp:674] Engine: New message connection
I1102 19:13:06.541681 IO-0/EL  engine.cpp:277] Engine: Receive new handshake message from message connection
I1102 19:13:06.541685 IO-0/EL  worker_manager.cpp:60] WorkerManager: FuncWorker of func_id 1, client_id 11 connected
I1102 19:13:06.541698 IO-0/EL  message_connection.cpp:269] FuncWorkerConnection[1-11]: Handshake done
I1102 19:13:06.542268 Server/E engine.cpp:674] Engine: New message connection
I1102 19:13:06.542311 IO-0/EL  engine.cpp:277] Engine: Receive new handshake message from message connection
I1102 19:13:06.542316 IO-0/EL  worker_manager.cpp:60] WorkerManager: FuncWorker of func_id 1, client_id 12 connected
I1102 19:13:06.542331 IO-0/EL  message_connection.cpp:269] FuncWorkerConnection[1-12]: Handshake done
I1102 19:13:06.542396 Server/E engine.cpp:674] Engine: New message connection
I1102 19:13:06.542449 IO-0/EL  engine.cpp:277] Engine: Receive new handshake message from message connection
I1102 19:13:06.542453 IO-0/EL  worker_manager.cpp:60] WorkerManager: FuncWorker of func_id 1, client_id 8 connected
I1102 19:13:06.542466 IO-0/EL  message_connection.cpp:269] FuncWorkerConnection[1-8]: Handshake done
I1102 19:13:06.542721 Server/E engine.cpp:674] Engine: New message connection
I1102 19:13:06.542759 IO-0/EL  engine.cpp:277] Engine: Receive new handshake message from message connection
I1102 19:13:06.542764 IO-0/EL  worker_manager.cpp:60] WorkerManager: FuncWorker of func_id 1, client_id 13 connected
I1102 19:13:06.542777 IO-0/EL  message_connection.cpp:269] FuncWorkerConnection[1-13]: Handshake done
I1102 19:13:06.543058 Server/E engine.cpp:674] Engine: New message connection
I1102 19:13:06.543100 IO-0/EL  engine.cpp:277] Engine: Receive new handshake message from message connection
I1102 19:13:06.543104 IO-0/EL  worker_manager.cpp:60] WorkerManager: FuncWorker of func_id 1, client_id 14 connected
I1102 19:13:06.543117 IO-0/EL  message_connection.cpp:269] FuncWorkerConnection[1-14]: Handshake done
I1102 19:13:06.543761 Server/E engine.cpp:674] Engine: New message connection
I1102 19:13:06.543807 IO-0/EL  engine.cpp:277] Engine: Receive new handshake message from message connection
I1102 19:13:06.543812 IO-0/EL  worker_manager.cpp:60] WorkerManager: FuncWorker of func_id 1, client_id 15 connected
I1102 19:13:06.543826 IO-0/EL  message_connection.cpp:269] FuncWorkerConnection[1-15]: Handshake done
I1102 19:13:06.544296 Server/E engine.cpp:674] Engine: New message connection
I1102 19:13:06.544333 IO-0/EL  engine.cpp:277] Engine: Receive new handshake message from message connection
I1102 19:13:06.544338 IO-0/EL  worker_manager.cpp:60] WorkerManager: FuncWorker of func_id 1, client_id 16 connected
I1102 19:13:06.544352 IO-0/EL  message_connection.cpp:269] FuncWorkerConnection[1-16]: Handshake done
I1102 19:13:06.544503 Server/E engine.cpp:674] Engine: New message connection
I1102 19:13:06.544535 IO-0/EL  engine.cpp:277] Engine: Receive new handshake message from message connection
I1102 19:13:06.544539 IO-0/EL  worker_manager.cpp:60] WorkerManager: FuncWorker of func_id 1, client_id 17 connected
I1102 19:13:06.544563 IO-0/EL  message_connection.cpp:269] FuncWorkerConnection[1-17]: Handshake done
I1102 19:13:06.544972 Server/E engine.cpp:674] Engine: New message connection
I1102 19:13:06.545014 IO-0/EL  engine.cpp:277] Engine: Receive new handshake message from message connection
I1102 19:13:06.545019 IO-0/EL  worker_manager.cpp:60] WorkerManager: FuncWorker of func_id 1, client_id 18 connected
I1102 19:13:06.545032 IO-0/EL  message_connection.cpp:269] FuncWorkerConnection[1-18]: Handshake done
I1102 19:13:06.545660 Server/E engine.cpp:674] Engine: New message connection
I1102 19:13:06.545690 IO-0/EL  engine.cpp:277] Engine: Receive new handshake message from message connection
I1102 19:13:06.545695 IO-0/EL  worker_manager.cpp:60] WorkerManager: FuncWorker of func_id 1, client_id 19 connected
I1102 19:13:06.545712 IO-0/EL  message_connection.cpp:269] FuncWorkerConnection[1-19]: Handshake done
I1102 19:13:06.546031 Server/E engine.cpp:674] Engine: New message connection
I1102 19:13:06.546066 IO-0/EL  engine.cpp:277] Engine: Receive new handshake message from message connection
I1102 19:13:06.546071 IO-0/EL  worker_manager.cpp:60] WorkerManager: FuncWorker of func_id 1, client_id 20 connected
I1102 19:13:06.546084 IO-0/EL  message_connection.cpp:269] FuncWorkerConnection[1-20]: Handshake done
I1102 19:13:06.546398 Server/E engine.cpp:674] Engine: New message connection
I1102 19:13:06.546424 IO-0/EL  engine.cpp:277] Engine: Receive new handshake message from message connection
I1102 19:13:06.546429 IO-0/EL  worker_manager.cpp:60] WorkerManager: FuncWorker of func_id 1, client_id 21 connected
I1102 19:13:06.546442 IO-0/EL  message_connection.cpp:269] FuncWorkerConnection[1-21]: Handshake done
I1102 19:13:06.546839 Server/E engine.cpp:674] Engine: New message connection
I1102 19:13:06.546879 IO-0/EL  engine.cpp:277] Engine: Receive new handshake message from message connection
I1102 19:13:06.546883 IO-0/EL  worker_manager.cpp:60] WorkerManager: FuncWorker of func_id 1, client_id 22 connected
I1102 19:13:06.546896 IO-0/EL  message_connection.cpp:269] FuncWorkerConnection[1-22]: Handshake done
I1102 19:13:06.547402 Server/E engine.cpp:674] Engine: New message connection
I1102 19:13:06.547433 IO-0/EL  engine.cpp:277] Engine: Receive new handshake message from message connection
I1102 19:13:06.547438 IO-0/EL  worker_manager.cpp:60] WorkerManager: FuncWorker of func_id 1, client_id 23 connected
I1102 19:13:06.547450 IO-0/EL  message_connection.cpp:269] FuncWorkerConnection[1-23]: Handshake done
I1102 19:13:06.547845 Server/E engine.cpp:674] Engine: New message connection
I1102 19:13:06.547871 IO-0/EL  engine.cpp:277] Engine: Receive new handshake message from message connection
I1102 19:13:06.547875 IO-0/EL  worker_manager.cpp:60] WorkerManager: FuncWorker of func_id 1, client_id 24 connected
I1102 19:13:06.547888 IO-0/EL  message_connection.cpp:269] FuncWorkerConnection[1-24]: Handshake done
I1102 19:13:06.548319 Server/E engine.cpp:674] Engine: New message connection
I1102 19:13:06.548350 IO-0/EL  engine.cpp:277] Engine: Receive new handshake message from message connection
I1102 19:13:06.548354 IO-0/EL  worker_manager.cpp:60] WorkerManager: FuncWorker of func_id 1, client_id 25 connected
I1102 19:13:06.548367 IO-0/EL  message_connection.cpp:269] FuncWorkerConnection[1-25]: Handshake done
I1102 19:13:06.548763 Server/E engine.cpp:674] Engine: New message connection
I1102 19:13:06.548786 IO-0/EL  engine.cpp:277] Engine: Receive new handshake message from message connection
I1102 19:13:06.548790 IO-0/EL  worker_manager.cpp:60] WorkerManager: FuncWorker of func_id 1, client_id 26 connected
I1102 19:13:06.548804 IO-0/EL  message_connection.cpp:269] FuncWorkerConnection[1-26]: Handshake done
I1102 19:13:06.549202 Server/E engine.cpp:674] Engine: New message connection
I1102 19:13:06.549227 IO-0/EL  engine.cpp:277] Engine: Receive new handshake message from message connection
I1102 19:13:06.549231 IO-0/EL  worker_manager.cpp:60] WorkerManager: FuncWorker of func_id 1, client_id 27 connected
I1102 19:13:06.549251 IO-0/EL  message_connection.cpp:269] FuncWorkerConnection[1-27]: Handshake done
I1102 19:13:06.549612 Server/E engine.cpp:674] Engine: New message connection
I1102 19:13:06.549648 IO-0/EL  engine.cpp:277] Engine: Receive new handshake message from message connection
I1102 19:13:06.549653 IO-0/EL  worker_manager.cpp:60] WorkerManager: FuncWorker of func_id 1, client_id 28 connected
I1102 19:13:06.549666 IO-0/EL  message_connection.cpp:269] FuncWorkerConnection[1-28]: Handshake done
I1102 19:13:06.550083 Server/E engine.cpp:674] Engine: New message connection
I1102 19:13:06.550111 IO-0/EL  engine.cpp:277] Engine: Receive new handshake message from message connection
I1102 19:13:06.550115 IO-0/EL  worker_manager.cpp:60] WorkerManager: FuncWorker of func_id 1, client_id 29 connected
I1102 19:13:06.550133 IO-0/EL  message_connection.cpp:269] FuncWorkerConnection[1-29]: Handshake done
I1102 19:13:06.550505 Server/E engine.cpp:674] Engine: New message connection
I1102 19:13:06.550534 IO-0/EL  engine.cpp:277] Engine: Receive new handshake message from message connection
I1102 19:13:06.550539 IO-0/EL  worker_manager.cpp:60] WorkerManager: FuncWorker of func_id 1, client_id 30 connected
I1102 19:13:06.550552 IO-0/EL  message_connection.cpp:269] FuncWorkerConnection[1-30]: Handshake done
I1102 19:13:06.550987 Server/E engine.cpp:674] Engine: New message connection
I1102 19:13:06.551012 IO-0/EL  engine.cpp:277] Engine: Receive new handshake message from message connection
I1102 19:13:06.551017 IO-0/EL  worker_manager.cpp:60] WorkerManager: FuncWorker of func_id 1, client_id 31 connected
I1102 19:13:06.551029 IO-0/EL  message_connection.cpp:269] FuncWorkerConnection[1-31]: Handshake done
I1102 19:13:06.551462 Server/E engine.cpp:674] Engine: New message connection
I1102 19:13:06.551486 IO-0/EL  engine.cpp:277] Engine: Receive new handshake message from message connection
I1102 19:13:06.551490 IO-0/EL  worker_manager.cpp:60] WorkerManager: FuncWorker of func_id 1, client_id 32 connected
I1102 19:13:06.551503 IO-0/EL  message_connection.cpp:269] FuncWorkerConnection[1-32]: Handshake done
I1102 19:13:06.551894 Server/E engine.cpp:674] Engine: New message connection
I1102 19:13:06.551930 IO-0/EL  engine.cpp:277] Engine: Receive new handshake message from message connection
I1102 19:13:06.551935 IO-0/EL  worker_manager.cpp:60] WorkerManager: FuncWorker of func_id 1, client_id 33 connected
I1102 19:13:06.551947 IO-0/EL  message_connection.cpp:269] FuncWorkerConnection[1-33]: Handshake done
I1102 19:13:06.552399 Server/E engine.cpp:674] Engine: New message connection
I1102 19:13:06.552425 IO-0/EL  engine.cpp:277] Engine: Receive new handshake message from message connection
I1102 19:13:06.552429 IO-0/EL  worker_manager.cpp:60] WorkerManager: FuncWorker of func_id 1, client_id 34 connected
I1102 19:13:06.552443 IO-0/EL  message_connection.cpp:269] FuncWorkerConnection[1-34]: Handshake done
I1102 19:13:06.552775 Server/E engine.cpp:674] Engine: New message connection
I1102 19:13:06.552798 IO-0/EL  engine.cpp:277] Engine: Receive new handshake message from message connection
I1102 19:13:06.552802 IO-0/EL  worker_manager.cpp:60] WorkerManager: FuncWorker of func_id 1, client_id 35 connected
I1102 19:13:06.552815 IO-0/EL  message_connection.cpp:269] FuncWorkerConnection[1-35]: Handshake done
I1102 19:13:06.553171 Server/E engine.cpp:674] Engine: New message connection
I1102 19:13:06.553195 IO-0/EL  engine.cpp:277] Engine: Receive new handshake message from message connection
I1102 19:13:06.553199 IO-0/EL  worker_manager.cpp:60] WorkerManager: FuncWorker of func_id 1, client_id 36 connected
I1102 19:13:06.553213 IO-0/EL  message_connection.cpp:269] FuncWorkerConnection[1-36]: Handshake done
I1102 19:13:06.553799 Server/E engine.cpp:674] Engine: New message connection
I1102 19:13:06.553839 IO-0/EL  engine.cpp:277] Engine: Receive new handshake message from message connection
I1102 19:13:06.553844 IO-0/EL  worker_manager.cpp:60] WorkerManager: FuncWorker of func_id 1, client_id 37 connected
I1102 19:13:06.553857 IO-0/EL  message_connection.cpp:269] FuncWorkerConnection[1-37]: Handshake done
I1102 19:13:06.554251 Server/E engine.cpp:674] Engine: New message connection
I1102 19:13:06.554290 IO-0/EL  engine.cpp:277] Engine: Receive new handshake message from message connection
I1102 19:13:06.554295 IO-0/EL  worker_manager.cpp:60] WorkerManager: FuncWorker of func_id 1, client_id 38 connected
I1102 19:13:06.554308 IO-0/EL  message_connection.cpp:269] FuncWorkerConnection[1-38]: Handshake done
I1102 19:13:06.554791 Server/E engine.cpp:674] Engine: New message connection
I1102 19:13:06.554819 IO-0/EL  engine.cpp:277] Engine: Receive new handshake message from message connection
I1102 19:13:06.554823 IO-0/EL  worker_manager.cpp:60] WorkerManager: FuncWorker of func_id 1, client_id 39 connected
I1102 19:13:06.554835 IO-0/EL  message_connection.cpp:269] FuncWorkerConnection[1-39]: Handshake done
I1102 19:13:06.555319 Server/E engine.cpp:674] Engine: New message connection
I1102 19:13:06.555344 IO-0/EL  engine.cpp:277] Engine: Receive new handshake message from message connection
I1102 19:13:06.555349 IO-0/EL  worker_manager.cpp:60] WorkerManager: FuncWorker of func_id 1, client_id 40 connected
I1102 19:13:06.555362 IO-0/EL  message_connection.cpp:269] FuncWorkerConnection[1-40]: Handshake done
I1102 19:13:06.555715 Server/E engine.cpp:674] Engine: New message connection
I1102 19:13:06.555754 IO-0/EL  engine.cpp:277] Engine: Receive new handshake message from message connection
I1102 19:13:06.555758 IO-0/EL  worker_manager.cpp:60] WorkerManager: FuncWorker of func_id 1, client_id 41 connected
I1102 19:13:06.555772 IO-0/EL  message_connection.cpp:269] FuncWorkerConnection[1-41]: Handshake done
I1102 19:13:06.556223 Server/E engine.cpp:674] Engine: New message connection
I1102 19:13:06.556259 IO-0/EL  engine.cpp:277] Engine: Receive new handshake message from message connection
I1102 19:13:06.556264 IO-0/EL  worker_manager.cpp:60] WorkerManager: FuncWorker of func_id 1, client_id 42 connected
I1102 19:13:06.556277 IO-0/EL  message_connection.cpp:269] FuncWorkerConnection[1-42]: Handshake done
I1102 19:13:06.556589 Server/E engine.cpp:674] Engine: New message connection
I1102 19:13:06.556623 IO-0/EL  engine.cpp:277] Engine: Receive new handshake message from message connection
I1102 19:13:06.556629 IO-0/EL  worker_manager.cpp:60] WorkerManager: FuncWorker of func_id 1, client_id 43 connected
I1102 19:13:06.556645 IO-0/EL  message_connection.cpp:269] FuncWorkerConnection[1-43]: Handshake done
I1102 19:13:06.557132 Server/E engine.cpp:674] Engine: New message connection
I1102 19:13:06.557171 IO-0/EL  engine.cpp:277] Engine: Receive new handshake message from message connection
I1102 19:13:06.557175 IO-0/EL  worker_manager.cpp:60] WorkerManager: FuncWorker of func_id 1, client_id 44 connected
I1102 19:13:06.557188 IO-0/EL  message_connection.cpp:269] FuncWorkerConnection[1-44]: Handshake done
I1102 19:13:06.557615 Server/E engine.cpp:674] Engine: New message connection
I1102 19:13:06.557654 IO-0/EL  engine.cpp:277] Engine: Receive new handshake message from message connection
I1102 19:13:06.557658 IO-0/EL  worker_manager.cpp:60] WorkerManager: FuncWorker of func_id 1, client_id 45 connected
I1102 19:13:06.557671 IO-0/EL  message_connection.cpp:269] FuncWorkerConnection[1-45]: Handshake done
I1102 19:13:06.558096 Server/E engine.cpp:674] Engine: New message connection
I1102 19:13:06.558130 IO-0/EL  engine.cpp:277] Engine: Receive new handshake message from message connection
I1102 19:13:06.558135 IO-0/EL  worker_manager.cpp:60] WorkerManager: FuncWorker of func_id 1, client_id 46 connected
I1102 19:13:06.558148 IO-0/EL  message_connection.cpp:269] FuncWorkerConnection[1-46]: Handshake done
I1102 19:13:06.558617 Server/E engine.cpp:674] Engine: New message connection
I1102 19:13:06.558657 IO-0/EL  engine.cpp:277] Engine: Receive new handshake message from message connection
I1102 19:13:06.558662 IO-0/EL  worker_manager.cpp:60] WorkerManager: FuncWorker of func_id 1, client_id 47 connected
I1102 19:13:06.558675 IO-0/EL  message_connection.cpp:269] FuncWorkerConnection[1-47]: Handshake done
I1102 19:13:06.558988 Server/E engine.cpp:674] Engine: New message connection
I1102 19:13:06.559024 IO-0/EL  engine.cpp:277] Engine: Receive new handshake message from message connection
I1102 19:13:06.559029 IO-0/EL  worker_manager.cpp:60] WorkerManager: FuncWorker of func_id 1, client_id 48 connected
I1102 19:13:06.559042 IO-0/EL  message_connection.cpp:269] FuncWorkerConnection[1-48]: Handshake done
I1102 19:13:06.559468 Server/E engine.cpp:674] Engine: New message connection
I1102 19:13:06.559505 IO-0/EL  engine.cpp:277] Engine: Receive new handshake message from message connection
I1102 19:13:06.559510 IO-0/EL  worker_manager.cpp:60] WorkerManager: FuncWorker of func_id 1, client_id 49 connected
I1102 19:13:06.559523 IO-0/EL  message_connection.cpp:269] FuncWorkerConnection[1-49]: Handshake done
I1102 19:13:06.559915 Server/E engine.cpp:674] Engine: New message connection
I1102 19:13:06.559938 IO-0/EL  engine.cpp:277] Engine: Receive new handshake message from message connection
I1102 19:13:06.559942 IO-0/EL  worker_manager.cpp:60] WorkerManager: FuncWorker of func_id 1, client_id 50 connected
I1102 19:13:06.559955 IO-0/EL  message_connection.cpp:269] FuncWorkerConnection[1-50]: Handshake done
I1102 19:13:06.560472 Server/E engine.cpp:674] Engine: New message connection
I1102 19:13:06.560494 IO-0/EL  engine.cpp:277] Engine: Receive new handshake message from message connection
I1102 19:13:06.560499 IO-0/EL  worker_manager.cpp:60] WorkerManager: FuncWorker of func_id 1, client_id 51 connected
I1102 19:13:06.560511 IO-0/EL  message_connection.cpp:269] FuncWorkerConnection[1-51]: Handshake done
I1102 19:13:06.560807 Server/E engine.cpp:674] Engine: New message connection
I1102 19:13:06.560832 IO-0/EL  engine.cpp:277] Engine: Receive new handshake message from message connection
I1102 19:13:06.560836 IO-0/EL  worker_manager.cpp:60] WorkerManager: FuncWorker of func_id 1, client_id 52 connected
I1102 19:13:06.560849 IO-0/EL  message_connection.cpp:269] FuncWorkerConnection[1-52]: Handshake done
I1102 19:13:06.561332 Server/E engine.cpp:674] Engine: New message connection
I1102 19:13:06.561375 IO-0/EL  engine.cpp:277] Engine: Receive new handshake message from message connection
I1102 19:13:06.561379 IO-0/EL  worker_manager.cpp:60] WorkerManager: FuncWorker of func_id 1, client_id 53 connected
I1102 19:13:06.561392 IO-0/EL  message_connection.cpp:269] FuncWorkerConnection[1-53]: Handshake done
I1102 19:13:06.562187 Server/E engine.cpp:674] Engine: New message connection
I1102 19:13:06.562218 IO-0/EL  engine.cpp:277] Engine: Receive new handshake message from message connection
I1102 19:13:06.562223 IO-0/EL  worker_manager.cpp:60] WorkerManager: FuncWorker of func_id 1, client_id 54 connected
I1102 19:13:06.562236 IO-0/EL  message_connection.cpp:269] FuncWorkerConnection[1-54]: Handshake done
I1102 19:13:06.562322 Server/E engine.cpp:674] Engine: New message connection
I1102 19:13:06.562349 IO-0/EL  engine.cpp:277] Engine: Receive new handshake message from message connection
I1102 19:13:06.562354 IO-0/EL  worker_manager.cpp:60] WorkerManager: FuncWorker of func_id 1, client_id 55 connected
I1102 19:13:06.562367 IO-0/EL  message_connection.cpp:269] FuncWorkerConnection[1-55]: Handshake done
I1102 19:13:06.562759 Server/E engine.cpp:674] Engine: New message connection
I1102 19:13:06.562786 IO-0/EL  engine.cpp:277] Engine: Receive new handshake message from message connection
I1102 19:13:06.562791 IO-0/EL  worker_manager.cpp:60] WorkerManager: FuncWorker of func_id 1, client_id 56 connected
I1102 19:13:06.562804 IO-0/EL  message_connection.cpp:269] FuncWorkerConnection[1-56]: Handshake done
I1102 19:13:06.563306 Server/E engine.cpp:674] Engine: New message connection
I1102 19:13:06.563328 IO-0/EL  engine.cpp:277] Engine: Receive new handshake message from message connection
I1102 19:13:06.563332 IO-0/EL  worker_manager.cpp:60] WorkerManager: FuncWorker of func_id 1, client_id 57 connected
I1102 19:13:06.563354 IO-0/EL  message_connection.cpp:269] FuncWorkerConnection[1-57]: Handshake done
I1102 19:13:06.563755 Server/E engine.cpp:674] Engine: New message connection
I1102 19:13:06.563775 IO-0/EL  engine.cpp:277] Engine: Receive new handshake message from message connection
I1102 19:13:06.563780 IO-0/EL  worker_manager.cpp:60] WorkerManager: FuncWorker of func_id 1, client_id 58 connected
I1102 19:13:06.563793 IO-0/EL  message_connection.cpp:269] FuncWorkerConnection[1-58]: Handshake done
I1102 19:13:06.564174 Server/E engine.cpp:674] Engine: New message connection
I1102 19:13:06.564198 IO-0/EL  engine.cpp:277] Engine: Receive new handshake message from message connection
I1102 19:13:06.564203 IO-0/EL  worker_manager.cpp:60] WorkerManager: FuncWorker of func_id 1, client_id 59 connected
I1102 19:13:06.564215 IO-0/EL  message_connection.cpp:269] FuncWorkerConnection[1-59]: Handshake done
I1102 19:13:06.564618 Server/E engine.cpp:674] Engine: New message connection
I1102 19:13:06.564642 IO-0/EL  engine.cpp:277] Engine: Receive new handshake message from message connection
I1102 19:13:06.564647 IO-0/EL  worker_manager.cpp:60] WorkerManager: FuncWorker of func_id 1, client_id 60 connected
I1102 19:13:06.564660 IO-0/EL  message_connection.cpp:269] FuncWorkerConnection[1-60]: Handshake done
I1102 19:13:06.565557 Server/E engine.cpp:674] Engine: New message connection
I1102 19:13:06.565578 IO-0/EL  engine.cpp:277] Engine: Receive new handshake message from message connection
I1102 19:13:06.565583 IO-0/EL  worker_manager.cpp:60] WorkerManager: FuncWorker of func_id 1, client_id 61 connected
I1102 19:13:06.565595 Server/E engine.cpp:674] Engine: New message connection
I1102 19:13:06.565596 IO-0/EL  message_connection.cpp:269] FuncWorkerConnection[1-61]: Handshake done
I1102 19:13:06.565620 IO-0/EL  engine.cpp:277] Engine: Receive new handshake message from message connection
I1102 19:13:06.565624 IO-0/EL  worker_manager.cpp:60] WorkerManager: FuncWorker of func_id 1, client_id 62 connected
I1102 19:13:06.565637 IO-0/EL  message_connection.cpp:269] FuncWorkerConnection[1-62]: Handshake done
I1102 19:13:06.566096 Server/E engine.cpp:674] Engine: New message connection
I1102 19:13:06.566132 IO-0/EL  engine.cpp:277] Engine: Receive new handshake message from message connection
I1102 19:13:06.566137 IO-0/EL  worker_manager.cpp:60] WorkerManager: FuncWorker of func_id 1, client_id 63 connected
I1102 19:13:06.566150 IO-0/EL  message_connection.cpp:269] FuncWorkerConnection[1-63]: Handshake done
I1102 19:13:06.566529 Server/E engine.cpp:674] Engine: New message connection
I1102 19:13:06.566561 IO-0/EL  engine.cpp:277] Engine: Receive new handshake message from message connection
I1102 19:13:06.566566 IO-0/EL  worker_manager.cpp:60] WorkerManager: FuncWorker of func_id 1, client_id 64 connected
I1102 19:13:06.566579 IO-0/EL  message_connection.cpp:269] FuncWorkerConnection[1-64]: Handshake done
I1102 19:13:06.567080 Server/E engine.cpp:674] Engine: New message connection
I1102 19:13:06.567121 IO-0/EL  engine.cpp:277] Engine: Receive new handshake message from message connection
I1102 19:13:06.567125 IO-0/EL  worker_manager.cpp:60] WorkerManager: FuncWorker of func_id 1, client_id 65 connected
I1102 19:13:06.567139 IO-0/EL  message_connection.cpp:269] FuncWorkerConnection[1-65]: Handshake done
I1102 19:13:06.567543 Server/E engine.cpp:674] Engine: New message connection
I1102 19:13:06.567572 IO-0/EL  engine.cpp:277] Engine: Receive new handshake message from message connection
I1102 19:13:06.567577 IO-0/EL  worker_manager.cpp:60] WorkerManager: FuncWorker of func_id 1, client_id 66 connected
I1102 19:13:06.567590 IO-0/EL  message_connection.cpp:269] FuncWorkerConnection[1-66]: Handshake done
I1102 19:13:06.568028 Server/E engine.cpp:674] Engine: New message connection
I1102 19:13:06.568059 IO-0/EL  engine.cpp:277] Engine: Receive new handshake message from message connection
I1102 19:13:06.568063 IO-0/EL  worker_manager.cpp:60] WorkerManager: FuncWorker of func_id 1, client_id 67 connected
I1102 19:13:06.568076 IO-0/EL  message_connection.cpp:269] FuncWorkerConnection[1-67]: Handshake done
I1102 19:13:06.568294 Server/E engine.cpp:674] Engine: New message connection
I1102 19:13:06.568348 IO-0/EL  engine.cpp:277] Engine: Receive new handshake message from message connection
I1102 19:13:06.568353 IO-0/EL  worker_manager.cpp:60] WorkerManager: FuncWorker of func_id 1, client_id 68 connected
I1102 19:13:06.568365 IO-0/EL  message_connection.cpp:269] FuncWorkerConnection[1-68]: Handshake done
I1102 19:13:06.568977 Server/E engine.cpp:674] Engine: New message connection
I1102 19:13:06.569006 IO-0/EL  engine.cpp:277] Engine: Receive new handshake message from message connection
I1102 19:13:06.569011 IO-0/EL  worker_manager.cpp:60] WorkerManager: FuncWorker of func_id 1, client_id 69 connected
I1102 19:13:06.569024 IO-0/EL  message_connection.cpp:269] FuncWorkerConnection[1-69]: Handshake done
I1102 19:13:06.569435 Server/E engine.cpp:674] Engine: New message connection
I1102 19:13:06.569458 IO-0/EL  engine.cpp:277] Engine: Receive new handshake message from message connection
I1102 19:13:06.569462 IO-0/EL  worker_manager.cpp:60] WorkerManager: FuncWorker of func_id 1, client_id 70 connected
I1102 19:13:06.569475 IO-0/EL  message_connection.cpp:269] FuncWorkerConnection[1-70]: Handshake done
I1102 19:13:06.569949 Server/E engine.cpp:674] Engine: New message connection
I1102 19:13:06.569975 IO-0/EL  engine.cpp:277] Engine: Receive new handshake message from message connection
I1102 19:13:06.569980 IO-0/EL  worker_manager.cpp:60] WorkerManager: FuncWorker of func_id 1, client_id 71 connected
I1102 19:13:06.569992 IO-0/EL  message_connection.cpp:269] FuncWorkerConnection[1-71]: Handshake done
I1102 19:13:06.570423 Server/E engine.cpp:674] Engine: New message connection
I1102 19:13:06.570447 IO-0/EL  engine.cpp:277] Engine: Receive new handshake message from message connection
I1102 19:13:06.570451 IO-0/EL  worker_manager.cpp:60] WorkerManager: FuncWorker of func_id 1, client_id 72 connected
I1102 19:13:06.570467 IO-0/EL  message_connection.cpp:269] FuncWorkerConnection[1-72]: Handshake done
I1102 19:13:06.570882 Server/E engine.cpp:674] Engine: New message connection
I1102 19:13:06.570905 IO-0/EL  engine.cpp:277] Engine: Receive new handshake message from message connection
I1102 19:13:06.570910 IO-0/EL  worker_manager.cpp:60] WorkerManager: FuncWorker of func_id 1, client_id 73 connected
I1102 19:13:06.570923 IO-0/EL  message_connection.cpp:269] FuncWorkerConnection[1-73]: Handshake done
I1102 19:13:06.571293 Server/E engine.cpp:674] Engine: New message connection
I1102 19:13:06.571318 IO-0/EL  engine.cpp:277] Engine: Receive new handshake message from message connection
I1102 19:13:06.571323 IO-0/EL  worker_manager.cpp:60] WorkerManager: FuncWorker of func_id 1, client_id 74 connected
I1102 19:13:06.571336 IO-0/EL  message_connection.cpp:269] FuncWorkerConnection[1-74]: Handshake done
I1102 19:13:06.571687 Server/E engine.cpp:674] Engine: New message connection
I1102 19:13:06.571712 IO-0/EL  engine.cpp:277] Engine: Receive new handshake message from message connection
I1102 19:13:06.571717 IO-0/EL  worker_manager.cpp:60] WorkerManager: FuncWorker of func_id 1, client_id 75 connected
I1102 19:13:06.571730 IO-0/EL  message_connection.cpp:269] FuncWorkerConnection[1-75]: Handshake done
I1102 19:13:06.572158 Server/E engine.cpp:674] Engine: New message connection
I1102 19:13:06.572186 IO-0/EL  engine.cpp:277] Engine: Receive new handshake message from message connection
I1102 19:13:06.572190 IO-0/EL  worker_manager.cpp:60] WorkerManager: FuncWorker of func_id 1, client_id 76 connected
I1102 19:13:06.572203 IO-0/EL  message_connection.cpp:269] FuncWorkerConnection[1-76]: Handshake done
I1102 19:13:06.572685 Server/E engine.cpp:674] Engine: New message connection
I1102 19:13:06.572711 IO-0/EL  engine.cpp:277] Engine: Receive new handshake message from message connection
I1102 19:13:06.572716 IO-0/EL  worker_manager.cpp:60] WorkerManager: FuncWorker of func_id 1, client_id 77 connected
I1102 19:13:06.572729 IO-0/EL  message_connection.cpp:269] FuncWorkerConnection[1-77]: Handshake done
I1102 19:13:06.573145 Server/E engine.cpp:674] Engine: New message connection
I1102 19:13:06.573195 IO-0/EL  engine.cpp:277] Engine: Receive new handshake message from message connection
I1102 19:13:06.573200 IO-0/EL  worker_manager.cpp:60] WorkerManager: FuncWorker of func_id 1, client_id 78 connected
I1102 19:13:06.573212 IO-0/EL  message_connection.cpp:269] FuncWorkerConnection[1-78]: Handshake done
I1102 19:13:06.589725 Server/E engine.cpp:674] Engine: New message connection
I1102 19:13:06.589753 Server/E engine.cpp:674] Engine: New message connection
I1102 19:13:06.589762 IO-0/EL  engine.cpp:277] Engine: Receive new handshake message from message connection
I1102 19:13:06.589767 Server/E engine.cpp:674] Engine: New message connection
I1102 19:13:06.589768 IO-0/EL  worker_manager.cpp:60] WorkerManager: FuncWorker of func_id 1, client_id 79 connected
I1102 19:13:06.589781 Server/E engine.cpp:674] Engine: New message connection
I1102 19:13:06.589787 IO-0/EL  message_connection.cpp:269] FuncWorkerConnection[1-79]: Handshake done
I1102 19:13:06.589795 Server/E engine.cpp:674] Engine: New message connection
I1102 19:13:06.589809 Server/E engine.cpp:674] Engine: New message connection
I1102 19:13:06.589810 IO-0/EL  engine.cpp:277] Engine: Receive new handshake message from message connection
I1102 19:13:06.589825 Server/E engine.cpp:674] Engine: New message connection
I1102 19:13:06.589831 IO-0/EL  worker_manager.cpp:60] WorkerManager: FuncWorker of func_id 1, client_id 80 connected
I1102 19:13:06.589848 Server/E engine.cpp:674] Engine: New message connection
I1102 19:13:06.589855 IO-0/EL  message_connection.cpp:269] FuncWorkerConnection[1-80]: Handshake done
I1102 19:13:06.589862 Server/E engine.cpp:674] Engine: New message connection
I1102 19:13:06.589870 IO-0/EL  engine.cpp:277] Engine: Receive new handshake message from message connection
I1102 19:13:06.589874 IO-0/EL  worker_manager.cpp:60] WorkerManager: FuncWorker of func_id 1, client_id 81 connected
I1102 19:13:06.589874 Server/E engine.cpp:674] Engine: New message connection
I1102 19:13:06.589887 IO-0/EL  message_connection.cpp:269] FuncWorkerConnection[1-81]: Handshake done
I1102 19:13:06.589890 Server/E engine.cpp:674] Engine: New message connection
I1102 19:13:06.589906 Server/E engine.cpp:674] Engine: New message connection
I1102 19:13:06.589907 IO-0/EL  engine.cpp:277] Engine: Receive new handshake message from message connection
I1102 19:13:06.589920 IO-0/EL  worker_manager.cpp:60] WorkerManager: FuncWorker of func_id 1, client_id 82 connected
I1102 19:13:06.589922 Server/E engine.cpp:674] Engine: New message connection
I1102 19:13:06.589934 IO-0/EL  message_connection.cpp:269] FuncWorkerConnection[1-82]: Handshake done
I1102 19:13:06.589935 Server/E engine.cpp:674] Engine: New message connection
I1102 19:13:06.589952 IO-0/EL  engine.cpp:277] Engine: Receive new handshake message from message connection
I1102 19:13:06.589956 IO-0/EL  worker_manager.cpp:60] WorkerManager: FuncWorker of func_id 1, client_id 83 connected
I1102 19:13:06.589960 Server/E engine.cpp:674] Engine: New message connection
I1102 19:13:06.589971 IO-0/EL  message_connection.cpp:269] FuncWorkerConnection[1-83]: Handshake done
I1102 19:13:06.589974 Server/E engine.cpp:674] Engine: New message connection
I1102 19:13:06.589989 Server/E engine.cpp:674] Engine: New message connection
I1102 19:13:06.589990 IO-0/EL  engine.cpp:277] Engine: Receive new handshake message from message connection
I1102 19:13:06.590003 IO-0/EL  worker_manager.cpp:60] WorkerManager: FuncWorker of func_id 1, client_id 84 connected
I1102 19:13:06.590004 Server/E engine.cpp:674] Engine: New message connection
I1102 19:13:06.590017 IO-0/EL  message_connection.cpp:269] FuncWorkerConnection[1-84]: Handshake done
I1102 19:13:06.590020 Server/E engine.cpp:674] Engine: New message connection
I1102 19:13:06.590031 IO-0/EL  engine.cpp:277] Engine: Receive new handshake message from message connection
I1102 19:13:06.590033 Server/E engine.cpp:674] Engine: New message connection
I1102 19:13:06.590035 IO-0/EL  worker_manager.cpp:60] WorkerManager: FuncWorker of func_id 1, client_id 85 connected
I1102 19:13:06.590055 Server/E engine.cpp:674] Engine: New message connection
I1102 19:13:06.590064 IO-0/EL  message_connection.cpp:269] FuncWorkerConnection[1-85]: Handshake done
I1102 19:13:06.590083 Server/E engine.cpp:674] Engine: New message connection
I1102 19:13:06.590093 IO-0/EL  engine.cpp:277] Engine: Receive new handshake message from message connection
I1102 19:13:06.590095 Server/E engine.cpp:674] Engine: New message connection
I1102 19:13:06.590098 IO-0/EL  worker_manager.cpp:60] WorkerManager: FuncWorker of func_id 1, client_id 86 connected
I1102 19:13:06.590115 Server/E engine.cpp:674] Engine: New message connection
I1102 19:13:06.590122 IO-0/EL  message_connection.cpp:269] FuncWorkerConnection[1-86]: Handshake done
I1102 19:13:06.590131 Server/E engine.cpp:674] Engine: New message connection
I1102 19:13:06.590137 IO-0/EL  engine.cpp:277] Engine: Receive new handshake message from message connection
I1102 19:13:06.590143 IO-0/EL  worker_manager.cpp:60] WorkerManager: FuncWorker of func_id 1, client_id 87 connected
I1102 19:13:06.590147 Server/E engine.cpp:674] Engine: New message connection
I1102 19:13:06.590159 IO-0/EL  message_connection.cpp:269] FuncWorkerConnection[1-87]: Handshake done
I1102 19:13:06.590170 Server/E engine.cpp:674] Engine: New message connection
I1102 19:13:06.590173 IO-0/EL  engine.cpp:277] Engine: Receive new handshake message from message connection
I1102 19:13:06.590189 IO-0/EL  worker_manager.cpp:60] WorkerManager: FuncWorker of func_id 1, client_id 88 connected
I1102 19:13:06.590194 Server/E engine.cpp:674] Engine: New message connection
I1102 19:13:06.590202 IO-0/EL  message_connection.cpp:269] FuncWorkerConnection[1-88]: Handshake done
I1102 19:13:06.590213 Server/E engine.cpp:674] Engine: New message connection
I1102 19:13:06.590222 IO-0/EL  engine.cpp:277] Engine: Receive new handshake message from message connection
I1102 19:13:06.590226 IO-0/EL  worker_manager.cpp:60] WorkerManager: FuncWorker of func_id 1, client_id 89 connected
I1102 19:13:06.590236 Server/E engine.cpp:674] Engine: New message connection
I1102 19:13:06.590240 IO-0/EL  message_connection.cpp:269] FuncWorkerConnection[1-89]: Handshake done
I1102 19:13:06.590261 Server/E engine.cpp:674] Engine: New message connection
I1102 19:13:06.590265 IO-0/EL  engine.cpp:277] Engine: Receive new handshake message from message connection
I1102 19:13:06.590277 IO-0/EL  worker_manager.cpp:60] WorkerManager: FuncWorker of func_id 1, client_id 90 connected
I1102 19:13:06.590289 Server/E engine.cpp:674] Engine: New message connection
I1102 19:13:06.590290 IO-0/EL  message_connection.cpp:269] FuncWorkerConnection[1-90]: Handshake done
I1102 19:13:06.590310 Server/E engine.cpp:674] Engine: New message connection
I1102 19:13:06.590319 IO-0/EL  engine.cpp:277] Engine: Receive new handshake message from message connection
I1102 19:13:06.590324 IO-0/EL  worker_manager.cpp:60] WorkerManager: FuncWorker of func_id 1, client_id 91 connected
I1102 19:13:06.590335 Server/E engine.cpp:674] Engine: New message connection
I1102 19:13:06.590338 IO-0/EL  message_connection.cpp:269] FuncWorkerConnection[1-91]: Handshake done
I1102 19:13:06.590363 IO-0/EL  engine.cpp:277] Engine: Receive new handshake message from message connection
I1102 19:13:06.590364 Server/E engine.cpp:674] Engine: New message connection
I1102 19:13:06.590367 IO-0/EL  worker_manager.cpp:60] WorkerManager: FuncWorker of func_id 1, client_id 92 connected
I1102 19:13:06.590390 Server/E engine.cpp:674] Engine: New message connection
I1102 19:13:06.590390 IO-0/EL  message_connection.cpp:269] FuncWorkerConnection[1-92]: Handshake done
I1102 19:13:06.590419 IO-0/EL  engine.cpp:277] Engine: Receive new handshake message from message connection
I1102 19:13:06.590423 IO-0/EL  worker_manager.cpp:60] WorkerManager: FuncWorker of func_id 1, client_id 93 connected
I1102 19:13:06.590437 IO-0/EL  message_connection.cpp:269] FuncWorkerConnection[1-93]: Handshake done
I1102 19:13:06.590451 IO-0/EL  engine.cpp:277] Engine: Receive new handshake message from message connection
I1102 19:13:06.590455 IO-0/EL  worker_manager.cpp:60] WorkerManager: FuncWorker of func_id 1, client_id 94 connected
I1102 19:13:06.590456 Server/E engine.cpp:674] Engine: New message connection
I1102 19:13:06.590479 IO-0/EL  message_connection.cpp:269] FuncWorkerConnection[1-94]: Handshake done
I1102 19:13:06.590512 IO-0/EL  engine.cpp:277] Engine: Receive new handshake message from message connection
I1102 19:13:06.590516 IO-0/EL  worker_manager.cpp:60] WorkerManager: FuncWorker of func_id 1, client_id 95 connected
I1102 19:13:06.590530 IO-0/EL  message_connection.cpp:269] FuncWorkerConnection[1-95]: Handshake done
I1102 19:13:06.590543 IO-0/EL  engine.cpp:277] Engine: Receive new handshake message from message connection
I1102 19:13:06.590547 IO-0/EL  worker_manager.cpp:60] WorkerManager: FuncWorker of func_id 1, client_id 96 connected
I1102 19:13:06.590560 IO-0/EL  message_connection.cpp:269] FuncWorkerConnection[1-96]: Handshake done
I1102 19:13:06.590581 IO-0/EL  engine.cpp:277] Engine: Receive new handshake message from message connection
I1102 19:13:06.590585 IO-0/EL  worker_manager.cpp:60] WorkerManager: FuncWorker of func_id 1, client_id 97 connected
I1102 19:13:06.590598 IO-0/EL  message_connection.cpp:269] FuncWorkerConnection[1-97]: Handshake done
I1102 19:13:06.590613 IO-0/EL  engine.cpp:277] Engine: Receive new handshake message from message connection
I1102 19:13:06.590617 IO-0/EL  worker_manager.cpp:60] WorkerManager: FuncWorker of func_id 1, client_id 98 connected
I1102 19:13:06.590630 IO-0/EL  message_connection.cpp:269] FuncWorkerConnection[1-98]: Handshake done
I1102 19:13:06.590649 IO-0/EL  engine.cpp:277] Engine: Receive new handshake message from message connection
I1102 19:13:06.590654 IO-0/EL  worker_manager.cpp:60] WorkerManager: FuncWorker of func_id 1, client_id 99 connected
I1102 19:13:06.590668 IO-0/EL  message_connection.cpp:269] FuncWorkerConnection[1-99]: Handshake done
I1102 19:13:06.590680 IO-0/EL  engine.cpp:277] Engine: Receive new handshake message from message connection
I1102 19:13:06.590684 IO-0/EL  worker_manager.cpp:60] WorkerManager: FuncWorker of func_id 1, client_id 100 connected
I1102 19:13:06.590697 IO-0/EL  message_connection.cpp:269] FuncWorkerConnection[1-100]: Handshake done
I1102 19:13:06.590730 IO-0/EL  engine.cpp:277] Engine: Receive new handshake message from message connection
I1102 19:13:06.590738 IO-0/EL  worker_manager.cpp:60] WorkerManager: FuncWorker of func_id 1, client_id 101 connected
I1102 19:13:06.590758 IO-0/EL  message_connection.cpp:269] FuncWorkerConnection[1-101]: Handshake done
I1102 19:13:06.590781 IO-0/EL  engine.cpp:277] Engine: Receive new handshake message from message connection
I1102 19:13:06.590787 IO-0/EL  worker_manager.cpp:60] WorkerManager: FuncWorker of func_id 1, client_id 102 connected
I1102 19:13:06.590817 IO-0/EL  message_connection.cpp:269] FuncWorkerConnection[1-102]: Handshake done
I1102 19:13:06.590841 IO-0/EL  engine.cpp:277] Engine: Receive new handshake message from message connection
I1102 19:13:06.590848 IO-0/EL  worker_manager.cpp:60] WorkerManager: FuncWorker of func_id 1, client_id 103 connected
I1102 19:13:06.590873 IO-0/EL  message_connection.cpp:269] FuncWorkerConnection[1-103]: Handshake done
I1102 19:13:06.590902 IO-0/EL  engine.cpp:277] Engine: Receive new handshake message from message connection
I1102 19:13:06.590910 IO-0/EL  worker_manager.cpp:60] WorkerManager: FuncWorker of func_id 1, client_id 104 connected
I1102 19:13:06.590929 IO-0/EL  message_connection.cpp:269] FuncWorkerConnection[1-104]: Handshake done
I1102 19:13:06.590950 IO-0/EL  engine.cpp:277] Engine: Receive new handshake message from message connection
I1102 19:13:06.590956 IO-0/EL  worker_manager.cpp:60] WorkerManager: FuncWorker of func_id 1, client_id 105 connected
I1102 19:13:06.590977 IO-0/EL  message_connection.cpp:269] FuncWorkerConnection[1-105]: Handshake done
I1102 19:13:06.591006 IO-0/EL  engine.cpp:277] Engine: Receive new handshake message from message connection
I1102 19:13:06.591013 IO-0/EL  worker_manager.cpp:60] WorkerManager: FuncWorker of func_id 1, client_id 106 connected
I1102 19:13:06.591045 IO-0/EL  message_connection.cpp:269] FuncWorkerConnection[1-106]: Handshake done
I1102 19:13:06.591066 IO-0/EL  engine.cpp:277] Engine: Receive new handshake message from message connection
I1102 19:13:06.591072 IO-0/EL  worker_manager.cpp:60] WorkerManager: FuncWorker of func_id 1, client_id 107 connected
I1102 19:13:06.591092 IO-0/EL  message_connection.cpp:269] FuncWorkerConnection[1-107]: Handshake done
I1102 19:13:06.591121 IO-0/EL  engine.cpp:277] Engine: Receive new handshake message from message connection
I1102 19:13:06.591129 IO-0/EL  worker_manager.cpp:60] WorkerManager: FuncWorker of func_id 1, client_id 108 connected
I1102 19:13:06.591151 IO-0/EL  message_connection.cpp:269] FuncWorkerConnection[1-108]: Handshake done
I1102 19:13:06.591173 IO-0/EL  engine.cpp:277] Engine: Receive new handshake message from message connection
I1102 19:13:06.591180 IO-0/EL  worker_manager.cpp:60] WorkerManager: FuncWorker of func_id 1, client_id 109 connected
I1102 19:13:06.591200 IO-0/EL  message_connection.cpp:269] FuncWorkerConnection[1-109]: Handshake done
I1102 19:13:06.591225 IO-0/EL  engine.cpp:277] Engine: Receive new handshake message from message connection
I1102 19:13:06.591232 IO-0/EL  worker_manager.cpp:60] WorkerManager: FuncWorker of func_id 1, client_id 110 connected
I1102 19:13:06.591251 IO-0/EL  message_connection.cpp:269] FuncWorkerConnection[1-110]: Handshake done
I1102 19:13:06.591250 Server/E engine.cpp:674] Engine: New message connection
I1102 19:13:06.591282 IO-0/EL  engine.cpp:277] Engine: Receive new handshake message from message connection
I1102 19:13:06.591289 IO-0/EL  worker_manager.cpp:60] WorkerManager: FuncWorker of func_id 1, client_id 111 connected
I1102 19:13:06.591310 IO-0/EL  message_connection.cpp:269] FuncWorkerConnection[1-111]: Handshake done
I1102 19:13:06.591338 IO-0/EL  engine.cpp:277] Engine: Receive new handshake message from message connection
I1102 19:13:06.591345 IO-0/EL  worker_manager.cpp:60] WorkerManager: FuncWorker of func_id 1, client_id 112 connected
I1102 19:13:06.591366 IO-0/EL  message_connection.cpp:269] FuncWorkerConnection[1-112]: Handshake done
I1102 19:13:06.591385 IO-0/EL  engine.cpp:277] Engine: Receive new handshake message from message connection
I1102 19:13:06.591392 IO-0/EL  worker_manager.cpp:60] WorkerManager: FuncWorker of func_id 1, client_id 113 connected
I1102 19:13:06.591432 IO-0/EL  message_connection.cpp:269] FuncWorkerConnection[1-113]: Handshake done
I1102 19:13:06.591454 IO-0/EL  engine.cpp:277] Engine: Receive new handshake message from message connection
I1102 19:13:06.591460 IO-0/EL  worker_manager.cpp:60] WorkerManager: FuncWorker of func_id 1, client_id 114 connected
I1102 19:13:06.591480 IO-0/EL  message_connection.cpp:269] FuncWorkerConnection[1-114]: Handshake done
I1102 19:13:06.591505 IO-0/EL  engine.cpp:277] Engine: Receive new handshake message from message connection
I1102 19:13:06.591512 IO-0/EL  worker_manager.cpp:60] WorkerManager: FuncWorker of func_id 1, client_id 115 connected
I1102 19:13:06.591538 IO-0/EL  message_connection.cpp:269] FuncWorkerConnection[1-115]: Handshake done
I1102 19:13:06.591557 IO-0/EL  engine.cpp:277] Engine: Receive new handshake message from message connection
I1102 19:13:06.591564 IO-0/EL  worker_manager.cpp:60] WorkerManager: FuncWorker of func_id 1, client_id 116 connected
I1102 19:13:06.591584 IO-0/EL  message_connection.cpp:269] FuncWorkerConnection[1-116]: Handshake done
I1102 19:13:06.591913 Server/E engine.cpp:674] Engine: New message connection
I1102 19:13:06.591980 IO-0/EL  engine.cpp:277] Engine: Receive new handshake message from message connection
I1102 19:13:06.591990 IO-0/EL  worker_manager.cpp:60] WorkerManager: FuncWorker of func_id 1, client_id 117 connected
I1102 19:13:06.592014 IO-0/EL  message_connection.cpp:269] FuncWorkerConnection[1-117]: Handshake done
I1102 19:13:06.593263 Server/E engine.cpp:674] Engine: New message connection
I1102 19:13:06.593324 IO-0/EL  engine.cpp:277] Engine: Receive new handshake message from message connection
I1102 19:13:06.593369 IO-0/EL  worker_manager.cpp:60] WorkerManager: FuncWorker of func_id 1, client_id 119 connected
I1102 19:13:06.593399 IO-0/EL  message_connection.cpp:269] FuncWorkerConnection[1-119]: Handshake done
I1102 19:13:06.594329 Server/E engine.cpp:674] Engine: New message connection
I1102 19:13:06.594380 IO-0/EL  engine.cpp:277] Engine: Receive new handshake message from message connection
I1102 19:13:06.594398 IO-0/EL  worker_manager.cpp:60] WorkerManager: FuncWorker of func_id 1, client_id 118 connected
I1102 19:13:06.594429 IO-0/EL  message_connection.cpp:269] FuncWorkerConnection[1-118]: Handshake done
I1102 19:13:06.604622 Server/E engine.cpp:674] Engine: New message connection
I1102 19:13:06.604673 IO-0/EL  engine.cpp:277] Engine: Receive new handshake message from message connection
I1102 19:13:06.604685 IO-0/EL  worker_manager.cpp:60] WorkerManager: FuncWorker of func_id 1, client_id 120 connected
I1102 19:13:06.604706 IO-0/EL  message_connection.cpp:269] FuncWorkerConnection[1-120]: Handshake done
I1102 19:13:06.605198 Server/E engine.cpp:674] Engine: New message connection
I1102 19:13:06.605231 IO-0/EL  engine.cpp:277] Engine: Receive new handshake message from message connection
I1102 19:13:06.605236 IO-0/EL  worker_manager.cpp:60] WorkerManager: FuncWorker of func_id 1, client_id 121 connected
I1102 19:13:06.605250 IO-0/EL  message_connection.cpp:269] FuncWorkerConnection[1-121]: Handshake done
I1102 19:13:06.605561 Server/E engine.cpp:674] Engine: New message connection
I1102 19:13:06.605583 IO-0/EL  engine.cpp:277] Engine: Receive new handshake message from message connection
I1102 19:13:06.605587 IO-0/EL  worker_manager.cpp:60] WorkerManager: FuncWorker of func_id 1, client_id 122 connected
I1102 19:13:06.605604 IO-0/EL  message_connection.cpp:269] FuncWorkerConnection[1-122]: Handshake done
I1102 19:13:06.606016 Server/E engine.cpp:674] Engine: New message connection
I1102 19:13:06.606042 IO-0/EL  engine.cpp:277] Engine: Receive new handshake message from message connection
I1102 19:13:06.606047 IO-0/EL  worker_manager.cpp:60] WorkerManager: FuncWorker of func_id 1, client_id 123 connected
I1102 19:13:06.606061 IO-0/EL  message_connection.cpp:269] FuncWorkerConnection[1-123]: Handshake done
I1102 19:13:06.606192 Server/E engine.cpp:674] Engine: New message connection
I1102 19:13:06.606213 IO-0/EL  engine.cpp:277] Engine: Receive new handshake message from message connection
I1102 19:13:06.606217 IO-0/EL  worker_manager.cpp:60] WorkerManager: FuncWorker of func_id 1, client_id 124 connected
I1102 19:13:06.606235 IO-0/EL  message_connection.cpp:269] FuncWorkerConnection[1-124]: Handshake done
I1102 19:13:06.606950 Server/E engine.cpp:674] Engine: New message connection
I1102 19:13:06.606995 IO-0/EL  engine.cpp:277] Engine: Receive new handshake message from message connection
I1102 19:13:06.607000 IO-0/EL  worker_manager.cpp:60] WorkerManager: FuncWorker of func_id 1, client_id 125 connected
I1102 19:13:06.607014 IO-0/EL  message_connection.cpp:269] FuncWorkerConnection[1-125]: Handshake done
I1102 19:13:06.607678 Server/E engine.cpp:674] Engine: New message connection
I1102 19:13:06.607706 IO-0/EL  engine.cpp:277] Engine: Receive new handshake message from message connection
I1102 19:13:06.607717 IO-0/EL  worker_manager.cpp:60] WorkerManager: FuncWorker of func_id 1, client_id 126 connected
I1102 19:13:06.607734 IO-0/EL  message_connection.cpp:269] FuncWorkerConnection[1-126]: Handshake done
I1102 19:13:06.607945 Server/E engine.cpp:674] Engine: New message connection
I1102 19:13:06.607967 IO-0/EL  engine.cpp:277] Engine: Receive new handshake message from message connection
I1102 19:13:06.607971 IO-0/EL  worker_manager.cpp:60] WorkerManager: FuncWorker of func_id 1, client_id 127 connected
I1102 19:13:06.607984 IO-0/EL  message_connection.cpp:269] FuncWorkerConnection[1-127]: Handshake done
I1102 19:13:06.608477 Server/E engine.cpp:674] Engine: New message connection
I1102 19:13:06.608502 IO-0/EL  engine.cpp:277] Engine: Receive new handshake message from message connection
I1102 19:13:06.608507 IO-0/EL  worker_manager.cpp:60] WorkerManager: FuncWorker of func_id 1, client_id 128 connected
I1102 19:13:06.608535 IO-0/EL  message_connection.cpp:269] FuncWorkerConnection[1-128]: Handshake done
I1102 19:13:09.463839 IO-0/EL  buffer_pool.h:25] BufferPool[IO-0_Write]: Allocate new buffer, current buffer count is 3
I1102 19:13:09.463862 IO-0/EL  buffer_pool.h:25] BufferPool[IO-0_Write]: Allocate new buffer, current buffer count is 4
I1102 19:13:09.463875 IO-0/EL  buffer_pool.h:25] BufferPool[IO-0_Write]: Allocate new buffer, current buffer count is 5
I1102 19:13:09.463882 IO-0/EL  buffer_pool.h:25] BufferPool[IO-0_Write]: Allocate new buffer, current buffer count is 6
I1102 19:13:09.463892 IO-0/EL  buffer_pool.h:25] BufferPool[IO-0_Write]: Allocate new buffer, current buffer count is 7
I1102 19:13:09.463901 IO-0/EL  buffer_pool.h:25] BufferPool[IO-0_Write]: Allocate new buffer, current buffer count is 8
I1102 19:13:09.463910 IO-0/EL  buffer_pool.h:25] BufferPool[IO-0_Write]: Allocate new buffer, current buffer count is 9
I1102 19:13:09.463920 IO-0/EL  buffer_pool.h:25] BufferPool[IO-0_Write]: Allocate new buffer, current buffer count is 10
I1102 19:13:09.463931 IO-0/EL  buffer_pool.h:25] BufferPool[IO-0_Write]: Allocate new buffer, current buffer count is 11
I1102 19:13:09.463941 IO-0/EL  buffer_pool.h:25] BufferPool[IO-0_Write]: Allocate new buffer, current buffer count is 12
I1102 19:13:09.463954 IO-0/EL  buffer_pool.h:25] BufferPool[IO-0_Write]: Allocate new buffer, current buffer count is 13
I1102 19:13:09.463968 IO-0/EL  buffer_pool.h:25] BufferPool[IO-0_Write]: Allocate new buffer, current buffer count is 14
I1102 19:13:09.463987 IO-0/EL  buffer_pool.h:25] BufferPool[IO-0_Write]: Allocate new buffer, current buffer count is 15
I1102 19:13:09.464002 IO-0/EL  buffer_pool.h:25] BufferPool[IO-0_Write]: Allocate new buffer, current buffer count is 16
I1102 19:13:09.464023 IO-0/EL  buffer_pool.h:25] BufferPool[IO-0_Write]: Allocate new buffer, current buffer count is 17
I1102 19:13:09.464038 IO-0/EL  buffer_pool.h:25] BufferPool[IO-0_Write]: Allocate new buffer, current buffer count is 18
I1102 19:13:09.464055 IO-0/EL  buffer_pool.h:25] BufferPool[IO-0_Write]: Allocate new buffer, current buffer count is 19
I1102 19:13:09.464070 IO-0/EL  buffer_pool.h:25] BufferPool[IO-0_Write]: Allocate new buffer, current buffer count is 20
I1102 19:13:09.464086 IO-0/EL  buffer_pool.h:25] BufferPool[IO-0_Write]: Allocate new buffer, current buffer count is 21
I1102 19:13:09.464099 IO-0/EL  buffer_pool.h:25] BufferPool[IO-0_Write]: Allocate new buffer, current buffer count is 22
I1102 19:13:09.464114 IO-0/EL  buffer_pool.h:25] BufferPool[IO-0_Write]: Allocate new buffer, current buffer count is 23
I1102 19:13:09.464134 IO-0/EL  buffer_pool.h:25] BufferPool[IO-0_Write]: Allocate new buffer, current buffer count is 24
I1102 19:13:09.464146 IO-0/EL  buffer_pool.h:25] BufferPool[IO-0_Write]: Allocate new buffer, current buffer count is 25
I1102 19:13:09.464164 IO-0/EL  buffer_pool.h:25] BufferPool[IO-0_Write]: Allocate new buffer, current buffer count is 26
I1102 19:13:09.464175 IO-0/EL  buffer_pool.h:25] BufferPool[IO-0_Write]: Allocate new buffer, current buffer count is 27
I1102 19:13:09.464193 IO-0/EL  buffer_pool.h:25] BufferPool[IO-0_Write]: Allocate new buffer, current buffer count is 28
I1102 19:13:09.464216 IO-0/EL  buffer_pool.h:25] BufferPool[IO-0_Write]: Allocate new buffer, current buffer count is 29
I1102 19:13:09.464234 IO-0/EL  buffer_pool.h:25] BufferPool[IO-0_Write]: Allocate new buffer, current buffer count is 30
I1102 19:13:09.464252 IO-0/EL  buffer_pool.h:25] BufferPool[IO-0_Write]: Allocate new buffer, current buffer count is 31
I1102 19:13:09.464266 IO-0/EL  buffer_pool.h:25] BufferPool[IO-0_Write]: Allocate new buffer, current buffer count is 32
I1102 19:13:09.464288 IO-0/EL  buffer_pool.h:25] BufferPool[IO-0_Write]: Allocate new buffer, current buffer count is 33
I1102 19:13:09.464303 IO-0/EL  buffer_pool.h:25] BufferPool[IO-0_Write]: Allocate new buffer, current buffer count is 34
I1102 19:13:09.464325 IO-0/EL  buffer_pool.h:25] BufferPool[IO-0_Write]: Allocate new buffer, current buffer count is 35
I1102 19:13:09.464361 IO-0/EL  buffer_pool.h:25] BufferPool[IO-0_Write]: Allocate new buffer, current buffer count is 36
I1102 19:13:09.464386 IO-0/EL  buffer_pool.h:25] BufferPool[IO-0_Write]: Allocate new buffer, current buffer count is 37
I1102 19:13:09.464400 IO-0/EL  buffer_pool.h:25] BufferPool[IO-0_Write]: Allocate new buffer, current buffer count is 38
I1102 19:13:09.464422 IO-0/EL  buffer_pool.h:25] BufferPool[IO-0_Write]: Allocate new buffer, current buffer count is 39
I1102 19:13:09.464436 IO-0/EL  buffer_pool.h:25] BufferPool[IO-0_Write]: Allocate new buffer, current buffer count is 40
I1102 19:13:09.464452 IO-0/EL  buffer_pool.h:25] BufferPool[IO-0_Write]: Allocate new buffer, current buffer count is 41
I1102 19:13:09.464470 IO-0/EL  buffer_pool.h:25] BufferPool[IO-0_Write]: Allocate new buffer, current buffer count is 42
I1102 19:13:09.464482 IO-0/EL  buffer_pool.h:25] BufferPool[IO-0_Write]: Allocate new buffer, current buffer count is 43
I1102 19:13:09.464491 IO-0/EL  buffer_pool.h:25] BufferPool[IO-0_Write]: Allocate new buffer, current buffer count is 44
I1102 19:13:09.464504 IO-0/EL  buffer_pool.h:25] BufferPool[IO-0_Write]: Allocate new buffer, current buffer count is 45
I1102 19:13:09.464517 IO-0/EL  buffer_pool.h:25] BufferPool[IO-0_Write]: Allocate new buffer, current buffer count is 46
I1102 19:13:09.464528 IO-0/EL  buffer_pool.h:25] BufferPool[IO-0_Write]: Allocate new buffer, current buffer count is 47
I1102 19:13:09.464542 IO-0/EL  buffer_pool.h:25] BufferPool[IO-0_Write]: Allocate new buffer, current buffer count is 48
I1102 19:13:09.464551 IO-0/EL  buffer_pool.h:25] BufferPool[IO-0_Write]: Allocate new buffer, current buffer count is 49
I1102 19:13:09.464564 IO-0/EL  buffer_pool.h:25] BufferPool[IO-0_Write]: Allocate new buffer, current buffer count is 50
I1102 19:13:09.464574 IO-0/EL  buffer_pool.h:25] BufferPool[IO-0_Write]: Allocate new buffer, current buffer count is 51
I1102 19:13:09.464587 IO-0/EL  buffer_pool.h:25] BufferPool[IO-0_Write]: Allocate new buffer, current buffer count is 52
I1102 19:13:09.464599 IO-0/EL  buffer_pool.h:25] BufferPool[IO-0_Write]: Allocate new buffer, current buffer count is 53
I1102 19:13:09.464612 IO-0/EL  buffer_pool.h:25] BufferPool[IO-0_Write]: Allocate new buffer, current buffer count is 54
I1102 19:13:09.464621 IO-0/EL  buffer_pool.h:25] BufferPool[IO-0_Write]: Allocate new buffer, current buffer count is 55
I1102 19:13:09.464633 IO-0/EL  buffer_pool.h:25] BufferPool[IO-0_Write]: Allocate new buffer, current buffer count is 56
I1102 19:13:09.464648 IO-0/EL  buffer_pool.h:25] BufferPool[IO-0_Write]: Allocate new buffer, current buffer count is 57
I1102 19:13:09.464662 IO-0/EL  buffer_pool.h:25] BufferPool[IO-0_Write]: Allocate new buffer, current buffer count is 58
I1102 19:13:09.464681 IO-0/EL  buffer_pool.h:25] BufferPool[IO-0_Write]: Allocate new buffer, current buffer count is 59
I1102 19:13:09.464699 IO-0/EL  buffer_pool.h:25] BufferPool[IO-0_Write]: Allocate new buffer, current buffer count is 60
I1102 19:13:09.464727 IO-0/EL  buffer_pool.h:25] BufferPool[IO-0_Write]: Allocate new buffer, current buffer count is 61
I1102 19:13:09.464745 IO-0/EL  buffer_pool.h:25] BufferPool[IO-0_Write]: Allocate new buffer, current buffer count is 62
I1102 19:13:09.464762 IO-0/EL  buffer_pool.h:25] BufferPool[IO-0_Write]: Allocate new buffer, current buffer count is 63
I1102 19:13:09.464778 IO-0/EL  buffer_pool.h:25] BufferPool[IO-0_Write]: Allocate new buffer, current buffer count is 64
I1102 19:13:09.464796 IO-0/EL  buffer_pool.h:25] BufferPool[IO-0_Write]: Allocate new buffer, current buffer count is 65
I1102 19:13:09.464821 IO-0/EL  buffer_pool.h:25] BufferPool[IO-0_Write]: Allocate new buffer, current buffer count is 66
I1102 19:13:09.464836 IO-0/EL  buffer_pool.h:25] BufferPool[IO-0_Write]: Allocate new buffer, current buffer count is 67
I1102 19:13:09.464845 IO-0/EL  buffer_pool.h:25] BufferPool[IO-0_Write]: Allocate new buffer, current buffer count is 68
I1102 19:13:09.464867 IO-0/EL  buffer_pool.h:25] BufferPool[IO-0_Write]: Allocate new buffer, current buffer count is 69
I1102 19:13:09.464885 IO-0/EL  buffer_pool.h:25] BufferPool[IO-0_Write]: Allocate new buffer, current buffer count is 70
I1102 19:13:09.464905 IO-0/EL  buffer_pool.h:25] BufferPool[IO-0_Write]: Allocate new buffer, current buffer count is 71
I1102 19:13:09.464929 IO-0/EL  buffer_pool.h:25] BufferPool[IO-0_Write]: Allocate new buffer, current buffer count is 72
I1102 19:13:09.464944 IO-0/EL  buffer_pool.h:25] BufferPool[IO-0_Write]: Allocate new buffer, current buffer count is 73
I1102 19:13:09.464962 IO-0/EL  buffer_pool.h:25] BufferPool[IO-0_Write]: Allocate new buffer, current buffer count is 74
I1102 19:13:09.464974 IO-0/EL  buffer_pool.h:25] BufferPool[IO-0_Write]: Allocate new buffer, current buffer count is 75
I1102 19:13:09.464990 IO-0/EL  buffer_pool.h:25] BufferPool[IO-0_Write]: Allocate new buffer, current buffer count is 76
I1102 19:13:09.465009 IO-0/EL  buffer_pool.h:25] BufferPool[IO-0_Write]: Allocate new buffer, current buffer count is 77
I1102 19:13:09.465028 IO-0/EL  buffer_pool.h:25] BufferPool[IO-0_Write]: Allocate new buffer, current buffer count is 78
I1102 19:13:09.465038 IO-0/EL  buffer_pool.h:25] BufferPool[IO-0_Write]: Allocate new buffer, current buffer count is 79
I1102 19:13:09.465049 IO-0/EL  buffer_pool.h:25] BufferPool[IO-0_Write]: Allocate new buffer, current buffer count is 80
I1102 19:13:09.465061 IO-0/EL  buffer_pool.h:25] BufferPool[IO-0_Write]: Allocate new buffer, current buffer count is 81
I1102 19:13:09.465070 IO-0/EL  buffer_pool.h:25] BufferPool[IO-0_Write]: Allocate new buffer, current buffer count is 82
I1102 19:13:09.465084 IO-0/EL  buffer_pool.h:25] BufferPool[IO-0_Write]: Allocate new buffer, current buffer count is 83
I1102 19:13:09.465093 IO-0/EL  buffer_pool.h:25] BufferPool[IO-0_Write]: Allocate new buffer, current buffer count is 84
I1102 19:13:09.465107 IO-0/EL  buffer_pool.h:25] BufferPool[IO-0_Write]: Allocate new buffer, current buffer count is 85
I1102 19:13:09.465118 IO-0/EL  buffer_pool.h:25] BufferPool[IO-0_Write]: Allocate new buffer, current buffer count is 86
I1102 19:13:09.465131 IO-0/EL  buffer_pool.h:25] BufferPool[IO-0_Write]: Allocate new buffer, current buffer count is 87
I1102 19:13:09.465142 IO-0/EL  buffer_pool.h:25] BufferPool[IO-0_Write]: Allocate new buffer, current buffer count is 88
I1102 19:13:09.465153 IO-0/EL  buffer_pool.h:25] BufferPool[IO-0_Write]: Allocate new buffer, current buffer count is 89
I1102 19:13:09.465163 IO-0/EL  buffer_pool.h:25] BufferPool[IO-0_Write]: Allocate new buffer, current buffer count is 90
I1102 19:13:09.465177 IO-0/EL  buffer_pool.h:25] BufferPool[IO-0_Write]: Allocate new buffer, current buffer count is 91
I1102 19:13:09.465187 IO-0/EL  buffer_pool.h:25] BufferPool[IO-0_Write]: Allocate new buffer, current buffer count is 92
I1102 19:13:09.465197 IO-0/EL  buffer_pool.h:25] BufferPool[IO-0_Write]: Allocate new buffer, current buffer count is 93
I1102 19:13:09.465212 IO-0/EL  buffer_pool.h:25] BufferPool[IO-0_Write]: Allocate new buffer, current buffer count is 94
I1102 19:13:09.465221 IO-0/EL  buffer_pool.h:25] BufferPool[IO-0_Write]: Allocate new buffer, current buffer count is 95
I1102 19:13:09.465234 IO-0/EL  buffer_pool.h:25] BufferPool[IO-0_Write]: Allocate new buffer, current buffer count is 96
I1102 19:13:09.465247 IO-0/EL  buffer_pool.h:25] BufferPool[IO-0_Write]: Allocate new buffer, current buffer count is 97
I1102 19:13:09.465271 IO-0/EL  buffer_pool.h:25] BufferPool[IO-0_Write]: Allocate new buffer, current buffer count is 98
I1102 19:13:09.465289 IO-0/EL  buffer_pool.h:25] BufferPool[IO-0_Write]: Allocate new buffer, current buffer count is 99
I1102 19:13:09.465313 IO-0/EL  buffer_pool.h:25] BufferPool[IO-0_Write]: Allocate new buffer, current buffer count is 100
I1102 19:13:09.465328 IO-0/EL  buffer_pool.h:25] BufferPool[IO-0_Write]: Allocate new buffer, current buffer count is 101
I1102 19:13:09.465346 IO-0/EL  buffer_pool.h:25] BufferPool[IO-0_Write]: Allocate new buffer, current buffer count is 102
I1102 19:13:09.465373 IO-0/EL  buffer_pool.h:25] BufferPool[IO-0_Write]: Allocate new buffer, current buffer count is 103
I1102 19:13:09.465391 IO-0/EL  buffer_pool.h:25] BufferPool[IO-0_Write]: Allocate new buffer, current buffer count is 104
I1102 19:13:09.465408 IO-0/EL  buffer_pool.h:25] BufferPool[IO-0_Write]: Allocate new buffer, current buffer count is 105
I1102 19:13:09.465420 IO-0/EL  buffer_pool.h:25] BufferPool[IO-0_Write]: Allocate new buffer, current buffer count is 106
I1102 19:13:09.465435 IO-0/EL  buffer_pool.h:25] BufferPool[IO-0_Write]: Allocate new buffer, current buffer count is 107
I1102 19:13:09.465447 IO-0/EL  buffer_pool.h:25] BufferPool[IO-0_Write]: Allocate new buffer, current buffer count is 108
I1102 19:13:09.465460 IO-0/EL  buffer_pool.h:25] BufferPool[IO-0_Write]: Allocate new buffer, current buffer count is 109
I1102 19:13:09.465471 IO-0/EL  buffer_pool.h:25] BufferPool[IO-0_Write]: Allocate new buffer, current buffer count is 110
I1102 19:13:09.465482 IO-0/EL  buffer_pool.h:25] BufferPool[IO-0_Write]: Allocate new buffer, current buffer count is 111
I1102 19:13:09.465492 IO-0/EL  buffer_pool.h:25] BufferPool[IO-0_Write]: Allocate new buffer, current buffer count is 112
I1102 19:13:09.465510 IO-0/EL  buffer_pool.h:25] BufferPool[IO-0_Write]: Allocate new buffer, current buffer count is 113
I1102 19:13:09.465528 IO-0/EL  buffer_pool.h:25] BufferPool[IO-0_Write]: Allocate new buffer, current buffer count is 114
I1102 19:13:09.465543 IO-0/EL  buffer_pool.h:25] BufferPool[IO-0_Write]: Allocate new buffer, current buffer count is 115
I1102 19:13:09.465563 IO-0/EL  buffer_pool.h:25] BufferPool[IO-0_Write]: Allocate new buffer, current buffer count is 116
I1102 19:13:09.465581 IO-0/EL  buffer_pool.h:25] BufferPool[IO-0_Write]: Allocate new buffer, current buffer count is 117
I1102 19:13:09.465597 IO-0/EL  buffer_pool.h:25] BufferPool[IO-0_Write]: Allocate new buffer, current buffer count is 118
I1102 19:13:09.465617 IO-0/EL  buffer_pool.h:25] BufferPool[IO-0_Write]: Allocate new buffer, current buffer count is 119
I1102 19:13:09.465632 IO-0/EL  buffer_pool.h:25] BufferPool[IO-0_Write]: Allocate new buffer, current buffer count is 120
I1102 19:13:09.465653 IO-0/EL  buffer_pool.h:25] BufferPool[IO-0_Write]: Allocate new buffer, current buffer count is 121
I1102 19:13:09.465673 IO-0/EL  buffer_pool.h:25] BufferPool[IO-0_Write]: Allocate new buffer, current buffer count is 122
I1102 19:13:09.465687 IO-0/EL  buffer_pool.h:25] BufferPool[IO-0_Write]: Allocate new buffer, current buffer count is 123
I1102 19:13:09.465696 IO-0/EL  buffer_pool.h:25] BufferPool[IO-0_Write]: Allocate new buffer, current buffer count is 124
I1102 19:13:09.465707 IO-0/EL  buffer_pool.h:25] BufferPool[IO-0_Write]: Allocate new buffer, current buffer count is 125
I1102 19:13:09.465723 IO-0/EL  buffer_pool.h:25] BufferPool[IO-0_Write]: Allocate new buffer, current buffer count is 126
I1102 19:13:09.465736 IO-0/EL  buffer_pool.h:25] BufferPool[IO-0_Write]: Allocate new buffer, current buffer count is 127
I1102 19:13:09.465745 IO-0/EL  buffer_pool.h:25] BufferPool[IO-0_Write]: Allocate new buffer, current buffer count is 128
I1102 19:13:09.467009 IO-0/EL  buffer_pool.h:25] BufferPool[IO-0_Write]: Allocate new buffer, current buffer count is 129
I1102 19:13:09.467030 IO-0/EL  buffer_pool.h:25] BufferPool[IO-0_Write]: Allocate new buffer, current buffer count is 130
I1102 19:13:09.467042 IO-0/EL  buffer_pool.h:25] BufferPool[IO-0_Write]: Allocate new buffer, current buffer count is 131
I1102 19:13:09.467058 IO-0/EL  buffer_pool.h:25] BufferPool[IO-0_Write]: Allocate new buffer, current buffer count is 132
I1102 19:13:09.467074 IO-0/EL  buffer_pool.h:25] BufferPool[IO-0_Write]: Allocate new buffer, current buffer count is 133
I1102 19:13:09.467090 IO-0/EL  buffer_pool.h:25] BufferPool[IO-0_Write]: Allocate new buffer, current buffer count is 134
I1102 19:13:09.467104 IO-0/EL  buffer_pool.h:25] BufferPool[IO-0_Write]: Allocate new buffer, current buffer count is 135
I1102 19:13:09.467124 IO-0/EL  buffer_pool.h:25] BufferPool[IO-0_Write]: Allocate new buffer, current buffer count is 136
I1102 19:13:09.467147 IO-0/EL  buffer_pool.h:25] BufferPool[IO-0_Write]: Allocate new buffer, current buffer count is 137
I1102 19:13:09.467162 IO-0/EL  buffer_pool.h:25] BufferPool[IO-0_Write]: Allocate new buffer, current buffer count is 138
I1102 19:13:09.467181 IO-0/EL  buffer_pool.h:25] BufferPool[IO-0_Write]: Allocate new buffer, current buffer count is 139
I1102 19:13:09.467201 IO-0/EL  buffer_pool.h:25] BufferPool[IO-0_Write]: Allocate new buffer, current buffer count is 140
I1102 19:13:09.467215 IO-0/EL  buffer_pool.h:25] BufferPool[IO-0_Write]: Allocate new buffer, current buffer count is 141
I1102 19:13:09.467226 IO-0/EL  buffer_pool.h:25] BufferPool[IO-0_Write]: Allocate new buffer, current buffer count is 142
I1102 19:13:09.467236 IO-0/EL  buffer_pool.h:25] BufferPool[IO-0_Write]: Allocate new buffer, current buffer count is 143
I1102 19:13:09.467262 IO-0/EL  buffer_pool.h:25] BufferPool[IO-0_Write]: Allocate new buffer, current buffer count is 144
I1102 19:13:09.467271 IO-0/EL  buffer_pool.h:25] BufferPool[IO-0_Write]: Allocate new buffer, current buffer count is 145
I1102 19:13:09.467281 IO-0/EL  buffer_pool.h:25] BufferPool[IO-0_Write]: Allocate new buffer, current buffer count is 146
I1102 19:13:09.467290 IO-0/EL  buffer_pool.h:25] BufferPool[IO-0_Write]: Allocate new buffer, current buffer count is 147
I1102 19:13:09.467299 IO-0/EL  buffer_pool.h:25] BufferPool[IO-0_Write]: Allocate new buffer, current buffer count is 148
I1102 19:13:09.467309 IO-0/EL  buffer_pool.h:25] BufferPool[IO-0_Write]: Allocate new buffer, current buffer count is 149
I1102 19:13:09.467318 IO-0/EL  buffer_pool.h:25] BufferPool[IO-0_Write]: Allocate new buffer, current buffer count is 150
I1102 19:13:09.467328 IO-0/EL  buffer_pool.h:25] BufferPool[IO-0_Write]: Allocate new buffer, current buffer count is 151
I1102 19:13:09.467337 IO-0/EL  buffer_pool.h:25] BufferPool[IO-0_Write]: Allocate new buffer, current buffer count is 152
I1102 19:13:09.467347 IO-0/EL  buffer_pool.h:25] BufferPool[IO-0_Write]: Allocate new buffer, current buffer count is 153
I1102 19:13:09.467358 IO-0/EL  buffer_pool.h:25] BufferPool[IO-0_Write]: Allocate new buffer, current buffer count is 154
I1102 19:13:09.467373 IO-0/EL  buffer_pool.h:25] BufferPool[IO-0_Write]: Allocate new buffer, current buffer count is 155
I1102 19:13:09.467391 IO-0/EL  buffer_pool.h:25] BufferPool[IO-0_Write]: Allocate new buffer, current buffer count is 156
I1102 19:13:09.467410 IO-0/EL  buffer_pool.h:25] BufferPool[IO-0_Write]: Allocate new buffer, current buffer count is 157
I1102 19:13:09.467430 IO-0/EL  buffer_pool.h:25] BufferPool[IO-0_Write]: Allocate new buffer, current buffer count is 158
I1102 19:13:09.467440 IO-0/EL  buffer_pool.h:25] BufferPool[IO-0_Write]: Allocate new buffer, current buffer count is 159
I1102 19:13:09.467449 IO-0/EL  buffer_pool.h:25] BufferPool[IO-0_Write]: Allocate new buffer, current buffer count is 160
I1102 19:13:09.467459 IO-0/EL  buffer_pool.h:25] BufferPool[IO-0_Write]: Allocate new buffer, current buffer count is 161
I1102 19:13:09.467469 IO-0/EL  buffer_pool.h:25] BufferPool[IO-0_Write]: Allocate new buffer, current buffer count is 162
I1102 19:13:09.467478 IO-0/EL  buffer_pool.h:25] BufferPool[IO-0_Write]: Allocate new buffer, current buffer count is 163
I1102 19:13:09.467490 IO-0/EL  buffer_pool.h:25] BufferPool[IO-0_Write]: Allocate new buffer, current buffer count is 164
I1102 19:13:09.467499 IO-0/EL  buffer_pool.h:25] BufferPool[IO-0_Write]: Allocate new buffer, current buffer count is 165
I1102 19:13:09.467510 IO-0/EL  buffer_pool.h:25] BufferPool[IO-0_Write]: Allocate new buffer, current buffer count is 166
I1102 19:13:09.467520 IO-0/EL  buffer_pool.h:25] BufferPool[IO-0_Write]: Allocate new buffer, current buffer count is 167
I1102 19:13:09.467529 IO-0/EL  buffer_pool.h:25] BufferPool[IO-0_Write]: Allocate new buffer, current buffer count is 168
I1102 19:13:09.467540 IO-0/EL  buffer_pool.h:25] BufferPool[IO-0_Write]: Allocate new buffer, current buffer count is 169
I1102 19:13:09.467557 IO-0/EL  buffer_pool.h:25] BufferPool[IO-0_Write]: Allocate new buffer, current buffer count is 170
I1102 19:13:09.467567 IO-0/EL  buffer_pool.h:25] BufferPool[IO-0_Write]: Allocate new buffer, current buffer count is 171
I1102 19:13:09.467576 IO-0/EL  buffer_pool.h:25] BufferPool[IO-0_Write]: Allocate new buffer, current buffer count is 172
I1102 19:13:09.467589 IO-0/EL  buffer_pool.h:25] BufferPool[IO-0_Write]: Allocate new buffer, current buffer count is 173
I1102 19:13:09.467605 IO-0/EL  buffer_pool.h:25] BufferPool[IO-0_Write]: Allocate new buffer, current buffer count is 174
I1102 19:13:09.467624 IO-0/EL  buffer_pool.h:25] BufferPool[IO-0_Write]: Allocate new buffer, current buffer count is 175
I1102 19:13:09.467642 IO-0/EL  buffer_pool.h:25] BufferPool[IO-0_Write]: Allocate new buffer, current buffer count is 176
I1102 19:13:09.467660 IO-0/EL  buffer_pool.h:25] BufferPool[IO-0_Write]: Allocate new buffer, current buffer count is 177
I1102 19:13:09.467671 IO-0/EL  buffer_pool.h:25] BufferPool[IO-0_Write]: Allocate new buffer, current buffer count is 178
I1102 19:13:09.467680 IO-0/EL  buffer_pool.h:25] BufferPool[IO-0_Write]: Allocate new buffer, current buffer count is 179
I1102 19:13:09.467690 IO-0/EL  buffer_pool.h:25] BufferPool[IO-0_Write]: Allocate new buffer, current buffer count is 180
I1102 19:13:09.467700 IO-0/EL  buffer_pool.h:25] BufferPool[IO-0_Write]: Allocate new buffer, current buffer count is 181
I1102 19:13:09.467715 IO-0/EL  buffer_pool.h:25] BufferPool[IO-0_Write]: Allocate new buffer, current buffer count is 182
I1102 19:13:09.467726 IO-0/EL  buffer_pool.h:25] BufferPool[IO-0_Write]: Allocate new buffer, current buffer count is 183
I1102 19:13:09.467736 IO-0/EL  buffer_pool.h:25] BufferPool[IO-0_Write]: Allocate new buffer, current buffer count is 184
I1102 19:13:09.467746 IO-0/EL  buffer_pool.h:25] BufferPool[IO-0_Write]: Allocate new buffer, current buffer count is 185
I1102 19:13:09.467755 IO-0/EL  buffer_pool.h:25] BufferPool[IO-0_Write]: Allocate new buffer, current buffer count is 186
I1102 19:13:09.467764 IO-0/EL  buffer_pool.h:25] BufferPool[IO-0_Write]: Allocate new buffer, current buffer count is 187
I1102 19:13:09.467776 IO-0/EL  buffer_pool.h:25] BufferPool[IO-0_Write]: Allocate new buffer, current buffer count is 188
I1102 19:13:09.467790 IO-0/EL  buffer_pool.h:25] BufferPool[IO-0_Write]: Allocate new buffer, current buffer count is 189
I1102 19:13:09.467806 IO-0/EL  buffer_pool.h:25] BufferPool[IO-0_Write]: Allocate new buffer, current buffer count is 190
I1102 19:13:09.467827 IO-0/EL  buffer_pool.h:25] BufferPool[IO-0_Write]: Allocate new buffer, current buffer count is 191
I1102 19:13:09.467845 IO-0/EL  buffer_pool.h:25] BufferPool[IO-0_Write]: Allocate new buffer, current buffer count is 192
I1102 19:13:09.467857 IO-0/EL  buffer_pool.h:25] BufferPool[IO-0_Write]: Allocate new buffer, current buffer count is 193
I1102 19:13:09.467868 IO-0/EL  buffer_pool.h:25] BufferPool[IO-0_Write]: Allocate new buffer, current buffer count is 194
I1102 19:13:09.467880 IO-0/EL  buffer_pool.h:25] BufferPool[IO-0_Write]: Allocate new buffer, current buffer count is 195
I1102 19:13:09.467891 IO-0/EL  buffer_pool.h:25] BufferPool[IO-0_Write]: Allocate new buffer, current buffer count is 196
I1102 19:13:09.467900 IO-0/EL  buffer_pool.h:25] BufferPool[IO-0_Write]: Allocate new buffer, current buffer count is 197
I1102 19:13:09.467910 IO-0/EL  buffer_pool.h:25] BufferPool[IO-0_Write]: Allocate new buffer, current buffer count is 198
I1102 19:13:09.467920 IO-0/EL  buffer_pool.h:25] BufferPool[IO-0_Write]: Allocate new buffer, current buffer count is 199
I1102 19:13:09.467931 IO-0/EL  buffer_pool.h:25] BufferPool[IO-0_Write]: Allocate new buffer, current buffer count is 200
I1102 19:13:09.467941 IO-0/EL  buffer_pool.h:25] BufferPool[IO-0_Write]: Allocate new buffer, current buffer count is 201
I1102 19:13:09.467951 IO-0/EL  buffer_pool.h:25] BufferPool[IO-0_Write]: Allocate new buffer, current buffer count is 202
I1102 19:13:09.467960 IO-0/EL  buffer_pool.h:25] BufferPool[IO-0_Write]: Allocate new buffer, current buffer count is 203
I1102 19:13:09.467977 IO-0/EL  buffer_pool.h:25] BufferPool[IO-0_Write]: Allocate new buffer, current buffer count is 204
I1102 19:13:09.467987 IO-0/EL  buffer_pool.h:25] BufferPool[IO-0_Write]: Allocate new buffer, current buffer count is 205
I1102 19:13:09.467996 IO-0/EL  buffer_pool.h:25] BufferPool[IO-0_Write]: Allocate new buffer, current buffer count is 206
I1102 19:13:09.468006 IO-0/EL  buffer_pool.h:25] BufferPool[IO-0_Write]: Allocate new buffer, current buffer count is 207
I1102 19:13:09.468015 IO-0/EL  buffer_pool.h:25] BufferPool[IO-0_Write]: Allocate new buffer, current buffer count is 208
I1102 19:13:09.468025 IO-0/EL  buffer_pool.h:25] BufferPool[IO-0_Write]: Allocate new buffer, current buffer count is 209
I1102 19:13:09.468036 IO-0/EL  buffer_pool.h:25] BufferPool[IO-0_Write]: Allocate new buffer, current buffer count is 210
I1102 19:13:09.468046 IO-0/EL  buffer_pool.h:25] BufferPool[IO-0_Write]: Allocate new buffer, current buffer count is 211
I1102 19:13:09.468058 IO-0/EL  buffer_pool.h:25] BufferPool[IO-0_Write]: Allocate new buffer, current buffer count is 212
I1102 19:13:09.468074 IO-0/EL  buffer_pool.h:25] BufferPool[IO-0_Write]: Allocate new buffer, current buffer count is 213
I1102 19:13:09.468087 IO-0/EL  buffer_pool.h:25] BufferPool[IO-0_Write]: Allocate new buffer, current buffer count is 214
I1102 19:13:09.468104 IO-0/EL  buffer_pool.h:25] BufferPool[IO-0_Write]: Allocate new buffer, current buffer count is 215
I1102 19:13:09.468119 IO-0/EL  buffer_pool.h:25] BufferPool[IO-0_Write]: Allocate new buffer, current buffer count is 216
I1102 19:13:09.468134 IO-0/EL  buffer_pool.h:25] BufferPool[IO-0_Write]: Allocate new buffer, current buffer count is 217
I1102 19:13:09.468148 IO-0/EL  buffer_pool.h:25] BufferPool[IO-0_Write]: Allocate new buffer, current buffer count is 218
I1102 19:13:09.468157 IO-0/EL  buffer_pool.h:25] BufferPool[IO-0_Write]: Allocate new buffer, current buffer count is 219
I1102 19:13:09.468167 IO-0/EL  buffer_pool.h:25] BufferPool[IO-0_Write]: Allocate new buffer, current buffer count is 220
I1102 19:13:09.468176 IO-0/EL  buffer_pool.h:25] BufferPool[IO-0_Write]: Allocate new buffer, current buffer count is 221
I1102 19:13:09.468185 IO-0/EL  buffer_pool.h:25] BufferPool[IO-0_Write]: Allocate new buffer, current buffer count is 222
I1102 19:13:09.468194 IO-0/EL  buffer_pool.h:25] BufferPool[IO-0_Write]: Allocate new buffer, current buffer count is 223
I1102 19:13:09.468204 IO-0/EL  buffer_pool.h:25] BufferPool[IO-0_Write]: Allocate new buffer, current buffer count is 224
I1102 19:13:09.468214 IO-0/EL  buffer_pool.h:25] BufferPool[IO-0_Write]: Allocate new buffer, current buffer count is 225
I1102 19:13:09.468223 IO-0/EL  buffer_pool.h:25] BufferPool[IO-0_Write]: Allocate new buffer, current buffer count is 226
I1102 19:13:09.468232 IO-0/EL  buffer_pool.h:25] BufferPool[IO-0_Write]: Allocate new buffer, current buffer count is 227
I1102 19:13:09.468244 IO-0/EL  buffer_pool.h:25] BufferPool[IO-0_Write]: Allocate new buffer, current buffer count is 228
I1102 19:13:09.468255 IO-0/EL  buffer_pool.h:25] BufferPool[IO-0_Write]: Allocate new buffer, current buffer count is 229
I1102 19:13:09.468267 IO-0/EL  buffer_pool.h:25] BufferPool[IO-0_Write]: Allocate new buffer, current buffer count is 230
I1102 19:13:09.468280 IO-0/EL  buffer_pool.h:25] BufferPool[IO-0_Write]: Allocate new buffer, current buffer count is 231
I1102 19:13:09.468289 IO-0/EL  buffer_pool.h:25] BufferPool[IO-0_Write]: Allocate new buffer, current buffer count is 232
I1102 19:13:09.468298 IO-0/EL  buffer_pool.h:25] BufferPool[IO-0_Write]: Allocate new buffer, current buffer count is 233
I1102 19:13:09.468309 IO-0/EL  buffer_pool.h:25] BufferPool[IO-0_Write]: Allocate new buffer, current buffer count is 234
I1102 19:13:09.468324 IO-0/EL  buffer_pool.h:25] BufferPool[IO-0_Write]: Allocate new buffer, current buffer count is 235
I1102 19:13:09.468342 IO-0/EL  buffer_pool.h:25] BufferPool[IO-0_Write]: Allocate new buffer, current buffer count is 236
I1102 19:13:09.468358 IO-0/EL  buffer_pool.h:25] BufferPool[IO-0_Write]: Allocate new buffer, current buffer count is 237
I1102 19:13:09.468381 IO-0/EL  buffer_pool.h:25] BufferPool[IO-0_Write]: Allocate new buffer, current buffer count is 238
I1102 19:13:09.468391 IO-0/EL  buffer_pool.h:25] BufferPool[IO-0_Write]: Allocate new buffer, current buffer count is 239
I1102 19:13:09.468401 IO-0/EL  buffer_pool.h:25] BufferPool[IO-0_Write]: Allocate new buffer, current buffer count is 240
I1102 19:13:09.468410 IO-0/EL  buffer_pool.h:25] BufferPool[IO-0_Write]: Allocate new buffer, current buffer count is 241
I1102 19:13:09.468419 IO-0/EL  buffer_pool.h:25] BufferPool[IO-0_Write]: Allocate new buffer, current buffer count is 242
I1102 19:13:09.468428 IO-0/EL  buffer_pool.h:25] BufferPool[IO-0_Write]: Allocate new buffer, current buffer count is 243
I1102 19:13:09.468437 IO-0/EL  buffer_pool.h:25] BufferPool[IO-0_Write]: Allocate new buffer, current buffer count is 244
I1102 19:13:09.468447 IO-0/EL  buffer_pool.h:25] BufferPool[IO-0_Write]: Allocate new buffer, current buffer count is 245
I1102 19:13:09.468457 IO-0/EL  buffer_pool.h:25] BufferPool[IO-0_Write]: Allocate new buffer, current buffer count is 246
I1102 19:13:09.468470 IO-0/EL  buffer_pool.h:25] BufferPool[IO-0_Write]: Allocate new buffer, current buffer count is 247
I1102 19:13:09.468481 IO-0/EL  buffer_pool.h:25] BufferPool[IO-0_Write]: Allocate new buffer, current buffer count is 248
I1102 19:13:09.468493 IO-0/EL  buffer_pool.h:25] BufferPool[IO-0_Write]: Allocate new buffer, current buffer count is 249
I1102 19:13:09.468506 IO-0/EL  buffer_pool.h:25] BufferPool[IO-0_Write]: Allocate new buffer, current buffer count is 250
I1102 19:13:09.468515 IO-0/EL  buffer_pool.h:25] BufferPool[IO-0_Write]: Allocate new buffer, current buffer count is 251
I1102 19:13:09.468524 IO-0/EL  buffer_pool.h:25] BufferPool[IO-0_Write]: Allocate new buffer, current buffer count is 252
I1102 19:13:09.468533 IO-0/EL  buffer_pool.h:25] BufferPool[IO-0_Write]: Allocate new buffer, current buffer count is 253
I1102 19:13:09.468542 IO-0/EL  buffer_pool.h:25] BufferPool[IO-0_Write]: Allocate new buffer, current buffer count is 254
I1102 19:13:09.468552 IO-0/EL  buffer_pool.h:25] BufferPool[IO-0_Write]: Allocate new buffer, current buffer count is 255
I1102 19:13:09.468561 IO-0/EL  buffer_pool.h:25] BufferPool[IO-0_Write]: Allocate new buffer, current buffer count is 256
I1102 19:13:14.517112 Main     server_base.cpp:35] Server: Scheduled to stop
I1102 19:13:14.517172 Server/E server_base.cpp:109] Server: Start stopping process
I1102 19:13:14.517241 Server/E server_base.cpp:55] Server: Event loop finishes
