I1102 18:30:17.610539 Main     thread.cpp:100] Register main thread: tid=1382353
E1102 18:30:17.612864 Main     docker.cpp:59] Cannot find docker's cgroup in /proc/self/cgroup
I1102 18:30:17.612939 Main     func_config.cpp:135] Load configuration for function Noop[1]
I1102 18:30:17.612951 Main     engine.cpp:109] Engine: Start 1 IO workers
I1102 18:30:17.616257 IO-0/EL  thread.cpp:40] Start thread: IO-0/EL
I1102 18:30:17.616318 IO-0/EL  io_worker.cpp:192] IO-0: Event loop starts
Checking for file descriptor...
Got a file descriptor!
I1102 18:30:19.358623 Main     engine.cpp:180] Engine: Created 1 Machnet connections to Gateway at 10.10.1.2:10007
I1102 18:30:19.358684 Main     engine.cpp:208] Engine: Listen on /dev/shm/faas_ipc/engine.sock for IPC connections
I1102 18:30:19.358894 Server/E thread.cpp:40] Start thread: Server/EL
I1102 18:30:19.359013 Server/E server_base.cpp:50] Server: Event loop starts
I1102 18:30:19.612371 Server/E engine.cpp:674] Engine: New message connection
I1102 18:30:19.615611 IO-0/EL  buffer_pool.h:25] BufferPool[IO-0_Read]: Allocate new buffer, current buffer count is 1
I1102 18:30:19.615637 IO-0/EL  engine.cpp:277] Engine: Receive new handshake message from message connection
I1102 18:30:19.615642 IO-0/EL  worker_manager.cpp:23] WorkerManager: Launcher of func_id 1 connected
I1102 18:30:19.615645 IO-0/EL  worker_manager.cpp:131] WorkerManager: Request new FuncWorker for func_id 1 with client_id 1
I1102 18:30:19.615661 IO-0/EL  worker_manager.cpp:131] WorkerManager: Request new FuncWorker for func_id 1 with client_id 2
I1102 18:30:19.615670 IO-0/EL  worker_manager.cpp:131] WorkerManager: Request new FuncWorker for func_id 1 with client_id 3
I1102 18:30:19.615678 IO-0/EL  worker_manager.cpp:131] WorkerManager: Request new FuncWorker for func_id 1 with client_id 4
I1102 18:30:19.615685 IO-0/EL  worker_manager.cpp:131] WorkerManager: Request new FuncWorker for func_id 1 with client_id 5
I1102 18:30:19.615692 IO-0/EL  worker_manager.cpp:131] WorkerManager: Request new FuncWorker for func_id 1 with client_id 6
I1102 18:30:19.615700 IO-0/EL  worker_manager.cpp:131] WorkerManager: Request new FuncWorker for func_id 1 with client_id 7
I1102 18:30:19.615707 IO-0/EL  worker_manager.cpp:131] WorkerManager: Request new FuncWorker for func_id 1 with client_id 8
I1102 18:30:19.615720 IO-0/EL  worker_manager.cpp:131] WorkerManager: Request new FuncWorker for func_id 1 with client_id 9
I1102 18:30:19.615727 IO-0/EL  worker_manager.cpp:131] WorkerManager: Request new FuncWorker for func_id 1 with client_id 10
I1102 18:30:19.615736 IO-0/EL  worker_manager.cpp:131] WorkerManager: Request new FuncWorker for func_id 1 with client_id 11
I1102 18:30:19.615743 IO-0/EL  worker_manager.cpp:131] WorkerManager: Request new FuncWorker for func_id 1 with client_id 12
I1102 18:30:19.615751 IO-0/EL  worker_manager.cpp:131] WorkerManager: Request new FuncWorker for func_id 1 with client_id 13
I1102 18:30:19.615758 IO-0/EL  worker_manager.cpp:131] WorkerManager: Request new FuncWorker for func_id 1 with client_id 14
I1102 18:30:19.615765 IO-0/EL  worker_manager.cpp:131] WorkerManager: Request new FuncWorker for func_id 1 with client_id 15
I1102 18:30:19.615773 IO-0/EL  worker_manager.cpp:131] WorkerManager: Request new FuncWorker for func_id 1 with client_id 16
I1102 18:30:19.615780 IO-0/EL  worker_manager.cpp:131] WorkerManager: Request new FuncWorker for func_id 1 with client_id 17
I1102 18:30:19.615796 IO-0/EL  worker_manager.cpp:131] WorkerManager: Request new FuncWorker for func_id 1 with client_id 18
I1102 18:30:19.615803 IO-0/EL  worker_manager.cpp:131] WorkerManager: Request new FuncWorker for func_id 1 with client_id 19
I1102 18:30:19.615811 IO-0/EL  worker_manager.cpp:131] WorkerManager: Request new FuncWorker for func_id 1 with client_id 20
I1102 18:30:19.615819 IO-0/EL  worker_manager.cpp:131] WorkerManager: Request new FuncWorker for func_id 1 with client_id 21
I1102 18:30:19.615827 IO-0/EL  worker_manager.cpp:131] WorkerManager: Request new FuncWorker for func_id 1 with client_id 22
I1102 18:30:19.615834 IO-0/EL  worker_manager.cpp:131] WorkerManager: Request new FuncWorker for func_id 1 with client_id 23
I1102 18:30:19.615855 IO-0/EL  worker_manager.cpp:131] WorkerManager: Request new FuncWorker for func_id 1 with client_id 24
I1102 18:30:19.615862 IO-0/EL  worker_manager.cpp:131] WorkerManager: Request new FuncWorker for func_id 1 with client_id 25
I1102 18:30:19.615869 IO-0/EL  worker_manager.cpp:131] WorkerManager: Request new FuncWorker for func_id 1 with client_id 26
I1102 18:30:19.615876 IO-0/EL  worker_manager.cpp:131] WorkerManager: Request new FuncWorker for func_id 1 with client_id 27
I1102 18:30:19.615885 IO-0/EL  worker_manager.cpp:131] WorkerManager: Request new FuncWorker for func_id 1 with client_id 28
I1102 18:30:19.615892 IO-0/EL  worker_manager.cpp:131] WorkerManager: Request new FuncWorker for func_id 1 with client_id 29
I1102 18:30:19.615899 IO-0/EL  worker_manager.cpp:131] WorkerManager: Request new FuncWorker for func_id 1 with client_id 30
I1102 18:30:19.615907 IO-0/EL  worker_manager.cpp:131] WorkerManager: Request new FuncWorker for func_id 1 with client_id 31
I1102 18:30:19.615914 IO-0/EL  worker_manager.cpp:131] WorkerManager: Request new FuncWorker for func_id 1 with client_id 32
I1102 18:30:19.615921 IO-0/EL  worker_manager.cpp:131] WorkerManager: Request new FuncWorker for func_id 1 with client_id 33
I1102 18:30:19.615946 IO-0/EL  worker_manager.cpp:131] WorkerManager: Request new FuncWorker for func_id 1 with client_id 34
I1102 18:30:19.615954 IO-0/EL  worker_manager.cpp:131] WorkerManager: Request new FuncWorker for func_id 1 with client_id 35
I1102 18:30:19.615963 IO-0/EL  worker_manager.cpp:131] WorkerManager: Request new FuncWorker for func_id 1 with client_id 36
I1102 18:30:19.615970 IO-0/EL  worker_manager.cpp:131] WorkerManager: Request new FuncWorker for func_id 1 with client_id 37
I1102 18:30:19.615976 IO-0/EL  worker_manager.cpp:131] WorkerManager: Request new FuncWorker for func_id 1 with client_id 38
I1102 18:30:19.615984 IO-0/EL  worker_manager.cpp:131] WorkerManager: Request new FuncWorker for func_id 1 with client_id 39
I1102 18:30:19.615992 IO-0/EL  worker_manager.cpp:131] WorkerManager: Request new FuncWorker for func_id 1 with client_id 40
I1102 18:30:19.616000 IO-0/EL  worker_manager.cpp:131] WorkerManager: Request new FuncWorker for func_id 1 with client_id 41
I1102 18:30:19.616006 IO-0/EL  worker_manager.cpp:131] WorkerManager: Request new FuncWorker for func_id 1 with client_id 42
I1102 18:30:19.616014 IO-0/EL  worker_manager.cpp:131] WorkerManager: Request new FuncWorker for func_id 1 with client_id 43
I1102 18:30:19.616023 IO-0/EL  worker_manager.cpp:131] WorkerManager: Request new FuncWorker for func_id 1 with client_id 44
I1102 18:30:19.616031 IO-0/EL  worker_manager.cpp:131] WorkerManager: Request new FuncWorker for func_id 1 with client_id 45
I1102 18:30:19.616038 IO-0/EL  worker_manager.cpp:131] WorkerManager: Request new FuncWorker for func_id 1 with client_id 46
I1102 18:30:19.616046 IO-0/EL  worker_manager.cpp:131] WorkerManager: Request new FuncWorker for func_id 1 with client_id 47
I1102 18:30:19.616054 IO-0/EL  worker_manager.cpp:131] WorkerManager: Request new FuncWorker for func_id 1 with client_id 48
I1102 18:30:19.616061 IO-0/EL  worker_manager.cpp:131] WorkerManager: Request new FuncWorker for func_id 1 with client_id 49
I1102 18:30:19.616067 IO-0/EL  worker_manager.cpp:131] WorkerManager: Request new FuncWorker for func_id 1 with client_id 50
I1102 18:30:19.616075 IO-0/EL  worker_manager.cpp:131] WorkerManager: Request new FuncWorker for func_id 1 with client_id 51
I1102 18:30:19.616084 IO-0/EL  worker_manager.cpp:131] WorkerManager: Request new FuncWorker for func_id 1 with client_id 52
I1102 18:30:19.616090 IO-0/EL  worker_manager.cpp:131] WorkerManager: Request new FuncWorker for func_id 1 with client_id 53
I1102 18:30:19.616098 IO-0/EL  worker_manager.cpp:131] WorkerManager: Request new FuncWorker for func_id 1 with client_id 54
I1102 18:30:19.616105 IO-0/EL  worker_manager.cpp:131] WorkerManager: Request new FuncWorker for func_id 1 with client_id 55
I1102 18:30:19.616114 IO-0/EL  worker_manager.cpp:131] WorkerManager: Request new FuncWorker for func_id 1 with client_id 56
I1102 18:30:19.616125 IO-0/EL  worker_manager.cpp:131] WorkerManager: Request new FuncWorker for func_id 1 with client_id 57
I1102 18:30:19.616133 IO-0/EL  worker_manager.cpp:131] WorkerManager: Request new FuncWorker for func_id 1 with client_id 58
I1102 18:30:19.616139 IO-0/EL  worker_manager.cpp:131] WorkerManager: Request new FuncWorker for func_id 1 with client_id 59
I1102 18:30:19.616148 IO-0/EL  worker_manager.cpp:131] WorkerManager: Request new FuncWorker for func_id 1 with client_id 60
I1102 18:30:19.616156 IO-0/EL  worker_manager.cpp:131] WorkerManager: Request new FuncWorker for func_id 1 with client_id 61
I1102 18:30:19.616162 IO-0/EL  worker_manager.cpp:131] WorkerManager: Request new FuncWorker for func_id 1 with client_id 62
I1102 18:30:19.616169 IO-0/EL  worker_manager.cpp:131] WorkerManager: Request new FuncWorker for func_id 1 with client_id 63
I1102 18:30:19.616176 IO-0/EL  worker_manager.cpp:131] WorkerManager: Request new FuncWorker for func_id 1 with client_id 64
I1102 18:30:19.616183 IO-0/EL  worker_manager.cpp:131] WorkerManager: Request new FuncWorker for func_id 1 with client_id 65
I1102 18:30:19.616222 IO-0/EL  worker_manager.cpp:131] WorkerManager: Request new FuncWorker for func_id 1 with client_id 66
I1102 18:30:19.616230 IO-0/EL  worker_manager.cpp:131] WorkerManager: Request new FuncWorker for func_id 1 with client_id 67
I1102 18:30:19.616237 IO-0/EL  worker_manager.cpp:131] WorkerManager: Request new FuncWorker for func_id 1 with client_id 68
I1102 18:30:19.616246 IO-0/EL  worker_manager.cpp:131] WorkerManager: Request new FuncWorker for func_id 1 with client_id 69
I1102 18:30:19.616254 IO-0/EL  worker_manager.cpp:131] WorkerManager: Request new FuncWorker for func_id 1 with client_id 70
I1102 18:30:19.616260 IO-0/EL  worker_manager.cpp:131] WorkerManager: Request new FuncWorker for func_id 1 with client_id 71
I1102 18:30:19.616267 IO-0/EL  worker_manager.cpp:131] WorkerManager: Request new FuncWorker for func_id 1 with client_id 72
I1102 18:30:19.616277 IO-0/EL  worker_manager.cpp:131] WorkerManager: Request new FuncWorker for func_id 1 with client_id 73
I1102 18:30:19.616284 IO-0/EL  worker_manager.cpp:131] WorkerManager: Request new FuncWorker for func_id 1 with client_id 74
I1102 18:30:19.616291 IO-0/EL  worker_manager.cpp:131] WorkerManager: Request new FuncWorker for func_id 1 with client_id 75
I1102 18:30:19.616300 IO-0/EL  worker_manager.cpp:131] WorkerManager: Request new FuncWorker for func_id 1 with client_id 76
I1102 18:30:19.616309 IO-0/EL  worker_manager.cpp:131] WorkerManager: Request new FuncWorker for func_id 1 with client_id 77
I1102 18:30:19.616316 IO-0/EL  worker_manager.cpp:131] WorkerManager: Request new FuncWorker for func_id 1 with client_id 78
I1102 18:30:19.616322 IO-0/EL  worker_manager.cpp:131] WorkerManager: Request new FuncWorker for func_id 1 with client_id 79
I1102 18:30:19.616329 IO-0/EL  worker_manager.cpp:131] WorkerManager: Request new FuncWorker for func_id 1 with client_id 80
I1102 18:30:19.616339 IO-0/EL  worker_manager.cpp:131] WorkerManager: Request new FuncWorker for func_id 1 with client_id 81
I1102 18:30:19.616346 IO-0/EL  worker_manager.cpp:131] WorkerManager: Request new FuncWorker for func_id 1 with client_id 82
I1102 18:30:19.616352 IO-0/EL  worker_manager.cpp:131] WorkerManager: Request new FuncWorker for func_id 1 with client_id 83
I1102 18:30:19.616360 IO-0/EL  worker_manager.cpp:131] WorkerManager: Request new FuncWorker for func_id 1 with client_id 84
I1102 18:30:19.616370 IO-0/EL  worker_manager.cpp:131] WorkerManager: Request new FuncWorker for func_id 1 with client_id 85
I1102 18:30:19.616377 IO-0/EL  worker_manager.cpp:131] WorkerManager: Request new FuncWorker for func_id 1 with client_id 86
I1102 18:30:19.616384 IO-0/EL  worker_manager.cpp:131] WorkerManager: Request new FuncWorker for func_id 1 with client_id 87
I1102 18:30:19.616393 IO-0/EL  worker_manager.cpp:131] WorkerManager: Request new FuncWorker for func_id 1 with client_id 88
I1102 18:30:19.616405 IO-0/EL  worker_manager.cpp:131] WorkerManager: Request new FuncWorker for func_id 1 with client_id 89
I1102 18:30:19.616413 IO-0/EL  worker_manager.cpp:131] WorkerManager: Request new FuncWorker for func_id 1 with client_id 90
I1102 18:30:19.616420 IO-0/EL  worker_manager.cpp:131] WorkerManager: Request new FuncWorker for func_id 1 with client_id 91
I1102 18:30:19.616428 IO-0/EL  worker_manager.cpp:131] WorkerManager: Request new FuncWorker for func_id 1 with client_id 92
I1102 18:30:19.616436 IO-0/EL  worker_manager.cpp:131] WorkerManager: Request new FuncWorker for func_id 1 with client_id 93
I1102 18:30:19.616443 IO-0/EL  worker_manager.cpp:131] WorkerManager: Request new FuncWorker for func_id 1 with client_id 94
I1102 18:30:19.616450 IO-0/EL  worker_manager.cpp:131] WorkerManager: Request new FuncWorker for func_id 1 with client_id 95
I1102 18:30:19.616458 IO-0/EL  worker_manager.cpp:131] WorkerManager: Request new FuncWorker for func_id 1 with client_id 96
I1102 18:30:19.616467 IO-0/EL  worker_manager.cpp:131] WorkerManager: Request new FuncWorker for func_id 1 with client_id 97
I1102 18:30:19.616474 IO-0/EL  worker_manager.cpp:131] WorkerManager: Request new FuncWorker for func_id 1 with client_id 98
I1102 18:30:19.616482 IO-0/EL  worker_manager.cpp:131] WorkerManager: Request new FuncWorker for func_id 1 with client_id 99
I1102 18:30:19.616489 IO-0/EL  worker_manager.cpp:131] WorkerManager: Request new FuncWorker for func_id 1 with client_id 100
I1102 18:30:19.616498 IO-0/EL  worker_manager.cpp:131] WorkerManager: Request new FuncWorker for func_id 1 with client_id 101
I1102 18:30:19.616505 IO-0/EL  worker_manager.cpp:131] WorkerManager: Request new FuncWorker for func_id 1 with client_id 102
I1102 18:30:19.616513 IO-0/EL  worker_manager.cpp:131] WorkerManager: Request new FuncWorker for func_id 1 with client_id 103
I1102 18:30:19.616520 IO-0/EL  worker_manager.cpp:131] WorkerManager: Request new FuncWorker for func_id 1 with client_id 104
I1102 18:30:19.616529 IO-0/EL  worker_manager.cpp:131] WorkerManager: Request new FuncWorker for func_id 1 with client_id 105
I1102 18:30:19.616537 IO-0/EL  worker_manager.cpp:131] WorkerManager: Request new FuncWorker for func_id 1 with client_id 106
I1102 18:30:19.616545 IO-0/EL  worker_manager.cpp:131] WorkerManager: Request new FuncWorker for func_id 1 with client_id 107
I1102 18:30:19.616551 IO-0/EL  worker_manager.cpp:131] WorkerManager: Request new FuncWorker for func_id 1 with client_id 108
I1102 18:30:19.616560 IO-0/EL  worker_manager.cpp:131] WorkerManager: Request new FuncWorker for func_id 1 with client_id 109
I1102 18:30:19.616567 IO-0/EL  worker_manager.cpp:131] WorkerManager: Request new FuncWorker for func_id 1 with client_id 110
I1102 18:30:19.616576 IO-0/EL  worker_manager.cpp:131] WorkerManager: Request new FuncWorker for func_id 1 with client_id 111
I1102 18:30:19.616583 IO-0/EL  worker_manager.cpp:131] WorkerManager: Request new FuncWorker for func_id 1 with client_id 112
I1102 18:30:19.616592 IO-0/EL  worker_manager.cpp:131] WorkerManager: Request new FuncWorker for func_id 1 with client_id 113
I1102 18:30:19.616600 IO-0/EL  worker_manager.cpp:131] WorkerManager: Request new FuncWorker for func_id 1 with client_id 114
I1102 18:30:19.616607 IO-0/EL  worker_manager.cpp:131] WorkerManager: Request new FuncWorker for func_id 1 with client_id 115
I1102 18:30:19.616614 IO-0/EL  worker_manager.cpp:131] WorkerManager: Request new FuncWorker for func_id 1 with client_id 116
I1102 18:30:19.616622 IO-0/EL  worker_manager.cpp:131] WorkerManager: Request new FuncWorker for func_id 1 with client_id 117
I1102 18:30:19.616631 IO-0/EL  worker_manager.cpp:131] WorkerManager: Request new FuncWorker for func_id 1 with client_id 118
I1102 18:30:19.616638 IO-0/EL  worker_manager.cpp:131] WorkerManager: Request new FuncWorker for func_id 1 with client_id 119
I1102 18:30:19.616645 IO-0/EL  worker_manager.cpp:131] WorkerManager: Request new FuncWorker for func_id 1 with client_id 120
I1102 18:30:19.616655 IO-0/EL  worker_manager.cpp:131] WorkerManager: Request new FuncWorker for func_id 1 with client_id 121
I1102 18:30:19.616665 IO-0/EL  worker_manager.cpp:131] WorkerManager: Request new FuncWorker for func_id 1 with client_id 122
I1102 18:30:19.616673 IO-0/EL  worker_manager.cpp:131] WorkerManager: Request new FuncWorker for func_id 1 with client_id 123
I1102 18:30:19.616680 IO-0/EL  worker_manager.cpp:131] WorkerManager: Request new FuncWorker for func_id 1 with client_id 124
I1102 18:30:19.616689 IO-0/EL  worker_manager.cpp:131] WorkerManager: Request new FuncWorker for func_id 1 with client_id 125
I1102 18:30:19.616697 IO-0/EL  worker_manager.cpp:131] WorkerManager: Request new FuncWorker for func_id 1 with client_id 126
I1102 18:30:19.616704 IO-0/EL  worker_manager.cpp:131] WorkerManager: Request new FuncWorker for func_id 1 with client_id 127
I1102 18:30:19.616714 IO-0/EL  worker_manager.cpp:131] WorkerManager: Request new FuncWorker for func_id 1 with client_id 128
I1102 18:30:19.616724 IO-0/EL  worker_manager.cpp:131] WorkerManager: Request new FuncWorker for func_id 1 with client_id 129
I1102 18:30:19.616804 IO-0/EL  worker_manager.cpp:131] WorkerManager: Request new FuncWorker for func_id 1 with client_id 130
I1102 18:30:19.616814 IO-0/EL  worker_manager.cpp:131] WorkerManager: Request new FuncWorker for func_id 1 with client_id 131
I1102 18:30:19.616821 IO-0/EL  worker_manager.cpp:131] WorkerManager: Request new FuncWorker for func_id 1 with client_id 132
I1102 18:30:19.616832 IO-0/EL  worker_manager.cpp:131] WorkerManager: Request new FuncWorker for func_id 1 with client_id 133
I1102 18:30:19.616839 IO-0/EL  worker_manager.cpp:131] WorkerManager: Request new FuncWorker for func_id 1 with client_id 134
I1102 18:30:19.616846 IO-0/EL  worker_manager.cpp:131] WorkerManager: Request new FuncWorker for func_id 1 with client_id 135
I1102 18:30:19.616855 IO-0/EL  worker_manager.cpp:131] WorkerManager: Request new FuncWorker for func_id 1 with client_id 136
I1102 18:30:19.616864 IO-0/EL  worker_manager.cpp:131] WorkerManager: Request new FuncWorker for func_id 1 with client_id 137
I1102 18:30:19.616871 IO-0/EL  worker_manager.cpp:131] WorkerManager: Request new FuncWorker for func_id 1 with client_id 138
I1102 18:30:19.616879 IO-0/EL  worker_manager.cpp:131] WorkerManager: Request new FuncWorker for func_id 1 with client_id 139
I1102 18:30:19.616886 IO-0/EL  worker_manager.cpp:131] WorkerManager: Request new FuncWorker for func_id 1 with client_id 140
I1102 18:30:19.616895 IO-0/EL  worker_manager.cpp:131] WorkerManager: Request new FuncWorker for func_id 1 with client_id 141
I1102 18:30:19.616902 IO-0/EL  worker_manager.cpp:131] WorkerManager: Request new FuncWorker for func_id 1 with client_id 142
I1102 18:30:19.616909 IO-0/EL  worker_manager.cpp:131] WorkerManager: Request new FuncWorker for func_id 1 with client_id 143
I1102 18:30:19.616917 IO-0/EL  worker_manager.cpp:131] WorkerManager: Request new FuncWorker for func_id 1 with client_id 144
I1102 18:30:19.616926 IO-0/EL  worker_manager.cpp:131] WorkerManager: Request new FuncWorker for func_id 1 with client_id 145
I1102 18:30:19.616933 IO-0/EL  worker_manager.cpp:131] WorkerManager: Request new FuncWorker for func_id 1 with client_id 146
I1102 18:30:19.616940 IO-0/EL  worker_manager.cpp:131] WorkerManager: Request new FuncWorker for func_id 1 with client_id 147
I1102 18:30:19.616948 IO-0/EL  worker_manager.cpp:131] WorkerManager: Request new FuncWorker for func_id 1 with client_id 148
I1102 18:30:19.616956 IO-0/EL  worker_manager.cpp:131] WorkerManager: Request new FuncWorker for func_id 1 with client_id 149
I1102 18:30:19.616964 IO-0/EL  worker_manager.cpp:131] WorkerManager: Request new FuncWorker for func_id 1 with client_id 150
I1102 18:30:19.616972 IO-0/EL  worker_manager.cpp:131] WorkerManager: Request new FuncWorker for func_id 1 with client_id 151
I1102 18:30:19.616979 IO-0/EL  worker_manager.cpp:131] WorkerManager: Request new FuncWorker for func_id 1 with client_id 152
I1102 18:30:19.616987 IO-0/EL  worker_manager.cpp:131] WorkerManager: Request new FuncWorker for func_id 1 with client_id 153
I1102 18:30:19.616998 IO-0/EL  worker_manager.cpp:131] WorkerManager: Request new FuncWorker for func_id 1 with client_id 154
I1102 18:30:19.617005 IO-0/EL  worker_manager.cpp:131] WorkerManager: Request new FuncWorker for func_id 1 with client_id 155
I1102 18:30:19.617013 IO-0/EL  worker_manager.cpp:131] WorkerManager: Request new FuncWorker for func_id 1 with client_id 156
I1102 18:30:19.617022 IO-0/EL  worker_manager.cpp:131] WorkerManager: Request new FuncWorker for func_id 1 with client_id 157
I1102 18:30:19.617029 IO-0/EL  worker_manager.cpp:131] WorkerManager: Request new FuncWorker for func_id 1 with client_id 158
I1102 18:30:19.617036 IO-0/EL  worker_manager.cpp:131] WorkerManager: Request new FuncWorker for func_id 1 with client_id 159
I1102 18:30:19.617043 IO-0/EL  worker_manager.cpp:131] WorkerManager: Request new FuncWorker for func_id 1 with client_id 160
I1102 18:30:19.617051 IO-0/EL  worker_manager.cpp:131] WorkerManager: Request new FuncWorker for func_id 1 with client_id 161
I1102 18:30:19.617058 IO-0/EL  worker_manager.cpp:131] WorkerManager: Request new FuncWorker for func_id 1 with client_id 162
I1102 18:30:19.617066 IO-0/EL  worker_manager.cpp:131] WorkerManager: Request new FuncWorker for func_id 1 with client_id 163
I1102 18:30:19.617073 IO-0/EL  worker_manager.cpp:131] WorkerManager: Request new FuncWorker for func_id 1 with client_id 164
I1102 18:30:19.617081 IO-0/EL  worker_manager.cpp:131] WorkerManager: Request new FuncWorker for func_id 1 with client_id 165
I1102 18:30:19.617089 IO-0/EL  worker_manager.cpp:131] WorkerManager: Request new FuncWorker for func_id 1 with client_id 166
I1102 18:30:19.617096 IO-0/EL  worker_manager.cpp:131] WorkerManager: Request new FuncWorker for func_id 1 with client_id 167
I1102 18:30:19.617102 IO-0/EL  worker_manager.cpp:131] WorkerManager: Request new FuncWorker for func_id 1 with client_id 168
I1102 18:30:19.617110 IO-0/EL  worker_manager.cpp:131] WorkerManager: Request new FuncWorker for func_id 1 with client_id 169
I1102 18:30:19.617117 IO-0/EL  worker_manager.cpp:131] WorkerManager: Request new FuncWorker for func_id 1 with client_id 170
I1102 18:30:19.617125 IO-0/EL  worker_manager.cpp:131] WorkerManager: Request new FuncWorker for func_id 1 with client_id 171
I1102 18:30:19.617132 IO-0/EL  worker_manager.cpp:131] WorkerManager: Request new FuncWorker for func_id 1 with client_id 172
I1102 18:30:19.617141 IO-0/EL  worker_manager.cpp:131] WorkerManager: Request new FuncWorker for func_id 1 with client_id 173
I1102 18:30:19.617148 IO-0/EL  worker_manager.cpp:131] WorkerManager: Request new FuncWorker for func_id 1 with client_id 174
I1102 18:30:19.617156 IO-0/EL  worker_manager.cpp:131] WorkerManager: Request new FuncWorker for func_id 1 with client_id 175
I1102 18:30:19.617164 IO-0/EL  worker_manager.cpp:131] WorkerManager: Request new FuncWorker for func_id 1 with client_id 176
I1102 18:30:19.617172 IO-0/EL  worker_manager.cpp:131] WorkerManager: Request new FuncWorker for func_id 1 with client_id 177
I1102 18:30:19.617180 IO-0/EL  worker_manager.cpp:131] WorkerManager: Request new FuncWorker for func_id 1 with client_id 178
I1102 18:30:19.617187 IO-0/EL  worker_manager.cpp:131] WorkerManager: Request new FuncWorker for func_id 1 with client_id 179
I1102 18:30:19.617194 IO-0/EL  worker_manager.cpp:131] WorkerManager: Request new FuncWorker for func_id 1 with client_id 180
I1102 18:30:19.617204 IO-0/EL  worker_manager.cpp:131] WorkerManager: Request new FuncWorker for func_id 1 with client_id 181
I1102 18:30:19.617212 IO-0/EL  worker_manager.cpp:131] WorkerManager: Request new FuncWorker for func_id 1 with client_id 182
I1102 18:30:19.617219 IO-0/EL  worker_manager.cpp:131] WorkerManager: Request new FuncWorker for func_id 1 with client_id 183
I1102 18:30:19.617226 IO-0/EL  worker_manager.cpp:131] WorkerManager: Request new FuncWorker for func_id 1 with client_id 184
I1102 18:30:19.617236 IO-0/EL  worker_manager.cpp:131] WorkerManager: Request new FuncWorker for func_id 1 with client_id 185
I1102 18:30:19.617244 IO-0/EL  worker_manager.cpp:131] WorkerManager: Request new FuncWorker for func_id 1 with client_id 186
I1102 18:30:19.617254 IO-0/EL  worker_manager.cpp:131] WorkerManager: Request new FuncWorker for func_id 1 with client_id 187
I1102 18:30:19.617262 IO-0/EL  worker_manager.cpp:131] WorkerManager: Request new FuncWorker for func_id 1 with client_id 188
I1102 18:30:19.617271 IO-0/EL  worker_manager.cpp:131] WorkerManager: Request new FuncWorker for func_id 1 with client_id 189
I1102 18:30:19.617279 IO-0/EL  worker_manager.cpp:131] WorkerManager: Request new FuncWorker for func_id 1 with client_id 190
I1102 18:30:19.617285 IO-0/EL  worker_manager.cpp:131] WorkerManager: Request new FuncWorker for func_id 1 with client_id 191
I1102 18:30:19.617292 IO-0/EL  worker_manager.cpp:131] WorkerManager: Request new FuncWorker for func_id 1 with client_id 192
I1102 18:30:19.617302 IO-0/EL  worker_manager.cpp:131] WorkerManager: Request new FuncWorker for func_id 1 with client_id 193
I1102 18:30:19.617309 IO-0/EL  worker_manager.cpp:131] WorkerManager: Request new FuncWorker for func_id 1 with client_id 194
I1102 18:30:19.617316 IO-0/EL  worker_manager.cpp:131] WorkerManager: Request new FuncWorker for func_id 1 with client_id 195
I1102 18:30:19.617324 IO-0/EL  worker_manager.cpp:131] WorkerManager: Request new FuncWorker for func_id 1 with client_id 196
I1102 18:30:19.617332 IO-0/EL  worker_manager.cpp:131] WorkerManager: Request new FuncWorker for func_id 1 with client_id 197
I1102 18:30:19.617339 IO-0/EL  worker_manager.cpp:131] WorkerManager: Request new FuncWorker for func_id 1 with client_id 198
I1102 18:30:19.617346 IO-0/EL  worker_manager.cpp:131] WorkerManager: Request new FuncWorker for func_id 1 with client_id 199
I1102 18:30:19.617354 IO-0/EL  worker_manager.cpp:131] WorkerManager: Request new FuncWorker for func_id 1 with client_id 200
I1102 18:30:19.617363 IO-0/EL  worker_manager.cpp:131] WorkerManager: Request new FuncWorker for func_id 1 with client_id 201
I1102 18:30:19.617369 IO-0/EL  worker_manager.cpp:131] WorkerManager: Request new FuncWorker for func_id 1 with client_id 202
I1102 18:30:19.617376 IO-0/EL  worker_manager.cpp:131] WorkerManager: Request new FuncWorker for func_id 1 with client_id 203
I1102 18:30:19.617384 IO-0/EL  worker_manager.cpp:131] WorkerManager: Request new FuncWorker for func_id 1 with client_id 204
I1102 18:30:19.617392 IO-0/EL  worker_manager.cpp:131] WorkerManager: Request new FuncWorker for func_id 1 with client_id 205
I1102 18:30:19.617399 IO-0/EL  worker_manager.cpp:131] WorkerManager: Request new FuncWorker for func_id 1 with client_id 206
I1102 18:30:19.617406 IO-0/EL  worker_manager.cpp:131] WorkerManager: Request new FuncWorker for func_id 1 with client_id 207
I1102 18:30:19.617414 IO-0/EL  worker_manager.cpp:131] WorkerManager: Request new FuncWorker for func_id 1 with client_id 208
I1102 18:30:19.617422 IO-0/EL  worker_manager.cpp:131] WorkerManager: Request new FuncWorker for func_id 1 with client_id 209
I1102 18:30:19.617429 IO-0/EL  worker_manager.cpp:131] WorkerManager: Request new FuncWorker for func_id 1 with client_id 210
I1102 18:30:19.617438 IO-0/EL  worker_manager.cpp:131] WorkerManager: Request new FuncWorker for func_id 1 with client_id 211
I1102 18:30:19.617446 IO-0/EL  worker_manager.cpp:131] WorkerManager: Request new FuncWorker for func_id 1 with client_id 212
I1102 18:30:19.617454 IO-0/EL  worker_manager.cpp:131] WorkerManager: Request new FuncWorker for func_id 1 with client_id 213
I1102 18:30:19.617461 IO-0/EL  worker_manager.cpp:131] WorkerManager: Request new FuncWorker for func_id 1 with client_id 214
I1102 18:30:19.617468 IO-0/EL  worker_manager.cpp:131] WorkerManager: Request new FuncWorker for func_id 1 with client_id 215
I1102 18:30:19.617475 IO-0/EL  worker_manager.cpp:131] WorkerManager: Request new FuncWorker for func_id 1 with client_id 216
I1102 18:30:19.617483 IO-0/EL  worker_manager.cpp:131] WorkerManager: Request new FuncWorker for func_id 1 with client_id 217
I1102 18:30:19.617490 IO-0/EL  worker_manager.cpp:131] WorkerManager: Request new FuncWorker for func_id 1 with client_id 218
I1102 18:30:19.617502 IO-0/EL  worker_manager.cpp:131] WorkerManager: Request new FuncWorker for func_id 1 with client_id 219
I1102 18:30:19.617509 IO-0/EL  worker_manager.cpp:131] WorkerManager: Request new FuncWorker for func_id 1 with client_id 220
I1102 18:30:19.617517 IO-0/EL  worker_manager.cpp:131] WorkerManager: Request new FuncWorker for func_id 1 with client_id 221
I1102 18:30:19.617524 IO-0/EL  worker_manager.cpp:131] WorkerManager: Request new FuncWorker for func_id 1 with client_id 222
I1102 18:30:19.617532 IO-0/EL  worker_manager.cpp:131] WorkerManager: Request new FuncWorker for func_id 1 with client_id 223
I1102 18:30:19.617539 IO-0/EL  worker_manager.cpp:131] WorkerManager: Request new FuncWorker for func_id 1 with client_id 224
I1102 18:30:19.617548 IO-0/EL  worker_manager.cpp:131] WorkerManager: Request new FuncWorker for func_id 1 with client_id 225
I1102 18:30:19.617556 IO-0/EL  worker_manager.cpp:131] WorkerManager: Request new FuncWorker for func_id 1 with client_id 226
I1102 18:30:19.617563 IO-0/EL  worker_manager.cpp:131] WorkerManager: Request new FuncWorker for func_id 1 with client_id 227
I1102 18:30:19.617570 IO-0/EL  worker_manager.cpp:131] WorkerManager: Request new FuncWorker for func_id 1 with client_id 228
I1102 18:30:19.617578 IO-0/EL  worker_manager.cpp:131] WorkerManager: Request new FuncWorker for func_id 1 with client_id 229
I1102 18:30:19.617586 IO-0/EL  worker_manager.cpp:131] WorkerManager: Request new FuncWorker for func_id 1 with client_id 230
I1102 18:30:19.617594 IO-0/EL  worker_manager.cpp:131] WorkerManager: Request new FuncWorker for func_id 1 with client_id 231
I1102 18:30:19.617602 IO-0/EL  worker_manager.cpp:131] WorkerManager: Request new FuncWorker for func_id 1 with client_id 232
I1102 18:30:19.617610 IO-0/EL  worker_manager.cpp:131] WorkerManager: Request new FuncWorker for func_id 1 with client_id 233
I1102 18:30:19.617618 IO-0/EL  worker_manager.cpp:131] WorkerManager: Request new FuncWorker for func_id 1 with client_id 234
I1102 18:30:19.617625 IO-0/EL  worker_manager.cpp:131] WorkerManager: Request new FuncWorker for func_id 1 with client_id 235
I1102 18:30:19.617632 IO-0/EL  worker_manager.cpp:131] WorkerManager: Request new FuncWorker for func_id 1 with client_id 236
I1102 18:30:19.617642 IO-0/EL  worker_manager.cpp:131] WorkerManager: Request new FuncWorker for func_id 1 with client_id 237
I1102 18:30:19.617650 IO-0/EL  worker_manager.cpp:131] WorkerManager: Request new FuncWorker for func_id 1 with client_id 238
I1102 18:30:19.617657 IO-0/EL  worker_manager.cpp:131] WorkerManager: Request new FuncWorker for func_id 1 with client_id 239
I1102 18:30:19.617664 IO-0/EL  worker_manager.cpp:131] WorkerManager: Request new FuncWorker for func_id 1 with client_id 240
I1102 18:30:19.617673 IO-0/EL  worker_manager.cpp:131] WorkerManager: Request new FuncWorker for func_id 1 with client_id 241
I1102 18:30:19.617680 IO-0/EL  worker_manager.cpp:131] WorkerManager: Request new FuncWorker for func_id 1 with client_id 242
I1102 18:30:19.617687 IO-0/EL  worker_manager.cpp:131] WorkerManager: Request new FuncWorker for func_id 1 with client_id 243
I1102 18:30:19.617694 IO-0/EL  worker_manager.cpp:131] WorkerManager: Request new FuncWorker for func_id 1 with client_id 244
I1102 18:30:19.617702 IO-0/EL  worker_manager.cpp:131] WorkerManager: Request new FuncWorker for func_id 1 with client_id 245
I1102 18:30:19.617713 IO-0/EL  worker_manager.cpp:131] WorkerManager: Request new FuncWorker for func_id 1 with client_id 246
I1102 18:30:19.617721 IO-0/EL  worker_manager.cpp:131] WorkerManager: Request new FuncWorker for func_id 1 with client_id 247
I1102 18:30:19.617728 IO-0/EL  worker_manager.cpp:131] WorkerManager: Request new FuncWorker for func_id 1 with client_id 248
I1102 18:30:19.617738 IO-0/EL  worker_manager.cpp:131] WorkerManager: Request new FuncWorker for func_id 1 with client_id 249
I1102 18:30:19.617745 IO-0/EL  worker_manager.cpp:131] WorkerManager: Request new FuncWorker for func_id 1 with client_id 250
I1102 18:30:19.617759 IO-0/EL  worker_manager.cpp:131] WorkerManager: Request new FuncWorker for func_id 1 with client_id 251
I1102 18:30:19.617769 IO-0/EL  worker_manager.cpp:131] WorkerManager: Request new FuncWorker for func_id 1 with client_id 252
I1102 18:30:19.617779 IO-0/EL  worker_manager.cpp:131] WorkerManager: Request new FuncWorker for func_id 1 with client_id 253
I1102 18:30:19.617786 IO-0/EL  worker_manager.cpp:131] WorkerManager: Request new FuncWorker for func_id 1 with client_id 254
I1102 18:30:19.617792 IO-0/EL  worker_manager.cpp:131] WorkerManager: Request new FuncWorker for func_id 1 with client_id 255
I1102 18:30:19.617801 IO-0/EL  worker_manager.cpp:131] WorkerManager: Request new FuncWorker for func_id 1 with client_id 256
I1102 18:30:19.617934 IO-0/EL  buffer_pool.h:25] BufferPool[IO-0_Write]: Allocate new buffer, current buffer count is 1
I1102 18:30:19.617961 IO-0/EL  buffer_pool.h:25] BufferPool[IO-0_Write]: Allocate new buffer, current buffer count is 2
I1102 18:30:19.617985 IO-0/EL  buffer_pool.h:25] BufferPool[IO-0_Write]: Allocate new buffer, current buffer count is 3
I1102 18:30:19.618018 IO-0/EL  buffer_pool.h:25] BufferPool[IO-0_Write]: Allocate new buffer, current buffer count is 4
I1102 18:30:19.618047 IO-0/EL  message_connection.cpp:269] LauncherConnection[1]: Handshake done
I1102 18:30:19.620923 Server/E engine.cpp:674] Engine: New message connection
I1102 18:30:19.620985 IO-0/EL  engine.cpp:277] Engine: Receive new handshake message from message connection
I1102 18:30:19.620991 IO-0/EL  worker_manager.cpp:60] WorkerManager: FuncWorker of func_id 1, client_id 1 connected
I1102 18:30:19.621001 IO-0/EL  dispatcher.cpp:47] Dispatcher[1]: min_workers=256
I1102 18:30:19.621004 IO-0/EL  dispatcher.cpp:51] Dispatcher[1]: max_workers=256
I1102 18:30:19.621022 IO-0/EL  message_connection.cpp:269] FuncWorkerConnection[1-1]: Handshake done
I1102 18:30:19.621576 Server/E engine.cpp:674] Engine: New message connection
I1102 18:30:19.621602 IO-0/EL  engine.cpp:277] Engine: Receive new handshake message from message connection
I1102 18:30:19.621606 IO-0/EL  worker_manager.cpp:60] WorkerManager: FuncWorker of func_id 1, client_id 2 connected
I1102 18:30:19.621618 IO-0/EL  message_connection.cpp:269] FuncWorkerConnection[1-2]: Handshake done
I1102 18:30:19.623066 Server/E engine.cpp:674] Engine: New message connection
I1102 18:30:19.623094 IO-0/EL  engine.cpp:277] Engine: Receive new handshake message from message connection
I1102 18:30:19.623098 IO-0/EL  worker_manager.cpp:60] WorkerManager: FuncWorker of func_id 1, client_id 3 connected
I1102 18:30:19.623110 IO-0/EL  message_connection.cpp:269] FuncWorkerConnection[1-3]: Handshake done
I1102 18:30:19.624806 Server/E engine.cpp:674] Engine: New message connection
I1102 18:30:19.624835 IO-0/EL  engine.cpp:277] Engine: Receive new handshake message from message connection
I1102 18:30:19.624840 IO-0/EL  worker_manager.cpp:60] WorkerManager: FuncWorker of func_id 1, client_id 4 connected
I1102 18:30:19.624852 IO-0/EL  message_connection.cpp:269] FuncWorkerConnection[1-4]: Handshake done
I1102 18:30:19.625244 Server/E engine.cpp:674] Engine: New message connection
I1102 18:30:19.625266 IO-0/EL  engine.cpp:277] Engine: Receive new handshake message from message connection
I1102 18:30:19.625270 IO-0/EL  worker_manager.cpp:60] WorkerManager: FuncWorker of func_id 1, client_id 5 connected
I1102 18:30:19.625281 IO-0/EL  message_connection.cpp:269] FuncWorkerConnection[1-5]: Handshake done
I1102 18:30:19.625820 Server/E engine.cpp:674] Engine: New message connection
I1102 18:30:19.625859 IO-0/EL  engine.cpp:277] Engine: Receive new handshake message from message connection
I1102 18:30:19.625863 IO-0/EL  worker_manager.cpp:60] WorkerManager: FuncWorker of func_id 1, client_id 7 connected
I1102 18:30:19.625874 IO-0/EL  message_connection.cpp:269] FuncWorkerConnection[1-7]: Handshake done
I1102 18:30:19.626266 Server/E engine.cpp:674] Engine: New message connection
I1102 18:30:19.626290 IO-0/EL  engine.cpp:277] Engine: Receive new handshake message from message connection
I1102 18:30:19.626294 IO-0/EL  worker_manager.cpp:60] WorkerManager: FuncWorker of func_id 1, client_id 6 connected
I1102 18:30:19.626318 IO-0/EL  message_connection.cpp:269] FuncWorkerConnection[1-6]: Handshake done
I1102 18:30:19.628859 Server/E engine.cpp:674] Engine: New message connection
I1102 18:30:19.628896 IO-0/EL  engine.cpp:277] Engine: Receive new handshake message from message connection
I1102 18:30:19.628900 IO-0/EL  worker_manager.cpp:60] WorkerManager: FuncWorker of func_id 1, client_id 9 connected
I1102 18:30:19.628912 IO-0/EL  message_connection.cpp:269] FuncWorkerConnection[1-9]: Handshake done
I1102 18:30:19.629235 Server/E engine.cpp:674] Engine: New message connection
I1102 18:30:19.629255 Server/E engine.cpp:674] Engine: New message connection
I1102 18:30:19.629262 IO-0/EL  engine.cpp:277] Engine: Receive new handshake message from message connection
I1102 18:30:19.629266 IO-0/EL  worker_manager.cpp:60] WorkerManager: FuncWorker of func_id 1, client_id 8 connected
I1102 18:30:19.629279 IO-0/EL  message_connection.cpp:269] FuncWorkerConnection[1-8]: Handshake done
I1102 18:30:19.629291 IO-0/EL  engine.cpp:277] Engine: Receive new handshake message from message connection
I1102 18:30:19.629294 IO-0/EL  worker_manager.cpp:60] WorkerManager: FuncWorker of func_id 1, client_id 10 connected
I1102 18:30:19.629305 IO-0/EL  message_connection.cpp:269] FuncWorkerConnection[1-10]: Handshake done
I1102 18:30:19.630164 Server/E engine.cpp:674] Engine: New message connection
I1102 18:30:19.630201 IO-0/EL  engine.cpp:277] Engine: Receive new handshake message from message connection
I1102 18:30:19.630205 IO-0/EL  worker_manager.cpp:60] WorkerManager: FuncWorker of func_id 1, client_id 11 connected
I1102 18:30:19.630217 IO-0/EL  message_connection.cpp:269] FuncWorkerConnection[1-11]: Handshake done
I1102 18:30:19.631019 Server/E engine.cpp:674] Engine: New message connection
I1102 18:30:19.631072 IO-0/EL  engine.cpp:277] Engine: Receive new handshake message from message connection
I1102 18:30:19.631076 IO-0/EL  worker_manager.cpp:60] WorkerManager: FuncWorker of func_id 1, client_id 13 connected
I1102 18:30:19.631088 IO-0/EL  message_connection.cpp:269] FuncWorkerConnection[1-13]: Handshake done
I1102 18:30:19.631938 Server/E engine.cpp:674] Engine: New message connection
I1102 18:30:19.631973 IO-0/EL  engine.cpp:277] Engine: Receive new handshake message from message connection
I1102 18:30:19.631976 Server/E engine.cpp:674] Engine: New message connection
I1102 18:30:19.631978 IO-0/EL  worker_manager.cpp:60] WorkerManager: FuncWorker of func_id 1, client_id 12 connected
I1102 18:30:19.631994 IO-0/EL  message_connection.cpp:269] FuncWorkerConnection[1-12]: Handshake done
I1102 18:30:19.632007 IO-0/EL  engine.cpp:277] Engine: Receive new handshake message from message connection
I1102 18:30:19.632010 IO-0/EL  worker_manager.cpp:60] WorkerManager: FuncWorker of func_id 1, client_id 14 connected
I1102 18:30:19.632024 IO-0/EL  message_connection.cpp:269] FuncWorkerConnection[1-14]: Handshake done
I1102 18:30:19.632336 Server/E engine.cpp:674] Engine: New message connection
I1102 18:30:19.632357 IO-0/EL  engine.cpp:277] Engine: Receive new handshake message from message connection
I1102 18:30:19.632361 IO-0/EL  worker_manager.cpp:60] WorkerManager: FuncWorker of func_id 1, client_id 15 connected
I1102 18:30:19.632375 IO-0/EL  message_connection.cpp:269] FuncWorkerConnection[1-15]: Handshake done
I1102 18:30:19.632826 Server/E engine.cpp:674] Engine: New message connection
I1102 18:30:19.632847 IO-0/EL  engine.cpp:277] Engine: Receive new handshake message from message connection
I1102 18:30:19.632851 IO-0/EL  worker_manager.cpp:60] WorkerManager: FuncWorker of func_id 1, client_id 16 connected
I1102 18:30:19.632862 IO-0/EL  message_connection.cpp:269] FuncWorkerConnection[1-16]: Handshake done
I1102 18:30:19.633248 Server/E engine.cpp:674] Engine: New message connection
I1102 18:30:19.633271 IO-0/EL  engine.cpp:277] Engine: Receive new handshake message from message connection
I1102 18:30:19.633275 IO-0/EL  worker_manager.cpp:60] WorkerManager: FuncWorker of func_id 1, client_id 17 connected
I1102 18:30:19.633292 IO-0/EL  message_connection.cpp:269] FuncWorkerConnection[1-17]: Handshake done
I1102 18:30:19.634607 Server/E engine.cpp:674] Engine: New message connection
I1102 18:30:19.634629 IO-0/EL  engine.cpp:277] Engine: Receive new handshake message from message connection
I1102 18:30:19.634633 IO-0/EL  worker_manager.cpp:60] WorkerManager: FuncWorker of func_id 1, client_id 19 connected
I1102 18:30:19.634644 IO-0/EL  message_connection.cpp:269] FuncWorkerConnection[1-19]: Handshake done
I1102 18:30:19.634876 Server/E engine.cpp:674] Engine: New message connection
I1102 18:30:19.634899 IO-0/EL  engine.cpp:277] Engine: Receive new handshake message from message connection
I1102 18:30:19.634903 IO-0/EL  worker_manager.cpp:60] WorkerManager: FuncWorker of func_id 1, client_id 18 connected
I1102 18:30:19.634915 IO-0/EL  message_connection.cpp:269] FuncWorkerConnection[1-18]: Handshake done
I1102 18:30:19.635815 Server/E engine.cpp:674] Engine: New message connection
I1102 18:30:19.635850 IO-0/EL  engine.cpp:277] Engine: Receive new handshake message from message connection
I1102 18:30:19.635854 IO-0/EL  worker_manager.cpp:60] WorkerManager: FuncWorker of func_id 1, client_id 21 connected
I1102 18:30:19.635866 IO-0/EL  message_connection.cpp:269] FuncWorkerConnection[1-21]: Handshake done
I1102 18:30:19.636097 Server/E engine.cpp:674] Engine: New message connection
I1102 18:30:19.636123 IO-0/EL  engine.cpp:277] Engine: Receive new handshake message from message connection
I1102 18:30:19.636127 IO-0/EL  worker_manager.cpp:60] WorkerManager: FuncWorker of func_id 1, client_id 20 connected
I1102 18:30:19.636138 IO-0/EL  message_connection.cpp:269] FuncWorkerConnection[1-20]: Handshake done
I1102 18:30:19.636229 Server/E engine.cpp:674] Engine: New message connection
I1102 18:30:19.636258 IO-0/EL  engine.cpp:277] Engine: Receive new handshake message from message connection
I1102 18:30:19.636262 IO-0/EL  worker_manager.cpp:60] WorkerManager: FuncWorker of func_id 1, client_id 22 connected
I1102 18:30:19.636273 IO-0/EL  message_connection.cpp:269] FuncWorkerConnection[1-22]: Handshake done
I1102 18:30:19.636664 Server/E engine.cpp:674] Engine: New message connection
I1102 18:30:19.636689 IO-0/EL  engine.cpp:277] Engine: Receive new handshake message from message connection
I1102 18:30:19.636693 IO-0/EL  worker_manager.cpp:60] WorkerManager: FuncWorker of func_id 1, client_id 23 connected
I1102 18:30:19.636704 IO-0/EL  message_connection.cpp:269] FuncWorkerConnection[1-23]: Handshake done
I1102 18:30:19.637084 Server/E engine.cpp:674] Engine: New message connection
I1102 18:30:19.637106 IO-0/EL  engine.cpp:277] Engine: Receive new handshake message from message connection
I1102 18:30:19.637110 IO-0/EL  worker_manager.cpp:60] WorkerManager: FuncWorker of func_id 1, client_id 24 connected
I1102 18:30:19.637121 IO-0/EL  message_connection.cpp:269] FuncWorkerConnection[1-24]: Handshake done
I1102 18:30:19.637535 Server/E engine.cpp:674] Engine: New message connection
I1102 18:30:19.637560 IO-0/EL  engine.cpp:277] Engine: Receive new handshake message from message connection
I1102 18:30:19.637564 IO-0/EL  worker_manager.cpp:60] WorkerManager: FuncWorker of func_id 1, client_id 25 connected
I1102 18:30:19.637575 IO-0/EL  message_connection.cpp:269] FuncWorkerConnection[1-25]: Handshake done
I1102 18:30:19.637902 Server/E engine.cpp:674] Engine: New message connection
I1102 18:30:19.637924 IO-0/EL  engine.cpp:277] Engine: Receive new handshake message from message connection
I1102 18:30:19.637928 IO-0/EL  worker_manager.cpp:60] WorkerManager: FuncWorker of func_id 1, client_id 26 connected
I1102 18:30:19.637939 IO-0/EL  message_connection.cpp:269] FuncWorkerConnection[1-26]: Handshake done
I1102 18:30:19.638378 Server/E engine.cpp:674] Engine: New message connection
I1102 18:30:19.638405 IO-0/EL  engine.cpp:277] Engine: Receive new handshake message from message connection
I1102 18:30:19.638409 IO-0/EL  worker_manager.cpp:60] WorkerManager: FuncWorker of func_id 1, client_id 27 connected
I1102 18:30:19.638420 IO-0/EL  message_connection.cpp:269] FuncWorkerConnection[1-27]: Handshake done
I1102 18:30:19.638830 Server/E engine.cpp:674] Engine: New message connection
I1102 18:30:19.638860 IO-0/EL  engine.cpp:277] Engine: Receive new handshake message from message connection
I1102 18:30:19.638865 IO-0/EL  worker_manager.cpp:60] WorkerManager: FuncWorker of func_id 1, client_id 28 connected
I1102 18:30:19.638876 IO-0/EL  message_connection.cpp:269] FuncWorkerConnection[1-28]: Handshake done
I1102 18:30:19.639286 Server/E engine.cpp:674] Engine: New message connection
I1102 18:30:19.639307 IO-0/EL  engine.cpp:277] Engine: Receive new handshake message from message connection
I1102 18:30:19.639311 IO-0/EL  worker_manager.cpp:60] WorkerManager: FuncWorker of func_id 1, client_id 29 connected
I1102 18:30:19.639326 IO-0/EL  message_connection.cpp:269] FuncWorkerConnection[1-29]: Handshake done
I1102 18:30:19.639356 Server/E engine.cpp:674] Engine: New message connection
I1102 18:30:19.639378 IO-0/EL  engine.cpp:277] Engine: Receive new handshake message from message connection
I1102 18:30:19.639382 IO-0/EL  worker_manager.cpp:60] WorkerManager: FuncWorker of func_id 1, client_id 30 connected
I1102 18:30:19.639394 IO-0/EL  message_connection.cpp:269] FuncWorkerConnection[1-30]: Handshake done
I1102 18:30:19.640138 Server/E engine.cpp:674] Engine: New message connection
I1102 18:30:19.640161 IO-0/EL  engine.cpp:277] Engine: Receive new handshake message from message connection
I1102 18:30:19.640165 IO-0/EL  worker_manager.cpp:60] WorkerManager: FuncWorker of func_id 1, client_id 31 connected
I1102 18:30:19.640177 IO-0/EL  message_connection.cpp:269] FuncWorkerConnection[1-31]: Handshake done
I1102 18:30:19.640545 Server/E engine.cpp:674] Engine: New message connection
I1102 18:30:19.640570 IO-0/EL  engine.cpp:277] Engine: Receive new handshake message from message connection
I1102 18:30:19.640574 IO-0/EL  worker_manager.cpp:60] WorkerManager: FuncWorker of func_id 1, client_id 32 connected
I1102 18:30:19.640585 IO-0/EL  message_connection.cpp:269] FuncWorkerConnection[1-32]: Handshake done
I1102 18:30:19.640976 Server/E engine.cpp:674] Engine: New message connection
I1102 18:30:19.640997 IO-0/EL  engine.cpp:277] Engine: Receive new handshake message from message connection
I1102 18:30:19.641001 IO-0/EL  worker_manager.cpp:60] WorkerManager: FuncWorker of func_id 1, client_id 33 connected
I1102 18:30:19.641012 IO-0/EL  message_connection.cpp:269] FuncWorkerConnection[1-33]: Handshake done
I1102 18:30:19.641386 Server/E engine.cpp:674] Engine: New message connection
I1102 18:30:19.641411 IO-0/EL  engine.cpp:277] Engine: Receive new handshake message from message connection
I1102 18:30:19.641414 IO-0/EL  worker_manager.cpp:60] WorkerManager: FuncWorker of func_id 1, client_id 34 connected
I1102 18:30:19.641425 IO-0/EL  message_connection.cpp:269] FuncWorkerConnection[1-34]: Handshake done
I1102 18:30:19.641886 Server/E engine.cpp:674] Engine: New message connection
I1102 18:30:19.641909 IO-0/EL  engine.cpp:277] Engine: Receive new handshake message from message connection
I1102 18:30:19.641913 IO-0/EL  worker_manager.cpp:60] WorkerManager: FuncWorker of func_id 1, client_id 35 connected
I1102 18:30:19.641923 IO-0/EL  message_connection.cpp:269] FuncWorkerConnection[1-35]: Handshake done
I1102 18:30:19.642360 Server/E engine.cpp:674] Engine: New message connection
I1102 18:30:19.642384 IO-0/EL  engine.cpp:277] Engine: Receive new handshake message from message connection
I1102 18:30:19.642389 IO-0/EL  worker_manager.cpp:60] WorkerManager: FuncWorker of func_id 1, client_id 36 connected
I1102 18:30:19.642399 IO-0/EL  message_connection.cpp:269] FuncWorkerConnection[1-36]: Handshake done
I1102 18:30:19.642890 Server/E engine.cpp:674] Engine: New message connection
I1102 18:30:19.642913 IO-0/EL  engine.cpp:277] Engine: Receive new handshake message from message connection
I1102 18:30:19.642917 IO-0/EL  worker_manager.cpp:60] WorkerManager: FuncWorker of func_id 1, client_id 37 connected
I1102 18:30:19.642928 IO-0/EL  message_connection.cpp:269] FuncWorkerConnection[1-37]: Handshake done
I1102 18:30:19.643201 Server/E engine.cpp:674] Engine: New message connection
I1102 18:30:19.643235 IO-0/EL  engine.cpp:277] Engine: Receive new handshake message from message connection
I1102 18:30:19.643239 IO-0/EL  worker_manager.cpp:60] WorkerManager: FuncWorker of func_id 1, client_id 38 connected
I1102 18:30:19.643251 IO-0/EL  message_connection.cpp:269] FuncWorkerConnection[1-38]: Handshake done
I1102 18:30:19.643863 Server/E engine.cpp:674] Engine: New message connection
I1102 18:30:19.643887 IO-0/EL  engine.cpp:277] Engine: Receive new handshake message from message connection
I1102 18:30:19.643891 IO-0/EL  worker_manager.cpp:60] WorkerManager: FuncWorker of func_id 1, client_id 39 connected
I1102 18:30:19.643902 IO-0/EL  message_connection.cpp:269] FuncWorkerConnection[1-39]: Handshake done
I1102 18:30:19.644372 Server/E engine.cpp:674] Engine: New message connection
I1102 18:30:19.644396 IO-0/EL  engine.cpp:277] Engine: Receive new handshake message from message connection
I1102 18:30:19.644400 IO-0/EL  worker_manager.cpp:60] WorkerManager: FuncWorker of func_id 1, client_id 40 connected
I1102 18:30:19.644411 IO-0/EL  message_connection.cpp:269] FuncWorkerConnection[1-40]: Handshake done
I1102 18:30:19.644520 Server/E engine.cpp:674] Engine: New message connection
I1102 18:30:19.644539 IO-0/EL  engine.cpp:277] Engine: Receive new handshake message from message connection
I1102 18:30:19.644542 IO-0/EL  worker_manager.cpp:60] WorkerManager: FuncWorker of func_id 1, client_id 41 connected
I1102 18:30:19.644557 IO-0/EL  message_connection.cpp:269] FuncWorkerConnection[1-41]: Handshake done
I1102 18:30:19.645435 Server/E engine.cpp:674] Engine: New message connection
I1102 18:30:19.645457 IO-0/EL  engine.cpp:277] Engine: Receive new handshake message from message connection
I1102 18:30:19.645461 IO-0/EL  worker_manager.cpp:60] WorkerManager: FuncWorker of func_id 1, client_id 42 connected
I1102 18:30:19.645472 IO-0/EL  message_connection.cpp:269] FuncWorkerConnection[1-42]: Handshake done
I1102 18:30:19.645856 Server/E engine.cpp:674] Engine: New message connection
I1102 18:30:19.645880 IO-0/EL  engine.cpp:277] Engine: Receive new handshake message from message connection
I1102 18:30:19.645884 IO-0/EL  worker_manager.cpp:60] WorkerManager: FuncWorker of func_id 1, client_id 43 connected
I1102 18:30:19.645895 IO-0/EL  message_connection.cpp:269] FuncWorkerConnection[1-43]: Handshake done
I1102 18:30:19.646368 Server/E engine.cpp:674] Engine: New message connection
I1102 18:30:19.646400 IO-0/EL  engine.cpp:277] Engine: Receive new handshake message from message connection
I1102 18:30:19.646404 IO-0/EL  worker_manager.cpp:60] WorkerManager: FuncWorker of func_id 1, client_id 44 connected
I1102 18:30:19.646415 IO-0/EL  message_connection.cpp:269] FuncWorkerConnection[1-44]: Handshake done
I1102 18:30:19.647869 Server/E engine.cpp:674] Engine: New message connection
I1102 18:30:19.647897 IO-0/EL  engine.cpp:277] Engine: Receive new handshake message from message connection
I1102 18:30:19.647902 IO-0/EL  worker_manager.cpp:60] WorkerManager: FuncWorker of func_id 1, client_id 46 connected
I1102 18:30:19.647913 IO-0/EL  message_connection.cpp:269] FuncWorkerConnection[1-46]: Handshake done
I1102 18:30:19.648358 Server/E engine.cpp:674] Engine: New message connection
I1102 18:30:19.648378 IO-0/EL  engine.cpp:277] Engine: Receive new handshake message from message connection
I1102 18:30:19.648382 IO-0/EL  worker_manager.cpp:60] WorkerManager: FuncWorker of func_id 1, client_id 47 connected
I1102 18:30:19.648393 IO-0/EL  message_connection.cpp:269] FuncWorkerConnection[1-47]: Handshake done
I1102 18:30:19.648754 Server/E engine.cpp:674] Engine: New message connection
I1102 18:30:19.648778 IO-0/EL  engine.cpp:277] Engine: Receive new handshake message from message connection
I1102 18:30:19.648782 IO-0/EL  worker_manager.cpp:60] WorkerManager: FuncWorker of func_id 1, client_id 45 connected
I1102 18:30:19.648793 IO-0/EL  message_connection.cpp:269] FuncWorkerConnection[1-45]: Handshake done
I1102 18:30:19.648917 Server/E engine.cpp:674] Engine: New message connection
I1102 18:30:19.648938 IO-0/EL  engine.cpp:277] Engine: Receive new handshake message from message connection
I1102 18:30:19.648942 IO-0/EL  worker_manager.cpp:60] WorkerManager: FuncWorker of func_id 1, client_id 48 connected
I1102 18:30:19.648953 IO-0/EL  message_connection.cpp:269] FuncWorkerConnection[1-48]: Handshake done
I1102 18:30:19.649377 Server/E engine.cpp:674] Engine: New message connection
I1102 18:30:19.649400 IO-0/EL  engine.cpp:277] Engine: Receive new handshake message from message connection
I1102 18:30:19.649404 IO-0/EL  worker_manager.cpp:60] WorkerManager: FuncWorker of func_id 1, client_id 49 connected
I1102 18:30:19.649415 IO-0/EL  message_connection.cpp:269] FuncWorkerConnection[1-49]: Handshake done
I1102 18:30:19.649877 Server/E engine.cpp:674] Engine: New message connection
I1102 18:30:19.649898 IO-0/EL  engine.cpp:277] Engine: Receive new handshake message from message connection
I1102 18:30:19.649902 IO-0/EL  worker_manager.cpp:60] WorkerManager: FuncWorker of func_id 1, client_id 50 connected
I1102 18:30:19.649913 IO-0/EL  message_connection.cpp:269] FuncWorkerConnection[1-50]: Handshake done
I1102 18:30:19.650358 Server/E engine.cpp:674] Engine: New message connection
I1102 18:30:19.650384 IO-0/EL  engine.cpp:277] Engine: Receive new handshake message from message connection
I1102 18:30:19.650388 IO-0/EL  worker_manager.cpp:60] WorkerManager: FuncWorker of func_id 1, client_id 51 connected
I1102 18:30:19.650399 IO-0/EL  message_connection.cpp:269] FuncWorkerConnection[1-51]: Handshake done
I1102 18:30:19.650890 Server/E engine.cpp:674] Engine: New message connection
I1102 18:30:19.650912 IO-0/EL  engine.cpp:277] Engine: Receive new handshake message from message connection
I1102 18:30:19.650916 IO-0/EL  worker_manager.cpp:60] WorkerManager: FuncWorker of func_id 1, client_id 52 connected
I1102 18:30:19.650927 IO-0/EL  message_connection.cpp:269] FuncWorkerConnection[1-52]: Handshake done
I1102 18:30:19.651399 Server/E engine.cpp:674] Engine: New message connection
I1102 18:30:19.651422 IO-0/EL  engine.cpp:277] Engine: Receive new handshake message from message connection
I1102 18:30:19.651426 IO-0/EL  worker_manager.cpp:60] WorkerManager: FuncWorker of func_id 1, client_id 53 connected
I1102 18:30:19.651437 IO-0/EL  message_connection.cpp:269] FuncWorkerConnection[1-53]: Handshake done
I1102 18:30:19.651536 Server/E engine.cpp:674] Engine: New message connection
I1102 18:30:19.651554 IO-0/EL  engine.cpp:277] Engine: Receive new handshake message from message connection
I1102 18:30:19.651558 IO-0/EL  worker_manager.cpp:60] WorkerManager: FuncWorker of func_id 1, client_id 54 connected
I1102 18:30:19.651569 IO-0/EL  message_connection.cpp:269] FuncWorkerConnection[1-54]: Handshake done
I1102 18:30:19.652341 Server/E engine.cpp:674] Engine: New message connection
I1102 18:30:19.652367 IO-0/EL  engine.cpp:277] Engine: Receive new handshake message from message connection
I1102 18:30:19.652371 IO-0/EL  worker_manager.cpp:60] WorkerManager: FuncWorker of func_id 1, client_id 55 connected
I1102 18:30:19.652383 IO-0/EL  message_connection.cpp:269] FuncWorkerConnection[1-55]: Handshake done
I1102 18:30:19.652873 Server/E engine.cpp:674] Engine: New message connection
I1102 18:30:19.652899 IO-0/EL  engine.cpp:277] Engine: Receive new handshake message from message connection
I1102 18:30:19.652903 IO-0/EL  worker_manager.cpp:60] WorkerManager: FuncWorker of func_id 1, client_id 56 connected
I1102 18:30:19.652915 IO-0/EL  message_connection.cpp:269] FuncWorkerConnection[1-56]: Handshake done
I1102 18:30:19.653404 Server/E engine.cpp:674] Engine: New message connection
I1102 18:30:19.653425 IO-0/EL  engine.cpp:277] Engine: Receive new handshake message from message connection
I1102 18:30:19.653429 IO-0/EL  worker_manager.cpp:60] WorkerManager: FuncWorker of func_id 1, client_id 57 connected
I1102 18:30:19.653446 IO-0/EL  message_connection.cpp:269] FuncWorkerConnection[1-57]: Handshake done
I1102 18:30:19.653899 Server/E engine.cpp:674] Engine: New message connection
I1102 18:30:19.653933 IO-0/EL  engine.cpp:277] Engine: Receive new handshake message from message connection
I1102 18:30:19.653937 IO-0/EL  worker_manager.cpp:60] WorkerManager: FuncWorker of func_id 1, client_id 58 connected
I1102 18:30:19.653949 IO-0/EL  message_connection.cpp:269] FuncWorkerConnection[1-58]: Handshake done
I1102 18:30:19.654366 Server/E engine.cpp:674] Engine: New message connection
I1102 18:30:19.654387 IO-0/EL  engine.cpp:277] Engine: Receive new handshake message from message connection
I1102 18:30:19.654391 IO-0/EL  worker_manager.cpp:60] WorkerManager: FuncWorker of func_id 1, client_id 59 connected
I1102 18:30:19.654402 IO-0/EL  message_connection.cpp:269] FuncWorkerConnection[1-59]: Handshake done
I1102 18:30:19.654548 Server/E engine.cpp:674] Engine: New message connection
I1102 18:30:19.654571 IO-0/EL  engine.cpp:277] Engine: Receive new handshake message from message connection
I1102 18:30:19.654576 IO-0/EL  worker_manager.cpp:60] WorkerManager: FuncWorker of func_id 1, client_id 60 connected
I1102 18:30:19.654588 IO-0/EL  message_connection.cpp:269] FuncWorkerConnection[1-60]: Handshake done
I1102 18:30:19.655068 Server/E engine.cpp:674] Engine: New message connection
I1102 18:30:19.655089 IO-0/EL  engine.cpp:277] Engine: Receive new handshake message from message connection
I1102 18:30:19.655093 IO-0/EL  worker_manager.cpp:60] WorkerManager: FuncWorker of func_id 1, client_id 61 connected
I1102 18:30:19.655104 IO-0/EL  message_connection.cpp:269] FuncWorkerConnection[1-61]: Handshake done
I1102 18:30:19.655830 Server/E engine.cpp:674] Engine: New message connection
I1102 18:30:19.655857 IO-0/EL  engine.cpp:277] Engine: Receive new handshake message from message connection
I1102 18:30:19.655861 IO-0/EL  worker_manager.cpp:60] WorkerManager: FuncWorker of func_id 1, client_id 62 connected
I1102 18:30:19.655873 IO-0/EL  message_connection.cpp:269] FuncWorkerConnection[1-62]: Handshake done
I1102 18:30:19.656364 Server/E engine.cpp:674] Engine: New message connection
I1102 18:30:19.656397 IO-0/EL  engine.cpp:277] Engine: Receive new handshake message from message connection
I1102 18:30:19.656401 IO-0/EL  worker_manager.cpp:60] WorkerManager: FuncWorker of func_id 1, client_id 63 connected
I1102 18:30:19.656416 IO-0/EL  message_connection.cpp:269] FuncWorkerConnection[1-63]: Handshake done
I1102 18:30:19.656905 Server/E engine.cpp:674] Engine: New message connection
I1102 18:30:19.656941 IO-0/EL  engine.cpp:277] Engine: Receive new handshake message from message connection
I1102 18:30:19.656945 IO-0/EL  worker_manager.cpp:60] WorkerManager: FuncWorker of func_id 1, client_id 64 connected
I1102 18:30:19.656956 IO-0/EL  message_connection.cpp:269] FuncWorkerConnection[1-64]: Handshake done
I1102 18:30:19.657437 Server/E engine.cpp:674] Engine: New message connection
I1102 18:30:19.657462 IO-0/EL  engine.cpp:277] Engine: Receive new handshake message from message connection
I1102 18:30:19.657466 IO-0/EL  worker_manager.cpp:60] WorkerManager: FuncWorker of func_id 1, client_id 65 connected
I1102 18:30:19.657477 IO-0/EL  message_connection.cpp:269] FuncWorkerConnection[1-65]: Handshake done
I1102 18:30:19.657937 Server/E engine.cpp:674] Engine: New message connection
I1102 18:30:19.657958 IO-0/EL  engine.cpp:277] Engine: Receive new handshake message from message connection
I1102 18:30:19.657962 IO-0/EL  worker_manager.cpp:60] WorkerManager: FuncWorker of func_id 1, client_id 66 connected
I1102 18:30:19.657973 IO-0/EL  message_connection.cpp:269] FuncWorkerConnection[1-66]: Handshake done
I1102 18:30:19.658511 Server/E engine.cpp:674] Engine: New message connection
I1102 18:30:19.658534 IO-0/EL  engine.cpp:277] Engine: Receive new handshake message from message connection
I1102 18:30:19.658538 IO-0/EL  worker_manager.cpp:60] WorkerManager: FuncWorker of func_id 1, client_id 67 connected
I1102 18:30:19.658548 IO-0/EL  message_connection.cpp:269] FuncWorkerConnection[1-67]: Handshake done
I1102 18:30:19.658948 Server/E engine.cpp:674] Engine: New message connection
I1102 18:30:19.658980 IO-0/EL  engine.cpp:277] Engine: Receive new handshake message from message connection
I1102 18:30:19.658984 IO-0/EL  worker_manager.cpp:60] WorkerManager: FuncWorker of func_id 1, client_id 68 connected
I1102 18:30:19.658995 IO-0/EL  message_connection.cpp:269] FuncWorkerConnection[1-68]: Handshake done
I1102 18:30:19.659480 Server/E engine.cpp:674] Engine: New message connection
I1102 18:30:19.659502 IO-0/EL  engine.cpp:277] Engine: Receive new handshake message from message connection
I1102 18:30:19.659506 IO-0/EL  worker_manager.cpp:60] WorkerManager: FuncWorker of func_id 1, client_id 69 connected
I1102 18:30:19.659517 IO-0/EL  message_connection.cpp:269] FuncWorkerConnection[1-69]: Handshake done
I1102 18:30:19.659935 Server/E engine.cpp:674] Engine: New message connection
I1102 18:30:19.659957 IO-0/EL  engine.cpp:277] Engine: Receive new handshake message from message connection
I1102 18:30:19.659961 IO-0/EL  worker_manager.cpp:60] WorkerManager: FuncWorker of func_id 1, client_id 70 connected
I1102 18:30:19.659975 IO-0/EL  message_connection.cpp:269] FuncWorkerConnection[1-70]: Handshake done
I1102 18:30:19.660524 Server/E engine.cpp:674] Engine: New message connection
I1102 18:30:19.660547 IO-0/EL  engine.cpp:277] Engine: Receive new handshake message from message connection
I1102 18:30:19.660550 IO-0/EL  worker_manager.cpp:60] WorkerManager: FuncWorker of func_id 1, client_id 71 connected
I1102 18:30:19.660561 IO-0/EL  message_connection.cpp:269] FuncWorkerConnection[1-71]: Handshake done
I1102 18:30:19.660619 Server/E engine.cpp:674] Engine: New message connection
I1102 18:30:19.660641 IO-0/EL  engine.cpp:277] Engine: Receive new handshake message from message connection
I1102 18:30:19.660647 IO-0/EL  worker_manager.cpp:60] WorkerManager: FuncWorker of func_id 1, client_id 72 connected
I1102 18:30:19.660658 IO-0/EL  message_connection.cpp:269] FuncWorkerConnection[1-72]: Handshake done
I1102 18:30:19.661576 Server/E engine.cpp:674] Engine: New message connection
I1102 18:30:19.661598 IO-0/EL  engine.cpp:277] Engine: Receive new handshake message from message connection
I1102 18:30:19.661602 IO-0/EL  worker_manager.cpp:60] WorkerManager: FuncWorker of func_id 1, client_id 73 connected
I1102 18:30:19.661614 IO-0/EL  message_connection.cpp:269] FuncWorkerConnection[1-73]: Handshake done
I1102 18:30:19.661994 Server/E engine.cpp:674] Engine: New message connection
I1102 18:30:19.662017 IO-0/EL  engine.cpp:277] Engine: Receive new handshake message from message connection
I1102 18:30:19.662021 IO-0/EL  worker_manager.cpp:60] WorkerManager: FuncWorker of func_id 1, client_id 74 connected
I1102 18:30:19.662032 IO-0/EL  message_connection.cpp:269] FuncWorkerConnection[1-74]: Handshake done
I1102 18:30:19.662426 Server/E engine.cpp:674] Engine: New message connection
I1102 18:30:19.662447 IO-0/EL  engine.cpp:277] Engine: Receive new handshake message from message connection
I1102 18:30:19.662451 IO-0/EL  worker_manager.cpp:60] WorkerManager: FuncWorker of func_id 1, client_id 75 connected
I1102 18:30:19.662461 IO-0/EL  message_connection.cpp:269] FuncWorkerConnection[1-75]: Handshake done
I1102 18:30:19.662938 Server/E engine.cpp:674] Engine: New message connection
I1102 18:30:19.662963 IO-0/EL  engine.cpp:277] Engine: Receive new handshake message from message connection
I1102 18:30:19.662967 IO-0/EL  worker_manager.cpp:60] WorkerManager: FuncWorker of func_id 1, client_id 76 connected
I1102 18:30:19.662978 IO-0/EL  message_connection.cpp:269] FuncWorkerConnection[1-76]: Handshake done
I1102 18:30:19.663097 Server/E engine.cpp:674] Engine: New message connection
I1102 18:30:19.663117 IO-0/EL  engine.cpp:277] Engine: Receive new handshake message from message connection
I1102 18:30:19.663121 IO-0/EL  worker_manager.cpp:60] WorkerManager: FuncWorker of func_id 1, client_id 77 connected
I1102 18:30:19.663132 IO-0/EL  message_connection.cpp:269] FuncWorkerConnection[1-77]: Handshake done
I1102 18:30:19.663886 Server/E engine.cpp:674] Engine: New message connection
I1102 18:30:19.663913 IO-0/EL  engine.cpp:277] Engine: Receive new handshake message from message connection
I1102 18:30:19.663931 IO-0/EL  worker_manager.cpp:60] WorkerManager: FuncWorker of func_id 1, client_id 78 connected
I1102 18:30:19.663943 IO-0/EL  message_connection.cpp:269] FuncWorkerConnection[1-78]: Handshake done
I1102 18:30:19.684768 Server/E engine.cpp:674] Engine: New message connection
I1102 18:30:19.684806 Server/E engine.cpp:674] Engine: New message connection
I1102 18:30:19.684814 IO-0/EL  engine.cpp:277] Engine: Receive new handshake message from message connection
I1102 18:30:19.684822 IO-0/EL  worker_manager.cpp:60] WorkerManager: FuncWorker of func_id 1, client_id 79 connected
I1102 18:30:19.684822 Server/E engine.cpp:674] Engine: New message connection
I1102 18:30:19.684836 IO-0/EL  message_connection.cpp:269] FuncWorkerConnection[1-79]: Handshake done
I1102 18:30:19.684840 Server/E engine.cpp:674] Engine: New message connection
I1102 18:30:19.684853 Server/E engine.cpp:674] Engine: New message connection
I1102 18:30:19.684856 IO-0/EL  engine.cpp:277] Engine: Receive new handshake message from message connection
I1102 18:30:19.684860 IO-0/EL  worker_manager.cpp:60] WorkerManager: FuncWorker of func_id 1, client_id 80 connected
I1102 18:30:19.684867 Server/E engine.cpp:674] Engine: New message connection
I1102 18:30:19.684872 IO-0/EL  message_connection.cpp:269] FuncWorkerConnection[1-80]: Handshake done
I1102 18:30:19.684880 Server/E engine.cpp:674] Engine: New message connection
I1102 18:30:19.684885 IO-0/EL  engine.cpp:277] Engine: Receive new handshake message from message connection
I1102 18:30:19.684889 IO-0/EL  worker_manager.cpp:60] WorkerManager: FuncWorker of func_id 1, client_id 81 connected
I1102 18:30:19.684895 Server/E engine.cpp:674] Engine: New message connection
I1102 18:30:19.684900 IO-0/EL  message_connection.cpp:269] FuncWorkerConnection[1-81]: Handshake done
I1102 18:30:19.684909 Server/E engine.cpp:674] Engine: New message connection
I1102 18:30:19.684915 IO-0/EL  engine.cpp:277] Engine: Receive new handshake message from message connection
I1102 18:30:19.684919 IO-0/EL  worker_manager.cpp:60] WorkerManager: FuncWorker of func_id 1, client_id 82 connected
I1102 18:30:19.684924 Server/E engine.cpp:674] Engine: New message connection
I1102 18:30:19.684930 IO-0/EL  message_connection.cpp:269] FuncWorkerConnection[1-82]: Handshake done
I1102 18:30:19.684937 Server/E engine.cpp:674] Engine: New message connection
I1102 18:30:19.684943 IO-0/EL  engine.cpp:277] Engine: Receive new handshake message from message connection
I1102 18:30:19.684947 IO-0/EL  worker_manager.cpp:60] WorkerManager: FuncWorker of func_id 1, client_id 83 connected
I1102 18:30:19.684951 Server/E engine.cpp:674] Engine: New message connection
I1102 18:30:19.684959 IO-0/EL  message_connection.cpp:269] FuncWorkerConnection[1-83]: Handshake done
I1102 18:30:19.684965 Server/E engine.cpp:674] Engine: New message connection
I1102 18:30:19.684974 IO-0/EL  engine.cpp:277] Engine: Receive new handshake message from message connection
I1102 18:30:19.684978 IO-0/EL  worker_manager.cpp:60] WorkerManager: FuncWorker of func_id 1, client_id 84 connected
I1102 18:30:19.684978 Server/E engine.cpp:674] Engine: New message connection
I1102 18:30:19.684989 IO-0/EL  message_connection.cpp:269] FuncWorkerConnection[1-84]: Handshake done
I1102 18:30:19.684993 Server/E engine.cpp:674] Engine: New message connection
I1102 18:30:19.685001 IO-0/EL  engine.cpp:277] Engine: Receive new handshake message from message connection
I1102 18:30:19.685005 IO-0/EL  worker_manager.cpp:60] WorkerManager: FuncWorker of func_id 1, client_id 85 connected
I1102 18:30:19.685005 Server/E engine.cpp:674] Engine: New message connection
I1102 18:30:19.685019 Server/E engine.cpp:674] Engine: New message connection
I1102 18:30:19.685020 IO-0/EL  message_connection.cpp:269] FuncWorkerConnection[1-85]: Handshake done
I1102 18:30:19.685039 Server/E engine.cpp:674] Engine: New message connection
I1102 18:30:19.685045 IO-0/EL  engine.cpp:277] Engine: Receive new handshake message from message connection
I1102 18:30:19.685055 Server/E engine.cpp:674] Engine: New message connection
I1102 18:30:19.685056 IO-0/EL  worker_manager.cpp:60] WorkerManager: FuncWorker of func_id 1, client_id 86 connected
I1102 18:30:19.685069 Server/E engine.cpp:674] Engine: New message connection
I1102 18:30:19.685076 IO-0/EL  message_connection.cpp:269] FuncWorkerConnection[1-86]: Handshake done
I1102 18:30:19.685083 Server/E engine.cpp:674] Engine: New message connection
I1102 18:30:19.685092 IO-0/EL  engine.cpp:277] Engine: Receive new handshake message from message connection
I1102 18:30:19.685095 IO-0/EL  worker_manager.cpp:60] WorkerManager: FuncWorker of func_id 1, client_id 87 connected
I1102 18:30:19.685103 Server/E engine.cpp:674] Engine: New message connection
I1102 18:30:19.685108 IO-0/EL  message_connection.cpp:269] FuncWorkerConnection[1-87]: Handshake done
I1102 18:30:19.685115 Server/E engine.cpp:674] Engine: New message connection
I1102 18:30:19.685119 IO-0/EL  engine.cpp:277] Engine: Receive new handshake message from message connection
I1102 18:30:19.685123 IO-0/EL  worker_manager.cpp:60] WorkerManager: FuncWorker of func_id 1, client_id 88 connected
I1102 18:30:19.685129 Server/E engine.cpp:674] Engine: New message connection
I1102 18:30:19.685135 IO-0/EL  message_connection.cpp:269] FuncWorkerConnection[1-88]: Handshake done
I1102 18:30:19.685143 Server/E engine.cpp:674] Engine: New message connection
I1102 18:30:19.685149 IO-0/EL  engine.cpp:277] Engine: Receive new handshake message from message connection
I1102 18:30:19.685153 IO-0/EL  worker_manager.cpp:60] WorkerManager: FuncWorker of func_id 1, client_id 89 connected
I1102 18:30:19.685156 Server/E engine.cpp:674] Engine: New message connection
I1102 18:30:19.685164 IO-0/EL  message_connection.cpp:269] FuncWorkerConnection[1-89]: Handshake done
I1102 18:30:19.685169 Server/E engine.cpp:674] Engine: New message connection
I1102 18:30:19.685175 IO-0/EL  engine.cpp:277] Engine: Receive new handshake message from message connection
I1102 18:30:19.685179 IO-0/EL  worker_manager.cpp:60] WorkerManager: FuncWorker of func_id 1, client_id 90 connected
I1102 18:30:19.685184 Server/E engine.cpp:674] Engine: New message connection
I1102 18:30:19.685190 IO-0/EL  message_connection.cpp:269] FuncWorkerConnection[1-90]: Handshake done
I1102 18:30:19.685197 Server/E engine.cpp:674] Engine: New message connection
I1102 18:30:19.685204 IO-0/EL  engine.cpp:277] Engine: Receive new handshake message from message connection
I1102 18:30:19.685208 IO-0/EL  worker_manager.cpp:60] WorkerManager: FuncWorker of func_id 1, client_id 91 connected
I1102 18:30:19.685212 Server/E engine.cpp:674] Engine: New message connection
I1102 18:30:19.685219 IO-0/EL  message_connection.cpp:269] FuncWorkerConnection[1-91]: Handshake done
I1102 18:30:19.685226 Server/E engine.cpp:674] Engine: New message connection
I1102 18:30:19.685230 IO-0/EL  engine.cpp:277] Engine: Receive new handshake message from message connection
I1102 18:30:19.685234 IO-0/EL  worker_manager.cpp:60] WorkerManager: FuncWorker of func_id 1, client_id 92 connected
I1102 18:30:19.685241 Server/E engine.cpp:674] Engine: New message connection
I1102 18:30:19.685245 IO-0/EL  message_connection.cpp:269] FuncWorkerConnection[1-92]: Handshake done
I1102 18:30:19.685253 Server/E engine.cpp:674] Engine: New message connection
I1102 18:30:19.685259 IO-0/EL  engine.cpp:277] Engine: Receive new handshake message from message connection
I1102 18:30:19.685263 IO-0/EL  worker_manager.cpp:60] WorkerManager: FuncWorker of func_id 1, client_id 93 connected
I1102 18:30:19.685266 Server/E engine.cpp:674] Engine: New message connection
I1102 18:30:19.685274 IO-0/EL  message_connection.cpp:269] FuncWorkerConnection[1-93]: Handshake done
I1102 18:30:19.685284 Server/E engine.cpp:674] Engine: New message connection
I1102 18:30:19.685286 IO-0/EL  engine.cpp:277] Engine: Receive new handshake message from message connection
I1102 18:30:19.685296 IO-0/EL  worker_manager.cpp:60] WorkerManager: FuncWorker of func_id 1, client_id 94 connected
I1102 18:30:19.685301 Server/E engine.cpp:674] Engine: New message connection
I1102 18:30:19.685313 IO-0/EL  message_connection.cpp:269] FuncWorkerConnection[1-94]: Handshake done
I1102 18:30:19.685315 Server/E engine.cpp:674] Engine: New message connection
I1102 18:30:19.685329 IO-0/EL  engine.cpp:277] Engine: Receive new handshake message from message connection
I1102 18:30:19.685338 IO-0/EL  worker_manager.cpp:60] WorkerManager: FuncWorker of func_id 1, client_id 95 connected
I1102 18:30:19.685329 Server/E engine.cpp:674] Engine: New message connection
I1102 18:30:19.685350 IO-0/EL  message_connection.cpp:269] FuncWorkerConnection[1-95]: Handshake done
I1102 18:30:19.685356 Server/E engine.cpp:674] Engine: New message connection
I1102 18:30:19.685361 IO-0/EL  engine.cpp:277] Engine: Receive new handshake message from message connection
I1102 18:30:19.685365 IO-0/EL  worker_manager.cpp:60] WorkerManager: FuncWorker of func_id 1, client_id 96 connected
I1102 18:30:19.685369 Server/E engine.cpp:674] Engine: New message connection
I1102 18:30:19.685377 IO-0/EL  message_connection.cpp:269] FuncWorkerConnection[1-96]: Handshake done
I1102 18:30:19.685392 IO-0/EL  engine.cpp:277] Engine: Receive new handshake message from message connection
I1102 18:30:19.685397 IO-0/EL  worker_manager.cpp:60] WorkerManager: FuncWorker of func_id 1, client_id 97 connected
I1102 18:30:19.685409 IO-0/EL  message_connection.cpp:269] FuncWorkerConnection[1-97]: Handshake done
I1102 18:30:19.685419 IO-0/EL  engine.cpp:277] Engine: Receive new handshake message from message connection
I1102 18:30:19.685422 IO-0/EL  worker_manager.cpp:60] WorkerManager: FuncWorker of func_id 1, client_id 98 connected
I1102 18:30:19.685434 IO-0/EL  message_connection.cpp:269] FuncWorkerConnection[1-98]: Handshake done
I1102 18:30:19.685447 IO-0/EL  engine.cpp:277] Engine: Receive new handshake message from message connection
I1102 18:30:19.685450 IO-0/EL  worker_manager.cpp:60] WorkerManager: FuncWorker of func_id 1, client_id 99 connected
I1102 18:30:19.685462 IO-0/EL  message_connection.cpp:269] FuncWorkerConnection[1-99]: Handshake done
I1102 18:30:19.685472 IO-0/EL  engine.cpp:277] Engine: Receive new handshake message from message connection
I1102 18:30:19.685475 IO-0/EL  worker_manager.cpp:60] WorkerManager: FuncWorker of func_id 1, client_id 100 connected
I1102 18:30:19.685489 IO-0/EL  message_connection.cpp:269] FuncWorkerConnection[1-100]: Handshake done
I1102 18:30:19.685500 IO-0/EL  engine.cpp:277] Engine: Receive new handshake message from message connection
I1102 18:30:19.685503 IO-0/EL  worker_manager.cpp:60] WorkerManager: FuncWorker of func_id 1, client_id 101 connected
I1102 18:30:19.685514 IO-0/EL  message_connection.cpp:269] FuncWorkerConnection[1-101]: Handshake done
I1102 18:30:19.685527 IO-0/EL  engine.cpp:277] Engine: Receive new handshake message from message connection
I1102 18:30:19.685530 IO-0/EL  worker_manager.cpp:60] WorkerManager: FuncWorker of func_id 1, client_id 102 connected
I1102 18:30:19.685542 IO-0/EL  message_connection.cpp:269] FuncWorkerConnection[1-102]: Handshake done
I1102 18:30:19.685553 IO-0/EL  engine.cpp:277] Engine: Receive new handshake message from message connection
I1102 18:30:19.685556 IO-0/EL  worker_manager.cpp:60] WorkerManager: FuncWorker of func_id 1, client_id 103 connected
I1102 18:30:19.685569 IO-0/EL  message_connection.cpp:269] FuncWorkerConnection[1-103]: Handshake done
I1102 18:30:19.685583 IO-0/EL  engine.cpp:277] Engine: Receive new handshake message from message connection
I1102 18:30:19.685587 IO-0/EL  worker_manager.cpp:60] WorkerManager: FuncWorker of func_id 1, client_id 104 connected
I1102 18:30:19.685598 IO-0/EL  message_connection.cpp:269] FuncWorkerConnection[1-104]: Handshake done
I1102 18:30:19.685609 IO-0/EL  engine.cpp:277] Engine: Receive new handshake message from message connection
I1102 18:30:19.685612 IO-0/EL  worker_manager.cpp:60] WorkerManager: FuncWorker of func_id 1, client_id 105 connected
I1102 18:30:19.685623 IO-0/EL  message_connection.cpp:269] FuncWorkerConnection[1-105]: Handshake done
I1102 18:30:19.685632 Server/E engine.cpp:674] Engine: New message connection
I1102 18:30:19.685641 IO-0/EL  engine.cpp:277] Engine: Receive new handshake message from message connection
I1102 18:30:19.685645 IO-0/EL  worker_manager.cpp:60] WorkerManager: FuncWorker of func_id 1, client_id 106 connected
I1102 18:30:19.685657 IO-0/EL  message_connection.cpp:269] FuncWorkerConnection[1-106]: Handshake done
I1102 18:30:19.685667 IO-0/EL  engine.cpp:277] Engine: Receive new handshake message from message connection
I1102 18:30:19.685670 IO-0/EL  worker_manager.cpp:60] WorkerManager: FuncWorker of func_id 1, client_id 108 connected
I1102 18:30:19.685680 IO-0/EL  message_connection.cpp:269] FuncWorkerConnection[1-108]: Handshake done
I1102 18:30:19.685693 IO-0/EL  engine.cpp:277] Engine: Receive new handshake message from message connection
I1102 18:30:19.685696 IO-0/EL  worker_manager.cpp:60] WorkerManager: FuncWorker of func_id 1, client_id 109 connected
I1102 18:30:19.685707 IO-0/EL  message_connection.cpp:269] FuncWorkerConnection[1-109]: Handshake done
I1102 18:30:19.685725 IO-0/EL  engine.cpp:277] Engine: Receive new handshake message from message connection
I1102 18:30:19.685728 IO-0/EL  worker_manager.cpp:60] WorkerManager: FuncWorker of func_id 1, client_id 107 connected
I1102 18:30:19.685739 IO-0/EL  message_connection.cpp:269] FuncWorkerConnection[1-107]: Handshake done
I1102 18:30:19.685751 IO-0/EL  engine.cpp:277] Engine: Receive new handshake message from message connection
I1102 18:30:19.685755 IO-0/EL  worker_manager.cpp:60] WorkerManager: FuncWorker of func_id 1, client_id 110 connected
I1102 18:30:19.685766 IO-0/EL  message_connection.cpp:269] FuncWorkerConnection[1-110]: Handshake done
I1102 18:30:19.685781 IO-0/EL  engine.cpp:277] Engine: Receive new handshake message from message connection
I1102 18:30:19.685785 IO-0/EL  worker_manager.cpp:60] WorkerManager: FuncWorker of func_id 1, client_id 111 connected
I1102 18:30:19.685796 IO-0/EL  message_connection.cpp:269] FuncWorkerConnection[1-111]: Handshake done
I1102 18:30:19.685809 IO-0/EL  engine.cpp:277] Engine: Receive new handshake message from message connection
I1102 18:30:19.685812 IO-0/EL  worker_manager.cpp:60] WorkerManager: FuncWorker of func_id 1, client_id 112 connected
I1102 18:30:19.685823 IO-0/EL  message_connection.cpp:269] FuncWorkerConnection[1-112]: Handshake done
I1102 18:30:19.685834 IO-0/EL  engine.cpp:277] Engine: Receive new handshake message from message connection
I1102 18:30:19.685837 IO-0/EL  worker_manager.cpp:60] WorkerManager: FuncWorker of func_id 1, client_id 113 connected
I1102 18:30:19.685856 IO-0/EL  message_connection.cpp:269] FuncWorkerConnection[1-113]: Handshake done
I1102 18:30:19.685867 IO-0/EL  engine.cpp:277] Engine: Receive new handshake message from message connection
I1102 18:30:19.685870 IO-0/EL  worker_manager.cpp:60] WorkerManager: FuncWorker of func_id 1, client_id 114 connected
I1102 18:30:19.685881 IO-0/EL  message_connection.cpp:269] FuncWorkerConnection[1-114]: Handshake done
I1102 18:30:19.685890 IO-0/EL  engine.cpp:277] Engine: Receive new handshake message from message connection
I1102 18:30:19.685894 IO-0/EL  worker_manager.cpp:60] WorkerManager: FuncWorker of func_id 1, client_id 115 connected
I1102 18:30:19.685905 IO-0/EL  message_connection.cpp:269] FuncWorkerConnection[1-115]: Handshake done
I1102 18:30:19.685915 IO-0/EL  engine.cpp:277] Engine: Receive new handshake message from message connection
I1102 18:30:19.685919 IO-0/EL  worker_manager.cpp:60] WorkerManager: FuncWorker of func_id 1, client_id 116 connected
I1102 18:30:19.685930 IO-0/EL  message_connection.cpp:269] FuncWorkerConnection[1-116]: Handshake done
I1102 18:30:19.685942 IO-0/EL  engine.cpp:277] Engine: Receive new handshake message from message connection
I1102 18:30:19.685946 IO-0/EL  worker_manager.cpp:60] WorkerManager: FuncWorker of func_id 1, client_id 117 connected
I1102 18:30:19.685957 IO-0/EL  message_connection.cpp:269] FuncWorkerConnection[1-117]: Handshake done
I1102 18:30:19.685967 IO-0/EL  engine.cpp:277] Engine: Receive new handshake message from message connection
I1102 18:30:19.685976 IO-0/EL  worker_manager.cpp:60] WorkerManager: FuncWorker of func_id 1, client_id 118 connected
I1102 18:30:19.685990 IO-0/EL  message_connection.cpp:269] FuncWorkerConnection[1-118]: Handshake done
I1102 18:30:19.685998 IO-0/EL  engine.cpp:277] Engine: Receive new handshake message from message connection
I1102 18:30:19.686001 IO-0/EL  worker_manager.cpp:60] WorkerManager: FuncWorker of func_id 1, client_id 119 connected
I1102 18:30:19.686014 IO-0/EL  message_connection.cpp:269] FuncWorkerConnection[1-119]: Handshake done
I1102 18:30:19.702920 Server/E engine.cpp:674] Engine: New message connection
I1102 18:30:19.702941 Server/E engine.cpp:674] Engine: New message connection
I1102 18:30:19.702947 IO-0/EL  engine.cpp:277] Engine: Receive new handshake message from message connection
I1102 18:30:19.702952 IO-0/EL  worker_manager.cpp:60] WorkerManager: FuncWorker of func_id 1, client_id 120 connected
I1102 18:30:19.702967 IO-0/EL  message_connection.cpp:269] FuncWorkerConnection[1-120]: Handshake done
I1102 18:30:19.702979 IO-0/EL  engine.cpp:277] Engine: Receive new handshake message from message connection
I1102 18:30:19.702983 IO-0/EL  worker_manager.cpp:60] WorkerManager: FuncWorker of func_id 1, client_id 121 connected
I1102 18:30:19.702995 IO-0/EL  message_connection.cpp:269] FuncWorkerConnection[1-121]: Handshake done
I1102 18:30:19.704034 Server/E engine.cpp:674] Engine: New message connection
I1102 18:30:19.704056 IO-0/EL  engine.cpp:277] Engine: Receive new handshake message from message connection
I1102 18:30:19.704061 IO-0/EL  worker_manager.cpp:60] WorkerManager: FuncWorker of func_id 1, client_id 123 connected
I1102 18:30:19.704075 IO-0/EL  message_connection.cpp:269] FuncWorkerConnection[1-123]: Handshake done
I1102 18:30:19.704271 Server/E engine.cpp:674] Engine: New message connection
I1102 18:30:19.704293 IO-0/EL  engine.cpp:277] Engine: Receive new handshake message from message connection
I1102 18:30:19.704297 IO-0/EL  worker_manager.cpp:60] WorkerManager: FuncWorker of func_id 1, client_id 122 connected
I1102 18:30:19.704308 IO-0/EL  message_connection.cpp:269] FuncWorkerConnection[1-122]: Handshake done
I1102 18:30:19.705128 Server/E engine.cpp:674] Engine: New message connection
I1102 18:30:19.705164 IO-0/EL  engine.cpp:277] Engine: Receive new handshake message from message connection
I1102 18:30:19.705168 IO-0/EL  worker_manager.cpp:60] WorkerManager: FuncWorker of func_id 1, client_id 125 connected
I1102 18:30:19.705180 IO-0/EL  message_connection.cpp:269] FuncWorkerConnection[1-125]: Handshake done
I1102 18:30:19.705198 Server/E engine.cpp:674] Engine: New message connection
I1102 18:30:19.705220 IO-0/EL  engine.cpp:277] Engine: Receive new handshake message from message connection
I1102 18:30:19.705224 IO-0/EL  worker_manager.cpp:60] WorkerManager: FuncWorker of func_id 1, client_id 124 connected
I1102 18:30:19.705235 IO-0/EL  message_connection.cpp:269] FuncWorkerConnection[1-124]: Handshake done
I1102 18:30:19.705582 Server/E engine.cpp:674] Engine: New message connection
I1102 18:30:19.705605 IO-0/EL  engine.cpp:277] Engine: Receive new handshake message from message connection
I1102 18:30:19.705609 IO-0/EL  worker_manager.cpp:60] WorkerManager: FuncWorker of func_id 1, client_id 126 connected
I1102 18:30:19.705620 IO-0/EL  message_connection.cpp:269] FuncWorkerConnection[1-126]: Handshake done
I1102 18:30:19.705748 Server/E engine.cpp:674] Engine: New message connection
I1102 18:30:19.705769 IO-0/EL  engine.cpp:277] Engine: Receive new handshake message from message connection
I1102 18:30:19.705773 IO-0/EL  worker_manager.cpp:60] WorkerManager: FuncWorker of func_id 1, client_id 127 connected
I1102 18:30:19.705787 IO-0/EL  message_connection.cpp:269] FuncWorkerConnection[1-127]: Handshake done
I1102 18:30:19.706485 Server/E engine.cpp:674] Engine: New message connection
I1102 18:30:19.706505 IO-0/EL  engine.cpp:277] Engine: Receive new handshake message from message connection
I1102 18:30:19.706509 IO-0/EL  worker_manager.cpp:60] WorkerManager: FuncWorker of func_id 1, client_id 128 connected
I1102 18:30:19.706526 IO-0/EL  message_connection.cpp:269] FuncWorkerConnection[1-128]: Handshake done
I1102 18:30:19.707081 Server/E engine.cpp:674] Engine: New message connection
I1102 18:30:19.707120 IO-0/EL  engine.cpp:277] Engine: Receive new handshake message from message connection
I1102 18:30:19.707125 IO-0/EL  worker_manager.cpp:60] WorkerManager: FuncWorker of func_id 1, client_id 129 connected
I1102 18:30:19.707136 IO-0/EL  message_connection.cpp:269] FuncWorkerConnection[1-129]: Handshake done
I1102 18:30:19.707535 Server/E engine.cpp:674] Engine: New message connection
I1102 18:30:19.707562 IO-0/EL  engine.cpp:277] Engine: Receive new handshake message from message connection
I1102 18:30:19.707566 IO-0/EL  worker_manager.cpp:60] WorkerManager: FuncWorker of func_id 1, client_id 130 connected
I1102 18:30:19.707577 IO-0/EL  message_connection.cpp:269] FuncWorkerConnection[1-130]: Handshake done
I1102 18:30:19.708058 Server/E engine.cpp:674] Engine: New message connection
I1102 18:30:19.708090 IO-0/EL  engine.cpp:277] Engine: Receive new handshake message from message connection
I1102 18:30:19.708094 IO-0/EL  worker_manager.cpp:60] WorkerManager: FuncWorker of func_id 1, client_id 131 connected
I1102 18:30:19.708105 IO-0/EL  message_connection.cpp:269] FuncWorkerConnection[1-131]: Handshake done
I1102 18:30:19.708981 Server/E engine.cpp:674] Engine: New message connection
I1102 18:30:19.709008 IO-0/EL  engine.cpp:277] Engine: Receive new handshake message from message connection
I1102 18:30:19.709012 IO-0/EL  worker_manager.cpp:60] WorkerManager: FuncWorker of func_id 1, client_id 132 connected
I1102 18:30:19.709024 IO-0/EL  message_connection.cpp:269] FuncWorkerConnection[1-132]: Handshake done
I1102 18:30:19.709283 Server/E engine.cpp:674] Engine: New message connection
I1102 18:30:19.709312 IO-0/EL  engine.cpp:277] Engine: Receive new handshake message from message connection
I1102 18:30:19.709316 IO-0/EL  worker_manager.cpp:60] WorkerManager: FuncWorker of func_id 1, client_id 133 connected
I1102 18:30:19.709327 IO-0/EL  message_connection.cpp:269] FuncWorkerConnection[1-133]: Handshake done
I1102 18:30:19.709734 Server/E engine.cpp:674] Engine: New message connection
I1102 18:30:19.709761 IO-0/EL  engine.cpp:277] Engine: Receive new handshake message from message connection
I1102 18:30:19.709765 IO-0/EL  worker_manager.cpp:60] WorkerManager: FuncWorker of func_id 1, client_id 134 connected
I1102 18:30:19.709776 IO-0/EL  message_connection.cpp:269] FuncWorkerConnection[1-134]: Handshake done
I1102 18:30:19.710203 Server/E engine.cpp:674] Engine: New message connection
I1102 18:30:19.710231 IO-0/EL  engine.cpp:277] Engine: Receive new handshake message from message connection
I1102 18:30:19.710235 IO-0/EL  worker_manager.cpp:60] WorkerManager: FuncWorker of func_id 1, client_id 135 connected
I1102 18:30:19.710248 IO-0/EL  message_connection.cpp:269] FuncWorkerConnection[1-135]: Handshake done
I1102 18:30:19.710642 Server/E engine.cpp:674] Engine: New message connection
I1102 18:30:19.710668 IO-0/EL  engine.cpp:277] Engine: Receive new handshake message from message connection
I1102 18:30:19.710672 IO-0/EL  worker_manager.cpp:60] WorkerManager: FuncWorker of func_id 1, client_id 136 connected
I1102 18:30:19.710683 IO-0/EL  message_connection.cpp:269] FuncWorkerConnection[1-136]: Handshake done
I1102 18:30:19.711121 Server/E engine.cpp:674] Engine: New message connection
I1102 18:30:19.711150 IO-0/EL  engine.cpp:277] Engine: Receive new handshake message from message connection
I1102 18:30:19.711154 IO-0/EL  worker_manager.cpp:60] WorkerManager: FuncWorker of func_id 1, client_id 137 connected
I1102 18:30:19.711165 IO-0/EL  message_connection.cpp:269] FuncWorkerConnection[1-137]: Handshake done
I1102 18:30:19.711562 Server/E engine.cpp:674] Engine: New message connection
I1102 18:30:19.711589 IO-0/EL  engine.cpp:277] Engine: Receive new handshake message from message connection
I1102 18:30:19.711593 IO-0/EL  worker_manager.cpp:60] WorkerManager: FuncWorker of func_id 1, client_id 138 connected
I1102 18:30:19.711612 IO-0/EL  message_connection.cpp:269] FuncWorkerConnection[1-138]: Handshake done
I1102 18:30:19.711682 Server/E engine.cpp:674] Engine: New message connection
I1102 18:30:19.711703 IO-0/EL  engine.cpp:277] Engine: Receive new handshake message from message connection
I1102 18:30:19.711707 IO-0/EL  worker_manager.cpp:60] WorkerManager: FuncWorker of func_id 1, client_id 139 connected
I1102 18:30:19.711721 IO-0/EL  message_connection.cpp:269] FuncWorkerConnection[1-139]: Handshake done
I1102 18:30:19.712437 Server/E engine.cpp:674] Engine: New message connection
I1102 18:30:19.712463 IO-0/EL  engine.cpp:277] Engine: Receive new handshake message from message connection
I1102 18:30:19.712467 IO-0/EL  worker_manager.cpp:60] WorkerManager: FuncWorker of func_id 1, client_id 140 connected
I1102 18:30:19.712482 IO-0/EL  message_connection.cpp:269] FuncWorkerConnection[1-140]: Handshake done
I1102 18:30:19.712920 Server/E engine.cpp:674] Engine: New message connection
I1102 18:30:19.712947 IO-0/EL  engine.cpp:277] Engine: Receive new handshake message from message connection
I1102 18:30:19.712951 IO-0/EL  worker_manager.cpp:60] WorkerManager: FuncWorker of func_id 1, client_id 141 connected
I1102 18:30:19.712962 IO-0/EL  message_connection.cpp:269] FuncWorkerConnection[1-141]: Handshake done
I1102 18:30:19.713356 Server/E engine.cpp:674] Engine: New message connection
I1102 18:30:19.713384 IO-0/EL  engine.cpp:277] Engine: Receive new handshake message from message connection
I1102 18:30:19.713388 IO-0/EL  worker_manager.cpp:60] WorkerManager: FuncWorker of func_id 1, client_id 142 connected
I1102 18:30:19.713399 IO-0/EL  message_connection.cpp:269] FuncWorkerConnection[1-142]: Handshake done
I1102 18:30:19.713858 Server/E engine.cpp:674] Engine: New message connection
I1102 18:30:19.713885 IO-0/EL  engine.cpp:277] Engine: Receive new handshake message from message connection
I1102 18:30:19.713889 IO-0/EL  worker_manager.cpp:60] WorkerManager: FuncWorker of func_id 1, client_id 143 connected
I1102 18:30:19.713900 IO-0/EL  message_connection.cpp:269] FuncWorkerConnection[1-143]: Handshake done
I1102 18:30:19.713977 Server/E engine.cpp:674] Engine: New message connection
I1102 18:30:19.714000 IO-0/EL  engine.cpp:277] Engine: Receive new handshake message from message connection
I1102 18:30:19.714004 IO-0/EL  worker_manager.cpp:60] WorkerManager: FuncWorker of func_id 1, client_id 144 connected
I1102 18:30:19.714015 IO-0/EL  message_connection.cpp:269] FuncWorkerConnection[1-144]: Handshake done
I1102 18:30:19.714808 Server/E engine.cpp:674] Engine: New message connection
I1102 18:30:19.714837 IO-0/EL  engine.cpp:277] Engine: Receive new handshake message from message connection
I1102 18:30:19.714841 IO-0/EL  worker_manager.cpp:60] WorkerManager: FuncWorker of func_id 1, client_id 145 connected
I1102 18:30:19.714854 IO-0/EL  message_connection.cpp:269] FuncWorkerConnection[1-145]: Handshake done
I1102 18:30:19.715221 Server/E engine.cpp:674] Engine: New message connection
I1102 18:30:19.715256 IO-0/EL  engine.cpp:277] Engine: Receive new handshake message from message connection
I1102 18:30:19.715260 IO-0/EL  worker_manager.cpp:60] WorkerManager: FuncWorker of func_id 1, client_id 146 connected
I1102 18:30:19.715271 IO-0/EL  message_connection.cpp:269] FuncWorkerConnection[1-146]: Handshake done
I1102 18:30:19.715652 Server/E engine.cpp:674] Engine: New message connection
I1102 18:30:19.715672 IO-0/EL  engine.cpp:277] Engine: Receive new handshake message from message connection
I1102 18:30:19.715676 IO-0/EL  worker_manager.cpp:60] WorkerManager: FuncWorker of func_id 1, client_id 147 connected
I1102 18:30:19.715687 IO-0/EL  message_connection.cpp:269] FuncWorkerConnection[1-147]: Handshake done
I1102 18:30:19.716145 Server/E engine.cpp:674] Engine: New message connection
I1102 18:30:19.716186 IO-0/EL  engine.cpp:277] Engine: Receive new handshake message from message connection
I1102 18:30:19.716190 IO-0/EL  worker_manager.cpp:60] WorkerManager: FuncWorker of func_id 1, client_id 148 connected
I1102 18:30:19.716206 IO-0/EL  message_connection.cpp:269] FuncWorkerConnection[1-148]: Handshake done
I1102 18:30:19.716576 Server/E engine.cpp:674] Engine: New message connection
I1102 18:30:19.716599 IO-0/EL  engine.cpp:277] Engine: Receive new handshake message from message connection
I1102 18:30:19.716603 IO-0/EL  worker_manager.cpp:60] WorkerManager: FuncWorker of func_id 1, client_id 149 connected
I1102 18:30:19.716613 IO-0/EL  message_connection.cpp:269] FuncWorkerConnection[1-149]: Handshake done
I1102 18:30:19.717725 Server/E engine.cpp:674] Engine: New message connection
I1102 18:30:19.717762 IO-0/EL  engine.cpp:277] Engine: Receive new handshake message from message connection
I1102 18:30:19.717767 IO-0/EL  worker_manager.cpp:60] WorkerManager: FuncWorker of func_id 1, client_id 151 connected
I1102 18:30:19.717779 IO-0/EL  message_connection.cpp:269] FuncWorkerConnection[1-151]: Handshake done
I1102 18:30:19.717965 Server/E engine.cpp:674] Engine: New message connection
I1102 18:30:19.718004 IO-0/EL  engine.cpp:277] Engine: Receive new handshake message from message connection
I1102 18:30:19.718008 IO-0/EL  worker_manager.cpp:60] WorkerManager: FuncWorker of func_id 1, client_id 150 connected
I1102 18:30:19.718020 IO-0/EL  message_connection.cpp:269] FuncWorkerConnection[1-150]: Handshake done
I1102 18:30:19.718170 Server/E engine.cpp:674] Engine: New message connection
I1102 18:30:19.718202 IO-0/EL  engine.cpp:277] Engine: Receive new handshake message from message connection
I1102 18:30:19.718206 IO-0/EL  worker_manager.cpp:60] WorkerManager: FuncWorker of func_id 1, client_id 152 connected
I1102 18:30:19.718217 IO-0/EL  message_connection.cpp:269] FuncWorkerConnection[1-152]: Handshake done
I1102 18:30:19.718611 Server/E engine.cpp:674] Engine: New message connection
I1102 18:30:19.718630 IO-0/EL  engine.cpp:277] Engine: Receive new handshake message from message connection
I1102 18:30:19.718634 IO-0/EL  worker_manager.cpp:60] WorkerManager: FuncWorker of func_id 1, client_id 153 connected
I1102 18:30:19.718645 IO-0/EL  message_connection.cpp:269] FuncWorkerConnection[1-153]: Handshake done
I1102 18:30:19.719073 Server/E engine.cpp:674] Engine: New message connection
I1102 18:30:19.719099 IO-0/EL  engine.cpp:277] Engine: Receive new handshake message from message connection
I1102 18:30:19.719104 IO-0/EL  worker_manager.cpp:60] WorkerManager: FuncWorker of func_id 1, client_id 154 connected
I1102 18:30:19.719115 IO-0/EL  message_connection.cpp:269] FuncWorkerConnection[1-154]: Handshake done
I1102 18:30:19.719564 Server/E engine.cpp:674] Engine: New message connection
I1102 18:30:19.719585 IO-0/EL  engine.cpp:277] Engine: Receive new handshake message from message connection
I1102 18:30:19.719589 IO-0/EL  worker_manager.cpp:60] WorkerManager: FuncWorker of func_id 1, client_id 155 connected
I1102 18:30:19.719602 IO-0/EL  message_connection.cpp:269] FuncWorkerConnection[1-155]: Handshake done
I1102 18:30:19.719667 Server/E engine.cpp:674] Engine: New message connection
I1102 18:30:19.719692 IO-0/EL  engine.cpp:277] Engine: Receive new handshake message from message connection
I1102 18:30:19.719696 IO-0/EL  worker_manager.cpp:60] WorkerManager: FuncWorker of func_id 1, client_id 156 connected
I1102 18:30:19.719707 IO-0/EL  message_connection.cpp:269] FuncWorkerConnection[1-156]: Handshake done
I1102 18:30:19.720985 Server/E engine.cpp:674] Engine: New message connection
I1102 18:30:19.721011 IO-0/EL  engine.cpp:277] Engine: Receive new handshake message from message connection
I1102 18:30:19.721015 IO-0/EL  worker_manager.cpp:60] WorkerManager: FuncWorker of func_id 1, client_id 157 connected
I1102 18:30:19.721027 Server/E engine.cpp:674] Engine: New message connection
I1102 18:30:19.721027 IO-0/EL  message_connection.cpp:269] FuncWorkerConnection[1-157]: Handshake done
I1102 18:30:19.721054 IO-0/EL  engine.cpp:277] Engine: Receive new handshake message from message connection
I1102 18:30:19.721058 IO-0/EL  worker_manager.cpp:60] WorkerManager: FuncWorker of func_id 1, client_id 158 connected
I1102 18:30:19.721075 IO-0/EL  message_connection.cpp:269] FuncWorkerConnection[1-158]: Handshake done
I1102 18:30:19.721465 Server/E engine.cpp:674] Engine: New message connection
I1102 18:30:19.721502 IO-0/EL  engine.cpp:277] Engine: Receive new handshake message from message connection
I1102 18:30:19.721507 IO-0/EL  worker_manager.cpp:60] WorkerManager: FuncWorker of func_id 1, client_id 159 connected
I1102 18:30:19.721518 IO-0/EL  message_connection.cpp:269] FuncWorkerConnection[1-159]: Handshake done
I1102 18:30:19.721863 Server/E engine.cpp:674] Engine: New message connection
I1102 18:30:19.721895 IO-0/EL  engine.cpp:277] Engine: Receive new handshake message from message connection
I1102 18:30:19.721899 IO-0/EL  worker_manager.cpp:60] WorkerManager: FuncWorker of func_id 1, client_id 160 connected
I1102 18:30:19.721910 IO-0/EL  message_connection.cpp:269] FuncWorkerConnection[1-160]: Handshake done
I1102 18:30:19.722371 Server/E engine.cpp:674] Engine: New message connection
I1102 18:30:19.722407 IO-0/EL  engine.cpp:277] Engine: Receive new handshake message from message connection
I1102 18:30:19.722411 IO-0/EL  worker_manager.cpp:60] WorkerManager: FuncWorker of func_id 1, client_id 161 connected
I1102 18:30:19.722423 IO-0/EL  message_connection.cpp:269] FuncWorkerConnection[1-161]: Handshake done
I1102 18:30:19.722880 Server/E engine.cpp:674] Engine: New message connection
I1102 18:30:19.722914 IO-0/EL  engine.cpp:277] Engine: Receive new handshake message from message connection
I1102 18:30:19.722918 IO-0/EL  worker_manager.cpp:60] WorkerManager: FuncWorker of func_id 1, client_id 162 connected
I1102 18:30:19.722930 IO-0/EL  message_connection.cpp:269] FuncWorkerConnection[1-162]: Handshake done
I1102 18:30:19.722979 Server/E engine.cpp:674] Engine: New message connection
I1102 18:30:19.723015 IO-0/EL  engine.cpp:277] Engine: Receive new handshake message from message connection
I1102 18:30:19.723020 IO-0/EL  worker_manager.cpp:60] WorkerManager: FuncWorker of func_id 1, client_id 163 connected
I1102 18:30:19.723031 IO-0/EL  message_connection.cpp:269] FuncWorkerConnection[1-163]: Handshake done
I1102 18:30:19.723758 Server/E engine.cpp:674] Engine: New message connection
I1102 18:30:19.737774 Server/E engine.cpp:674] Engine: New message connection
I1102 18:30:19.737814 Server/E engine.cpp:674] Engine: New message connection
I1102 18:30:19.737815 IO-0/EL  engine.cpp:277] Engine: Receive new handshake message from message connection
I1102 18:30:19.737829 IO-0/EL  worker_manager.cpp:60] WorkerManager: FuncWorker of func_id 1, client_id 164 connected
I1102 18:30:19.737831 Server/E engine.cpp:674] Engine: New message connection
I1102 18:30:19.737850 Server/E engine.cpp:674] Engine: New message connection
I1102 18:30:19.737853 IO-0/EL  message_connection.cpp:269] FuncWorkerConnection[1-164]: Handshake done
I1102 18:30:19.737865 Server/E engine.cpp:674] Engine: New message connection
I1102 18:30:19.737881 Server/E engine.cpp:674] Engine: New message connection
I1102 18:30:19.737884 IO-0/EL  engine.cpp:277] Engine: Receive new handshake message from message connection
I1102 18:30:19.737890 IO-0/EL  worker_manager.cpp:60] WorkerManager: FuncWorker of func_id 1, client_id 165 connected
I1102 18:30:19.737896 Server/E engine.cpp:674] Engine: New message connection
I1102 18:30:19.737904 IO-0/EL  message_connection.cpp:269] FuncWorkerConnection[1-165]: Handshake done
I1102 18:30:19.737913 Server/E engine.cpp:674] Engine: New message connection
I1102 18:30:19.737918 IO-0/EL  engine.cpp:277] Engine: Receive new handshake message from message connection
I1102 18:30:19.737923 IO-0/EL  worker_manager.cpp:60] WorkerManager: FuncWorker of func_id 1, client_id 166 connected
I1102 18:30:19.737931 Server/E engine.cpp:674] Engine: New message connection
I1102 18:30:19.737937 IO-0/EL  message_connection.cpp:269] FuncWorkerConnection[1-166]: Handshake done
I1102 18:30:19.737945 Server/E engine.cpp:674] Engine: New message connection
I1102 18:30:19.737955 IO-0/EL  engine.cpp:277] Engine: Receive new handshake message from message connection
I1102 18:30:19.737976 IO-0/EL  worker_manager.cpp:60] WorkerManager: FuncWorker of func_id 1, client_id 167 connected
I1102 18:30:19.737961 Server/E engine.cpp:674] Engine: New message connection
I1102 18:30:19.737992 IO-0/EL  message_connection.cpp:269] FuncWorkerConnection[1-167]: Handshake done
I1102 18:30:19.737997 Server/E engine.cpp:674] Engine: New message connection
I1102 18:30:19.738007 IO-0/EL  engine.cpp:277] Engine: Receive new handshake message from message connection
I1102 18:30:19.738011 IO-0/EL  worker_manager.cpp:60] WorkerManager: FuncWorker of func_id 1, client_id 168 connected
I1102 18:30:19.738012 Server/E engine.cpp:674] Engine: New message connection
I1102 18:30:19.738024 IO-0/EL  message_connection.cpp:269] FuncWorkerConnection[1-168]: Handshake done
I1102 18:30:19.738029 Server/E engine.cpp:674] Engine: New message connection
I1102 18:30:19.738043 Server/E engine.cpp:674] Engine: New message connection
I1102 18:30:19.738045 IO-0/EL  engine.cpp:277] Engine: Receive new handshake message from message connection
I1102 18:30:19.738052 IO-0/EL  worker_manager.cpp:60] WorkerManager: FuncWorker of func_id 1, client_id 169 connected
I1102 18:30:19.738060 Server/E engine.cpp:674] Engine: New message connection
I1102 18:30:19.738066 IO-0/EL  message_connection.cpp:269] FuncWorkerConnection[1-169]: Handshake done
I1102 18:30:19.738077 Server/E engine.cpp:674] Engine: New message connection
I1102 18:30:19.738082 IO-0/EL  engine.cpp:277] Engine: Receive new handshake message from message connection
I1102 18:30:19.738105 IO-0/EL  worker_manager.cpp:60] WorkerManager: FuncWorker of func_id 1, client_id 171 connected
I1102 18:30:19.738110 Server/E engine.cpp:674] Engine: New message connection
I1102 18:30:19.738125 IO-0/EL  message_connection.cpp:269] FuncWorkerConnection[1-171]: Handshake done
I1102 18:30:19.738129 Server/E engine.cpp:674] Engine: New message connection
I1102 18:30:19.738140 IO-0/EL  engine.cpp:277] Engine: Receive new handshake message from message connection
I1102 18:30:19.738143 Server/E engine.cpp:674] Engine: New message connection
I1102 18:30:19.738145 IO-0/EL  worker_manager.cpp:60] WorkerManager: FuncWorker of func_id 1, client_id 172 connected
I1102 18:30:19.738166 Server/E engine.cpp:674] Engine: New message connection
I1102 18:30:19.738171 IO-0/EL  message_connection.cpp:269] FuncWorkerConnection[1-172]: Handshake done
I1102 18:30:19.738181 Server/E engine.cpp:674] Engine: New message connection
I1102 18:30:19.738189 IO-0/EL  engine.cpp:277] Engine: Receive new handshake message from message connection
I1102 18:30:19.738194 IO-0/EL  worker_manager.cpp:60] WorkerManager: FuncWorker of func_id 1, client_id 170 connected
I1102 18:30:19.738196 Server/E engine.cpp:674] Engine: New message connection
I1102 18:30:19.738208 IO-0/EL  message_connection.cpp:269] FuncWorkerConnection[1-170]: Handshake done
I1102 18:30:19.738213 Server/E engine.cpp:674] Engine: New message connection
I1102 18:30:19.738222 IO-0/EL  engine.cpp:277] Engine: Receive new handshake message from message connection
I1102 18:30:19.738226 IO-0/EL  worker_manager.cpp:60] WorkerManager: FuncWorker of func_id 1, client_id 173 connected
I1102 18:30:19.738227 Server/E engine.cpp:674] Engine: New message connection
I1102 18:30:19.738242 IO-0/EL  message_connection.cpp:269] FuncWorkerConnection[1-173]: Handshake done
I1102 18:30:19.738248 Server/E engine.cpp:674] Engine: New message connection
I1102 18:30:19.738259 IO-0/EL  engine.cpp:277] Engine: Receive new handshake message from message connection
I1102 18:30:19.738264 IO-0/EL  worker_manager.cpp:60] WorkerManager: FuncWorker of func_id 1, client_id 174 connected
I1102 18:30:19.738265 Server/E engine.cpp:674] Engine: New message connection
I1102 18:30:19.738277 IO-0/EL  message_connection.cpp:269] FuncWorkerConnection[1-174]: Handshake done
I1102 18:30:19.738281 Server/E engine.cpp:674] Engine: New message connection
I1102 18:30:19.738291 IO-0/EL  engine.cpp:277] Engine: Receive new handshake message from message connection
I1102 18:30:19.738303 IO-0/EL  worker_manager.cpp:60] WorkerManager: FuncWorker of func_id 1, client_id 175 connected
I1102 18:30:19.738295 Server/E engine.cpp:674] Engine: New message connection
I1102 18:30:19.738318 IO-0/EL  message_connection.cpp:269] FuncWorkerConnection[1-175]: Handshake done
I1102 18:30:19.738336 IO-0/EL  engine.cpp:277] Engine: Receive new handshake message from message connection
I1102 18:30:19.738340 IO-0/EL  worker_manager.cpp:60] WorkerManager: FuncWorker of func_id 1, client_id 176 connected
I1102 18:30:19.738354 IO-0/EL  message_connection.cpp:269] FuncWorkerConnection[1-176]: Handshake done
I1102 18:30:19.738367 IO-0/EL  engine.cpp:277] Engine: Receive new handshake message from message connection
I1102 18:30:19.738371 IO-0/EL  worker_manager.cpp:60] WorkerManager: FuncWorker of func_id 1, client_id 177 connected
I1102 18:30:19.738384 IO-0/EL  message_connection.cpp:269] FuncWorkerConnection[1-177]: Handshake done
I1102 18:30:19.738401 IO-0/EL  engine.cpp:277] Engine: Receive new handshake message from message connection
I1102 18:30:19.738405 IO-0/EL  worker_manager.cpp:60] WorkerManager: FuncWorker of func_id 1, client_id 178 connected
I1102 18:30:19.738418 IO-0/EL  message_connection.cpp:269] FuncWorkerConnection[1-178]: Handshake done
I1102 18:30:19.738431 IO-0/EL  engine.cpp:277] Engine: Receive new handshake message from message connection
I1102 18:30:19.738434 IO-0/EL  worker_manager.cpp:60] WorkerManager: FuncWorker of func_id 1, client_id 180 connected
I1102 18:30:19.738447 IO-0/EL  message_connection.cpp:269] FuncWorkerConnection[1-180]: Handshake done
I1102 18:30:19.738462 IO-0/EL  engine.cpp:277] Engine: Receive new handshake message from message connection
I1102 18:30:19.738467 IO-0/EL  worker_manager.cpp:60] WorkerManager: FuncWorker of func_id 1, client_id 179 connected
I1102 18:30:19.738480 IO-0/EL  message_connection.cpp:269] FuncWorkerConnection[1-179]: Handshake done
I1102 18:30:19.738493 IO-0/EL  engine.cpp:277] Engine: Receive new handshake message from message connection
I1102 18:30:19.738497 IO-0/EL  worker_manager.cpp:60] WorkerManager: FuncWorker of func_id 1, client_id 181 connected
I1102 18:30:19.738510 IO-0/EL  message_connection.cpp:269] FuncWorkerConnection[1-181]: Handshake done
I1102 18:30:19.738525 IO-0/EL  engine.cpp:277] Engine: Receive new handshake message from message connection
I1102 18:30:19.738529 IO-0/EL  worker_manager.cpp:60] WorkerManager: FuncWorker of func_id 1, client_id 182 connected
I1102 18:30:19.738542 IO-0/EL  message_connection.cpp:269] FuncWorkerConnection[1-182]: Handshake done
I1102 18:30:19.738554 IO-0/EL  engine.cpp:277] Engine: Receive new handshake message from message connection
I1102 18:30:19.738558 IO-0/EL  worker_manager.cpp:60] WorkerManager: FuncWorker of func_id 1, client_id 183 connected
I1102 18:30:19.738572 IO-0/EL  message_connection.cpp:269] FuncWorkerConnection[1-183]: Handshake done
I1102 18:30:19.738589 IO-0/EL  engine.cpp:277] Engine: Receive new handshake message from message connection
I1102 18:30:19.738590 Server/E engine.cpp:674] Engine: New message connection
I1102 18:30:19.738596 IO-0/EL  worker_manager.cpp:60] WorkerManager: FuncWorker of func_id 1, client_id 184 connected
I1102 18:30:19.738624 IO-0/EL  message_connection.cpp:269] FuncWorkerConnection[1-184]: Handshake done
I1102 18:30:19.738644 IO-0/EL  engine.cpp:277] Engine: Receive new handshake message from message connection
I1102 18:30:19.738650 IO-0/EL  worker_manager.cpp:60] WorkerManager: FuncWorker of func_id 1, client_id 185 connected
I1102 18:30:19.738673 IO-0/EL  message_connection.cpp:269] FuncWorkerConnection[1-185]: Handshake done
I1102 18:30:19.738688 IO-0/EL  engine.cpp:277] Engine: Receive new handshake message from message connection
I1102 18:30:19.738692 IO-0/EL  worker_manager.cpp:60] WorkerManager: FuncWorker of func_id 1, client_id 186 connected
I1102 18:30:19.738705 IO-0/EL  message_connection.cpp:269] FuncWorkerConnection[1-186]: Handshake done
I1102 18:30:19.738729 IO-0/EL  engine.cpp:277] Engine: Receive new handshake message from message connection
I1102 18:30:19.738741 IO-0/EL  worker_manager.cpp:60] WorkerManager: FuncWorker of func_id 1, client_id 187 connected
I1102 18:30:19.738760 IO-0/EL  message_connection.cpp:269] FuncWorkerConnection[1-187]: Handshake done
I1102 18:30:19.738773 IO-0/EL  engine.cpp:277] Engine: Receive new handshake message from message connection
I1102 18:30:19.738777 IO-0/EL  worker_manager.cpp:60] WorkerManager: FuncWorker of func_id 1, client_id 188 connected
I1102 18:30:19.738790 IO-0/EL  message_connection.cpp:269] FuncWorkerConnection[1-188]: Handshake done
I1102 18:30:19.738805 IO-0/EL  engine.cpp:277] Engine: Receive new handshake message from message connection
I1102 18:30:19.738809 IO-0/EL  worker_manager.cpp:60] WorkerManager: FuncWorker of func_id 1, client_id 189 connected
I1102 18:30:19.738824 IO-0/EL  message_connection.cpp:269] FuncWorkerConnection[1-189]: Handshake done
I1102 18:30:19.738837 IO-0/EL  engine.cpp:277] Engine: Receive new handshake message from message connection
I1102 18:30:19.738841 IO-0/EL  worker_manager.cpp:60] WorkerManager: FuncWorker of func_id 1, client_id 190 connected
I1102 18:30:19.738854 IO-0/EL  message_connection.cpp:269] FuncWorkerConnection[1-190]: Handshake done
I1102 18:30:19.738869 IO-0/EL  engine.cpp:277] Engine: Receive new handshake message from message connection
I1102 18:30:19.738874 IO-0/EL  worker_manager.cpp:60] WorkerManager: FuncWorker of func_id 1, client_id 191 connected
I1102 18:30:19.738886 IO-0/EL  message_connection.cpp:269] FuncWorkerConnection[1-191]: Handshake done
I1102 18:30:19.738899 IO-0/EL  engine.cpp:277] Engine: Receive new handshake message from message connection
I1102 18:30:19.738903 IO-0/EL  worker_manager.cpp:60] WorkerManager: FuncWorker of func_id 1, client_id 192 connected
I1102 18:30:19.738916 IO-0/EL  message_connection.cpp:269] FuncWorkerConnection[1-192]: Handshake done
I1102 18:30:19.738931 IO-0/EL  engine.cpp:277] Engine: Receive new handshake message from message connection
I1102 18:30:19.738936 IO-0/EL  worker_manager.cpp:60] WorkerManager: FuncWorker of func_id 1, client_id 193 connected
I1102 18:30:19.738949 IO-0/EL  message_connection.cpp:269] FuncWorkerConnection[1-193]: Handshake done
I1102 18:30:19.738959 IO-0/EL  engine.cpp:277] Engine: Receive new handshake message from message connection
I1102 18:30:19.738963 IO-0/EL  worker_manager.cpp:60] WorkerManager: FuncWorker of func_id 1, client_id 194 connected
I1102 18:30:19.738976 IO-0/EL  message_connection.cpp:269] FuncWorkerConnection[1-194]: Handshake done
I1102 18:30:19.739058 Server/E engine.cpp:674] Engine: New message connection
I1102 18:30:19.739088 IO-0/EL  engine.cpp:277] Engine: Receive new handshake message from message connection
I1102 18:30:19.739093 IO-0/EL  worker_manager.cpp:60] WorkerManager: FuncWorker of func_id 1, client_id 195 connected
I1102 18:30:19.739106 IO-0/EL  message_connection.cpp:269] FuncWorkerConnection[1-195]: Handshake done
I1102 18:30:19.739186 Server/E engine.cpp:674] Engine: New message connection
I1102 18:30:19.739206 IO-0/EL  engine.cpp:277] Engine: Receive new handshake message from message connection
I1102 18:30:19.739210 IO-0/EL  worker_manager.cpp:60] WorkerManager: FuncWorker of func_id 1, client_id 196 connected
I1102 18:30:19.739223 IO-0/EL  message_connection.cpp:269] FuncWorkerConnection[1-196]: Handshake done
I1102 18:30:19.739986 Server/E engine.cpp:674] Engine: New message connection
I1102 18:30:19.740013 IO-0/EL  engine.cpp:277] Engine: Receive new handshake message from message connection
I1102 18:30:19.740018 IO-0/EL  worker_manager.cpp:60] WorkerManager: FuncWorker of func_id 1, client_id 197 connected
I1102 18:30:19.740032 IO-0/EL  message_connection.cpp:269] FuncWorkerConnection[1-197]: Handshake done
I1102 18:30:19.740091 Server/E engine.cpp:674] Engine: New message connection
I1102 18:30:19.740113 IO-0/EL  engine.cpp:277] Engine: Receive new handshake message from message connection
I1102 18:30:19.740117 IO-0/EL  worker_manager.cpp:60] WorkerManager: FuncWorker of func_id 1, client_id 198 connected
I1102 18:30:19.740130 IO-0/EL  message_connection.cpp:269] FuncWorkerConnection[1-198]: Handshake done
I1102 18:30:19.740945 Server/E engine.cpp:674] Engine: New message connection
I1102 18:30:19.740970 IO-0/EL  engine.cpp:277] Engine: Receive new handshake message from message connection
I1102 18:30:19.740976 IO-0/EL  worker_manager.cpp:60] WorkerManager: FuncWorker of func_id 1, client_id 199 connected
I1102 18:30:19.740990 IO-0/EL  message_connection.cpp:269] FuncWorkerConnection[1-199]: Handshake done
I1102 18:30:19.741418 Server/E engine.cpp:674] Engine: New message connection
I1102 18:30:19.741440 IO-0/EL  engine.cpp:277] Engine: Receive new handshake message from message connection
I1102 18:30:19.741444 IO-0/EL  worker_manager.cpp:60] WorkerManager: FuncWorker of func_id 1, client_id 200 connected
I1102 18:30:19.741457 IO-0/EL  message_connection.cpp:269] FuncWorkerConnection[1-200]: Handshake done
I1102 18:30:19.741567 Server/E engine.cpp:674] Engine: New message connection
I1102 18:30:19.741590 IO-0/EL  engine.cpp:277] Engine: Receive new handshake message from message connection
I1102 18:30:19.741595 IO-0/EL  worker_manager.cpp:60] WorkerManager: FuncWorker of func_id 1, client_id 201 connected
I1102 18:30:19.741608 IO-0/EL  message_connection.cpp:269] FuncWorkerConnection[1-201]: Handshake done
I1102 18:30:19.742351 Server/E engine.cpp:674] Engine: New message connection
I1102 18:30:19.742376 IO-0/EL  engine.cpp:277] Engine: Receive new handshake message from message connection
I1102 18:30:19.742381 IO-0/EL  worker_manager.cpp:60] WorkerManager: FuncWorker of func_id 1, client_id 202 connected
I1102 18:30:19.742395 IO-0/EL  message_connection.cpp:269] FuncWorkerConnection[1-202]: Handshake done
I1102 18:30:19.742483 Server/E engine.cpp:674] Engine: New message connection
I1102 18:30:19.742508 IO-0/EL  engine.cpp:277] Engine: Receive new handshake message from message connection
I1102 18:30:19.742512 IO-0/EL  worker_manager.cpp:60] WorkerManager: FuncWorker of func_id 1, client_id 203 connected
I1102 18:30:19.742525 IO-0/EL  message_connection.cpp:269] FuncWorkerConnection[1-203]: Handshake done
I1102 18:30:19.743728 Server/E engine.cpp:674] Engine: New message connection
I1102 18:30:19.743750 IO-0/EL  engine.cpp:277] Engine: Receive new handshake message from message connection
I1102 18:30:19.743756 IO-0/EL  worker_manager.cpp:60] WorkerManager: FuncWorker of func_id 1, client_id 205 connected
I1102 18:30:19.743772 IO-0/EL  message_connection.cpp:269] FuncWorkerConnection[1-205]: Handshake done
I1102 18:30:19.743880 Server/E engine.cpp:674] Engine: New message connection
I1102 18:30:19.743901 IO-0/EL  engine.cpp:277] Engine: Receive new handshake message from message connection
I1102 18:30:19.743905 IO-0/EL  worker_manager.cpp:60] WorkerManager: FuncWorker of func_id 1, client_id 206 connected
I1102 18:30:19.743919 IO-0/EL  message_connection.cpp:269] FuncWorkerConnection[1-206]: Handshake done
I1102 18:30:19.744724 Server/E engine.cpp:674] Engine: New message connection
I1102 18:30:19.744772 IO-0/EL  engine.cpp:277] Engine: Receive new handshake message from message connection
I1102 18:30:19.744778 IO-0/EL  worker_manager.cpp:60] WorkerManager: FuncWorker of func_id 1, client_id 207 connected
I1102 18:30:19.744792 IO-0/EL  message_connection.cpp:269] FuncWorkerConnection[1-207]: Handshake done
I1102 18:30:19.744805 Server/E engine.cpp:674] Engine: New message connection
I1102 18:30:19.744832 IO-0/EL  engine.cpp:277] Engine: Receive new handshake message from message connection
I1102 18:30:19.744836 IO-0/EL  worker_manager.cpp:60] WorkerManager: FuncWorker of func_id 1, client_id 204 connected
I1102 18:30:19.744849 IO-0/EL  message_connection.cpp:269] FuncWorkerConnection[1-204]: Handshake done
I1102 18:30:19.745153 Server/E engine.cpp:674] Engine: New message connection
I1102 18:30:19.745185 IO-0/EL  engine.cpp:277] Engine: Receive new handshake message from message connection
I1102 18:30:19.745189 IO-0/EL  worker_manager.cpp:60] WorkerManager: FuncWorker of func_id 1, client_id 208 connected
I1102 18:30:19.745202 IO-0/EL  message_connection.cpp:269] FuncWorkerConnection[1-208]: Handshake done
I1102 18:30:19.745615 Server/E engine.cpp:674] Engine: New message connection
I1102 18:30:19.745636 IO-0/EL  engine.cpp:277] Engine: Receive new handshake message from message connection
I1102 18:30:19.745640 IO-0/EL  worker_manager.cpp:60] WorkerManager: FuncWorker of func_id 1, client_id 209 connected
I1102 18:30:19.745653 IO-0/EL  message_connection.cpp:269] FuncWorkerConnection[1-209]: Handshake done
I1102 18:30:19.745758 Server/E engine.cpp:674] Engine: New message connection
I1102 18:30:19.745785 IO-0/EL  engine.cpp:277] Engine: Receive new handshake message from message connection
I1102 18:30:19.745790 IO-0/EL  worker_manager.cpp:60] WorkerManager: FuncWorker of func_id 1, client_id 210 connected
I1102 18:30:19.745804 IO-0/EL  message_connection.cpp:269] FuncWorkerConnection[1-210]: Handshake done
I1102 18:30:19.746134 Server/E engine.cpp:674] Engine: New message connection
I1102 18:30:19.746154 IO-0/EL  engine.cpp:277] Engine: Receive new handshake message from message connection
I1102 18:30:19.746159 IO-0/EL  worker_manager.cpp:60] WorkerManager: FuncWorker of func_id 1, client_id 211 connected
I1102 18:30:19.746171 IO-0/EL  message_connection.cpp:269] FuncWorkerConnection[1-211]: Handshake done
I1102 18:30:19.746982 Server/E engine.cpp:674] Engine: New message connection
I1102 18:30:19.747009 IO-0/EL  engine.cpp:277] Engine: Receive new handshake message from message connection
I1102 18:30:19.747014 IO-0/EL  worker_manager.cpp:60] WorkerManager: FuncWorker of func_id 1, client_id 212 connected
I1102 18:30:19.747028 IO-0/EL  message_connection.cpp:269] FuncWorkerConnection[1-212]: Handshake done
I1102 18:30:19.747485 Server/E engine.cpp:674] Engine: New message connection
I1102 18:30:19.747511 IO-0/EL  engine.cpp:277] Engine: Receive new handshake message from message connection
I1102 18:30:19.747516 IO-0/EL  worker_manager.cpp:60] WorkerManager: FuncWorker of func_id 1, client_id 213 connected
I1102 18:30:19.747530 IO-0/EL  message_connection.cpp:269] FuncWorkerConnection[1-213]: Handshake done
I1102 18:30:19.747960 Server/E engine.cpp:674] Engine: New message connection
I1102 18:30:19.747985 IO-0/EL  engine.cpp:277] Engine: Receive new handshake message from message connection
I1102 18:30:19.747990 IO-0/EL  worker_manager.cpp:60] WorkerManager: FuncWorker of func_id 1, client_id 214 connected
I1102 18:30:19.748003 IO-0/EL  message_connection.cpp:269] FuncWorkerConnection[1-214]: Handshake done
I1102 18:30:19.748407 Server/E engine.cpp:674] Engine: New message connection
I1102 18:30:19.748430 IO-0/EL  engine.cpp:277] Engine: Receive new handshake message from message connection
I1102 18:30:19.748434 IO-0/EL  worker_manager.cpp:60] WorkerManager: FuncWorker of func_id 1, client_id 215 connected
I1102 18:30:19.748447 IO-0/EL  message_connection.cpp:269] FuncWorkerConnection[1-215]: Handshake done
I1102 18:30:19.748533 Server/E engine.cpp:674] Engine: New message connection
I1102 18:30:19.748555 IO-0/EL  engine.cpp:277] Engine: Receive new handshake message from message connection
I1102 18:30:19.748560 IO-0/EL  worker_manager.cpp:60] WorkerManager: FuncWorker of func_id 1, client_id 216 connected
I1102 18:30:19.748573 IO-0/EL  message_connection.cpp:269] FuncWorkerConnection[1-216]: Handshake done
I1102 18:30:19.749345 Server/E engine.cpp:674] Engine: New message connection
I1102 18:30:19.749378 IO-0/EL  engine.cpp:277] Engine: Receive new handshake message from message connection
I1102 18:30:19.749382 IO-0/EL  worker_manager.cpp:60] WorkerManager: FuncWorker of func_id 1, client_id 217 connected
I1102 18:30:19.749396 IO-0/EL  message_connection.cpp:269] FuncWorkerConnection[1-217]: Handshake done
I1102 18:30:19.749478 Server/E engine.cpp:674] Engine: New message connection
I1102 18:30:19.749505 IO-0/EL  engine.cpp:277] Engine: Receive new handshake message from message connection
I1102 18:30:19.749509 IO-0/EL  worker_manager.cpp:60] WorkerManager: FuncWorker of func_id 1, client_id 218 connected
I1102 18:30:19.749522 IO-0/EL  message_connection.cpp:269] FuncWorkerConnection[1-218]: Handshake done
I1102 18:30:19.750248 Server/E engine.cpp:674] Engine: New message connection
I1102 18:30:19.750270 IO-0/EL  engine.cpp:277] Engine: Receive new handshake message from message connection
I1102 18:30:19.750274 IO-0/EL  worker_manager.cpp:60] WorkerManager: FuncWorker of func_id 1, client_id 219 connected
I1102 18:30:19.750289 IO-0/EL  message_connection.cpp:269] FuncWorkerConnection[1-219]: Handshake done
I1102 18:30:19.750705 Server/E engine.cpp:674] Engine: New message connection
I1102 18:30:19.750760 IO-0/EL  engine.cpp:277] Engine: Receive new handshake message from message connection
I1102 18:30:19.750765 IO-0/EL  worker_manager.cpp:60] WorkerManager: FuncWorker of func_id 1, client_id 220 connected
I1102 18:30:19.750778 IO-0/EL  message_connection.cpp:269] FuncWorkerConnection[1-220]: Handshake done
I1102 18:30:19.751238 Server/E engine.cpp:674] Engine: New message connection
I1102 18:30:19.751274 IO-0/EL  engine.cpp:277] Engine: Receive new handshake message from message connection
I1102 18:30:19.751279 IO-0/EL  worker_manager.cpp:60] WorkerManager: FuncWorker of func_id 1, client_id 221 connected
I1102 18:30:19.751296 IO-0/EL  message_connection.cpp:269] FuncWorkerConnection[1-221]: Handshake done
I1102 18:30:19.752285 Server/E engine.cpp:674] Engine: New message connection
I1102 18:30:19.752319 IO-0/EL  engine.cpp:277] Engine: Receive new handshake message from message connection
I1102 18:30:19.752323 IO-0/EL  worker_manager.cpp:60] WorkerManager: FuncWorker of func_id 1, client_id 222 connected
I1102 18:30:19.752337 IO-0/EL  message_connection.cpp:269] FuncWorkerConnection[1-222]: Handshake done
I1102 18:30:19.752348 Server/E engine.cpp:674] Engine: New message connection
I1102 18:30:19.752380 IO-0/EL  engine.cpp:277] Engine: Receive new handshake message from message connection
I1102 18:30:19.752385 IO-0/EL  worker_manager.cpp:60] WorkerManager: FuncWorker of func_id 1, client_id 223 connected
I1102 18:30:19.752398 IO-0/EL  message_connection.cpp:269] FuncWorkerConnection[1-223]: Handshake done
I1102 18:30:19.752834 Server/E engine.cpp:674] Engine: New message connection
I1102 18:30:19.752874 IO-0/EL  engine.cpp:277] Engine: Receive new handshake message from message connection
I1102 18:30:19.752879 IO-0/EL  worker_manager.cpp:60] WorkerManager: FuncWorker of func_id 1, client_id 224 connected
I1102 18:30:19.752892 IO-0/EL  message_connection.cpp:269] FuncWorkerConnection[1-224]: Handshake done
I1102 18:30:19.753292 Server/E engine.cpp:674] Engine: New message connection
I1102 18:30:19.753325 IO-0/EL  engine.cpp:277] Engine: Receive new handshake message from message connection
I1102 18:30:19.753329 IO-0/EL  worker_manager.cpp:60] WorkerManager: FuncWorker of func_id 1, client_id 225 connected
I1102 18:30:19.753360 IO-0/EL  message_connection.cpp:269] FuncWorkerConnection[1-225]: Handshake done
I1102 18:30:19.753459 Server/E engine.cpp:674] Engine: New message connection
I1102 18:30:19.753484 IO-0/EL  engine.cpp:277] Engine: Receive new handshake message from message connection
I1102 18:30:19.753488 IO-0/EL  worker_manager.cpp:60] WorkerManager: FuncWorker of func_id 1, client_id 226 connected
I1102 18:30:19.753501 IO-0/EL  message_connection.cpp:269] FuncWorkerConnection[1-226]: Handshake done
I1102 18:30:19.754234 Server/E engine.cpp:674] Engine: New message connection
I1102 18:30:19.754270 IO-0/EL  engine.cpp:277] Engine: Receive new handshake message from message connection
I1102 18:30:19.754275 IO-0/EL  worker_manager.cpp:60] WorkerManager: FuncWorker of func_id 1, client_id 227 connected
I1102 18:30:19.754288 IO-0/EL  message_connection.cpp:269] FuncWorkerConnection[1-227]: Handshake done
I1102 18:30:19.754803 Server/E engine.cpp:674] Engine: New message connection
I1102 18:30:19.754838 IO-0/EL  engine.cpp:277] Engine: Receive new handshake message from message connection
I1102 18:30:19.754843 IO-0/EL  worker_manager.cpp:60] WorkerManager: FuncWorker of func_id 1, client_id 228 connected
I1102 18:30:19.754857 IO-0/EL  message_connection.cpp:269] FuncWorkerConnection[1-228]: Handshake done
I1102 18:30:19.755292 Server/E engine.cpp:674] Engine: New message connection
I1102 18:30:19.755327 IO-0/EL  engine.cpp:277] Engine: Receive new handshake message from message connection
I1102 18:30:19.755332 IO-0/EL  worker_manager.cpp:60] WorkerManager: FuncWorker of func_id 1, client_id 229 connected
I1102 18:30:19.755345 IO-0/EL  message_connection.cpp:269] FuncWorkerConnection[1-229]: Handshake done
I1102 18:30:19.755812 Server/E engine.cpp:674] Engine: New message connection
I1102 18:30:19.755845 IO-0/EL  engine.cpp:277] Engine: Receive new handshake message from message connection
I1102 18:30:19.755849 IO-0/EL  worker_manager.cpp:60] WorkerManager: FuncWorker of func_id 1, client_id 230 connected
I1102 18:30:19.755862 IO-0/EL  message_connection.cpp:269] FuncWorkerConnection[1-230]: Handshake done
I1102 18:30:19.756204 Server/E engine.cpp:674] Engine: New message connection
I1102 18:30:19.756233 IO-0/EL  engine.cpp:277] Engine: Receive new handshake message from message connection
I1102 18:30:19.756238 IO-0/EL  worker_manager.cpp:60] WorkerManager: FuncWorker of func_id 1, client_id 231 connected
I1102 18:30:19.756250 IO-0/EL  message_connection.cpp:269] FuncWorkerConnection[1-231]: Handshake done
I1102 18:30:19.756696 Server/E engine.cpp:674] Engine: New message connection
I1102 18:30:19.756733 IO-0/EL  engine.cpp:277] Engine: Receive new handshake message from message connection
I1102 18:30:19.756738 IO-0/EL  worker_manager.cpp:60] WorkerManager: FuncWorker of func_id 1, client_id 232 connected
I1102 18:30:19.756751 IO-0/EL  message_connection.cpp:269] FuncWorkerConnection[1-232]: Handshake done
I1102 18:30:19.756927 Server/E engine.cpp:674] Engine: New message connection
I1102 18:30:19.756956 IO-0/EL  engine.cpp:277] Engine: Receive new handshake message from message connection
I1102 18:30:19.756960 IO-0/EL  worker_manager.cpp:60] WorkerManager: FuncWorker of func_id 1, client_id 233 connected
I1102 18:30:19.756973 IO-0/EL  message_connection.cpp:269] FuncWorkerConnection[1-233]: Handshake done
I1102 18:30:19.757798 Server/E engine.cpp:674] Engine: New message connection
I1102 18:30:19.757840 IO-0/EL  engine.cpp:277] Engine: Receive new handshake message from message connection
I1102 18:30:19.757845 IO-0/EL  worker_manager.cpp:60] WorkerManager: FuncWorker of func_id 1, client_id 234 connected
I1102 18:30:19.757858 IO-0/EL  message_connection.cpp:269] FuncWorkerConnection[1-234]: Handshake done
I1102 18:30:19.758264 Server/E engine.cpp:674] Engine: New message connection
I1102 18:30:19.758293 IO-0/EL  engine.cpp:277] Engine: Receive new handshake message from message connection
I1102 18:30:19.758297 IO-0/EL  worker_manager.cpp:60] WorkerManager: FuncWorker of func_id 1, client_id 235 connected
I1102 18:30:19.758311 IO-0/EL  message_connection.cpp:269] FuncWorkerConnection[1-235]: Handshake done
I1102 18:30:19.758803 Server/E engine.cpp:674] Engine: New message connection
I1102 18:30:19.758842 IO-0/EL  engine.cpp:277] Engine: Receive new handshake message from message connection
I1102 18:30:19.758847 IO-0/EL  worker_manager.cpp:60] WorkerManager: FuncWorker of func_id 1, client_id 236 connected
I1102 18:30:19.758860 IO-0/EL  message_connection.cpp:269] FuncWorkerConnection[1-236]: Handshake done
I1102 18:30:19.759265 Server/E engine.cpp:674] Engine: New message connection
I1102 18:30:19.759296 IO-0/EL  engine.cpp:277] Engine: Receive new handshake message from message connection
I1102 18:30:19.759300 IO-0/EL  worker_manager.cpp:60] WorkerManager: FuncWorker of func_id 1, client_id 237 connected
I1102 18:30:19.759318 IO-0/EL  message_connection.cpp:269] FuncWorkerConnection[1-237]: Handshake done
I1102 18:30:19.759787 Server/E engine.cpp:674] Engine: New message connection
I1102 18:30:19.759820 IO-0/EL  engine.cpp:277] Engine: Receive new handshake message from message connection
I1102 18:30:19.759824 IO-0/EL  worker_manager.cpp:60] WorkerManager: FuncWorker of func_id 1, client_id 238 connected
I1102 18:30:19.759837 IO-0/EL  message_connection.cpp:269] FuncWorkerConnection[1-238]: Handshake done
I1102 18:30:19.760311 Server/E engine.cpp:674] Engine: New message connection
I1102 18:30:19.760342 IO-0/EL  engine.cpp:277] Engine: Receive new handshake message from message connection
I1102 18:30:19.760348 IO-0/EL  worker_manager.cpp:60] WorkerManager: FuncWorker of func_id 1, client_id 239 connected
I1102 18:30:19.760364 IO-0/EL  message_connection.cpp:269] FuncWorkerConnection[1-239]: Handshake done
I1102 18:30:19.760479 Server/E engine.cpp:674] Engine: New message connection
I1102 18:30:19.760499 IO-0/EL  engine.cpp:277] Engine: Receive new handshake message from message connection
I1102 18:30:19.760503 IO-0/EL  worker_manager.cpp:60] WorkerManager: FuncWorker of func_id 1, client_id 240 connected
I1102 18:30:19.760516 IO-0/EL  message_connection.cpp:269] FuncWorkerConnection[1-240]: Handshake done
I1102 18:30:19.760942 Server/E engine.cpp:674] Engine: New message connection
I1102 18:30:19.760976 IO-0/EL  engine.cpp:277] Engine: Receive new handshake message from message connection
I1102 18:30:19.760981 IO-0/EL  worker_manager.cpp:60] WorkerManager: FuncWorker of func_id 1, client_id 241 connected
I1102 18:30:19.760995 IO-0/EL  message_connection.cpp:269] FuncWorkerConnection[1-241]: Handshake done
I1102 18:30:19.761762 Server/E engine.cpp:674] Engine: New message connection
I1102 18:30:19.761798 IO-0/EL  engine.cpp:277] Engine: Receive new handshake message from message connection
I1102 18:30:19.761802 IO-0/EL  worker_manager.cpp:60] WorkerManager: FuncWorker of func_id 1, client_id 242 connected
I1102 18:30:19.761816 IO-0/EL  message_connection.cpp:269] FuncWorkerConnection[1-242]: Handshake done
I1102 18:30:19.763189 Server/E engine.cpp:674] Engine: New message connection
I1102 18:30:19.763223 IO-0/EL  engine.cpp:277] Engine: Receive new handshake message from message connection
I1102 18:30:19.763228 IO-0/EL  worker_manager.cpp:60] WorkerManager: FuncWorker of func_id 1, client_id 244 connected
I1102 18:30:19.763242 IO-0/EL  message_connection.cpp:269] FuncWorkerConnection[1-244]: Handshake done
I1102 18:30:19.763339 Server/E engine.cpp:674] Engine: New message connection
I1102 18:30:19.763363 IO-0/EL  engine.cpp:277] Engine: Receive new handshake message from message connection
I1102 18:30:19.763367 IO-0/EL  worker_manager.cpp:60] WorkerManager: FuncWorker of func_id 1, client_id 243 connected
I1102 18:30:19.763380 IO-0/EL  message_connection.cpp:269] FuncWorkerConnection[1-243]: Handshake done
I1102 18:30:19.763753 Server/E engine.cpp:674] Engine: New message connection
I1102 18:30:19.763777 IO-0/EL  engine.cpp:277] Engine: Receive new handshake message from message connection
I1102 18:30:19.763782 IO-0/EL  worker_manager.cpp:60] WorkerManager: FuncWorker of func_id 1, client_id 245 connected
I1102 18:30:19.763795 IO-0/EL  message_connection.cpp:269] FuncWorkerConnection[1-245]: Handshake done
I1102 18:30:19.764501 Server/E engine.cpp:674] Engine: New message connection
I1102 18:30:19.764522 IO-0/EL  engine.cpp:277] Engine: Receive new handshake message from message connection
I1102 18:30:19.764527 IO-0/EL  worker_manager.cpp:60] WorkerManager: FuncWorker of func_id 1, client_id 246 connected
I1102 18:30:19.764539 IO-0/EL  message_connection.cpp:269] FuncWorkerConnection[1-246]: Handshake done
I1102 18:30:19.764841 Server/E engine.cpp:674] Engine: New message connection
I1102 18:30:19.764867 IO-0/EL  engine.cpp:277] Engine: Receive new handshake message from message connection
I1102 18:30:19.764872 IO-0/EL  worker_manager.cpp:60] WorkerManager: FuncWorker of func_id 1, client_id 247 connected
I1102 18:30:19.764886 IO-0/EL  message_connection.cpp:269] FuncWorkerConnection[1-247]: Handshake done
I1102 18:30:19.790189 Server/E engine.cpp:674] Engine: New message connection
I1102 18:30:19.790225 IO-0/EL  engine.cpp:277] Engine: Receive new handshake message from message connection
I1102 18:30:19.790231 IO-0/EL  worker_manager.cpp:60] WorkerManager: FuncWorker of func_id 1, client_id 249 connected
I1102 18:30:19.790245 IO-0/EL  message_connection.cpp:269] FuncWorkerConnection[1-249]: Handshake done
I1102 18:30:19.790339 Server/E engine.cpp:674] Engine: New message connection
I1102 18:30:19.790376 IO-0/EL  engine.cpp:277] Engine: Receive new handshake message from message connection
I1102 18:30:19.790381 IO-0/EL  worker_manager.cpp:60] WorkerManager: FuncWorker of func_id 1, client_id 250 connected
I1102 18:30:19.790395 IO-0/EL  message_connection.cpp:269] FuncWorkerConnection[1-250]: Handshake done
I1102 18:30:19.790621 Server/E engine.cpp:674] Engine: New message connection
I1102 18:30:19.790645 IO-0/EL  engine.cpp:277] Engine: Receive new handshake message from message connection
I1102 18:30:19.790649 IO-0/EL  worker_manager.cpp:60] WorkerManager: FuncWorker of func_id 1, client_id 248 connected
I1102 18:30:19.790662 IO-0/EL  message_connection.cpp:269] FuncWorkerConnection[1-248]: Handshake done
I1102 18:30:19.790753 Server/E engine.cpp:674] Engine: New message connection
I1102 18:30:19.790787 IO-0/EL  engine.cpp:277] Engine: Receive new handshake message from message connection
I1102 18:30:19.790792 IO-0/EL  worker_manager.cpp:60] WorkerManager: FuncWorker of func_id 1, client_id 251 connected
I1102 18:30:19.790805 IO-0/EL  message_connection.cpp:269] FuncWorkerConnection[1-251]: Handshake done
I1102 18:30:19.791576 Server/E engine.cpp:674] Engine: New message connection
I1102 18:30:19.791606 IO-0/EL  engine.cpp:277] Engine: Receive new handshake message from message connection
I1102 18:30:19.791611 IO-0/EL  worker_manager.cpp:60] WorkerManager: FuncWorker of func_id 1, client_id 252 connected
I1102 18:30:19.791627 IO-0/EL  message_connection.cpp:269] FuncWorkerConnection[1-252]: Handshake done
I1102 18:30:19.792681 Server/E engine.cpp:674] Engine: New message connection
I1102 18:30:19.792707 IO-0/EL  engine.cpp:277] Engine: Receive new handshake message from message connection
I1102 18:30:19.792716 IO-0/EL  worker_manager.cpp:60] WorkerManager: FuncWorker of func_id 1, client_id 253 connected
I1102 18:30:19.792731 IO-0/EL  message_connection.cpp:269] FuncWorkerConnection[1-253]: Handshake done
I1102 18:30:19.792815 Server/E engine.cpp:674] Engine: New message connection
I1102 18:30:19.792840 IO-0/EL  engine.cpp:277] Engine: Receive new handshake message from message connection
I1102 18:30:19.792845 IO-0/EL  worker_manager.cpp:60] WorkerManager: FuncWorker of func_id 1, client_id 254 connected
I1102 18:30:19.792857 IO-0/EL  message_connection.cpp:269] FuncWorkerConnection[1-254]: Handshake done
I1102 18:30:19.793301 Server/E engine.cpp:674] Engine: New message connection
I1102 18:30:19.793330 IO-0/EL  engine.cpp:277] Engine: Receive new handshake message from message connection
I1102 18:30:19.793334 IO-0/EL  worker_manager.cpp:60] WorkerManager: FuncWorker of func_id 1, client_id 255 connected
I1102 18:30:19.793347 IO-0/EL  message_connection.cpp:269] FuncWorkerConnection[1-255]: Handshake done
I1102 18:30:19.793799 Server/E engine.cpp:674] Engine: New message connection
I1102 18:30:19.793836 IO-0/EL  engine.cpp:277] Engine: Receive new handshake message from message connection
I1102 18:30:19.793841 IO-0/EL  worker_manager.cpp:60] WorkerManager: FuncWorker of func_id 1, client_id 256 connected
I1102 18:30:19.793859 IO-0/EL  message_connection.cpp:269] FuncWorkerConnection[1-256]: Handshake done
I1102 18:30:22.440289 IO-0/EL  buffer_pool.h:25] BufferPool[IO-0_Write]: Allocate new buffer, current buffer count is 5
I1102 18:30:22.440321 IO-0/EL  buffer_pool.h:25] BufferPool[IO-0_Write]: Allocate new buffer, current buffer count is 6
I1102 18:30:22.440333 IO-0/EL  buffer_pool.h:25] BufferPool[IO-0_Write]: Allocate new buffer, current buffer count is 7
I1102 18:30:22.440344 IO-0/EL  buffer_pool.h:25] BufferPool[IO-0_Write]: Allocate new buffer, current buffer count is 8
I1102 18:30:22.440354 IO-0/EL  buffer_pool.h:25] BufferPool[IO-0_Write]: Allocate new buffer, current buffer count is 9
I1102 18:30:22.440362 IO-0/EL  buffer_pool.h:25] BufferPool[IO-0_Write]: Allocate new buffer, current buffer count is 10
I1102 18:30:22.440374 IO-0/EL  buffer_pool.h:25] BufferPool[IO-0_Write]: Allocate new buffer, current buffer count is 11
I1102 18:30:22.440398 IO-0/EL  buffer_pool.h:25] BufferPool[IO-0_Write]: Allocate new buffer, current buffer count is 12
I1102 18:30:22.440408 IO-0/EL  buffer_pool.h:25] BufferPool[IO-0_Write]: Allocate new buffer, current buffer count is 13
I1102 18:30:22.440423 IO-0/EL  buffer_pool.h:25] BufferPool[IO-0_Write]: Allocate new buffer, current buffer count is 14
I1102 18:30:22.440440 IO-0/EL  buffer_pool.h:25] BufferPool[IO-0_Write]: Allocate new buffer, current buffer count is 15
I1102 18:30:22.440451 IO-0/EL  buffer_pool.h:25] BufferPool[IO-0_Write]: Allocate new buffer, current buffer count is 16
I1102 18:30:22.440468 IO-0/EL  buffer_pool.h:25] BufferPool[IO-0_Write]: Allocate new buffer, current buffer count is 17
I1102 18:30:22.440481 IO-0/EL  buffer_pool.h:25] BufferPool[IO-0_Write]: Allocate new buffer, current buffer count is 18
I1102 18:30:22.440492 IO-0/EL  buffer_pool.h:25] BufferPool[IO-0_Write]: Allocate new buffer, current buffer count is 19
I1102 18:30:22.440505 IO-0/EL  buffer_pool.h:25] BufferPool[IO-0_Write]: Allocate new buffer, current buffer count is 20
I1102 18:30:22.440519 IO-0/EL  buffer_pool.h:25] BufferPool[IO-0_Write]: Allocate new buffer, current buffer count is 21
I1102 18:30:22.440529 IO-0/EL  buffer_pool.h:25] BufferPool[IO-0_Write]: Allocate new buffer, current buffer count is 22
I1102 18:30:22.440539 IO-0/EL  buffer_pool.h:25] BufferPool[IO-0_Write]: Allocate new buffer, current buffer count is 23
I1102 18:30:22.440553 IO-0/EL  buffer_pool.h:25] BufferPool[IO-0_Write]: Allocate new buffer, current buffer count is 24
I1102 18:30:22.440566 IO-0/EL  buffer_pool.h:25] BufferPool[IO-0_Write]: Allocate new buffer, current buffer count is 25
I1102 18:30:22.440579 IO-0/EL  buffer_pool.h:25] BufferPool[IO-0_Write]: Allocate new buffer, current buffer count is 26
I1102 18:30:22.440589 IO-0/EL  buffer_pool.h:25] BufferPool[IO-0_Write]: Allocate new buffer, current buffer count is 27
I1102 18:30:22.440603 IO-0/EL  buffer_pool.h:25] BufferPool[IO-0_Write]: Allocate new buffer, current buffer count is 28
I1102 18:30:22.440617 IO-0/EL  buffer_pool.h:25] BufferPool[IO-0_Write]: Allocate new buffer, current buffer count is 29
I1102 18:30:22.440628 IO-0/EL  buffer_pool.h:25] BufferPool[IO-0_Write]: Allocate new buffer, current buffer count is 30
I1102 18:30:22.440642 IO-0/EL  buffer_pool.h:25] BufferPool[IO-0_Write]: Allocate new buffer, current buffer count is 31
I1102 18:30:22.440651 IO-0/EL  buffer_pool.h:25] BufferPool[IO-0_Write]: Allocate new buffer, current buffer count is 32
I1102 18:30:22.440666 IO-0/EL  buffer_pool.h:25] BufferPool[IO-0_Write]: Allocate new buffer, current buffer count is 33
I1102 18:30:22.440678 IO-0/EL  buffer_pool.h:25] BufferPool[IO-0_Write]: Allocate new buffer, current buffer count is 34
I1102 18:30:22.440688 IO-0/EL  buffer_pool.h:25] BufferPool[IO-0_Write]: Allocate new buffer, current buffer count is 35
I1102 18:30:22.440698 IO-0/EL  buffer_pool.h:25] BufferPool[IO-0_Write]: Allocate new buffer, current buffer count is 36
I1102 18:30:22.440715 IO-0/EL  buffer_pool.h:25] BufferPool[IO-0_Write]: Allocate new buffer, current buffer count is 37
I1102 18:30:22.440729 IO-0/EL  buffer_pool.h:25] BufferPool[IO-0_Write]: Allocate new buffer, current buffer count is 38
I1102 18:30:22.440743 IO-0/EL  buffer_pool.h:25] BufferPool[IO-0_Write]: Allocate new buffer, current buffer count is 39
I1102 18:30:22.440753 IO-0/EL  buffer_pool.h:25] BufferPool[IO-0_Write]: Allocate new buffer, current buffer count is 40
I1102 18:30:22.440767 IO-0/EL  buffer_pool.h:25] BufferPool[IO-0_Write]: Allocate new buffer, current buffer count is 41
I1102 18:30:22.440777 IO-0/EL  buffer_pool.h:25] BufferPool[IO-0_Write]: Allocate new buffer, current buffer count is 42
I1102 18:30:22.440790 IO-0/EL  buffer_pool.h:25] BufferPool[IO-0_Write]: Allocate new buffer, current buffer count is 43
I1102 18:30:22.440800 IO-0/EL  buffer_pool.h:25] BufferPool[IO-0_Write]: Allocate new buffer, current buffer count is 44
I1102 18:30:22.440812 IO-0/EL  buffer_pool.h:25] BufferPool[IO-0_Write]: Allocate new buffer, current buffer count is 45
I1102 18:30:22.440831 IO-0/EL  buffer_pool.h:25] BufferPool[IO-0_Write]: Allocate new buffer, current buffer count is 46
I1102 18:30:22.440841 IO-0/EL  buffer_pool.h:25] BufferPool[IO-0_Write]: Allocate new buffer, current buffer count is 47
I1102 18:30:22.440854 IO-0/EL  buffer_pool.h:25] BufferPool[IO-0_Write]: Allocate new buffer, current buffer count is 48
I1102 18:30:22.440864 IO-0/EL  buffer_pool.h:25] BufferPool[IO-0_Write]: Allocate new buffer, current buffer count is 49
I1102 18:30:22.440877 IO-0/EL  buffer_pool.h:25] BufferPool[IO-0_Write]: Allocate new buffer, current buffer count is 50
I1102 18:30:22.440889 IO-0/EL  buffer_pool.h:25] BufferPool[IO-0_Write]: Allocate new buffer, current buffer count is 51
I1102 18:30:22.440903 IO-0/EL  buffer_pool.h:25] BufferPool[IO-0_Write]: Allocate new buffer, current buffer count is 52
I1102 18:30:22.440913 IO-0/EL  buffer_pool.h:25] BufferPool[IO-0_Write]: Allocate new buffer, current buffer count is 53
I1102 18:30:22.440925 IO-0/EL  buffer_pool.h:25] BufferPool[IO-0_Write]: Allocate new buffer, current buffer count is 54
I1102 18:30:22.440934 IO-0/EL  buffer_pool.h:25] BufferPool[IO-0_Write]: Allocate new buffer, current buffer count is 55
I1102 18:30:22.440947 IO-0/EL  buffer_pool.h:25] BufferPool[IO-0_Write]: Allocate new buffer, current buffer count is 56
I1102 18:30:22.440961 IO-0/EL  buffer_pool.h:25] BufferPool[IO-0_Write]: Allocate new buffer, current buffer count is 57
I1102 18:30:22.440972 IO-0/EL  buffer_pool.h:25] BufferPool[IO-0_Write]: Allocate new buffer, current buffer count is 58
I1102 18:30:22.440981 IO-0/EL  buffer_pool.h:25] BufferPool[IO-0_Write]: Allocate new buffer, current buffer count is 59
I1102 18:30:22.440991 IO-0/EL  buffer_pool.h:25] BufferPool[IO-0_Write]: Allocate new buffer, current buffer count is 60
I1102 18:30:22.441007 IO-0/EL  buffer_pool.h:25] BufferPool[IO-0_Write]: Allocate new buffer, current buffer count is 61
I1102 18:30:22.441030 IO-0/EL  buffer_pool.h:25] BufferPool[IO-0_Write]: Allocate new buffer, current buffer count is 62
I1102 18:30:22.441042 IO-0/EL  buffer_pool.h:25] BufferPool[IO-0_Write]: Allocate new buffer, current buffer count is 63
I1102 18:30:22.441052 IO-0/EL  buffer_pool.h:25] BufferPool[IO-0_Write]: Allocate new buffer, current buffer count is 64
I1102 18:30:22.441064 IO-0/EL  buffer_pool.h:25] BufferPool[IO-0_Write]: Allocate new buffer, current buffer count is 65
I1102 18:30:22.441075 IO-0/EL  buffer_pool.h:25] BufferPool[IO-0_Write]: Allocate new buffer, current buffer count is 66
I1102 18:30:22.441087 IO-0/EL  buffer_pool.h:25] BufferPool[IO-0_Write]: Allocate new buffer, current buffer count is 67
I1102 18:30:22.441098 IO-0/EL  buffer_pool.h:25] BufferPool[IO-0_Write]: Allocate new buffer, current buffer count is 68
I1102 18:30:22.441112 IO-0/EL  buffer_pool.h:25] BufferPool[IO-0_Write]: Allocate new buffer, current buffer count is 69
I1102 18:30:22.441122 IO-0/EL  buffer_pool.h:25] BufferPool[IO-0_Write]: Allocate new buffer, current buffer count is 70
I1102 18:30:22.441134 IO-0/EL  buffer_pool.h:25] BufferPool[IO-0_Write]: Allocate new buffer, current buffer count is 71
I1102 18:30:22.441143 IO-0/EL  buffer_pool.h:25] BufferPool[IO-0_Write]: Allocate new buffer, current buffer count is 72
I1102 18:30:22.441152 IO-0/EL  buffer_pool.h:25] BufferPool[IO-0_Write]: Allocate new buffer, current buffer count is 73
I1102 18:30:22.441171 IO-0/EL  buffer_pool.h:25] BufferPool[IO-0_Write]: Allocate new buffer, current buffer count is 74
I1102 18:30:22.441185 IO-0/EL  buffer_pool.h:25] BufferPool[IO-0_Write]: Allocate new buffer, current buffer count is 75
I1102 18:30:22.441206 IO-0/EL  buffer_pool.h:25] BufferPool[IO-0_Write]: Allocate new buffer, current buffer count is 76
I1102 18:30:22.441221 IO-0/EL  buffer_pool.h:25] BufferPool[IO-0_Write]: Allocate new buffer, current buffer count is 77
I1102 18:30:22.441240 IO-0/EL  buffer_pool.h:25] BufferPool[IO-0_Write]: Allocate new buffer, current buffer count is 78
I1102 18:30:22.441251 IO-0/EL  buffer_pool.h:25] BufferPool[IO-0_Write]: Allocate new buffer, current buffer count is 79
I1102 18:30:22.441283 IO-0/EL  buffer_pool.h:25] BufferPool[IO-0_Write]: Allocate new buffer, current buffer count is 80
I1102 18:30:22.441293 IO-0/EL  buffer_pool.h:25] BufferPool[IO-0_Write]: Allocate new buffer, current buffer count is 81
I1102 18:30:22.441304 IO-0/EL  buffer_pool.h:25] BufferPool[IO-0_Write]: Allocate new buffer, current buffer count is 82
I1102 18:30:22.441314 IO-0/EL  buffer_pool.h:25] BufferPool[IO-0_Write]: Allocate new buffer, current buffer count is 83
I1102 18:30:22.441327 IO-0/EL  buffer_pool.h:25] BufferPool[IO-0_Write]: Allocate new buffer, current buffer count is 84
I1102 18:30:22.441340 IO-0/EL  buffer_pool.h:25] BufferPool[IO-0_Write]: Allocate new buffer, current buffer count is 85
I1102 18:30:22.441351 IO-0/EL  buffer_pool.h:25] BufferPool[IO-0_Write]: Allocate new buffer, current buffer count is 86
I1102 18:30:22.441365 IO-0/EL  buffer_pool.h:25] BufferPool[IO-0_Write]: Allocate new buffer, current buffer count is 87
I1102 18:30:22.441375 IO-0/EL  buffer_pool.h:25] BufferPool[IO-0_Write]: Allocate new buffer, current buffer count is 88
I1102 18:30:22.441388 IO-0/EL  buffer_pool.h:25] BufferPool[IO-0_Write]: Allocate new buffer, current buffer count is 89
I1102 18:30:22.441398 IO-0/EL  buffer_pool.h:25] BufferPool[IO-0_Write]: Allocate new buffer, current buffer count is 90
I1102 18:30:22.441411 IO-0/EL  buffer_pool.h:25] BufferPool[IO-0_Write]: Allocate new buffer, current buffer count is 91
I1102 18:30:22.441421 IO-0/EL  buffer_pool.h:25] BufferPool[IO-0_Write]: Allocate new buffer, current buffer count is 92
I1102 18:30:22.441433 IO-0/EL  buffer_pool.h:25] BufferPool[IO-0_Write]: Allocate new buffer, current buffer count is 93
I1102 18:30:22.441442 IO-0/EL  buffer_pool.h:25] BufferPool[IO-0_Write]: Allocate new buffer, current buffer count is 94
I1102 18:30:22.441452 IO-0/EL  buffer_pool.h:25] BufferPool[IO-0_Write]: Allocate new buffer, current buffer count is 95
I1102 18:30:22.441464 IO-0/EL  buffer_pool.h:25] BufferPool[IO-0_Write]: Allocate new buffer, current buffer count is 96
I1102 18:30:22.441476 IO-0/EL  buffer_pool.h:25] BufferPool[IO-0_Write]: Allocate new buffer, current buffer count is 97
I1102 18:30:22.441489 IO-0/EL  buffer_pool.h:25] BufferPool[IO-0_Write]: Allocate new buffer, current buffer count is 98
I1102 18:30:22.441500 IO-0/EL  buffer_pool.h:25] BufferPool[IO-0_Write]: Allocate new buffer, current buffer count is 99
I1102 18:30:22.441513 IO-0/EL  buffer_pool.h:25] BufferPool[IO-0_Write]: Allocate new buffer, current buffer count is 100
I1102 18:30:22.441522 IO-0/EL  buffer_pool.h:25] BufferPool[IO-0_Write]: Allocate new buffer, current buffer count is 101
I1102 18:30:22.441535 IO-0/EL  buffer_pool.h:25] BufferPool[IO-0_Write]: Allocate new buffer, current buffer count is 102
I1102 18:30:22.441545 IO-0/EL  buffer_pool.h:25] BufferPool[IO-0_Write]: Allocate new buffer, current buffer count is 103
I1102 18:30:22.441556 IO-0/EL  buffer_pool.h:25] BufferPool[IO-0_Write]: Allocate new buffer, current buffer count is 104
I1102 18:30:22.441566 IO-0/EL  buffer_pool.h:25] BufferPool[IO-0_Write]: Allocate new buffer, current buffer count is 105
I1102 18:30:22.441579 IO-0/EL  buffer_pool.h:25] BufferPool[IO-0_Write]: Allocate new buffer, current buffer count is 106
I1102 18:30:22.441593 IO-0/EL  buffer_pool.h:25] BufferPool[IO-0_Write]: Allocate new buffer, current buffer count is 107
I1102 18:30:22.441607 IO-0/EL  buffer_pool.h:25] BufferPool[IO-0_Write]: Allocate new buffer, current buffer count is 108
I1102 18:30:22.441628 IO-0/EL  buffer_pool.h:25] BufferPool[IO-0_Write]: Allocate new buffer, current buffer count is 109
I1102 18:30:22.441643 IO-0/EL  buffer_pool.h:25] BufferPool[IO-0_Write]: Allocate new buffer, current buffer count is 110
I1102 18:30:22.441657 IO-0/EL  buffer_pool.h:25] BufferPool[IO-0_Write]: Allocate new buffer, current buffer count is 111
I1102 18:30:22.441666 IO-0/EL  buffer_pool.h:25] BufferPool[IO-0_Write]: Allocate new buffer, current buffer count is 112
I1102 18:30:22.441684 IO-0/EL  buffer_pool.h:25] BufferPool[IO-0_Write]: Allocate new buffer, current buffer count is 113
I1102 18:30:22.441704 IO-0/EL  buffer_pool.h:25] BufferPool[IO-0_Write]: Allocate new buffer, current buffer count is 114
I1102 18:30:22.441722 IO-0/EL  buffer_pool.h:25] BufferPool[IO-0_Write]: Allocate new buffer, current buffer count is 115
I1102 18:30:22.441738 IO-0/EL  buffer_pool.h:25] BufferPool[IO-0_Write]: Allocate new buffer, current buffer count is 116
I1102 18:30:22.441752 IO-0/EL  buffer_pool.h:25] BufferPool[IO-0_Write]: Allocate new buffer, current buffer count is 117
I1102 18:30:22.441764 IO-0/EL  buffer_pool.h:25] BufferPool[IO-0_Write]: Allocate new buffer, current buffer count is 118
I1102 18:30:22.441774 IO-0/EL  buffer_pool.h:25] BufferPool[IO-0_Write]: Allocate new buffer, current buffer count is 119
I1102 18:30:22.441789 IO-0/EL  buffer_pool.h:25] BufferPool[IO-0_Write]: Allocate new buffer, current buffer count is 120
I1102 18:30:22.441799 IO-0/EL  buffer_pool.h:25] BufferPool[IO-0_Write]: Allocate new buffer, current buffer count is 121
I1102 18:30:22.441808 IO-0/EL  buffer_pool.h:25] BufferPool[IO-0_Write]: Allocate new buffer, current buffer count is 122
I1102 18:30:22.441820 IO-0/EL  buffer_pool.h:25] BufferPool[IO-0_Write]: Allocate new buffer, current buffer count is 123
I1102 18:30:22.441831 IO-0/EL  buffer_pool.h:25] BufferPool[IO-0_Write]: Allocate new buffer, current buffer count is 124
I1102 18:30:22.441846 IO-0/EL  buffer_pool.h:25] BufferPool[IO-0_Write]: Allocate new buffer, current buffer count is 125
I1102 18:30:22.441856 IO-0/EL  buffer_pool.h:25] BufferPool[IO-0_Write]: Allocate new buffer, current buffer count is 126
I1102 18:30:22.441868 IO-0/EL  buffer_pool.h:25] BufferPool[IO-0_Write]: Allocate new buffer, current buffer count is 127
I1102 18:30:22.441880 IO-0/EL  buffer_pool.h:25] BufferPool[IO-0_Write]: Allocate new buffer, current buffer count is 128
I1102 18:30:22.441895 IO-0/EL  buffer_pool.h:25] BufferPool[IO-0_Write]: Allocate new buffer, current buffer count is 129
I1102 18:30:22.441907 IO-0/EL  buffer_pool.h:25] BufferPool[IO-0_Write]: Allocate new buffer, current buffer count is 130
I1102 18:30:22.441919 IO-0/EL  buffer_pool.h:25] BufferPool[IO-0_Write]: Allocate new buffer, current buffer count is 131
I1102 18:30:22.441928 IO-0/EL  buffer_pool.h:25] BufferPool[IO-0_Write]: Allocate new buffer, current buffer count is 132
I1102 18:30:22.441939 IO-0/EL  buffer_pool.h:25] BufferPool[IO-0_Write]: Allocate new buffer, current buffer count is 133
I1102 18:30:22.441952 IO-0/EL  buffer_pool.h:25] BufferPool[IO-0_Write]: Allocate new buffer, current buffer count is 134
I1102 18:30:22.441963 IO-0/EL  buffer_pool.h:25] BufferPool[IO-0_Write]: Allocate new buffer, current buffer count is 135
I1102 18:30:22.441975 IO-0/EL  buffer_pool.h:25] BufferPool[IO-0_Write]: Allocate new buffer, current buffer count is 136
I1102 18:30:22.441985 IO-0/EL  buffer_pool.h:25] BufferPool[IO-0_Write]: Allocate new buffer, current buffer count is 137
I1102 18:30:22.441999 IO-0/EL  buffer_pool.h:25] BufferPool[IO-0_Write]: Allocate new buffer, current buffer count is 138
I1102 18:30:22.442008 IO-0/EL  buffer_pool.h:25] BufferPool[IO-0_Write]: Allocate new buffer, current buffer count is 139
I1102 18:30:22.442019 IO-0/EL  buffer_pool.h:25] BufferPool[IO-0_Write]: Allocate new buffer, current buffer count is 140
I1102 18:30:22.442029 IO-0/EL  buffer_pool.h:25] BufferPool[IO-0_Write]: Allocate new buffer, current buffer count is 141
I1102 18:30:22.442040 IO-0/EL  buffer_pool.h:25] BufferPool[IO-0_Write]: Allocate new buffer, current buffer count is 142
I1102 18:30:22.442052 IO-0/EL  buffer_pool.h:25] BufferPool[IO-0_Write]: Allocate new buffer, current buffer count is 143
I1102 18:30:22.442061 IO-0/EL  buffer_pool.h:25] BufferPool[IO-0_Write]: Allocate new buffer, current buffer count is 144
I1102 18:30:22.442076 IO-0/EL  buffer_pool.h:25] BufferPool[IO-0_Write]: Allocate new buffer, current buffer count is 145
I1102 18:30:22.442085 IO-0/EL  buffer_pool.h:25] BufferPool[IO-0_Write]: Allocate new buffer, current buffer count is 146
I1102 18:30:22.442104 IO-0/EL  buffer_pool.h:25] BufferPool[IO-0_Write]: Allocate new buffer, current buffer count is 147
I1102 18:30:22.442115 IO-0/EL  buffer_pool.h:25] BufferPool[IO-0_Write]: Allocate new buffer, current buffer count is 148
I1102 18:30:22.442133 IO-0/EL  buffer_pool.h:25] BufferPool[IO-0_Write]: Allocate new buffer, current buffer count is 149
I1102 18:30:22.442147 IO-0/EL  buffer_pool.h:25] BufferPool[IO-0_Write]: Allocate new buffer, current buffer count is 150
I1102 18:30:22.442166 IO-0/EL  buffer_pool.h:25] BufferPool[IO-0_Write]: Allocate new buffer, current buffer count is 151
I1102 18:30:22.442181 IO-0/EL  buffer_pool.h:25] BufferPool[IO-0_Write]: Allocate new buffer, current buffer count is 152
I1102 18:30:22.442193 IO-0/EL  buffer_pool.h:25] BufferPool[IO-0_Write]: Allocate new buffer, current buffer count is 153
I1102 18:30:22.442204 IO-0/EL  buffer_pool.h:25] BufferPool[IO-0_Write]: Allocate new buffer, current buffer count is 154
I1102 18:30:22.442216 IO-0/EL  buffer_pool.h:25] BufferPool[IO-0_Write]: Allocate new buffer, current buffer count is 155
I1102 18:30:22.442226 IO-0/EL  buffer_pool.h:25] BufferPool[IO-0_Write]: Allocate new buffer, current buffer count is 156
I1102 18:30:22.442239 IO-0/EL  buffer_pool.h:25] BufferPool[IO-0_Write]: Allocate new buffer, current buffer count is 157
I1102 18:30:22.442253 IO-0/EL  buffer_pool.h:25] BufferPool[IO-0_Write]: Allocate new buffer, current buffer count is 158
I1102 18:30:22.442263 IO-0/EL  buffer_pool.h:25] BufferPool[IO-0_Write]: Allocate new buffer, current buffer count is 159
I1102 18:30:22.442276 IO-0/EL  buffer_pool.h:25] BufferPool[IO-0_Write]: Allocate new buffer, current buffer count is 160
I1102 18:30:22.442284 IO-0/EL  buffer_pool.h:25] BufferPool[IO-0_Write]: Allocate new buffer, current buffer count is 161
I1102 18:30:22.442297 IO-0/EL  buffer_pool.h:25] BufferPool[IO-0_Write]: Allocate new buffer, current buffer count is 162
I1102 18:30:22.442307 IO-0/EL  buffer_pool.h:25] BufferPool[IO-0_Write]: Allocate new buffer, current buffer count is 163
I1102 18:30:22.442321 IO-0/EL  buffer_pool.h:25] BufferPool[IO-0_Write]: Allocate new buffer, current buffer count is 164
I1102 18:30:22.442330 IO-0/EL  buffer_pool.h:25] BufferPool[IO-0_Write]: Allocate new buffer, current buffer count is 165
I1102 18:30:22.442342 IO-0/EL  buffer_pool.h:25] BufferPool[IO-0_Write]: Allocate new buffer, current buffer count is 166
I1102 18:30:22.442352 IO-0/EL  buffer_pool.h:25] BufferPool[IO-0_Write]: Allocate new buffer, current buffer count is 167
I1102 18:30:22.442363 IO-0/EL  buffer_pool.h:25] BufferPool[IO-0_Write]: Allocate new buffer, current buffer count is 168
I1102 18:30:22.442376 IO-0/EL  buffer_pool.h:25] BufferPool[IO-0_Write]: Allocate new buffer, current buffer count is 169
I1102 18:30:22.442387 IO-0/EL  buffer_pool.h:25] BufferPool[IO-0_Write]: Allocate new buffer, current buffer count is 170
I1102 18:30:22.442400 IO-0/EL  buffer_pool.h:25] BufferPool[IO-0_Write]: Allocate new buffer, current buffer count is 171
I1102 18:30:22.442410 IO-0/EL  buffer_pool.h:25] BufferPool[IO-0_Write]: Allocate new buffer, current buffer count is 172
I1102 18:30:22.442423 IO-0/EL  buffer_pool.h:25] BufferPool[IO-0_Write]: Allocate new buffer, current buffer count is 173
I1102 18:30:22.442433 IO-0/EL  buffer_pool.h:25] BufferPool[IO-0_Write]: Allocate new buffer, current buffer count is 174
I1102 18:30:22.442445 IO-0/EL  buffer_pool.h:25] BufferPool[IO-0_Write]: Allocate new buffer, current buffer count is 175
I1102 18:30:22.442455 IO-0/EL  buffer_pool.h:25] BufferPool[IO-0_Write]: Allocate new buffer, current buffer count is 176
I1102 18:30:22.442468 IO-0/EL  buffer_pool.h:25] BufferPool[IO-0_Write]: Allocate new buffer, current buffer count is 177
I1102 18:30:22.442480 IO-0/EL  buffer_pool.h:25] BufferPool[IO-0_Write]: Allocate new buffer, current buffer count is 178
I1102 18:30:22.442488 IO-0/EL  buffer_pool.h:25] BufferPool[IO-0_Write]: Allocate new buffer, current buffer count is 179
I1102 18:30:22.442505 IO-0/EL  buffer_pool.h:25] BufferPool[IO-0_Write]: Allocate new buffer, current buffer count is 180
I1102 18:30:22.442521 IO-0/EL  buffer_pool.h:25] BufferPool[IO-0_Write]: Allocate new buffer, current buffer count is 181
I1102 18:30:22.442535 IO-0/EL  buffer_pool.h:25] BufferPool[IO-0_Write]: Allocate new buffer, current buffer count is 182
I1102 18:30:22.442545 IO-0/EL  buffer_pool.h:25] BufferPool[IO-0_Write]: Allocate new buffer, current buffer count is 183
I1102 18:30:22.442557 IO-0/EL  buffer_pool.h:25] BufferPool[IO-0_Write]: Allocate new buffer, current buffer count is 184
I1102 18:30:22.442566 IO-0/EL  buffer_pool.h:25] BufferPool[IO-0_Write]: Allocate new buffer, current buffer count is 185
I1102 18:30:22.442581 IO-0/EL  buffer_pool.h:25] BufferPool[IO-0_Write]: Allocate new buffer, current buffer count is 186
I1102 18:30:22.442590 IO-0/EL  buffer_pool.h:25] BufferPool[IO-0_Write]: Allocate new buffer, current buffer count is 187
I1102 18:30:22.442601 IO-0/EL  buffer_pool.h:25] BufferPool[IO-0_Write]: Allocate new buffer, current buffer count is 188
I1102 18:30:22.442611 IO-0/EL  buffer_pool.h:25] BufferPool[IO-0_Write]: Allocate new buffer, current buffer count is 189
I1102 18:30:22.442623 IO-0/EL  buffer_pool.h:25] BufferPool[IO-0_Write]: Allocate new buffer, current buffer count is 190
I1102 18:30:22.442634 IO-0/EL  buffer_pool.h:25] BufferPool[IO-0_Write]: Allocate new buffer, current buffer count is 191
I1102 18:30:22.442644 IO-0/EL  buffer_pool.h:25] BufferPool[IO-0_Write]: Allocate new buffer, current buffer count is 192
I1102 18:30:22.442657 IO-0/EL  buffer_pool.h:25] BufferPool[IO-0_Write]: Allocate new buffer, current buffer count is 193
I1102 18:30:22.442666 IO-0/EL  buffer_pool.h:25] BufferPool[IO-0_Write]: Allocate new buffer, current buffer count is 194
I1102 18:30:22.442681 IO-0/EL  buffer_pool.h:25] BufferPool[IO-0_Write]: Allocate new buffer, current buffer count is 195
I1102 18:30:22.442692 IO-0/EL  buffer_pool.h:25] BufferPool[IO-0_Write]: Allocate new buffer, current buffer count is 196
I1102 18:30:22.442704 IO-0/EL  buffer_pool.h:25] BufferPool[IO-0_Write]: Allocate new buffer, current buffer count is 197
I1102 18:30:22.442719 IO-0/EL  buffer_pool.h:25] BufferPool[IO-0_Write]: Allocate new buffer, current buffer count is 198
I1102 18:30:22.442732 IO-0/EL  buffer_pool.h:25] BufferPool[IO-0_Write]: Allocate new buffer, current buffer count is 199
I1102 18:30:22.442742 IO-0/EL  buffer_pool.h:25] BufferPool[IO-0_Write]: Allocate new buffer, current buffer count is 200
I1102 18:30:22.442757 IO-0/EL  buffer_pool.h:25] BufferPool[IO-0_Write]: Allocate new buffer, current buffer count is 201
I1102 18:30:22.442766 IO-0/EL  buffer_pool.h:25] BufferPool[IO-0_Write]: Allocate new buffer, current buffer count is 202
I1102 18:30:22.442776 IO-0/EL  buffer_pool.h:25] BufferPool[IO-0_Write]: Allocate new buffer, current buffer count is 203
I1102 18:30:22.442790 IO-0/EL  buffer_pool.h:25] BufferPool[IO-0_Write]: Allocate new buffer, current buffer count is 204
I1102 18:30:22.442800 IO-0/EL  buffer_pool.h:25] BufferPool[IO-0_Write]: Allocate new buffer, current buffer count is 205
I1102 18:30:22.442817 IO-0/EL  buffer_pool.h:25] BufferPool[IO-0_Write]: Allocate new buffer, current buffer count is 206
I1102 18:30:22.442827 IO-0/EL  buffer_pool.h:25] BufferPool[IO-0_Write]: Allocate new buffer, current buffer count is 207
I1102 18:30:22.442840 IO-0/EL  buffer_pool.h:25] BufferPool[IO-0_Write]: Allocate new buffer, current buffer count is 208
I1102 18:30:22.442851 IO-0/EL  buffer_pool.h:25] BufferPool[IO-0_Write]: Allocate new buffer, current buffer count is 209
I1102 18:30:22.442863 IO-0/EL  buffer_pool.h:25] BufferPool[IO-0_Write]: Allocate new buffer, current buffer count is 210
I1102 18:30:22.442877 IO-0/EL  buffer_pool.h:25] BufferPool[IO-0_Write]: Allocate new buffer, current buffer count is 211
I1102 18:30:22.442893 IO-0/EL  buffer_pool.h:25] BufferPool[IO-0_Write]: Allocate new buffer, current buffer count is 212
I1102 18:30:22.442907 IO-0/EL  buffer_pool.h:25] BufferPool[IO-0_Write]: Allocate new buffer, current buffer count is 213
I1102 18:30:22.442924 IO-0/EL  buffer_pool.h:25] BufferPool[IO-0_Write]: Allocate new buffer, current buffer count is 214
I1102 18:30:22.442943 IO-0/EL  buffer_pool.h:25] BufferPool[IO-0_Write]: Allocate new buffer, current buffer count is 215
I1102 18:30:22.442953 IO-0/EL  buffer_pool.h:25] BufferPool[IO-0_Write]: Allocate new buffer, current buffer count is 216
I1102 18:30:22.442967 IO-0/EL  buffer_pool.h:25] BufferPool[IO-0_Write]: Allocate new buffer, current buffer count is 217
I1102 18:30:22.442977 IO-0/EL  buffer_pool.h:25] BufferPool[IO-0_Write]: Allocate new buffer, current buffer count is 218
I1102 18:30:22.442991 IO-0/EL  buffer_pool.h:25] BufferPool[IO-0_Write]: Allocate new buffer, current buffer count is 219
I1102 18:30:22.443001 IO-0/EL  buffer_pool.h:25] BufferPool[IO-0_Write]: Allocate new buffer, current buffer count is 220
I1102 18:30:22.443012 IO-0/EL  buffer_pool.h:25] BufferPool[IO-0_Write]: Allocate new buffer, current buffer count is 221
I1102 18:30:22.443021 IO-0/EL  buffer_pool.h:25] BufferPool[IO-0_Write]: Allocate new buffer, current buffer count is 222
I1102 18:30:22.443033 IO-0/EL  buffer_pool.h:25] BufferPool[IO-0_Write]: Allocate new buffer, current buffer count is 223
I1102 18:30:22.443046 IO-0/EL  buffer_pool.h:25] BufferPool[IO-0_Write]: Allocate new buffer, current buffer count is 224
I1102 18:30:22.443067 IO-0/EL  buffer_pool.h:25] BufferPool[IO-0_Write]: Allocate new buffer, current buffer count is 225
I1102 18:30:22.443079 IO-0/EL  buffer_pool.h:25] BufferPool[IO-0_Write]: Allocate new buffer, current buffer count is 226
I1102 18:30:22.443093 IO-0/EL  buffer_pool.h:25] BufferPool[IO-0_Write]: Allocate new buffer, current buffer count is 227
I1102 18:30:22.443103 IO-0/EL  buffer_pool.h:25] BufferPool[IO-0_Write]: Allocate new buffer, current buffer count is 228
I1102 18:30:22.443114 IO-0/EL  buffer_pool.h:25] BufferPool[IO-0_Write]: Allocate new buffer, current buffer count is 229
I1102 18:30:22.443125 IO-0/EL  buffer_pool.h:25] BufferPool[IO-0_Write]: Allocate new buffer, current buffer count is 230
I1102 18:30:22.443134 IO-0/EL  buffer_pool.h:25] BufferPool[IO-0_Write]: Allocate new buffer, current buffer count is 231
I1102 18:30:22.443147 IO-0/EL  buffer_pool.h:25] BufferPool[IO-0_Write]: Allocate new buffer, current buffer count is 232
I1102 18:30:22.443158 IO-0/EL  buffer_pool.h:25] BufferPool[IO-0_Write]: Allocate new buffer, current buffer count is 233
I1102 18:30:22.443171 IO-0/EL  buffer_pool.h:25] BufferPool[IO-0_Write]: Allocate new buffer, current buffer count is 234
I1102 18:30:22.443181 IO-0/EL  buffer_pool.h:25] BufferPool[IO-0_Write]: Allocate new buffer, current buffer count is 235
I1102 18:30:22.443195 IO-0/EL  buffer_pool.h:25] BufferPool[IO-0_Write]: Allocate new buffer, current buffer count is 236
I1102 18:30:22.443205 IO-0/EL  buffer_pool.h:25] BufferPool[IO-0_Write]: Allocate new buffer, current buffer count is 237
I1102 18:30:22.443218 IO-0/EL  buffer_pool.h:25] BufferPool[IO-0_Write]: Allocate new buffer, current buffer count is 238
I1102 18:30:22.443229 IO-0/EL  buffer_pool.h:25] BufferPool[IO-0_Write]: Allocate new buffer, current buffer count is 239
I1102 18:30:22.443240 IO-0/EL  buffer_pool.h:25] BufferPool[IO-0_Write]: Allocate new buffer, current buffer count is 240
I1102 18:30:22.443252 IO-0/EL  buffer_pool.h:25] BufferPool[IO-0_Write]: Allocate new buffer, current buffer count is 241
I1102 18:30:22.443261 IO-0/EL  buffer_pool.h:25] BufferPool[IO-0_Write]: Allocate new buffer, current buffer count is 242
I1102 18:30:22.443274 IO-0/EL  buffer_pool.h:25] BufferPool[IO-0_Write]: Allocate new buffer, current buffer count is 243
I1102 18:30:22.443285 IO-0/EL  buffer_pool.h:25] BufferPool[IO-0_Write]: Allocate new buffer, current buffer count is 244
I1102 18:30:22.443298 IO-0/EL  buffer_pool.h:25] BufferPool[IO-0_Write]: Allocate new buffer, current buffer count is 245
I1102 18:30:22.443308 IO-0/EL  buffer_pool.h:25] BufferPool[IO-0_Write]: Allocate new buffer, current buffer count is 246
I1102 18:30:22.443323 IO-0/EL  buffer_pool.h:25] BufferPool[IO-0_Write]: Allocate new buffer, current buffer count is 247
I1102 18:30:22.443339 IO-0/EL  buffer_pool.h:25] BufferPool[IO-0_Write]: Allocate new buffer, current buffer count is 248
I1102 18:30:22.443351 IO-0/EL  buffer_pool.h:25] BufferPool[IO-0_Write]: Allocate new buffer, current buffer count is 249
I1102 18:30:22.443362 IO-0/EL  buffer_pool.h:25] BufferPool[IO-0_Write]: Allocate new buffer, current buffer count is 250
I1102 18:30:22.443374 IO-0/EL  buffer_pool.h:25] BufferPool[IO-0_Write]: Allocate new buffer, current buffer count is 251
I1102 18:30:22.443385 IO-0/EL  buffer_pool.h:25] BufferPool[IO-0_Write]: Allocate new buffer, current buffer count is 252
I1102 18:30:22.443396 IO-0/EL  buffer_pool.h:25] BufferPool[IO-0_Write]: Allocate new buffer, current buffer count is 253
I1102 18:30:22.443406 IO-0/EL  buffer_pool.h:25] BufferPool[IO-0_Write]: Allocate new buffer, current buffer count is 254
I1102 18:30:22.443417 IO-0/EL  buffer_pool.h:25] BufferPool[IO-0_Write]: Allocate new buffer, current buffer count is 255
I1102 18:30:22.443430 IO-0/EL  buffer_pool.h:25] BufferPool[IO-0_Write]: Allocate new buffer, current buffer count is 256
I1102 18:30:22.443727 IO-0/EL  buffer_pool.h:25] BufferPool[IO-0_Write]: Allocate new buffer, current buffer count is 257
I1102 18:30:22.443742 IO-0/EL  buffer_pool.h:25] BufferPool[IO-0_Write]: Allocate new buffer, current buffer count is 258
I1102 18:30:22.443751 IO-0/EL  buffer_pool.h:25] BufferPool[IO-0_Write]: Allocate new buffer, current buffer count is 259
I1102 18:30:22.443760 IO-0/EL  buffer_pool.h:25] BufferPool[IO-0_Write]: Allocate new buffer, current buffer count is 260
I1102 18:30:22.443769 IO-0/EL  buffer_pool.h:25] BufferPool[IO-0_Write]: Allocate new buffer, current buffer count is 261
I1102 18:30:22.443779 IO-0/EL  buffer_pool.h:25] BufferPool[IO-0_Write]: Allocate new buffer, current buffer count is 262
I1102 18:30:22.443788 IO-0/EL  buffer_pool.h:25] BufferPool[IO-0_Write]: Allocate new buffer, current buffer count is 263
I1102 18:30:22.443798 IO-0/EL  buffer_pool.h:25] BufferPool[IO-0_Write]: Allocate new buffer, current buffer count is 264
I1102 18:30:22.443807 IO-0/EL  buffer_pool.h:25] BufferPool[IO-0_Write]: Allocate new buffer, current buffer count is 265
I1102 18:30:22.443817 IO-0/EL  buffer_pool.h:25] BufferPool[IO-0_Write]: Allocate new buffer, current buffer count is 266
I1102 18:30:22.443827 IO-0/EL  buffer_pool.h:25] BufferPool[IO-0_Write]: Allocate new buffer, current buffer count is 267
I1102 18:30:22.443838 IO-0/EL  buffer_pool.h:25] BufferPool[IO-0_Write]: Allocate new buffer, current buffer count is 268
I1102 18:30:22.443849 IO-0/EL  buffer_pool.h:25] BufferPool[IO-0_Write]: Allocate new buffer, current buffer count is 269
I1102 18:30:22.443859 IO-0/EL  buffer_pool.h:25] BufferPool[IO-0_Write]: Allocate new buffer, current buffer count is 270
I1102 18:30:22.443870 IO-0/EL  buffer_pool.h:25] BufferPool[IO-0_Write]: Allocate new buffer, current buffer count is 271
I1102 18:30:22.443880 IO-0/EL  buffer_pool.h:25] BufferPool[IO-0_Write]: Allocate new buffer, current buffer count is 272
I1102 18:30:22.443893 IO-0/EL  buffer_pool.h:25] BufferPool[IO-0_Write]: Allocate new buffer, current buffer count is 273
I1102 18:30:22.443902 IO-0/EL  buffer_pool.h:25] BufferPool[IO-0_Write]: Allocate new buffer, current buffer count is 274
I1102 18:30:22.443912 IO-0/EL  buffer_pool.h:25] BufferPool[IO-0_Write]: Allocate new buffer, current buffer count is 275
I1102 18:30:22.443921 IO-0/EL  buffer_pool.h:25] BufferPool[IO-0_Write]: Allocate new buffer, current buffer count is 276
I1102 18:30:22.443930 IO-0/EL  buffer_pool.h:25] BufferPool[IO-0_Write]: Allocate new buffer, current buffer count is 277
I1102 18:30:22.443940 IO-0/EL  buffer_pool.h:25] BufferPool[IO-0_Write]: Allocate new buffer, current buffer count is 278
I1102 18:30:22.443950 IO-0/EL  buffer_pool.h:25] BufferPool[IO-0_Write]: Allocate new buffer, current buffer count is 279
I1102 18:30:22.443959 IO-0/EL  buffer_pool.h:25] BufferPool[IO-0_Write]: Allocate new buffer, current buffer count is 280
I1102 18:30:22.443969 IO-0/EL  buffer_pool.h:25] BufferPool[IO-0_Write]: Allocate new buffer, current buffer count is 281
I1102 18:30:22.443984 IO-0/EL  buffer_pool.h:25] BufferPool[IO-0_Write]: Allocate new buffer, current buffer count is 282
I1102 18:30:22.443994 IO-0/EL  buffer_pool.h:25] BufferPool[IO-0_Write]: Allocate new buffer, current buffer count is 283
I1102 18:30:22.444004 IO-0/EL  buffer_pool.h:25] BufferPool[IO-0_Write]: Allocate new buffer, current buffer count is 284
I1102 18:30:22.444013 IO-0/EL  buffer_pool.h:25] BufferPool[IO-0_Write]: Allocate new buffer, current buffer count is 285
I1102 18:30:22.444022 IO-0/EL  buffer_pool.h:25] BufferPool[IO-0_Write]: Allocate new buffer, current buffer count is 286
I1102 18:30:22.444031 IO-0/EL  buffer_pool.h:25] BufferPool[IO-0_Write]: Allocate new buffer, current buffer count is 287
I1102 18:30:22.444042 IO-0/EL  buffer_pool.h:25] BufferPool[IO-0_Write]: Allocate new buffer, current buffer count is 288
I1102 18:30:22.444053 IO-0/EL  buffer_pool.h:25] BufferPool[IO-0_Write]: Allocate new buffer, current buffer count is 289
I1102 18:30:22.444065 IO-0/EL  buffer_pool.h:25] BufferPool[IO-0_Write]: Allocate new buffer, current buffer count is 290
I1102 18:30:22.444078 IO-0/EL  buffer_pool.h:25] BufferPool[IO-0_Write]: Allocate new buffer, current buffer count is 291
I1102 18:30:22.444088 IO-0/EL  buffer_pool.h:25] BufferPool[IO-0_Write]: Allocate new buffer, current buffer count is 292
I1102 18:30:22.444097 IO-0/EL  buffer_pool.h:25] BufferPool[IO-0_Write]: Allocate new buffer, current buffer count is 293
I1102 18:30:22.444105 IO-0/EL  buffer_pool.h:25] BufferPool[IO-0_Write]: Allocate new buffer, current buffer count is 294
I1102 18:30:22.444114 IO-0/EL  buffer_pool.h:25] BufferPool[IO-0_Write]: Allocate new buffer, current buffer count is 295
I1102 18:30:22.444124 IO-0/EL  buffer_pool.h:25] BufferPool[IO-0_Write]: Allocate new buffer, current buffer count is 296
I1102 18:30:22.444133 IO-0/EL  buffer_pool.h:25] BufferPool[IO-0_Write]: Allocate new buffer, current buffer count is 297
I1102 18:30:22.444142 IO-0/EL  buffer_pool.h:25] BufferPool[IO-0_Write]: Allocate new buffer, current buffer count is 298
I1102 18:30:22.444152 IO-0/EL  buffer_pool.h:25] BufferPool[IO-0_Write]: Allocate new buffer, current buffer count is 299
I1102 18:30:22.444162 IO-0/EL  buffer_pool.h:25] BufferPool[IO-0_Write]: Allocate new buffer, current buffer count is 300
I1102 18:30:22.444171 IO-0/EL  buffer_pool.h:25] BufferPool[IO-0_Write]: Allocate new buffer, current buffer count is 301
I1102 18:30:22.444181 IO-0/EL  buffer_pool.h:25] BufferPool[IO-0_Write]: Allocate new buffer, current buffer count is 302
I1102 18:30:22.444191 IO-0/EL  buffer_pool.h:25] BufferPool[IO-0_Write]: Allocate new buffer, current buffer count is 303
I1102 18:30:22.444200 IO-0/EL  buffer_pool.h:25] BufferPool[IO-0_Write]: Allocate new buffer, current buffer count is 304
I1102 18:30:22.444212 IO-0/EL  buffer_pool.h:25] BufferPool[IO-0_Write]: Allocate new buffer, current buffer count is 305
I1102 18:30:22.444223 IO-0/EL  buffer_pool.h:25] BufferPool[IO-0_Write]: Allocate new buffer, current buffer count is 306
I1102 18:30:22.444233 IO-0/EL  buffer_pool.h:25] BufferPool[IO-0_Write]: Allocate new buffer, current buffer count is 307
I1102 18:30:22.444244 IO-0/EL  buffer_pool.h:25] BufferPool[IO-0_Write]: Allocate new buffer, current buffer count is 308
I1102 18:30:22.444255 IO-0/EL  buffer_pool.h:25] BufferPool[IO-0_Write]: Allocate new buffer, current buffer count is 309
I1102 18:30:22.444267 IO-0/EL  buffer_pool.h:25] BufferPool[IO-0_Write]: Allocate new buffer, current buffer count is 310
I1102 18:30:22.444278 IO-0/EL  buffer_pool.h:25] BufferPool[IO-0_Write]: Allocate new buffer, current buffer count is 311
I1102 18:30:22.444287 IO-0/EL  buffer_pool.h:25] BufferPool[IO-0_Write]: Allocate new buffer, current buffer count is 312
I1102 18:30:22.444297 IO-0/EL  buffer_pool.h:25] BufferPool[IO-0_Write]: Allocate new buffer, current buffer count is 313
I1102 18:30:22.444307 IO-0/EL  buffer_pool.h:25] BufferPool[IO-0_Write]: Allocate new buffer, current buffer count is 314
I1102 18:30:22.444322 IO-0/EL  buffer_pool.h:25] BufferPool[IO-0_Write]: Allocate new buffer, current buffer count is 315
I1102 18:30:22.444331 IO-0/EL  buffer_pool.h:25] BufferPool[IO-0_Write]: Allocate new buffer, current buffer count is 316
I1102 18:30:22.444341 IO-0/EL  buffer_pool.h:25] BufferPool[IO-0_Write]: Allocate new buffer, current buffer count is 317
I1102 18:30:22.444350 IO-0/EL  buffer_pool.h:25] BufferPool[IO-0_Write]: Allocate new buffer, current buffer count is 318
I1102 18:30:22.444359 IO-0/EL  buffer_pool.h:25] BufferPool[IO-0_Write]: Allocate new buffer, current buffer count is 319
I1102 18:30:22.444370 IO-0/EL  buffer_pool.h:25] BufferPool[IO-0_Write]: Allocate new buffer, current buffer count is 320
I1102 18:30:22.444380 IO-0/EL  buffer_pool.h:25] BufferPool[IO-0_Write]: Allocate new buffer, current buffer count is 321
I1102 18:30:22.444391 IO-0/EL  buffer_pool.h:25] BufferPool[IO-0_Write]: Allocate new buffer, current buffer count is 322
I1102 18:30:22.444400 IO-0/EL  buffer_pool.h:25] BufferPool[IO-0_Write]: Allocate new buffer, current buffer count is 323
I1102 18:30:22.444412 IO-0/EL  buffer_pool.h:25] BufferPool[IO-0_Write]: Allocate new buffer, current buffer count is 324
I1102 18:30:22.444449 IO-0/EL  buffer_pool.h:25] BufferPool[IO-0_Write]: Allocate new buffer, current buffer count is 325
I1102 18:30:22.444460 IO-0/EL  buffer_pool.h:25] BufferPool[IO-0_Write]: Allocate new buffer, current buffer count is 326
I1102 18:30:22.444470 IO-0/EL  buffer_pool.h:25] BufferPool[IO-0_Write]: Allocate new buffer, current buffer count is 327
I1102 18:30:22.444483 IO-0/EL  buffer_pool.h:25] BufferPool[IO-0_Write]: Allocate new buffer, current buffer count is 328
I1102 18:30:22.444492 IO-0/EL  buffer_pool.h:25] BufferPool[IO-0_Write]: Allocate new buffer, current buffer count is 329
I1102 18:30:22.444504 IO-0/EL  buffer_pool.h:25] BufferPool[IO-0_Write]: Allocate new buffer, current buffer count is 330
I1102 18:30:22.444521 IO-0/EL  buffer_pool.h:25] BufferPool[IO-0_Write]: Allocate new buffer, current buffer count is 331
I1102 18:30:22.444536 IO-0/EL  buffer_pool.h:25] BufferPool[IO-0_Write]: Allocate new buffer, current buffer count is 332
I1102 18:30:22.444546 IO-0/EL  buffer_pool.h:25] BufferPool[IO-0_Write]: Allocate new buffer, current buffer count is 333
I1102 18:30:22.444557 IO-0/EL  buffer_pool.h:25] BufferPool[IO-0_Write]: Allocate new buffer, current buffer count is 334
I1102 18:30:22.444567 IO-0/EL  buffer_pool.h:25] BufferPool[IO-0_Write]: Allocate new buffer, current buffer count is 335
I1102 18:30:22.444576 IO-0/EL  buffer_pool.h:25] BufferPool[IO-0_Write]: Allocate new buffer, current buffer count is 336
I1102 18:30:22.444585 IO-0/EL  buffer_pool.h:25] BufferPool[IO-0_Write]: Allocate new buffer, current buffer count is 337
I1102 18:30:22.444594 IO-0/EL  buffer_pool.h:25] BufferPool[IO-0_Write]: Allocate new buffer, current buffer count is 338
I1102 18:30:22.444603 IO-0/EL  buffer_pool.h:25] BufferPool[IO-0_Write]: Allocate new buffer, current buffer count is 339
I1102 18:30:22.444612 IO-0/EL  buffer_pool.h:25] BufferPool[IO-0_Write]: Allocate new buffer, current buffer count is 340
I1102 18:30:22.444621 IO-0/EL  buffer_pool.h:25] BufferPool[IO-0_Write]: Allocate new buffer, current buffer count is 341
I1102 18:30:22.444631 IO-0/EL  buffer_pool.h:25] BufferPool[IO-0_Write]: Allocate new buffer, current buffer count is 342
I1102 18:30:22.444642 IO-0/EL  buffer_pool.h:25] BufferPool[IO-0_Write]: Allocate new buffer, current buffer count is 343
I1102 18:30:22.444653 IO-0/EL  buffer_pool.h:25] BufferPool[IO-0_Write]: Allocate new buffer, current buffer count is 344
I1102 18:30:22.444663 IO-0/EL  buffer_pool.h:25] BufferPool[IO-0_Write]: Allocate new buffer, current buffer count is 345
I1102 18:30:22.444677 IO-0/EL  buffer_pool.h:25] BufferPool[IO-0_Write]: Allocate new buffer, current buffer count is 346
I1102 18:30:22.444686 IO-0/EL  buffer_pool.h:25] BufferPool[IO-0_Write]: Allocate new buffer, current buffer count is 347
I1102 18:30:22.444696 IO-0/EL  buffer_pool.h:25] BufferPool[IO-0_Write]: Allocate new buffer, current buffer count is 348
I1102 18:30:22.444717 IO-0/EL  buffer_pool.h:25] BufferPool[IO-0_Write]: Allocate new buffer, current buffer count is 349
I1102 18:30:22.444728 IO-0/EL  buffer_pool.h:25] BufferPool[IO-0_Write]: Allocate new buffer, current buffer count is 350
I1102 18:30:22.444738 IO-0/EL  buffer_pool.h:25] BufferPool[IO-0_Write]: Allocate new buffer, current buffer count is 351
I1102 18:30:22.444748 IO-0/EL  buffer_pool.h:25] BufferPool[IO-0_Write]: Allocate new buffer, current buffer count is 352
I1102 18:30:22.444758 IO-0/EL  buffer_pool.h:25] BufferPool[IO-0_Write]: Allocate new buffer, current buffer count is 353
I1102 18:30:22.444767 IO-0/EL  buffer_pool.h:25] BufferPool[IO-0_Write]: Allocate new buffer, current buffer count is 354
I1102 18:30:22.444777 IO-0/EL  buffer_pool.h:25] BufferPool[IO-0_Write]: Allocate new buffer, current buffer count is 355
I1102 18:30:22.444786 IO-0/EL  buffer_pool.h:25] BufferPool[IO-0_Write]: Allocate new buffer, current buffer count is 356
I1102 18:30:22.444796 IO-0/EL  buffer_pool.h:25] BufferPool[IO-0_Write]: Allocate new buffer, current buffer count is 357
I1102 18:30:22.444807 IO-0/EL  buffer_pool.h:25] BufferPool[IO-0_Write]: Allocate new buffer, current buffer count is 358
I1102 18:30:22.444816 IO-0/EL  buffer_pool.h:25] BufferPool[IO-0_Write]: Allocate new buffer, current buffer count is 359
I1102 18:30:22.444825 IO-0/EL  buffer_pool.h:25] BufferPool[IO-0_Write]: Allocate new buffer, current buffer count is 360
I1102 18:30:22.444836 IO-0/EL  buffer_pool.h:25] BufferPool[IO-0_Write]: Allocate new buffer, current buffer count is 361
I1102 18:30:22.444848 IO-0/EL  buffer_pool.h:25] BufferPool[IO-0_Write]: Allocate new buffer, current buffer count is 362
I1102 18:30:22.444868 IO-0/EL  buffer_pool.h:25] BufferPool[IO-0_Write]: Allocate new buffer, current buffer count is 363
I1102 18:30:22.444879 IO-0/EL  buffer_pool.h:25] BufferPool[IO-0_Write]: Allocate new buffer, current buffer count is 364
I1102 18:30:22.444891 IO-0/EL  buffer_pool.h:25] BufferPool[IO-0_Write]: Allocate new buffer, current buffer count is 365
I1102 18:30:22.444901 IO-0/EL  buffer_pool.h:25] BufferPool[IO-0_Write]: Allocate new buffer, current buffer count is 366
I1102 18:30:22.444911 IO-0/EL  buffer_pool.h:25] BufferPool[IO-0_Write]: Allocate new buffer, current buffer count is 367
I1102 18:30:22.444920 IO-0/EL  buffer_pool.h:25] BufferPool[IO-0_Write]: Allocate new buffer, current buffer count is 368
I1102 18:30:22.444931 IO-0/EL  buffer_pool.h:25] BufferPool[IO-0_Write]: Allocate new buffer, current buffer count is 369
I1102 18:30:22.444941 IO-0/EL  buffer_pool.h:25] BufferPool[IO-0_Write]: Allocate new buffer, current buffer count is 370
I1102 18:30:22.444950 IO-0/EL  buffer_pool.h:25] BufferPool[IO-0_Write]: Allocate new buffer, current buffer count is 371
I1102 18:30:22.444960 IO-0/EL  buffer_pool.h:25] BufferPool[IO-0_Write]: Allocate new buffer, current buffer count is 372
I1102 18:30:22.444969 IO-0/EL  buffer_pool.h:25] BufferPool[IO-0_Write]: Allocate new buffer, current buffer count is 373
I1102 18:30:22.444978 IO-0/EL  buffer_pool.h:25] BufferPool[IO-0_Write]: Allocate new buffer, current buffer count is 374
I1102 18:30:22.444988 IO-0/EL  buffer_pool.h:25] BufferPool[IO-0_Write]: Allocate new buffer, current buffer count is 375
I1102 18:30:22.444998 IO-0/EL  buffer_pool.h:25] BufferPool[IO-0_Write]: Allocate new buffer, current buffer count is 376
I1102 18:30:22.445008 IO-0/EL  buffer_pool.h:25] BufferPool[IO-0_Write]: Allocate new buffer, current buffer count is 377
I1102 18:30:22.445017 IO-0/EL  buffer_pool.h:25] BufferPool[IO-0_Write]: Allocate new buffer, current buffer count is 378
I1102 18:30:22.445028 IO-0/EL  buffer_pool.h:25] BufferPool[IO-0_Write]: Allocate new buffer, current buffer count is 379
I1102 18:30:22.445040 IO-0/EL  buffer_pool.h:25] BufferPool[IO-0_Write]: Allocate new buffer, current buffer count is 380
I1102 18:30:22.445052 IO-0/EL  buffer_pool.h:25] BufferPool[IO-0_Write]: Allocate new buffer, current buffer count is 381
I1102 18:30:22.445068 IO-0/EL  buffer_pool.h:25] BufferPool[IO-0_Write]: Allocate new buffer, current buffer count is 382
I1102 18:30:22.445081 IO-0/EL  buffer_pool.h:25] BufferPool[IO-0_Write]: Allocate new buffer, current buffer count is 383
I1102 18:30:22.445090 IO-0/EL  buffer_pool.h:25] BufferPool[IO-0_Write]: Allocate new buffer, current buffer count is 384
I1102 18:30:22.445099 IO-0/EL  buffer_pool.h:25] BufferPool[IO-0_Write]: Allocate new buffer, current buffer count is 385
I1102 18:30:22.445110 IO-0/EL  buffer_pool.h:25] BufferPool[IO-0_Write]: Allocate new buffer, current buffer count is 386
I1102 18:30:22.445119 IO-0/EL  buffer_pool.h:25] BufferPool[IO-0_Write]: Allocate new buffer, current buffer count is 387
I1102 18:30:22.445130 IO-0/EL  buffer_pool.h:25] BufferPool[IO-0_Write]: Allocate new buffer, current buffer count is 388
I1102 18:30:22.445142 IO-0/EL  buffer_pool.h:25] BufferPool[IO-0_Write]: Allocate new buffer, current buffer count is 389
I1102 18:30:22.445152 IO-0/EL  buffer_pool.h:25] BufferPool[IO-0_Write]: Allocate new buffer, current buffer count is 390
I1102 18:30:22.445163 IO-0/EL  buffer_pool.h:25] BufferPool[IO-0_Write]: Allocate new buffer, current buffer count is 391
I1102 18:30:22.445176 IO-0/EL  buffer_pool.h:25] BufferPool[IO-0_Write]: Allocate new buffer, current buffer count is 392
I1102 18:30:22.445186 IO-0/EL  buffer_pool.h:25] BufferPool[IO-0_Write]: Allocate new buffer, current buffer count is 393
I1102 18:30:22.445196 IO-0/EL  buffer_pool.h:25] BufferPool[IO-0_Write]: Allocate new buffer, current buffer count is 394
I1102 18:30:22.445206 IO-0/EL  buffer_pool.h:25] BufferPool[IO-0_Write]: Allocate new buffer, current buffer count is 395
I1102 18:30:22.445215 IO-0/EL  buffer_pool.h:25] BufferPool[IO-0_Write]: Allocate new buffer, current buffer count is 396
I1102 18:30:22.445224 IO-0/EL  buffer_pool.h:25] BufferPool[IO-0_Write]: Allocate new buffer, current buffer count is 397
I1102 18:30:22.445234 IO-0/EL  buffer_pool.h:25] BufferPool[IO-0_Write]: Allocate new buffer, current buffer count is 398
I1102 18:30:22.445245 IO-0/EL  buffer_pool.h:25] BufferPool[IO-0_Write]: Allocate new buffer, current buffer count is 399
I1102 18:30:22.445255 IO-0/EL  buffer_pool.h:25] BufferPool[IO-0_Write]: Allocate new buffer, current buffer count is 400
I1102 18:30:22.445264 IO-0/EL  buffer_pool.h:25] BufferPool[IO-0_Write]: Allocate new buffer, current buffer count is 401
I1102 18:30:22.445274 IO-0/EL  buffer_pool.h:25] BufferPool[IO-0_Write]: Allocate new buffer, current buffer count is 402
I1102 18:30:22.445284 IO-0/EL  buffer_pool.h:25] BufferPool[IO-0_Write]: Allocate new buffer, current buffer count is 403
I1102 18:30:22.445296 IO-0/EL  buffer_pool.h:25] BufferPool[IO-0_Write]: Allocate new buffer, current buffer count is 404
I1102 18:30:22.445310 IO-0/EL  buffer_pool.h:25] BufferPool[IO-0_Write]: Allocate new buffer, current buffer count is 405
I1102 18:30:22.445322 IO-0/EL  buffer_pool.h:25] BufferPool[IO-0_Write]: Allocate new buffer, current buffer count is 406
I1102 18:30:22.445334 IO-0/EL  buffer_pool.h:25] BufferPool[IO-0_Write]: Allocate new buffer, current buffer count is 407
I1102 18:30:22.445344 IO-0/EL  buffer_pool.h:25] BufferPool[IO-0_Write]: Allocate new buffer, current buffer count is 408
I1102 18:30:22.445356 IO-0/EL  buffer_pool.h:25] BufferPool[IO-0_Write]: Allocate new buffer, current buffer count is 409
I1102 18:30:22.445370 IO-0/EL  buffer_pool.h:25] BufferPool[IO-0_Write]: Allocate new buffer, current buffer count is 410
I1102 18:30:22.445380 IO-0/EL  buffer_pool.h:25] BufferPool[IO-0_Write]: Allocate new buffer, current buffer count is 411
I1102 18:30:22.445390 IO-0/EL  buffer_pool.h:25] BufferPool[IO-0_Write]: Allocate new buffer, current buffer count is 412
I1102 18:30:22.445399 IO-0/EL  buffer_pool.h:25] BufferPool[IO-0_Write]: Allocate new buffer, current buffer count is 413
I1102 18:30:22.445409 IO-0/EL  buffer_pool.h:25] BufferPool[IO-0_Write]: Allocate new buffer, current buffer count is 414
I1102 18:30:22.445419 IO-0/EL  buffer_pool.h:25] BufferPool[IO-0_Write]: Allocate new buffer, current buffer count is 415
I1102 18:30:22.445435 IO-0/EL  buffer_pool.h:25] BufferPool[IO-0_Write]: Allocate new buffer, current buffer count is 416
I1102 18:30:22.445444 IO-0/EL  buffer_pool.h:25] BufferPool[IO-0_Write]: Allocate new buffer, current buffer count is 417
I1102 18:30:22.445454 IO-0/EL  buffer_pool.h:25] BufferPool[IO-0_Write]: Allocate new buffer, current buffer count is 418
I1102 18:30:22.445465 IO-0/EL  buffer_pool.h:25] BufferPool[IO-0_Write]: Allocate new buffer, current buffer count is 419
I1102 18:30:22.445474 IO-0/EL  buffer_pool.h:25] BufferPool[IO-0_Write]: Allocate new buffer, current buffer count is 420
I1102 18:30:22.445484 IO-0/EL  buffer_pool.h:25] BufferPool[IO-0_Write]: Allocate new buffer, current buffer count is 421
I1102 18:30:22.445493 IO-0/EL  buffer_pool.h:25] BufferPool[IO-0_Write]: Allocate new buffer, current buffer count is 422
I1102 18:30:22.445504 IO-0/EL  buffer_pool.h:25] BufferPool[IO-0_Write]: Allocate new buffer, current buffer count is 423
I1102 18:30:22.445514 IO-0/EL  buffer_pool.h:25] BufferPool[IO-0_Write]: Allocate new buffer, current buffer count is 424
I1102 18:30:22.445525 IO-0/EL  buffer_pool.h:25] BufferPool[IO-0_Write]: Allocate new buffer, current buffer count is 425
I1102 18:30:22.445536 IO-0/EL  buffer_pool.h:25] BufferPool[IO-0_Write]: Allocate new buffer, current buffer count is 426
I1102 18:30:22.445547 IO-0/EL  buffer_pool.h:25] BufferPool[IO-0_Write]: Allocate new buffer, current buffer count is 427
I1102 18:30:22.445559 IO-0/EL  buffer_pool.h:25] BufferPool[IO-0_Write]: Allocate new buffer, current buffer count is 428
I1102 18:30:22.445570 IO-0/EL  buffer_pool.h:25] BufferPool[IO-0_Write]: Allocate new buffer, current buffer count is 429
I1102 18:30:22.445579 IO-0/EL  buffer_pool.h:25] BufferPool[IO-0_Write]: Allocate new buffer, current buffer count is 430
I1102 18:30:22.445589 IO-0/EL  buffer_pool.h:25] BufferPool[IO-0_Write]: Allocate new buffer, current buffer count is 431
I1102 18:30:22.445598 IO-0/EL  buffer_pool.h:25] BufferPool[IO-0_Write]: Allocate new buffer, current buffer count is 432
I1102 18:30:27.509317 Main     server_base.cpp:35] Server: Scheduled to stop
I1102 18:30:27.509408 Server/E server_base.cpp:109] Server: Start stopping process
I1102 18:30:27.509464 IO-0/EL  message_connection.cpp:284] LauncherConnection[1]: Connection closed remotely
