I1102 18:31:25.522295 Main     thread.cpp:100] Register main thread: tid=1383620
E1102 18:31:25.524434 Main     docker.cpp:59] Cannot find docker's cgroup in /proc/self/cgroup
I1102 18:31:25.524491 Main     func_config.cpp:135] Load configuration for function Noop[1]
I1102 18:31:25.524502 Main     engine.cpp:109] Engine: Start 1 IO workers
I1102 18:31:25.527784 IO-0/EL  thread.cpp:40] Start thread: IO-0/EL
I1102 18:31:25.527831 IO-0/EL  io_worker.cpp:192] IO-0: Event loop starts
Checking for file descriptor...
Got a file descriptor!
I1102 18:31:27.358829 Main     engine.cpp:180] Engine: Created 1 Machnet connections to Gateway at 10.10.1.2:10007
I1102 18:31:27.358946 Main     engine.cpp:208] Engine: Listen on /dev/shm/faas_ipc/engine.sock for IPC connections
I1102 18:31:27.359086 Server/E thread.cpp:40] Start thread: Server/EL
I1102 18:31:27.359208 Server/E server_base.cpp:50] Server: Event loop starts
I1102 18:31:27.522421 Server/E engine.cpp:674] Engine: New message connection
I1102 18:31:27.525617 IO-0/EL  buffer_pool.h:25] BufferPool[IO-0_Read]: Allocate new buffer, current buffer count is 1
I1102 18:31:27.525650 IO-0/EL  engine.cpp:277] Engine: Receive new handshake message from message connection
I1102 18:31:27.525655 IO-0/EL  worker_manager.cpp:23] WorkerManager: Launcher of func_id 1 connected
I1102 18:31:27.525660 IO-0/EL  worker_manager.cpp:131] WorkerManager: Request new FuncWorker for func_id 1 with client_id 1
I1102 18:31:27.525680 IO-0/EL  worker_manager.cpp:131] WorkerManager: Request new FuncWorker for func_id 1 with client_id 2
I1102 18:31:27.525694 IO-0/EL  worker_manager.cpp:131] WorkerManager: Request new FuncWorker for func_id 1 with client_id 3
I1102 18:31:27.525704 IO-0/EL  worker_manager.cpp:131] WorkerManager: Request new FuncWorker for func_id 1 with client_id 4
I1102 18:31:27.525716 IO-0/EL  worker_manager.cpp:131] WorkerManager: Request new FuncWorker for func_id 1 with client_id 5
I1102 18:31:27.525726 IO-0/EL  worker_manager.cpp:131] WorkerManager: Request new FuncWorker for func_id 1 with client_id 6
I1102 18:31:27.525737 IO-0/EL  worker_manager.cpp:131] WorkerManager: Request new FuncWorker for func_id 1 with client_id 7
I1102 18:31:27.525747 IO-0/EL  worker_manager.cpp:131] WorkerManager: Request new FuncWorker for func_id 1 with client_id 8
I1102 18:31:27.525760 IO-0/EL  worker_manager.cpp:131] WorkerManager: Request new FuncWorker for func_id 1 with client_id 9
I1102 18:31:27.525769 IO-0/EL  worker_manager.cpp:131] WorkerManager: Request new FuncWorker for func_id 1 with client_id 10
I1102 18:31:27.525781 IO-0/EL  worker_manager.cpp:131] WorkerManager: Request new FuncWorker for func_id 1 with client_id 11
I1102 18:31:27.525790 IO-0/EL  worker_manager.cpp:131] WorkerManager: Request new FuncWorker for func_id 1 with client_id 12
I1102 18:31:27.525803 IO-0/EL  worker_manager.cpp:131] WorkerManager: Request new FuncWorker for func_id 1 with client_id 13
I1102 18:31:27.525812 IO-0/EL  worker_manager.cpp:131] WorkerManager: Request new FuncWorker for func_id 1 with client_id 14
I1102 18:31:27.525821 IO-0/EL  worker_manager.cpp:131] WorkerManager: Request new FuncWorker for func_id 1 with client_id 15
I1102 18:31:27.525833 IO-0/EL  worker_manager.cpp:131] WorkerManager: Request new FuncWorker for func_id 1 with client_id 16
I1102 18:31:27.525842 IO-0/EL  worker_manager.cpp:131] WorkerManager: Request new FuncWorker for func_id 1 with client_id 17
I1102 18:31:27.525863 IO-0/EL  worker_manager.cpp:131] WorkerManager: Request new FuncWorker for func_id 1 with client_id 18
I1102 18:31:27.525873 IO-0/EL  worker_manager.cpp:131] WorkerManager: Request new FuncWorker for func_id 1 with client_id 19
I1102 18:31:27.525883 IO-0/EL  worker_manager.cpp:131] WorkerManager: Request new FuncWorker for func_id 1 with client_id 20
I1102 18:31:27.525894 IO-0/EL  worker_manager.cpp:131] WorkerManager: Request new FuncWorker for func_id 1 with client_id 21
I1102 18:31:27.525904 IO-0/EL  worker_manager.cpp:131] WorkerManager: Request new FuncWorker for func_id 1 with client_id 22
I1102 18:31:27.525913 IO-0/EL  worker_manager.cpp:131] WorkerManager: Request new FuncWorker for func_id 1 with client_id 23
I1102 18:31:27.525938 IO-0/EL  worker_manager.cpp:131] WorkerManager: Request new FuncWorker for func_id 1 with client_id 24
I1102 18:31:27.525948 IO-0/EL  worker_manager.cpp:131] WorkerManager: Request new FuncWorker for func_id 1 with client_id 25
I1102 18:31:27.525957 IO-0/EL  worker_manager.cpp:131] WorkerManager: Request new FuncWorker for func_id 1 with client_id 26
I1102 18:31:27.525966 IO-0/EL  worker_manager.cpp:131] WorkerManager: Request new FuncWorker for func_id 1 with client_id 27
I1102 18:31:27.525979 IO-0/EL  worker_manager.cpp:131] WorkerManager: Request new FuncWorker for func_id 1 with client_id 28
I1102 18:31:27.525988 IO-0/EL  worker_manager.cpp:131] WorkerManager: Request new FuncWorker for func_id 1 with client_id 29
I1102 18:31:27.525999 IO-0/EL  worker_manager.cpp:131] WorkerManager: Request new FuncWorker for func_id 1 with client_id 30
I1102 18:31:27.526009 IO-0/EL  worker_manager.cpp:131] WorkerManager: Request new FuncWorker for func_id 1 with client_id 31
I1102 18:31:27.526019 IO-0/EL  worker_manager.cpp:131] WorkerManager: Request new FuncWorker for func_id 1 with client_id 32
I1102 18:31:27.526028 IO-0/EL  worker_manager.cpp:131] WorkerManager: Request new FuncWorker for func_id 1 with client_id 33
I1102 18:31:27.526061 IO-0/EL  worker_manager.cpp:131] WorkerManager: Request new FuncWorker for func_id 1 with client_id 34
I1102 18:31:27.526071 IO-0/EL  worker_manager.cpp:131] WorkerManager: Request new FuncWorker for func_id 1 with client_id 35
I1102 18:31:27.526084 IO-0/EL  worker_manager.cpp:131] WorkerManager: Request new FuncWorker for func_id 1 with client_id 36
I1102 18:31:27.526095 IO-0/EL  worker_manager.cpp:131] WorkerManager: Request new FuncWorker for func_id 1 with client_id 37
I1102 18:31:27.526104 IO-0/EL  worker_manager.cpp:131] WorkerManager: Request new FuncWorker for func_id 1 with client_id 38
I1102 18:31:27.526115 IO-0/EL  worker_manager.cpp:131] WorkerManager: Request new FuncWorker for func_id 1 with client_id 39
I1102 18:31:27.526125 IO-0/EL  worker_manager.cpp:131] WorkerManager: Request new FuncWorker for func_id 1 with client_id 40
I1102 18:31:27.526135 IO-0/EL  worker_manager.cpp:131] WorkerManager: Request new FuncWorker for func_id 1 with client_id 41
I1102 18:31:27.526143 IO-0/EL  worker_manager.cpp:131] WorkerManager: Request new FuncWorker for func_id 1 with client_id 42
I1102 18:31:27.526154 IO-0/EL  worker_manager.cpp:131] WorkerManager: Request new FuncWorker for func_id 1 with client_id 43
I1102 18:31:27.526165 IO-0/EL  worker_manager.cpp:131] WorkerManager: Request new FuncWorker for func_id 1 with client_id 44
I1102 18:31:27.526174 IO-0/EL  worker_manager.cpp:131] WorkerManager: Request new FuncWorker for func_id 1 with client_id 45
I1102 18:31:27.526185 IO-0/EL  worker_manager.cpp:131] WorkerManager: Request new FuncWorker for func_id 1 with client_id 46
I1102 18:31:27.526194 IO-0/EL  worker_manager.cpp:131] WorkerManager: Request new FuncWorker for func_id 1 with client_id 47
I1102 18:31:27.526205 IO-0/EL  worker_manager.cpp:131] WorkerManager: Request new FuncWorker for func_id 1 with client_id 48
I1102 18:31:27.526215 IO-0/EL  worker_manager.cpp:131] WorkerManager: Request new FuncWorker for func_id 1 with client_id 49
I1102 18:31:27.526224 IO-0/EL  worker_manager.cpp:131] WorkerManager: Request new FuncWorker for func_id 1 with client_id 50
I1102 18:31:27.526235 IO-0/EL  worker_manager.cpp:131] WorkerManager: Request new FuncWorker for func_id 1 with client_id 51
I1102 18:31:27.526245 IO-0/EL  worker_manager.cpp:131] WorkerManager: Request new FuncWorker for func_id 1 with client_id 52
I1102 18:31:27.526255 IO-0/EL  worker_manager.cpp:131] WorkerManager: Request new FuncWorker for func_id 1 with client_id 53
I1102 18:31:27.526265 IO-0/EL  worker_manager.cpp:131] WorkerManager: Request new FuncWorker for func_id 1 with client_id 54
I1102 18:31:27.526275 IO-0/EL  worker_manager.cpp:131] WorkerManager: Request new FuncWorker for func_id 1 with client_id 55
I1102 18:31:27.526286 IO-0/EL  worker_manager.cpp:131] WorkerManager: Request new FuncWorker for func_id 1 with client_id 56
I1102 18:31:27.526301 IO-0/EL  worker_manager.cpp:131] WorkerManager: Request new FuncWorker for func_id 1 with client_id 57
I1102 18:31:27.526312 IO-0/EL  worker_manager.cpp:131] WorkerManager: Request new FuncWorker for func_id 1 with client_id 58
I1102 18:31:27.526322 IO-0/EL  worker_manager.cpp:131] WorkerManager: Request new FuncWorker for func_id 1 with client_id 59
I1102 18:31:27.526333 IO-0/EL  worker_manager.cpp:131] WorkerManager: Request new FuncWorker for func_id 1 with client_id 60
I1102 18:31:27.526344 IO-0/EL  worker_manager.cpp:131] WorkerManager: Request new FuncWorker for func_id 1 with client_id 61
I1102 18:31:27.526353 IO-0/EL  worker_manager.cpp:131] WorkerManager: Request new FuncWorker for func_id 1 with client_id 62
I1102 18:31:27.526363 IO-0/EL  worker_manager.cpp:131] WorkerManager: Request new FuncWorker for func_id 1 with client_id 63
I1102 18:31:27.526372 IO-0/EL  worker_manager.cpp:131] WorkerManager: Request new FuncWorker for func_id 1 with client_id 64
I1102 18:31:27.526381 IO-0/EL  worker_manager.cpp:131] WorkerManager: Request new FuncWorker for func_id 1 with client_id 65
I1102 18:31:27.526433 IO-0/EL  worker_manager.cpp:131] WorkerManager: Request new FuncWorker for func_id 1 with client_id 66
I1102 18:31:27.526444 IO-0/EL  worker_manager.cpp:131] WorkerManager: Request new FuncWorker for func_id 1 with client_id 67
I1102 18:31:27.526453 IO-0/EL  worker_manager.cpp:131] WorkerManager: Request new FuncWorker for func_id 1 with client_id 68
I1102 18:31:27.526467 IO-0/EL  worker_manager.cpp:131] WorkerManager: Request new FuncWorker for func_id 1 with client_id 69
I1102 18:31:27.526477 IO-0/EL  worker_manager.cpp:131] WorkerManager: Request new FuncWorker for func_id 1 with client_id 70
I1102 18:31:27.526486 IO-0/EL  worker_manager.cpp:131] WorkerManager: Request new FuncWorker for func_id 1 with client_id 71
I1102 18:31:27.526496 IO-0/EL  worker_manager.cpp:131] WorkerManager: Request new FuncWorker for func_id 1 with client_id 72
I1102 18:31:27.526510 IO-0/EL  worker_manager.cpp:131] WorkerManager: Request new FuncWorker for func_id 1 with client_id 73
I1102 18:31:27.526520 IO-0/EL  worker_manager.cpp:131] WorkerManager: Request new FuncWorker for func_id 1 with client_id 74
I1102 18:31:27.526530 IO-0/EL  worker_manager.cpp:131] WorkerManager: Request new FuncWorker for func_id 1 with client_id 75
I1102 18:31:27.526541 IO-0/EL  worker_manager.cpp:131] WorkerManager: Request new FuncWorker for func_id 1 with client_id 76
I1102 18:31:27.526552 IO-0/EL  worker_manager.cpp:131] WorkerManager: Request new FuncWorker for func_id 1 with client_id 77
I1102 18:31:27.526562 IO-0/EL  worker_manager.cpp:131] WorkerManager: Request new FuncWorker for func_id 1 with client_id 78
I1102 18:31:27.526572 IO-0/EL  worker_manager.cpp:131] WorkerManager: Request new FuncWorker for func_id 1 with client_id 79
I1102 18:31:27.526582 IO-0/EL  worker_manager.cpp:131] WorkerManager: Request new FuncWorker for func_id 1 with client_id 80
I1102 18:31:27.526595 IO-0/EL  worker_manager.cpp:131] WorkerManager: Request new FuncWorker for func_id 1 with client_id 81
I1102 18:31:27.526605 IO-0/EL  worker_manager.cpp:131] WorkerManager: Request new FuncWorker for func_id 1 with client_id 82
I1102 18:31:27.526614 IO-0/EL  worker_manager.cpp:131] WorkerManager: Request new FuncWorker for func_id 1 with client_id 83
I1102 18:31:27.526625 IO-0/EL  worker_manager.cpp:131] WorkerManager: Request new FuncWorker for func_id 1 with client_id 84
I1102 18:31:27.526638 IO-0/EL  worker_manager.cpp:131] WorkerManager: Request new FuncWorker for func_id 1 with client_id 85
I1102 18:31:27.526648 IO-0/EL  worker_manager.cpp:131] WorkerManager: Request new FuncWorker for func_id 1 with client_id 86
I1102 18:31:27.526657 IO-0/EL  worker_manager.cpp:131] WorkerManager: Request new FuncWorker for func_id 1 with client_id 87
I1102 18:31:27.526668 IO-0/EL  worker_manager.cpp:131] WorkerManager: Request new FuncWorker for func_id 1 with client_id 88
I1102 18:31:27.526684 IO-0/EL  worker_manager.cpp:131] WorkerManager: Request new FuncWorker for func_id 1 with client_id 89
I1102 18:31:27.526694 IO-0/EL  worker_manager.cpp:131] WorkerManager: Request new FuncWorker for func_id 1 with client_id 90
I1102 18:31:27.526705 IO-0/EL  worker_manager.cpp:131] WorkerManager: Request new FuncWorker for func_id 1 with client_id 91
I1102 18:31:27.526720 IO-0/EL  worker_manager.cpp:131] WorkerManager: Request new FuncWorker for func_id 1 with client_id 92
I1102 18:31:27.526733 IO-0/EL  worker_manager.cpp:131] WorkerManager: Request new FuncWorker for func_id 1 with client_id 93
I1102 18:31:27.526743 IO-0/EL  worker_manager.cpp:131] WorkerManager: Request new FuncWorker for func_id 1 with client_id 94
I1102 18:31:27.526753 IO-0/EL  worker_manager.cpp:131] WorkerManager: Request new FuncWorker for func_id 1 with client_id 95
I1102 18:31:27.526764 IO-0/EL  worker_manager.cpp:131] WorkerManager: Request new FuncWorker for func_id 1 with client_id 96
I1102 18:31:27.526776 IO-0/EL  worker_manager.cpp:131] WorkerManager: Request new FuncWorker for func_id 1 with client_id 97
I1102 18:31:27.526785 IO-0/EL  worker_manager.cpp:131] WorkerManager: Request new FuncWorker for func_id 1 with client_id 98
I1102 18:31:27.526796 IO-0/EL  worker_manager.cpp:131] WorkerManager: Request new FuncWorker for func_id 1 with client_id 99
I1102 18:31:27.526805 IO-0/EL  worker_manager.cpp:131] WorkerManager: Request new FuncWorker for func_id 1 with client_id 100
I1102 18:31:27.526817 IO-0/EL  worker_manager.cpp:131] WorkerManager: Request new FuncWorker for func_id 1 with client_id 101
I1102 18:31:27.526827 IO-0/EL  worker_manager.cpp:131] WorkerManager: Request new FuncWorker for func_id 1 with client_id 102
I1102 18:31:27.526838 IO-0/EL  worker_manager.cpp:131] WorkerManager: Request new FuncWorker for func_id 1 with client_id 103
I1102 18:31:27.526847 IO-0/EL  worker_manager.cpp:131] WorkerManager: Request new FuncWorker for func_id 1 with client_id 104
I1102 18:31:27.526858 IO-0/EL  worker_manager.cpp:131] WorkerManager: Request new FuncWorker for func_id 1 with client_id 105
I1102 18:31:27.526869 IO-0/EL  worker_manager.cpp:131] WorkerManager: Request new FuncWorker for func_id 1 with client_id 106
I1102 18:31:27.526879 IO-0/EL  worker_manager.cpp:131] WorkerManager: Request new FuncWorker for func_id 1 with client_id 107
I1102 18:31:27.526889 IO-0/EL  worker_manager.cpp:131] WorkerManager: Request new FuncWorker for func_id 1 with client_id 108
I1102 18:31:27.526900 IO-0/EL  worker_manager.cpp:131] WorkerManager: Request new FuncWorker for func_id 1 with client_id 109
I1102 18:31:27.526910 IO-0/EL  worker_manager.cpp:131] WorkerManager: Request new FuncWorker for func_id 1 with client_id 110
I1102 18:31:27.526922 IO-0/EL  worker_manager.cpp:131] WorkerManager: Request new FuncWorker for func_id 1 with client_id 111
I1102 18:31:27.526932 IO-0/EL  worker_manager.cpp:131] WorkerManager: Request new FuncWorker for func_id 1 with client_id 112
I1102 18:31:27.526943 IO-0/EL  worker_manager.cpp:131] WorkerManager: Request new FuncWorker for func_id 1 with client_id 113
I1102 18:31:27.526954 IO-0/EL  worker_manager.cpp:131] WorkerManager: Request new FuncWorker for func_id 1 with client_id 114
I1102 18:31:27.526963 IO-0/EL  worker_manager.cpp:131] WorkerManager: Request new FuncWorker for func_id 1 with client_id 115
I1102 18:31:27.526972 IO-0/EL  worker_manager.cpp:131] WorkerManager: Request new FuncWorker for func_id 1 with client_id 116
I1102 18:31:27.526984 IO-0/EL  worker_manager.cpp:131] WorkerManager: Request new FuncWorker for func_id 1 with client_id 117
I1102 18:31:27.526996 IO-0/EL  worker_manager.cpp:131] WorkerManager: Request new FuncWorker for func_id 1 with client_id 118
I1102 18:31:27.527006 IO-0/EL  worker_manager.cpp:131] WorkerManager: Request new FuncWorker for func_id 1 with client_id 119
I1102 18:31:27.527015 IO-0/EL  worker_manager.cpp:131] WorkerManager: Request new FuncWorker for func_id 1 with client_id 120
I1102 18:31:27.527030 IO-0/EL  worker_manager.cpp:131] WorkerManager: Request new FuncWorker for func_id 1 with client_id 121
I1102 18:31:27.527045 IO-0/EL  worker_manager.cpp:131] WorkerManager: Request new FuncWorker for func_id 1 with client_id 122
I1102 18:31:27.527054 IO-0/EL  worker_manager.cpp:131] WorkerManager: Request new FuncWorker for func_id 1 with client_id 123
I1102 18:31:27.527065 IO-0/EL  worker_manager.cpp:131] WorkerManager: Request new FuncWorker for func_id 1 with client_id 124
I1102 18:31:27.527077 IO-0/EL  worker_manager.cpp:131] WorkerManager: Request new FuncWorker for func_id 1 with client_id 125
I1102 18:31:27.527088 IO-0/EL  worker_manager.cpp:131] WorkerManager: Request new FuncWorker for func_id 1 with client_id 126
I1102 18:31:27.527098 IO-0/EL  worker_manager.cpp:131] WorkerManager: Request new FuncWorker for func_id 1 with client_id 127
I1102 18:31:27.527108 IO-0/EL  worker_manager.cpp:131] WorkerManager: Request new FuncWorker for func_id 1 with client_id 128
I1102 18:31:27.527121 IO-0/EL  worker_manager.cpp:131] WorkerManager: Request new FuncWorker for func_id 1 with client_id 129
I1102 18:31:27.527218 IO-0/EL  worker_manager.cpp:131] WorkerManager: Request new FuncWorker for func_id 1 with client_id 130
I1102 18:31:27.527231 IO-0/EL  worker_manager.cpp:131] WorkerManager: Request new FuncWorker for func_id 1 with client_id 131
I1102 18:31:27.527241 IO-0/EL  worker_manager.cpp:131] WorkerManager: Request new FuncWorker for func_id 1 with client_id 132
I1102 18:31:27.527254 IO-0/EL  worker_manager.cpp:131] WorkerManager: Request new FuncWorker for func_id 1 with client_id 133
I1102 18:31:27.527264 IO-0/EL  worker_manager.cpp:131] WorkerManager: Request new FuncWorker for func_id 1 with client_id 134
I1102 18:31:27.527274 IO-0/EL  worker_manager.cpp:131] WorkerManager: Request new FuncWorker for func_id 1 with client_id 135
I1102 18:31:27.527285 IO-0/EL  worker_manager.cpp:131] WorkerManager: Request new FuncWorker for func_id 1 with client_id 136
I1102 18:31:27.527296 IO-0/EL  worker_manager.cpp:131] WorkerManager: Request new FuncWorker for func_id 1 with client_id 137
I1102 18:31:27.527306 IO-0/EL  worker_manager.cpp:131] WorkerManager: Request new FuncWorker for func_id 1 with client_id 138
I1102 18:31:27.527315 IO-0/EL  worker_manager.cpp:131] WorkerManager: Request new FuncWorker for func_id 1 with client_id 139
I1102 18:31:27.527325 IO-0/EL  worker_manager.cpp:131] WorkerManager: Request new FuncWorker for func_id 1 with client_id 140
I1102 18:31:27.527338 IO-0/EL  worker_manager.cpp:131] WorkerManager: Request new FuncWorker for func_id 1 with client_id 141
I1102 18:31:27.527347 IO-0/EL  worker_manager.cpp:131] WorkerManager: Request new FuncWorker for func_id 1 with client_id 142
I1102 18:31:27.527357 IO-0/EL  worker_manager.cpp:131] WorkerManager: Request new FuncWorker for func_id 1 with client_id 143
I1102 18:31:27.527368 IO-0/EL  worker_manager.cpp:131] WorkerManager: Request new FuncWorker for func_id 1 with client_id 144
I1102 18:31:27.527380 IO-0/EL  worker_manager.cpp:131] WorkerManager: Request new FuncWorker for func_id 1 with client_id 145
I1102 18:31:27.527391 IO-0/EL  worker_manager.cpp:131] WorkerManager: Request new FuncWorker for func_id 1 with client_id 146
I1102 18:31:27.527400 IO-0/EL  worker_manager.cpp:131] WorkerManager: Request new FuncWorker for func_id 1 with client_id 147
I1102 18:31:27.527411 IO-0/EL  worker_manager.cpp:131] WorkerManager: Request new FuncWorker for func_id 1 with client_id 148
I1102 18:31:27.527423 IO-0/EL  worker_manager.cpp:131] WorkerManager: Request new FuncWorker for func_id 1 with client_id 149
I1102 18:31:27.527433 IO-0/EL  worker_manager.cpp:131] WorkerManager: Request new FuncWorker for func_id 1 with client_id 150
I1102 18:31:27.527444 IO-0/EL  worker_manager.cpp:131] WorkerManager: Request new FuncWorker for func_id 1 with client_id 151
I1102 18:31:27.527453 IO-0/EL  worker_manager.cpp:131] WorkerManager: Request new FuncWorker for func_id 1 with client_id 152
I1102 18:31:27.527464 IO-0/EL  worker_manager.cpp:131] WorkerManager: Request new FuncWorker for func_id 1 with client_id 153
I1102 18:31:27.527479 IO-0/EL  worker_manager.cpp:131] WorkerManager: Request new FuncWorker for func_id 1 with client_id 154
I1102 18:31:27.527489 IO-0/EL  worker_manager.cpp:131] WorkerManager: Request new FuncWorker for func_id 1 with client_id 155
I1102 18:31:27.527500 IO-0/EL  worker_manager.cpp:131] WorkerManager: Request new FuncWorker for func_id 1 with client_id 156
I1102 18:31:27.527512 IO-0/EL  worker_manager.cpp:131] WorkerManager: Request new FuncWorker for func_id 1 with client_id 157
I1102 18:31:27.527521 IO-0/EL  worker_manager.cpp:131] WorkerManager: Request new FuncWorker for func_id 1 with client_id 158
I1102 18:31:27.527532 IO-0/EL  worker_manager.cpp:131] WorkerManager: Request new FuncWorker for func_id 1 with client_id 159
I1102 18:31:27.527541 IO-0/EL  worker_manager.cpp:131] WorkerManager: Request new FuncWorker for func_id 1 with client_id 160
I1102 18:31:27.527552 IO-0/EL  worker_manager.cpp:131] WorkerManager: Request new FuncWorker for func_id 1 with client_id 161
I1102 18:31:27.527561 IO-0/EL  worker_manager.cpp:131] WorkerManager: Request new FuncWorker for func_id 1 with client_id 162
I1102 18:31:27.527573 IO-0/EL  worker_manager.cpp:131] WorkerManager: Request new FuncWorker for func_id 1 with client_id 163
I1102 18:31:27.527583 IO-0/EL  worker_manager.cpp:131] WorkerManager: Request new FuncWorker for func_id 1 with client_id 164
I1102 18:31:27.527593 IO-0/EL  worker_manager.cpp:131] WorkerManager: Request new FuncWorker for func_id 1 with client_id 165
I1102 18:31:27.527604 IO-0/EL  worker_manager.cpp:131] WorkerManager: Request new FuncWorker for func_id 1 with client_id 166
I1102 18:31:27.527614 IO-0/EL  worker_manager.cpp:131] WorkerManager: Request new FuncWorker for func_id 1 with client_id 167
I1102 18:31:27.527623 IO-0/EL  worker_manager.cpp:131] WorkerManager: Request new FuncWorker for func_id 1 with client_id 168
I1102 18:31:27.527636 IO-0/EL  worker_manager.cpp:131] WorkerManager: Request new FuncWorker for func_id 1 with client_id 169
I1102 18:31:27.527645 IO-0/EL  worker_manager.cpp:131] WorkerManager: Request new FuncWorker for func_id 1 with client_id 170
I1102 18:31:27.527656 IO-0/EL  worker_manager.cpp:131] WorkerManager: Request new FuncWorker for func_id 1 with client_id 171
I1102 18:31:27.527666 IO-0/EL  worker_manager.cpp:131] WorkerManager: Request new FuncWorker for func_id 1 with client_id 172
I1102 18:31:27.527677 IO-0/EL  worker_manager.cpp:131] WorkerManager: Request new FuncWorker for func_id 1 with client_id 173
I1102 18:31:27.527689 IO-0/EL  worker_manager.cpp:131] WorkerManager: Request new FuncWorker for func_id 1 with client_id 174
I1102 18:31:27.527698 IO-0/EL  worker_manager.cpp:131] WorkerManager: Request new FuncWorker for func_id 1 with client_id 175
I1102 18:31:27.527713 IO-0/EL  worker_manager.cpp:131] WorkerManager: Request new FuncWorker for func_id 1 with client_id 176
I1102 18:31:27.527725 IO-0/EL  worker_manager.cpp:131] WorkerManager: Request new FuncWorker for func_id 1 with client_id 177
I1102 18:31:27.527736 IO-0/EL  worker_manager.cpp:131] WorkerManager: Request new FuncWorker for func_id 1 with client_id 178
I1102 18:31:27.527746 IO-0/EL  worker_manager.cpp:131] WorkerManager: Request new FuncWorker for func_id 1 with client_id 179
I1102 18:31:27.527755 IO-0/EL  worker_manager.cpp:131] WorkerManager: Request new FuncWorker for func_id 1 with client_id 180
I1102 18:31:27.527768 IO-0/EL  worker_manager.cpp:131] WorkerManager: Request new FuncWorker for func_id 1 with client_id 181
I1102 18:31:27.527778 IO-0/EL  worker_manager.cpp:131] WorkerManager: Request new FuncWorker for func_id 1 with client_id 182
I1102 18:31:27.527788 IO-0/EL  worker_manager.cpp:131] WorkerManager: Request new FuncWorker for func_id 1 with client_id 183
I1102 18:31:27.527798 IO-0/EL  worker_manager.cpp:131] WorkerManager: Request new FuncWorker for func_id 1 with client_id 184
I1102 18:31:27.527810 IO-0/EL  worker_manager.cpp:131] WorkerManager: Request new FuncWorker for func_id 1 with client_id 185
I1102 18:31:27.527821 IO-0/EL  worker_manager.cpp:131] WorkerManager: Request new FuncWorker for func_id 1 with client_id 186
I1102 18:31:27.527835 IO-0/EL  worker_manager.cpp:131] WorkerManager: Request new FuncWorker for func_id 1 with client_id 187
I1102 18:31:27.527844 IO-0/EL  worker_manager.cpp:131] WorkerManager: Request new FuncWorker for func_id 1 with client_id 188
I1102 18:31:27.527858 IO-0/EL  worker_manager.cpp:131] WorkerManager: Request new FuncWorker for func_id 1 with client_id 189
I1102 18:31:27.527867 IO-0/EL  worker_manager.cpp:131] WorkerManager: Request new FuncWorker for func_id 1 with client_id 190
I1102 18:31:27.527877 IO-0/EL  worker_manager.cpp:131] WorkerManager: Request new FuncWorker for func_id 1 with client_id 191
I1102 18:31:27.527887 IO-0/EL  worker_manager.cpp:131] WorkerManager: Request new FuncWorker for func_id 1 with client_id 192
I1102 18:31:27.527900 IO-0/EL  worker_manager.cpp:131] WorkerManager: Request new FuncWorker for func_id 1 with client_id 193
I1102 18:31:27.527910 IO-0/EL  worker_manager.cpp:131] WorkerManager: Request new FuncWorker for func_id 1 with client_id 194
I1102 18:31:27.527919 IO-0/EL  worker_manager.cpp:131] WorkerManager: Request new FuncWorker for func_id 1 with client_id 195
I1102 18:31:27.527930 IO-0/EL  worker_manager.cpp:131] WorkerManager: Request new FuncWorker for func_id 1 with client_id 196
I1102 18:31:27.527941 IO-0/EL  worker_manager.cpp:131] WorkerManager: Request new FuncWorker for func_id 1 with client_id 197
I1102 18:31:27.527950 IO-0/EL  worker_manager.cpp:131] WorkerManager: Request new FuncWorker for func_id 1 with client_id 198
I1102 18:31:27.527959 IO-0/EL  worker_manager.cpp:131] WorkerManager: Request new FuncWorker for func_id 1 with client_id 199
I1102 18:31:27.527968 IO-0/EL  worker_manager.cpp:131] WorkerManager: Request new FuncWorker for func_id 1 with client_id 200
I1102 18:31:27.527980 IO-0/EL  worker_manager.cpp:131] WorkerManager: Request new FuncWorker for func_id 1 with client_id 201
I1102 18:31:27.527990 IO-0/EL  worker_manager.cpp:131] WorkerManager: Request new FuncWorker for func_id 1 with client_id 202
I1102 18:31:27.528000 IO-0/EL  worker_manager.cpp:131] WorkerManager: Request new FuncWorker for func_id 1 with client_id 203
I1102 18:31:27.528011 IO-0/EL  worker_manager.cpp:131] WorkerManager: Request new FuncWorker for func_id 1 with client_id 204
I1102 18:31:27.528022 IO-0/EL  worker_manager.cpp:131] WorkerManager: Request new FuncWorker for func_id 1 with client_id 205
I1102 18:31:27.528031 IO-0/EL  worker_manager.cpp:131] WorkerManager: Request new FuncWorker for func_id 1 with client_id 206
I1102 18:31:27.528047 IO-0/EL  worker_manager.cpp:131] WorkerManager: Request new FuncWorker for func_id 1 with client_id 207
I1102 18:31:27.528058 IO-0/EL  worker_manager.cpp:131] WorkerManager: Request new FuncWorker for func_id 1 with client_id 208
I1102 18:31:27.528069 IO-0/EL  worker_manager.cpp:131] WorkerManager: Request new FuncWorker for func_id 1 with client_id 209
I1102 18:31:27.528079 IO-0/EL  worker_manager.cpp:131] WorkerManager: Request new FuncWorker for func_id 1 with client_id 210
I1102 18:31:27.528091 IO-0/EL  worker_manager.cpp:131] WorkerManager: Request new FuncWorker for func_id 1 with client_id 211
I1102 18:31:27.528100 IO-0/EL  worker_manager.cpp:131] WorkerManager: Request new FuncWorker for func_id 1 with client_id 212
I1102 18:31:27.528111 IO-0/EL  worker_manager.cpp:131] WorkerManager: Request new FuncWorker for func_id 1 with client_id 213
I1102 18:31:27.528120 IO-0/EL  worker_manager.cpp:131] WorkerManager: Request new FuncWorker for func_id 1 with client_id 214
I1102 18:31:27.528129 IO-0/EL  worker_manager.cpp:131] WorkerManager: Request new FuncWorker for func_id 1 with client_id 215
I1102 18:31:27.528140 IO-0/EL  worker_manager.cpp:131] WorkerManager: Request new FuncWorker for func_id 1 with client_id 216
I1102 18:31:27.528152 IO-0/EL  worker_manager.cpp:131] WorkerManager: Request new FuncWorker for func_id 1 with client_id 217
I1102 18:31:27.528161 IO-0/EL  worker_manager.cpp:131] WorkerManager: Request new FuncWorker for func_id 1 with client_id 218
I1102 18:31:27.528176 IO-0/EL  worker_manager.cpp:131] WorkerManager: Request new FuncWorker for func_id 1 with client_id 219
I1102 18:31:27.528186 IO-0/EL  worker_manager.cpp:131] WorkerManager: Request new FuncWorker for func_id 1 with client_id 220
I1102 18:31:27.528197 IO-0/EL  worker_manager.cpp:131] WorkerManager: Request new FuncWorker for func_id 1 with client_id 221
I1102 18:31:27.528206 IO-0/EL  worker_manager.cpp:131] WorkerManager: Request new FuncWorker for func_id 1 with client_id 222
I1102 18:31:27.528217 IO-0/EL  worker_manager.cpp:131] WorkerManager: Request new FuncWorker for func_id 1 with client_id 223
I1102 18:31:27.528226 IO-0/EL  worker_manager.cpp:131] WorkerManager: Request new FuncWorker for func_id 1 with client_id 224
I1102 18:31:27.528237 IO-0/EL  worker_manager.cpp:131] WorkerManager: Request new FuncWorker for func_id 1 with client_id 225
I1102 18:31:27.528248 IO-0/EL  worker_manager.cpp:131] WorkerManager: Request new FuncWorker for func_id 1 with client_id 226
I1102 18:31:27.528257 IO-0/EL  worker_manager.cpp:131] WorkerManager: Request new FuncWorker for func_id 1 with client_id 227
I1102 18:31:27.528272 IO-0/EL  worker_manager.cpp:131] WorkerManager: Request new FuncWorker for func_id 1 with client_id 228
I1102 18:31:27.528284 IO-0/EL  worker_manager.cpp:131] WorkerManager: Request new FuncWorker for func_id 1 with client_id 229
I1102 18:31:27.528294 IO-0/EL  worker_manager.cpp:131] WorkerManager: Request new FuncWorker for func_id 1 with client_id 230
I1102 18:31:27.528304 IO-0/EL  worker_manager.cpp:131] WorkerManager: Request new FuncWorker for func_id 1 with client_id 231
I1102 18:31:27.528313 IO-0/EL  worker_manager.cpp:131] WorkerManager: Request new FuncWorker for func_id 1 with client_id 232
I1102 18:31:27.528324 IO-0/EL  worker_manager.cpp:131] WorkerManager: Request new FuncWorker for func_id 1 with client_id 233
I1102 18:31:27.528335 IO-0/EL  worker_manager.cpp:131] WorkerManager: Request new FuncWorker for func_id 1 with client_id 234
I1102 18:31:27.528344 IO-0/EL  worker_manager.cpp:131] WorkerManager: Request new FuncWorker for func_id 1 with client_id 235
I1102 18:31:27.528353 IO-0/EL  worker_manager.cpp:131] WorkerManager: Request new FuncWorker for func_id 1 with client_id 236
I1102 18:31:27.528365 IO-0/EL  worker_manager.cpp:131] WorkerManager: Request new FuncWorker for func_id 1 with client_id 237
I1102 18:31:27.528377 IO-0/EL  worker_manager.cpp:131] WorkerManager: Request new FuncWorker for func_id 1 with client_id 238
I1102 18:31:27.528386 IO-0/EL  worker_manager.cpp:131] WorkerManager: Request new FuncWorker for func_id 1 with client_id 239
I1102 18:31:27.528395 IO-0/EL  worker_manager.cpp:131] WorkerManager: Request new FuncWorker for func_id 1 with client_id 240
I1102 18:31:27.528407 IO-0/EL  worker_manager.cpp:131] WorkerManager: Request new FuncWorker for func_id 1 with client_id 241
I1102 18:31:27.528417 IO-0/EL  worker_manager.cpp:131] WorkerManager: Request new FuncWorker for func_id 1 with client_id 242
I1102 18:31:27.528426 IO-0/EL  worker_manager.cpp:131] WorkerManager: Request new FuncWorker for func_id 1 with client_id 243
I1102 18:31:27.528435 IO-0/EL  worker_manager.cpp:131] WorkerManager: Request new FuncWorker for func_id 1 with client_id 244
I1102 18:31:27.528446 IO-0/EL  worker_manager.cpp:131] WorkerManager: Request new FuncWorker for func_id 1 with client_id 245
I1102 18:31:27.528457 IO-0/EL  worker_manager.cpp:131] WorkerManager: Request new FuncWorker for func_id 1 with client_id 246
I1102 18:31:27.528466 IO-0/EL  worker_manager.cpp:131] WorkerManager: Request new FuncWorker for func_id 1 with client_id 247
I1102 18:31:27.528480 IO-0/EL  worker_manager.cpp:131] WorkerManager: Request new FuncWorker for func_id 1 with client_id 248
I1102 18:31:27.528492 IO-0/EL  worker_manager.cpp:131] WorkerManager: Request new FuncWorker for func_id 1 with client_id 249
I1102 18:31:27.528502 IO-0/EL  worker_manager.cpp:131] WorkerManager: Request new FuncWorker for func_id 1 with client_id 250
I1102 18:31:27.528511 IO-0/EL  worker_manager.cpp:131] WorkerManager: Request new FuncWorker for func_id 1 with client_id 251
I1102 18:31:27.528525 IO-0/EL  worker_manager.cpp:131] WorkerManager: Request new FuncWorker for func_id 1 with client_id 252
I1102 18:31:27.528538 IO-0/EL  worker_manager.cpp:131] WorkerManager: Request new FuncWorker for func_id 1 with client_id 253
I1102 18:31:27.528548 IO-0/EL  worker_manager.cpp:131] WorkerManager: Request new FuncWorker for func_id 1 with client_id 254
I1102 18:31:27.528558 IO-0/EL  worker_manager.cpp:131] WorkerManager: Request new FuncWorker for func_id 1 with client_id 255
I1102 18:31:27.528569 IO-0/EL  worker_manager.cpp:131] WorkerManager: Request new FuncWorker for func_id 1 with client_id 256
I1102 18:31:27.528748 IO-0/EL  buffer_pool.h:25] BufferPool[IO-0_Write]: Allocate new buffer, current buffer count is 1
I1102 18:31:27.528783 IO-0/EL  buffer_pool.h:25] BufferPool[IO-0_Write]: Allocate new buffer, current buffer count is 2
I1102 18:31:27.528817 IO-0/EL  buffer_pool.h:25] BufferPool[IO-0_Write]: Allocate new buffer, current buffer count is 3
I1102 18:31:27.528859 IO-0/EL  buffer_pool.h:25] BufferPool[IO-0_Write]: Allocate new buffer, current buffer count is 4
I1102 18:31:27.528897 IO-0/EL  message_connection.cpp:269] LauncherConnection[1]: Handshake done
I1102 18:31:27.533799 Server/E engine.cpp:674] Engine: New message connection
I1102 18:31:27.533836 IO-0/EL  engine.cpp:277] Engine: Receive new handshake message from message connection
I1102 18:31:27.533842 IO-0/EL  worker_manager.cpp:60] WorkerManager: FuncWorker of func_id 1, client_id 2 connected
I1102 18:31:27.533853 IO-0/EL  dispatcher.cpp:47] Dispatcher[1]: min_workers=256
I1102 18:31:27.533857 IO-0/EL  dispatcher.cpp:51] Dispatcher[1]: max_workers=256
I1102 18:31:27.533878 IO-0/EL  message_connection.cpp:269] FuncWorkerConnection[1-2]: Handshake done
I1102 18:31:27.534129 Server/E engine.cpp:674] Engine: New message connection
I1102 18:31:27.534153 IO-0/EL  engine.cpp:277] Engine: Receive new handshake message from message connection
I1102 18:31:27.534158 IO-0/EL  worker_manager.cpp:60] WorkerManager: FuncWorker of func_id 1, client_id 1 connected
I1102 18:31:27.534172 IO-0/EL  message_connection.cpp:269] FuncWorkerConnection[1-1]: Handshake done
I1102 18:31:27.534870 Server/E engine.cpp:674] Engine: New message connection
I1102 18:31:27.534894 IO-0/EL  engine.cpp:277] Engine: Receive new handshake message from message connection
I1102 18:31:27.534899 IO-0/EL  worker_manager.cpp:60] WorkerManager: FuncWorker of func_id 1, client_id 3 connected
I1102 18:31:27.534912 IO-0/EL  message_connection.cpp:269] FuncWorkerConnection[1-3]: Handshake done
I1102 18:31:27.535309 Server/E engine.cpp:674] Engine: New message connection
I1102 18:31:27.535334 IO-0/EL  engine.cpp:277] Engine: Receive new handshake message from message connection
I1102 18:31:27.535339 IO-0/EL  worker_manager.cpp:60] WorkerManager: FuncWorker of func_id 1, client_id 4 connected
I1102 18:31:27.535353 IO-0/EL  message_connection.cpp:269] FuncWorkerConnection[1-4]: Handshake done
I1102 18:31:27.535624 Server/E engine.cpp:674] Engine: New message connection
I1102 18:31:27.535643 IO-0/EL  engine.cpp:277] Engine: Receive new handshake message from message connection
I1102 18:31:27.535648 IO-0/EL  worker_manager.cpp:60] WorkerManager: FuncWorker of func_id 1, client_id 5 connected
I1102 18:31:27.535660 IO-0/EL  message_connection.cpp:269] FuncWorkerConnection[1-5]: Handshake done
I1102 18:31:27.537769 Server/E engine.cpp:674] Engine: New message connection
I1102 18:31:27.537804 IO-0/EL  engine.cpp:277] Engine: Receive new handshake message from message connection
I1102 18:31:27.537809 IO-0/EL  worker_manager.cpp:60] WorkerManager: FuncWorker of func_id 1, client_id 6 connected
I1102 18:31:27.537823 IO-0/EL  message_connection.cpp:269] FuncWorkerConnection[1-6]: Handshake done
I1102 18:31:27.538576 Server/E engine.cpp:674] Engine: New message connection
I1102 18:31:27.538617 IO-0/EL  engine.cpp:277] Engine: Receive new handshake message from message connection
I1102 18:31:27.538622 IO-0/EL  worker_manager.cpp:60] WorkerManager: FuncWorker of func_id 1, client_id 8 connected
I1102 18:31:27.538650 IO-0/EL  message_connection.cpp:269] FuncWorkerConnection[1-8]: Handshake done
I1102 18:31:27.538893 Server/E engine.cpp:674] Engine: New message connection
I1102 18:31:27.538928 IO-0/EL  engine.cpp:277] Engine: Receive new handshake message from message connection
I1102 18:31:27.538933 IO-0/EL  worker_manager.cpp:60] WorkerManager: FuncWorker of func_id 1, client_id 7 connected
I1102 18:31:27.538947 IO-0/EL  message_connection.cpp:269] FuncWorkerConnection[1-7]: Handshake done
I1102 18:31:27.540157 Server/E engine.cpp:674] Engine: New message connection
I1102 18:31:27.540198 IO-0/EL  engine.cpp:277] Engine: Receive new handshake message from message connection
I1102 18:31:27.540203 IO-0/EL  worker_manager.cpp:60] WorkerManager: FuncWorker of func_id 1, client_id 10 connected
I1102 18:31:27.540218 IO-0/EL  message_connection.cpp:269] FuncWorkerConnection[1-10]: Handshake done
I1102 18:31:27.540563 Server/E engine.cpp:674] Engine: New message connection
I1102 18:31:27.540586 Server/E engine.cpp:674] Engine: New message connection
I1102 18:31:27.540591 IO-0/EL  engine.cpp:277] Engine: Receive new handshake message from message connection
I1102 18:31:27.540595 IO-0/EL  worker_manager.cpp:60] WorkerManager: FuncWorker of func_id 1, client_id 11 connected
I1102 18:31:27.540609 IO-0/EL  message_connection.cpp:269] FuncWorkerConnection[1-11]: Handshake done
I1102 18:31:27.540626 IO-0/EL  engine.cpp:277] Engine: Receive new handshake message from message connection
I1102 18:31:27.540630 IO-0/EL  worker_manager.cpp:60] WorkerManager: FuncWorker of func_id 1, client_id 12 connected
I1102 18:31:27.540643 IO-0/EL  message_connection.cpp:269] FuncWorkerConnection[1-12]: Handshake done
I1102 18:31:27.541196 Server/E engine.cpp:674] Engine: New message connection
I1102 18:31:27.541234 IO-0/EL  engine.cpp:277] Engine: Receive new handshake message from message connection
I1102 18:31:27.541238 IO-0/EL  worker_manager.cpp:60] WorkerManager: FuncWorker of func_id 1, client_id 9 connected
I1102 18:31:27.541251 IO-0/EL  message_connection.cpp:269] FuncWorkerConnection[1-9]: Handshake done
I1102 18:31:27.541372 Server/E engine.cpp:674] Engine: New message connection
I1102 18:31:27.541399 IO-0/EL  engine.cpp:277] Engine: Receive new handshake message from message connection
I1102 18:31:27.541404 IO-0/EL  worker_manager.cpp:60] WorkerManager: FuncWorker of func_id 1, client_id 13 connected
I1102 18:31:27.541416 IO-0/EL  message_connection.cpp:269] FuncWorkerConnection[1-13]: Handshake done
I1102 18:31:27.541798 Server/E engine.cpp:674] Engine: New message connection
I1102 18:31:27.541832 IO-0/EL  engine.cpp:277] Engine: Receive new handshake message from message connection
I1102 18:31:27.541836 IO-0/EL  worker_manager.cpp:60] WorkerManager: FuncWorker of func_id 1, client_id 14 connected
I1102 18:31:27.541853 IO-0/EL  message_connection.cpp:269] FuncWorkerConnection[1-14]: Handshake done
I1102 18:31:27.542286 Server/E engine.cpp:674] Engine: New message connection
I1102 18:31:27.542309 IO-0/EL  engine.cpp:277] Engine: Receive new handshake message from message connection
I1102 18:31:27.542314 IO-0/EL  worker_manager.cpp:60] WorkerManager: FuncWorker of func_id 1, client_id 15 connected
I1102 18:31:27.542330 IO-0/EL  message_connection.cpp:269] FuncWorkerConnection[1-15]: Handshake done
I1102 18:31:27.542739 Server/E engine.cpp:674] Engine: New message connection
I1102 18:31:27.542767 IO-0/EL  engine.cpp:277] Engine: Receive new handshake message from message connection
I1102 18:31:27.542772 IO-0/EL  worker_manager.cpp:60] WorkerManager: FuncWorker of func_id 1, client_id 16 connected
I1102 18:31:27.542784 IO-0/EL  message_connection.cpp:269] FuncWorkerConnection[1-16]: Handshake done
I1102 18:31:27.543176 Server/E engine.cpp:674] Engine: New message connection
I1102 18:31:27.543207 IO-0/EL  engine.cpp:277] Engine: Receive new handshake message from message connection
I1102 18:31:27.543212 IO-0/EL  worker_manager.cpp:60] WorkerManager: FuncWorker of func_id 1, client_id 17 connected
I1102 18:31:27.543232 IO-0/EL  message_connection.cpp:269] FuncWorkerConnection[1-17]: Handshake done
I1102 18:31:27.543632 Server/E engine.cpp:674] Engine: New message connection
I1102 18:31:27.543655 IO-0/EL  engine.cpp:277] Engine: Receive new handshake message from message connection
I1102 18:31:27.543660 IO-0/EL  worker_manager.cpp:60] WorkerManager: FuncWorker of func_id 1, client_id 18 connected
I1102 18:31:27.543673 IO-0/EL  message_connection.cpp:269] FuncWorkerConnection[1-18]: Handshake done
I1102 18:31:27.545128 Server/E engine.cpp:674] Engine: New message connection
I1102 18:31:27.545168 IO-0/EL  engine.cpp:277] Engine: Receive new handshake message from message connection
I1102 18:31:27.545173 IO-0/EL  worker_manager.cpp:60] WorkerManager: FuncWorker of func_id 1, client_id 20 connected
I1102 18:31:27.545186 IO-0/EL  message_connection.cpp:269] FuncWorkerConnection[1-20]: Handshake done
I1102 18:31:27.545705 Server/E engine.cpp:674] Engine: New message connection
I1102 18:31:27.545750 IO-0/EL  engine.cpp:277] Engine: Receive new handshake message from message connection
I1102 18:31:27.545755 IO-0/EL  worker_manager.cpp:60] WorkerManager: FuncWorker of func_id 1, client_id 19 connected
I1102 18:31:27.545768 IO-0/EL  message_connection.cpp:269] FuncWorkerConnection[1-19]: Handshake done
I1102 18:31:27.546176 Server/E engine.cpp:674] Engine: New message connection
I1102 18:31:27.546207 IO-0/EL  engine.cpp:277] Engine: Receive new handshake message from message connection
I1102 18:31:27.546212 IO-0/EL  worker_manager.cpp:60] WorkerManager: FuncWorker of func_id 1, client_id 21 connected
I1102 18:31:27.546225 IO-0/EL  message_connection.cpp:269] FuncWorkerConnection[1-21]: Handshake done
I1102 18:31:27.546347 Server/E engine.cpp:674] Engine: New message connection
I1102 18:31:27.546370 IO-0/EL  engine.cpp:277] Engine: Receive new handshake message from message connection
I1102 18:31:27.546374 IO-0/EL  worker_manager.cpp:60] WorkerManager: FuncWorker of func_id 1, client_id 22 connected
I1102 18:31:27.546387 IO-0/EL  message_connection.cpp:269] FuncWorkerConnection[1-22]: Handshake done
I1102 18:31:27.546791 Server/E engine.cpp:674] Engine: New message connection
I1102 18:31:27.546826 IO-0/EL  engine.cpp:277] Engine: Receive new handshake message from message connection
I1102 18:31:27.546831 IO-0/EL  worker_manager.cpp:60] WorkerManager: FuncWorker of func_id 1, client_id 23 connected
I1102 18:31:27.546844 IO-0/EL  message_connection.cpp:269] FuncWorkerConnection[1-23]: Handshake done
I1102 18:31:27.546865 Server/E engine.cpp:674] Engine: New message connection
I1102 18:31:27.546886 IO-0/EL  engine.cpp:277] Engine: Receive new handshake message from message connection
I1102 18:31:27.546890 IO-0/EL  worker_manager.cpp:60] WorkerManager: FuncWorker of func_id 1, client_id 24 connected
I1102 18:31:27.546902 IO-0/EL  message_connection.cpp:269] FuncWorkerConnection[1-24]: Handshake done
I1102 18:31:27.547606 Server/E engine.cpp:674] Engine: New message connection
I1102 18:31:27.547637 IO-0/EL  engine.cpp:277] Engine: Receive new handshake message from message connection
I1102 18:31:27.547642 IO-0/EL  worker_manager.cpp:60] WorkerManager: FuncWorker of func_id 1, client_id 25 connected
I1102 18:31:27.547655 IO-0/EL  message_connection.cpp:269] FuncWorkerConnection[1-25]: Handshake done
I1102 18:31:27.548044 Server/E engine.cpp:674] Engine: New message connection
I1102 18:31:27.548073 IO-0/EL  engine.cpp:277] Engine: Receive new handshake message from message connection
I1102 18:31:27.548078 IO-0/EL  worker_manager.cpp:60] WorkerManager: FuncWorker of func_id 1, client_id 26 connected
I1102 18:31:27.548091 IO-0/EL  message_connection.cpp:269] FuncWorkerConnection[1-26]: Handshake done
I1102 18:31:27.548454 Server/E engine.cpp:674] Engine: New message connection
I1102 18:31:27.548488 IO-0/EL  engine.cpp:277] Engine: Receive new handshake message from message connection
I1102 18:31:27.548493 IO-0/EL  worker_manager.cpp:60] WorkerManager: FuncWorker of func_id 1, client_id 27 connected
I1102 18:31:27.548506 IO-0/EL  message_connection.cpp:269] FuncWorkerConnection[1-27]: Handshake done
I1102 18:31:27.549892 Server/E engine.cpp:674] Engine: New message connection
I1102 18:31:27.549943 IO-0/EL  engine.cpp:277] Engine: Receive new handshake message from message connection
I1102 18:31:27.549948 IO-0/EL  worker_manager.cpp:60] WorkerManager: FuncWorker of func_id 1, client_id 29 connected
I1102 18:31:27.549962 IO-0/EL  message_connection.cpp:269] FuncWorkerConnection[1-29]: Handshake done
I1102 18:31:27.550378 Server/E engine.cpp:674] Engine: New message connection
I1102 18:31:27.550417 IO-0/EL  engine.cpp:277] Engine: Receive new handshake message from message connection
I1102 18:31:27.550422 IO-0/EL  worker_manager.cpp:60] WorkerManager: FuncWorker of func_id 1, client_id 30 connected
I1102 18:31:27.550439 IO-0/EL  message_connection.cpp:269] FuncWorkerConnection[1-30]: Handshake done
I1102 18:31:27.550724 Server/E engine.cpp:674] Engine: New message connection
I1102 18:31:27.550763 IO-0/EL  engine.cpp:277] Engine: Receive new handshake message from message connection
I1102 18:31:27.550769 IO-0/EL  worker_manager.cpp:60] WorkerManager: FuncWorker of func_id 1, client_id 28 connected
I1102 18:31:27.550782 IO-0/EL  message_connection.cpp:269] FuncWorkerConnection[1-28]: Handshake done
I1102 18:31:27.551087 Server/E engine.cpp:674] Engine: New message connection
I1102 18:31:27.551122 IO-0/EL  engine.cpp:277] Engine: Receive new handshake message from message connection
I1102 18:31:27.551126 IO-0/EL  worker_manager.cpp:60] WorkerManager: FuncWorker of func_id 1, client_id 31 connected
I1102 18:31:27.551139 IO-0/EL  message_connection.cpp:269] FuncWorkerConnection[1-31]: Handshake done
I1102 18:31:27.552232 Server/E engine.cpp:674] Engine: New message connection
I1102 18:31:27.552280 IO-0/EL  engine.cpp:277] Engine: Receive new handshake message from message connection
I1102 18:31:27.552286 IO-0/EL  worker_manager.cpp:60] WorkerManager: FuncWorker of func_id 1, client_id 33 connected
I1102 18:31:27.552299 IO-0/EL  message_connection.cpp:269] FuncWorkerConnection[1-33]: Handshake done
I1102 18:31:27.552678 Server/E engine.cpp:674] Engine: New message connection
I1102 18:31:27.552718 IO-0/EL  engine.cpp:277] Engine: Receive new handshake message from message connection
I1102 18:31:27.552723 IO-0/EL  worker_manager.cpp:60] WorkerManager: FuncWorker of func_id 1, client_id 34 connected
I1102 18:31:27.552737 IO-0/EL  message_connection.cpp:269] FuncWorkerConnection[1-34]: Handshake done
I1102 18:31:27.553525 Server/E engine.cpp:674] Engine: New message connection
I1102 18:31:27.553570 IO-0/EL  engine.cpp:277] Engine: Receive new handshake message from message connection
I1102 18:31:27.553575 IO-0/EL  worker_manager.cpp:60] WorkerManager: FuncWorker of func_id 1, client_id 32 connected
I1102 18:31:27.553588 IO-0/EL  message_connection.cpp:269] FuncWorkerConnection[1-32]: Handshake done
I1102 18:31:27.554070 Server/E engine.cpp:674] Engine: New message connection
I1102 18:31:27.554104 IO-0/EL  engine.cpp:277] Engine: Receive new handshake message from message connection
I1102 18:31:27.554109 IO-0/EL  worker_manager.cpp:60] WorkerManager: FuncWorker of func_id 1, client_id 36 connected
I1102 18:31:27.554122 IO-0/EL  message_connection.cpp:269] FuncWorkerConnection[1-36]: Handshake done
I1102 18:31:27.554816 Server/E engine.cpp:674] Engine: New message connection
I1102 18:31:27.554859 IO-0/EL  engine.cpp:277] Engine: Receive new handshake message from message connection
I1102 18:31:27.554864 IO-0/EL  worker_manager.cpp:60] WorkerManager: FuncWorker of func_id 1, client_id 35 connected
I1102 18:31:27.554877 IO-0/EL  message_connection.cpp:269] FuncWorkerConnection[1-35]: Handshake done
I1102 18:31:27.554920 Server/E engine.cpp:674] Engine: New message connection
I1102 18:31:27.554950 IO-0/EL  engine.cpp:277] Engine: Receive new handshake message from message connection
I1102 18:31:27.554955 IO-0/EL  worker_manager.cpp:60] WorkerManager: FuncWorker of func_id 1, client_id 38 connected
I1102 18:31:27.554968 IO-0/EL  message_connection.cpp:269] FuncWorkerConnection[1-38]: Handshake done
I1102 18:31:27.555184 Server/E engine.cpp:674] Engine: New message connection
I1102 18:31:27.555219 IO-0/EL  engine.cpp:277] Engine: Receive new handshake message from message connection
I1102 18:31:27.555224 IO-0/EL  worker_manager.cpp:60] WorkerManager: FuncWorker of func_id 1, client_id 37 connected
I1102 18:31:27.555237 IO-0/EL  message_connection.cpp:269] FuncWorkerConnection[1-37]: Handshake done
I1102 18:31:27.555313 Server/E engine.cpp:674] Engine: New message connection
I1102 18:31:27.555344 IO-0/EL  engine.cpp:277] Engine: Receive new handshake message from message connection
I1102 18:31:27.555349 IO-0/EL  worker_manager.cpp:60] WorkerManager: FuncWorker of func_id 1, client_id 39 connected
I1102 18:31:27.555361 IO-0/EL  message_connection.cpp:269] FuncWorkerConnection[1-39]: Handshake done
I1102 18:31:27.555721 Server/E engine.cpp:674] Engine: New message connection
I1102 18:31:27.555764 IO-0/EL  engine.cpp:277] Engine: Receive new handshake message from message connection
I1102 18:31:27.555769 IO-0/EL  worker_manager.cpp:60] WorkerManager: FuncWorker of func_id 1, client_id 40 connected
I1102 18:31:27.555781 IO-0/EL  message_connection.cpp:269] FuncWorkerConnection[1-40]: Handshake done
I1102 18:31:27.556283 Server/E engine.cpp:674] Engine: New message connection
I1102 18:31:27.556320 IO-0/EL  engine.cpp:277] Engine: Receive new handshake message from message connection
I1102 18:31:27.556325 IO-0/EL  worker_manager.cpp:60] WorkerManager: FuncWorker of func_id 1, client_id 41 connected
I1102 18:31:27.556342 IO-0/EL  message_connection.cpp:269] FuncWorkerConnection[1-41]: Handshake done
I1102 18:31:27.556811 Server/E engine.cpp:674] Engine: New message connection
I1102 18:31:27.556847 IO-0/EL  engine.cpp:277] Engine: Receive new handshake message from message connection
I1102 18:31:27.556852 IO-0/EL  worker_manager.cpp:60] WorkerManager: FuncWorker of func_id 1, client_id 42 connected
I1102 18:31:27.556864 IO-0/EL  message_connection.cpp:269] FuncWorkerConnection[1-42]: Handshake done
I1102 18:31:27.557086 Server/E engine.cpp:674] Engine: New message connection
I1102 18:31:27.557122 IO-0/EL  engine.cpp:277] Engine: Receive new handshake message from message connection
I1102 18:31:27.557127 IO-0/EL  worker_manager.cpp:60] WorkerManager: FuncWorker of func_id 1, client_id 43 connected
I1102 18:31:27.557140 IO-0/EL  message_connection.cpp:269] FuncWorkerConnection[1-43]: Handshake done
I1102 18:31:27.557649 Server/E engine.cpp:674] Engine: New message connection
I1102 18:31:27.557687 IO-0/EL  engine.cpp:277] Engine: Receive new handshake message from message connection
I1102 18:31:27.557692 IO-0/EL  worker_manager.cpp:60] WorkerManager: FuncWorker of func_id 1, client_id 44 connected
I1102 18:31:27.557704 IO-0/EL  message_connection.cpp:269] FuncWorkerConnection[1-44]: Handshake done
I1102 18:31:27.558089 Server/E engine.cpp:674] Engine: New message connection
I1102 18:31:27.558132 IO-0/EL  engine.cpp:277] Engine: Receive new handshake message from message connection
I1102 18:31:27.558137 IO-0/EL  worker_manager.cpp:60] WorkerManager: FuncWorker of func_id 1, client_id 45 connected
I1102 18:31:27.558150 IO-0/EL  message_connection.cpp:269] FuncWorkerConnection[1-45]: Handshake done
I1102 18:31:27.558422 Server/E engine.cpp:674] Engine: New message connection
I1102 18:31:27.558457 IO-0/EL  engine.cpp:277] Engine: Receive new handshake message from message connection
I1102 18:31:27.558461 IO-0/EL  worker_manager.cpp:60] WorkerManager: FuncWorker of func_id 1, client_id 46 connected
I1102 18:31:27.558474 IO-0/EL  message_connection.cpp:269] FuncWorkerConnection[1-46]: Handshake done
I1102 18:31:27.558891 Server/E engine.cpp:674] Engine: New message connection
I1102 18:31:27.558931 IO-0/EL  engine.cpp:277] Engine: Receive new handshake message from message connection
I1102 18:31:27.558936 IO-0/EL  worker_manager.cpp:60] WorkerManager: FuncWorker of func_id 1, client_id 47 connected
I1102 18:31:27.558949 IO-0/EL  message_connection.cpp:269] FuncWorkerConnection[1-47]: Handshake done
I1102 18:31:27.559386 Server/E engine.cpp:674] Engine: New message connection
I1102 18:31:27.559421 IO-0/EL  engine.cpp:277] Engine: Receive new handshake message from message connection
I1102 18:31:27.559425 IO-0/EL  worker_manager.cpp:60] WorkerManager: FuncWorker of func_id 1, client_id 48 connected
I1102 18:31:27.559438 IO-0/EL  message_connection.cpp:269] FuncWorkerConnection[1-48]: Handshake done
I1102 18:31:27.559675 Server/E engine.cpp:674] Engine: New message connection
I1102 18:31:27.559700 IO-0/EL  engine.cpp:277] Engine: Receive new handshake message from message connection
I1102 18:31:27.559705 IO-0/EL  worker_manager.cpp:60] WorkerManager: FuncWorker of func_id 1, client_id 49 connected
I1102 18:31:27.559724 IO-0/EL  message_connection.cpp:269] FuncWorkerConnection[1-49]: Handshake done
I1102 18:31:27.560108 Server/E engine.cpp:674] Engine: New message connection
I1102 18:31:27.560133 IO-0/EL  engine.cpp:277] Engine: Receive new handshake message from message connection
I1102 18:31:27.560137 IO-0/EL  worker_manager.cpp:60] WorkerManager: FuncWorker of func_id 1, client_id 50 connected
I1102 18:31:27.560150 IO-0/EL  message_connection.cpp:269] FuncWorkerConnection[1-50]: Handshake done
I1102 18:31:27.561451 Server/E engine.cpp:674] Engine: New message connection
I1102 18:31:27.561494 IO-0/EL  engine.cpp:277] Engine: Receive new handshake message from message connection
I1102 18:31:27.561499 IO-0/EL  worker_manager.cpp:60] WorkerManager: FuncWorker of func_id 1, client_id 52 connected
I1102 18:31:27.561512 IO-0/EL  message_connection.cpp:269] FuncWorkerConnection[1-52]: Handshake done
I1102 18:31:27.561867 Server/E engine.cpp:674] Engine: New message connection
I1102 18:31:27.561892 IO-0/EL  engine.cpp:277] Engine: Receive new handshake message from message connection
I1102 18:31:27.561897 IO-0/EL  worker_manager.cpp:60] WorkerManager: FuncWorker of func_id 1, client_id 53 connected
I1102 18:31:27.561910 IO-0/EL  message_connection.cpp:269] FuncWorkerConnection[1-53]: Handshake done
I1102 18:31:27.562388 Server/E engine.cpp:674] Engine: New message connection
I1102 18:31:27.562415 IO-0/EL  engine.cpp:277] Engine: Receive new handshake message from message connection
I1102 18:31:27.562420 IO-0/EL  worker_manager.cpp:60] WorkerManager: FuncWorker of func_id 1, client_id 54 connected
I1102 18:31:27.562434 IO-0/EL  message_connection.cpp:269] FuncWorkerConnection[1-54]: Handshake done
I1102 18:31:27.562589 Server/E engine.cpp:674] Engine: New message connection
I1102 18:31:27.562615 IO-0/EL  engine.cpp:277] Engine: Receive new handshake message from message connection
I1102 18:31:27.562620 IO-0/EL  worker_manager.cpp:60] WorkerManager: FuncWorker of func_id 1, client_id 51 connected
I1102 18:31:27.562633 IO-0/EL  message_connection.cpp:269] FuncWorkerConnection[1-51]: Handshake done
I1102 18:31:27.562726 Server/E engine.cpp:674] Engine: New message connection
I1102 18:31:27.562764 IO-0/EL  engine.cpp:277] Engine: Receive new handshake message from message connection
I1102 18:31:27.562769 IO-0/EL  worker_manager.cpp:60] WorkerManager: FuncWorker of func_id 1, client_id 55 connected
I1102 18:31:27.562782 IO-0/EL  message_connection.cpp:269] FuncWorkerConnection[1-55]: Handshake done
I1102 18:31:27.563127 Server/E engine.cpp:674] Engine: New message connection
I1102 18:31:27.563159 IO-0/EL  engine.cpp:277] Engine: Receive new handshake message from message connection
I1102 18:31:27.563164 IO-0/EL  worker_manager.cpp:60] WorkerManager: FuncWorker of func_id 1, client_id 56 connected
I1102 18:31:27.563177 IO-0/EL  message_connection.cpp:269] FuncWorkerConnection[1-56]: Handshake done
I1102 18:31:27.563582 Server/E engine.cpp:674] Engine: New message connection
I1102 18:31:27.563611 IO-0/EL  engine.cpp:277] Engine: Receive new handshake message from message connection
I1102 18:31:27.563616 IO-0/EL  worker_manager.cpp:60] WorkerManager: FuncWorker of func_id 1, client_id 57 connected
I1102 18:31:27.563637 IO-0/EL  message_connection.cpp:269] FuncWorkerConnection[1-57]: Handshake done
I1102 18:31:27.563986 Server/E engine.cpp:674] Engine: New message connection
I1102 18:31:27.564038 IO-0/EL  engine.cpp:277] Engine: Receive new handshake message from message connection
I1102 18:31:27.564043 IO-0/EL  worker_manager.cpp:60] WorkerManager: FuncWorker of func_id 1, client_id 58 connected
I1102 18:31:27.564057 IO-0/EL  message_connection.cpp:269] FuncWorkerConnection[1-58]: Handshake done
I1102 18:31:27.564469 Server/E engine.cpp:674] Engine: New message connection
I1102 18:31:27.564496 IO-0/EL  engine.cpp:277] Engine: Receive new handshake message from message connection
I1102 18:31:27.564501 IO-0/EL  worker_manager.cpp:60] WorkerManager: FuncWorker of func_id 1, client_id 59 connected
I1102 18:31:27.564514 IO-0/EL  message_connection.cpp:269] FuncWorkerConnection[1-59]: Handshake done
I1102 18:31:27.564850 Server/E engine.cpp:674] Engine: New message connection
I1102 18:31:27.564886 IO-0/EL  engine.cpp:277] Engine: Receive new handshake message from message connection
I1102 18:31:27.564891 IO-0/EL  worker_manager.cpp:60] WorkerManager: FuncWorker of func_id 1, client_id 60 connected
I1102 18:31:27.564905 IO-0/EL  message_connection.cpp:269] FuncWorkerConnection[1-60]: Handshake done
I1102 18:31:27.565281 Server/E engine.cpp:674] Engine: New message connection
I1102 18:31:27.565303 IO-0/EL  engine.cpp:277] Engine: Receive new handshake message from message connection
I1102 18:31:27.565308 IO-0/EL  worker_manager.cpp:60] WorkerManager: FuncWorker of func_id 1, client_id 61 connected
I1102 18:31:27.565320 IO-0/EL  message_connection.cpp:269] FuncWorkerConnection[1-61]: Handshake done
I1102 18:31:27.565753 Server/E engine.cpp:674] Engine: New message connection
I1102 18:31:27.565779 IO-0/EL  engine.cpp:277] Engine: Receive new handshake message from message connection
I1102 18:31:27.565784 IO-0/EL  worker_manager.cpp:60] WorkerManager: FuncWorker of func_id 1, client_id 62 connected
I1102 18:31:27.565797 IO-0/EL  message_connection.cpp:269] FuncWorkerConnection[1-62]: Handshake done
I1102 18:31:27.566148 Server/E engine.cpp:674] Engine: New message connection
I1102 18:31:27.566169 IO-0/EL  engine.cpp:277] Engine: Receive new handshake message from message connection
I1102 18:31:27.566174 IO-0/EL  worker_manager.cpp:60] WorkerManager: FuncWorker of func_id 1, client_id 63 connected
I1102 18:31:27.566191 IO-0/EL  message_connection.cpp:269] FuncWorkerConnection[1-63]: Handshake done
I1102 18:31:27.566587 Server/E engine.cpp:674] Engine: New message connection
I1102 18:31:27.566607 IO-0/EL  engine.cpp:277] Engine: Receive new handshake message from message connection
I1102 18:31:27.566611 IO-0/EL  worker_manager.cpp:60] WorkerManager: FuncWorker of func_id 1, client_id 64 connected
I1102 18:31:27.566624 IO-0/EL  message_connection.cpp:269] FuncWorkerConnection[1-64]: Handshake done
I1102 18:31:27.567451 Server/E engine.cpp:674] Engine: New message connection
I1102 18:31:27.567478 IO-0/EL  engine.cpp:277] Engine: Receive new handshake message from message connection
I1102 18:31:27.567482 IO-0/EL  worker_manager.cpp:60] WorkerManager: FuncWorker of func_id 1, client_id 65 connected
I1102 18:31:27.567497 IO-0/EL  message_connection.cpp:269] FuncWorkerConnection[1-65]: Handshake done
I1102 18:31:27.567610 Server/E engine.cpp:674] Engine: New message connection
I1102 18:31:27.567630 IO-0/EL  engine.cpp:277] Engine: Receive new handshake message from message connection
I1102 18:31:27.567635 IO-0/EL  worker_manager.cpp:60] WorkerManager: FuncWorker of func_id 1, client_id 66 connected
I1102 18:31:27.567648 IO-0/EL  message_connection.cpp:269] FuncWorkerConnection[1-66]: Handshake done
I1102 18:31:27.568094 Server/E engine.cpp:674] Engine: New message connection
I1102 18:31:27.568124 IO-0/EL  engine.cpp:277] Engine: Receive new handshake message from message connection
I1102 18:31:27.568129 IO-0/EL  worker_manager.cpp:60] WorkerManager: FuncWorker of func_id 1, client_id 67 connected
I1102 18:31:27.568141 IO-0/EL  message_connection.cpp:269] FuncWorkerConnection[1-67]: Handshake done
I1102 18:31:27.568442 Server/E engine.cpp:674] Engine: New message connection
I1102 18:31:27.568475 IO-0/EL  engine.cpp:277] Engine: Receive new handshake message from message connection
I1102 18:31:27.568480 IO-0/EL  worker_manager.cpp:60] WorkerManager: FuncWorker of func_id 1, client_id 68 connected
I1102 18:31:27.568492 IO-0/EL  message_connection.cpp:269] FuncWorkerConnection[1-68]: Handshake done
I1102 18:31:27.568883 Server/E engine.cpp:674] Engine: New message connection
I1102 18:31:27.568910 IO-0/EL  engine.cpp:277] Engine: Receive new handshake message from message connection
I1102 18:31:27.568915 IO-0/EL  worker_manager.cpp:60] WorkerManager: FuncWorker of func_id 1, client_id 69 connected
I1102 18:31:27.568927 IO-0/EL  message_connection.cpp:269] FuncWorkerConnection[1-69]: Handshake done
I1102 18:31:27.569279 Server/E engine.cpp:674] Engine: New message connection
I1102 18:31:27.569301 IO-0/EL  engine.cpp:277] Engine: Receive new handshake message from message connection
I1102 18:31:27.569306 IO-0/EL  worker_manager.cpp:60] WorkerManager: FuncWorker of func_id 1, client_id 70 connected
I1102 18:31:27.569322 IO-0/EL  message_connection.cpp:269] FuncWorkerConnection[1-70]: Handshake done
I1102 18:31:27.569733 Server/E engine.cpp:674] Engine: New message connection
I1102 18:31:27.569754 IO-0/EL  engine.cpp:277] Engine: Receive new handshake message from message connection
I1102 18:31:27.569759 IO-0/EL  worker_manager.cpp:60] WorkerManager: FuncWorker of func_id 1, client_id 71 connected
I1102 18:31:27.569772 IO-0/EL  message_connection.cpp:269] FuncWorkerConnection[1-71]: Handshake done
I1102 18:31:27.570124 Server/E engine.cpp:674] Engine: New message connection
I1102 18:31:27.570147 IO-0/EL  engine.cpp:277] Engine: Receive new handshake message from message connection
I1102 18:31:27.570154 IO-0/EL  worker_manager.cpp:60] WorkerManager: FuncWorker of func_id 1, client_id 72 connected
I1102 18:31:27.570167 IO-0/EL  message_connection.cpp:269] FuncWorkerConnection[1-72]: Handshake done
I1102 18:31:27.570538 Server/E engine.cpp:674] Engine: New message connection
I1102 18:31:27.570560 IO-0/EL  engine.cpp:277] Engine: Receive new handshake message from message connection
I1102 18:31:27.570565 IO-0/EL  worker_manager.cpp:60] WorkerManager: FuncWorker of func_id 1, client_id 73 connected
I1102 18:31:27.570577 IO-0/EL  message_connection.cpp:269] FuncWorkerConnection[1-73]: Handshake done
I1102 18:31:27.570980 Server/E engine.cpp:674] Engine: New message connection
I1102 18:31:27.571005 IO-0/EL  engine.cpp:277] Engine: Receive new handshake message from message connection
I1102 18:31:27.571010 IO-0/EL  worker_manager.cpp:60] WorkerManager: FuncWorker of func_id 1, client_id 74 connected
I1102 18:31:27.571023 IO-0/EL  message_connection.cpp:269] FuncWorkerConnection[1-74]: Handshake done
I1102 18:31:27.571409 Server/E engine.cpp:674] Engine: New message connection
I1102 18:31:27.571430 IO-0/EL  engine.cpp:277] Engine: Receive new handshake message from message connection
I1102 18:31:27.571435 IO-0/EL  worker_manager.cpp:60] WorkerManager: FuncWorker of func_id 1, client_id 75 connected
I1102 18:31:27.571448 IO-0/EL  message_connection.cpp:269] FuncWorkerConnection[1-75]: Handshake done
I1102 18:31:27.571826 Server/E engine.cpp:674] Engine: New message connection
I1102 18:31:27.571855 IO-0/EL  engine.cpp:277] Engine: Receive new handshake message from message connection
I1102 18:31:27.571860 IO-0/EL  worker_manager.cpp:60] WorkerManager: FuncWorker of func_id 1, client_id 76 connected
I1102 18:31:27.571873 IO-0/EL  message_connection.cpp:269] FuncWorkerConnection[1-76]: Handshake done
I1102 18:31:27.572289 Server/E engine.cpp:674] Engine: New message connection
I1102 18:31:27.572312 IO-0/EL  engine.cpp:277] Engine: Receive new handshake message from message connection
I1102 18:31:27.572316 IO-0/EL  worker_manager.cpp:60] WorkerManager: FuncWorker of func_id 1, client_id 77 connected
I1102 18:31:27.572329 IO-0/EL  message_connection.cpp:269] FuncWorkerConnection[1-77]: Handshake done
I1102 18:31:27.572655 Server/E engine.cpp:674] Engine: New message connection
I1102 18:31:27.572683 IO-0/EL  engine.cpp:277] Engine: Receive new handshake message from message connection
I1102 18:31:27.572704 IO-0/EL  worker_manager.cpp:60] WorkerManager: FuncWorker of func_id 1, client_id 78 connected
I1102 18:31:27.572721 IO-0/EL  message_connection.cpp:269] FuncWorkerConnection[1-78]: Handshake done
I1102 18:31:27.585743 Server/E engine.cpp:674] Engine: New message connection
I1102 18:31:27.585786 Server/E engine.cpp:674] Engine: New message connection
I1102 18:31:27.585792 IO-0/EL  engine.cpp:277] Engine: Receive new handshake message from message connection
I1102 18:31:27.585798 IO-0/EL  worker_manager.cpp:60] WorkerManager: FuncWorker of func_id 1, client_id 79 connected
I1102 18:31:27.585811 Server/E engine.cpp:674] Engine: New message connection
I1102 18:31:27.585813 IO-0/EL  message_connection.cpp:269] FuncWorkerConnection[1-79]: Handshake done
I1102 18:31:27.585831 Server/E engine.cpp:674] Engine: New message connection
I1102 18:31:27.585840 IO-0/EL  engine.cpp:277] Engine: Receive new handshake message from message connection
I1102 18:31:27.585845 IO-0/EL  worker_manager.cpp:60] WorkerManager: FuncWorker of func_id 1, client_id 80 connected
I1102 18:31:27.585851 Server/E engine.cpp:674] Engine: New message connection
I1102 18:31:27.585858 IO-0/EL  message_connection.cpp:269] FuncWorkerConnection[1-80]: Handshake done
I1102 18:31:27.585871 IO-0/EL  engine.cpp:277] Engine: Receive new handshake message from message connection
I1102 18:31:27.585874 Server/E engine.cpp:674] Engine: New message connection
I1102 18:31:27.585875 IO-0/EL  worker_manager.cpp:60] WorkerManager: FuncWorker of func_id 1, client_id 81 connected
I1102 18:31:27.585898 Server/E engine.cpp:674] Engine: New message connection
I1102 18:31:27.585908 IO-0/EL  message_connection.cpp:269] FuncWorkerConnection[1-81]: Handshake done
I1102 18:31:27.585915 Server/E engine.cpp:674] Engine: New message connection
I1102 18:31:27.585926 IO-0/EL  engine.cpp:277] Engine: Receive new handshake message from message connection
I1102 18:31:27.585931 IO-0/EL  worker_manager.cpp:60] WorkerManager: FuncWorker of func_id 1, client_id 82 connected
I1102 18:31:27.585932 Server/E engine.cpp:674] Engine: New message connection
I1102 18:31:27.585945 IO-0/EL  message_connection.cpp:269] FuncWorkerConnection[1-82]: Handshake done
I1102 18:31:27.585946 Server/E engine.cpp:674] Engine: New message connection
I1102 18:31:27.585958 IO-0/EL  engine.cpp:277] Engine: Receive new handshake message from message connection
I1102 18:31:27.585962 IO-0/EL  worker_manager.cpp:60] WorkerManager: FuncWorker of func_id 1, client_id 83 connected
I1102 18:31:27.585963 Server/E engine.cpp:674] Engine: New message connection
I1102 18:31:27.585974 IO-0/EL  message_connection.cpp:269] FuncWorkerConnection[1-83]: Handshake done
I1102 18:31:27.585982 Server/E engine.cpp:674] Engine: New message connection
I1102 18:31:27.585992 IO-0/EL  engine.cpp:277] Engine: Receive new handshake message from message connection
I1102 18:31:27.585996 IO-0/EL  worker_manager.cpp:60] WorkerManager: FuncWorker of func_id 1, client_id 84 connected
I1102 18:31:27.586001 Server/E engine.cpp:674] Engine: New message connection
I1102 18:31:27.586010 IO-0/EL  message_connection.cpp:269] FuncWorkerConnection[1-84]: Handshake done
I1102 18:31:27.586014 Server/E engine.cpp:674] Engine: New message connection
I1102 18:31:27.586023 IO-0/EL  engine.cpp:277] Engine: Receive new handshake message from message connection
I1102 18:31:27.586028 IO-0/EL  worker_manager.cpp:60] WorkerManager: FuncWorker of func_id 1, client_id 85 connected
I1102 18:31:27.586029 Server/E engine.cpp:674] Engine: New message connection
I1102 18:31:27.586043 Server/E engine.cpp:674] Engine: New message connection
I1102 18:31:27.586046 IO-0/EL  message_connection.cpp:269] FuncWorkerConnection[1-85]: Handshake done
I1102 18:31:27.586056 Server/E engine.cpp:674] Engine: New message connection
I1102 18:31:27.586061 IO-0/EL  engine.cpp:277] Engine: Receive new handshake message from message connection
I1102 18:31:27.586065 IO-0/EL  worker_manager.cpp:60] WorkerManager: FuncWorker of func_id 1, client_id 86 connected
I1102 18:31:27.586072 Server/E engine.cpp:674] Engine: New message connection
I1102 18:31:27.586088 IO-0/EL  message_connection.cpp:269] FuncWorkerConnection[1-86]: Handshake done
I1102 18:31:27.586097 Server/E engine.cpp:674] Engine: New message connection
I1102 18:31:27.586108 IO-0/EL  engine.cpp:277] Engine: Receive new handshake message from message connection
I1102 18:31:27.586113 IO-0/EL  worker_manager.cpp:60] WorkerManager: FuncWorker of func_id 1, client_id 87 connected
I1102 18:31:27.586114 Server/E engine.cpp:674] Engine: New message connection
I1102 18:31:27.586126 IO-0/EL  message_connection.cpp:269] FuncWorkerConnection[1-87]: Handshake done
I1102 18:31:27.586133 Server/E engine.cpp:674] Engine: New message connection
I1102 18:31:27.586139 IO-0/EL  engine.cpp:277] Engine: Receive new handshake message from message connection
I1102 18:31:27.586144 IO-0/EL  worker_manager.cpp:60] WorkerManager: FuncWorker of func_id 1, client_id 88 connected
I1102 18:31:27.586156 IO-0/EL  message_connection.cpp:269] FuncWorkerConnection[1-88]: Handshake done
I1102 18:31:27.586155 Server/E engine.cpp:674] Engine: New message connection
I1102 18:31:27.586172 IO-0/EL  engine.cpp:277] Engine: Receive new handshake message from message connection
I1102 18:31:27.586176 IO-0/EL  worker_manager.cpp:60] WorkerManager: FuncWorker of func_id 1, client_id 89 connected
I1102 18:31:27.586180 Server/E engine.cpp:674] Engine: New message connection
I1102 18:31:27.586191 IO-0/EL  message_connection.cpp:269] FuncWorkerConnection[1-89]: Handshake done
I1102 18:31:27.586200 Server/E engine.cpp:674] Engine: New message connection
I1102 18:31:27.586204 IO-0/EL  engine.cpp:277] Engine: Receive new handshake message from message connection
I1102 18:31:27.586220 IO-0/EL  worker_manager.cpp:60] WorkerManager: FuncWorker of func_id 1, client_id 90 connected
I1102 18:31:27.586227 Server/E engine.cpp:674] Engine: New message connection
I1102 18:31:27.586233 IO-0/EL  message_connection.cpp:269] FuncWorkerConnection[1-90]: Handshake done
I1102 18:31:27.586244 Server/E engine.cpp:674] Engine: New message connection
I1102 18:31:27.586251 IO-0/EL  engine.cpp:277] Engine: Receive new handshake message from message connection
I1102 18:31:27.586256 IO-0/EL  worker_manager.cpp:60] WorkerManager: FuncWorker of func_id 1, client_id 91 connected
I1102 18:31:27.586261 Server/E engine.cpp:674] Engine: New message connection
I1102 18:31:27.586269 IO-0/EL  message_connection.cpp:269] FuncWorkerConnection[1-91]: Handshake done
I1102 18:31:27.586275 Server/E engine.cpp:674] Engine: New message connection
I1102 18:31:27.586283 IO-0/EL  engine.cpp:277] Engine: Receive new handshake message from message connection
I1102 18:31:27.586288 IO-0/EL  worker_manager.cpp:60] WorkerManager: FuncWorker of func_id 1, client_id 92 connected
I1102 18:31:27.586291 Server/E engine.cpp:674] Engine: New message connection
I1102 18:31:27.586302 IO-0/EL  message_connection.cpp:269] FuncWorkerConnection[1-92]: Handshake done
I1102 18:31:27.586312 Server/E engine.cpp:674] Engine: New message connection
I1102 18:31:27.586319 IO-0/EL  engine.cpp:277] Engine: Receive new handshake message from message connection
I1102 18:31:27.586323 IO-0/EL  worker_manager.cpp:60] WorkerManager: FuncWorker of func_id 1, client_id 93 connected
I1102 18:31:27.586337 IO-0/EL  message_connection.cpp:269] FuncWorkerConnection[1-93]: Handshake done
I1102 18:31:27.586350 IO-0/EL  engine.cpp:277] Engine: Receive new handshake message from message connection
I1102 18:31:27.586354 IO-0/EL  worker_manager.cpp:60] WorkerManager: FuncWorker of func_id 1, client_id 94 connected
I1102 18:31:27.586367 IO-0/EL  message_connection.cpp:269] FuncWorkerConnection[1-94]: Handshake done
I1102 18:31:27.586382 IO-0/EL  engine.cpp:277] Engine: Receive new handshake message from message connection
I1102 18:31:27.586386 IO-0/EL  worker_manager.cpp:60] WorkerManager: FuncWorker of func_id 1, client_id 95 connected
I1102 18:31:27.586399 IO-0/EL  message_connection.cpp:269] FuncWorkerConnection[1-95]: Handshake done
I1102 18:31:27.586417 IO-0/EL  engine.cpp:277] Engine: Receive new handshake message from message connection
I1102 18:31:27.586421 IO-0/EL  worker_manager.cpp:60] WorkerManager: FuncWorker of func_id 1, client_id 96 connected
I1102 18:31:27.586434 IO-0/EL  message_connection.cpp:269] FuncWorkerConnection[1-96]: Handshake done
I1102 18:31:27.586451 IO-0/EL  engine.cpp:277] Engine: Receive new handshake message from message connection
I1102 18:31:27.586455 IO-0/EL  worker_manager.cpp:60] WorkerManager: FuncWorker of func_id 1, client_id 97 connected
I1102 18:31:27.586468 IO-0/EL  message_connection.cpp:269] FuncWorkerConnection[1-97]: Handshake done
I1102 18:31:27.586480 IO-0/EL  engine.cpp:277] Engine: Receive new handshake message from message connection
I1102 18:31:27.586484 IO-0/EL  worker_manager.cpp:60] WorkerManager: FuncWorker of func_id 1, client_id 98 connected
I1102 18:31:27.586497 IO-0/EL  message_connection.cpp:269] FuncWorkerConnection[1-98]: Handshake done
I1102 18:31:27.586512 IO-0/EL  engine.cpp:277] Engine: Receive new handshake message from message connection
I1102 18:31:27.586516 IO-0/EL  worker_manager.cpp:60] WorkerManager: FuncWorker of func_id 1, client_id 99 connected
I1102 18:31:27.586529 IO-0/EL  message_connection.cpp:269] FuncWorkerConnection[1-99]: Handshake done
I1102 18:31:27.586541 IO-0/EL  engine.cpp:277] Engine: Receive new handshake message from message connection
I1102 18:31:27.586545 IO-0/EL  worker_manager.cpp:60] WorkerManager: FuncWorker of func_id 1, client_id 100 connected
I1102 18:31:27.586562 IO-0/EL  message_connection.cpp:269] FuncWorkerConnection[1-100]: Handshake done
I1102 18:31:27.586574 IO-0/EL  engine.cpp:277] Engine: Receive new handshake message from message connection
I1102 18:31:27.586578 IO-0/EL  worker_manager.cpp:60] WorkerManager: FuncWorker of func_id 1, client_id 101 connected
I1102 18:31:27.586591 IO-0/EL  message_connection.cpp:269] FuncWorkerConnection[1-101]: Handshake done
I1102 18:31:27.586605 IO-0/EL  engine.cpp:277] Engine: Receive new handshake message from message connection
I1102 18:31:27.586610 IO-0/EL  worker_manager.cpp:60] WorkerManager: FuncWorker of func_id 1, client_id 102 connected
I1102 18:31:27.586623 IO-0/EL  message_connection.cpp:269] FuncWorkerConnection[1-102]: Handshake done
I1102 18:31:27.586636 IO-0/EL  engine.cpp:277] Engine: Receive new handshake message from message connection
I1102 18:31:27.586640 IO-0/EL  worker_manager.cpp:60] WorkerManager: FuncWorker of func_id 1, client_id 103 connected
I1102 18:31:27.586652 IO-0/EL  message_connection.cpp:269] FuncWorkerConnection[1-103]: Handshake done
I1102 18:31:27.586667 IO-0/EL  engine.cpp:277] Engine: Receive new handshake message from message connection
I1102 18:31:27.586671 IO-0/EL  worker_manager.cpp:60] WorkerManager: FuncWorker of func_id 1, client_id 104 connected
I1102 18:31:27.586684 IO-0/EL  message_connection.cpp:269] FuncWorkerConnection[1-104]: Handshake done
I1102 18:31:27.586695 IO-0/EL  engine.cpp:277] Engine: Receive new handshake message from message connection
I1102 18:31:27.586699 IO-0/EL  worker_manager.cpp:60] WorkerManager: FuncWorker of func_id 1, client_id 105 connected
I1102 18:31:27.586718 IO-0/EL  message_connection.cpp:269] FuncWorkerConnection[1-105]: Handshake done
I1102 18:31:27.586734 IO-0/EL  engine.cpp:277] Engine: Receive new handshake message from message connection
I1102 18:31:27.586739 IO-0/EL  worker_manager.cpp:60] WorkerManager: FuncWorker of func_id 1, client_id 106 connected
I1102 18:31:27.586751 IO-0/EL  message_connection.cpp:269] FuncWorkerConnection[1-106]: Handshake done
I1102 18:31:27.586763 IO-0/EL  engine.cpp:277] Engine: Receive new handshake message from message connection
I1102 18:31:27.586766 IO-0/EL  worker_manager.cpp:60] WorkerManager: FuncWorker of func_id 1, client_id 107 connected
I1102 18:31:27.586779 IO-0/EL  message_connection.cpp:269] FuncWorkerConnection[1-107]: Handshake done
I1102 18:31:27.586792 IO-0/EL  engine.cpp:277] Engine: Receive new handshake message from message connection
I1102 18:31:27.586801 IO-0/EL  worker_manager.cpp:60] WorkerManager: FuncWorker of func_id 1, client_id 108 connected
I1102 18:31:27.586814 IO-0/EL  message_connection.cpp:269] FuncWorkerConnection[1-108]: Handshake done
I1102 18:31:27.586947 Server/E engine.cpp:674] Engine: New message connection
I1102 18:31:27.586978 IO-0/EL  engine.cpp:277] Engine: Receive new handshake message from message connection
I1102 18:31:27.586982 IO-0/EL  worker_manager.cpp:60] WorkerManager: FuncWorker of func_id 1, client_id 110 connected
I1102 18:31:27.586995 IO-0/EL  message_connection.cpp:269] FuncWorkerConnection[1-110]: Handshake done
I1102 18:31:27.587733 Server/E engine.cpp:674] Engine: New message connection
I1102 18:31:27.587774 IO-0/EL  engine.cpp:277] Engine: Receive new handshake message from message connection
I1102 18:31:27.587779 IO-0/EL  worker_manager.cpp:60] WorkerManager: FuncWorker of func_id 1, client_id 111 connected
I1102 18:31:27.587793 IO-0/EL  message_connection.cpp:269] FuncWorkerConnection[1-111]: Handshake done
I1102 18:31:27.587907 Server/E engine.cpp:674] Engine: New message connection
I1102 18:31:27.587932 IO-0/EL  engine.cpp:277] Engine: Receive new handshake message from message connection
I1102 18:31:27.587937 IO-0/EL  worker_manager.cpp:60] WorkerManager: FuncWorker of func_id 1, client_id 109 connected
I1102 18:31:27.587950 IO-0/EL  message_connection.cpp:269] FuncWorkerConnection[1-109]: Handshake done
I1102 18:31:27.588317 Server/E engine.cpp:674] Engine: New message connection
I1102 18:31:27.588351 IO-0/EL  engine.cpp:277] Engine: Receive new handshake message from message connection
I1102 18:31:27.588356 IO-0/EL  worker_manager.cpp:60] WorkerManager: FuncWorker of func_id 1, client_id 112 connected
I1102 18:31:27.588369 IO-0/EL  message_connection.cpp:269] FuncWorkerConnection[1-112]: Handshake done
I1102 18:31:27.588779 Server/E engine.cpp:674] Engine: New message connection
I1102 18:31:27.588807 IO-0/EL  engine.cpp:277] Engine: Receive new handshake message from message connection
I1102 18:31:27.588811 IO-0/EL  worker_manager.cpp:60] WorkerManager: FuncWorker of func_id 1, client_id 113 connected
I1102 18:31:27.588834 IO-0/EL  message_connection.cpp:269] FuncWorkerConnection[1-113]: Handshake done
I1102 18:31:27.589270 Server/E engine.cpp:674] Engine: New message connection
I1102 18:31:27.589298 IO-0/EL  engine.cpp:277] Engine: Receive new handshake message from message connection
I1102 18:31:27.589303 IO-0/EL  worker_manager.cpp:60] WorkerManager: FuncWorker of func_id 1, client_id 114 connected
I1102 18:31:27.589316 IO-0/EL  message_connection.cpp:269] FuncWorkerConnection[1-114]: Handshake done
I1102 18:31:27.589400 Server/E engine.cpp:674] Engine: New message connection
I1102 18:31:27.589422 IO-0/EL  engine.cpp:277] Engine: Receive new handshake message from message connection
I1102 18:31:27.589427 IO-0/EL  worker_manager.cpp:60] WorkerManager: FuncWorker of func_id 1, client_id 115 connected
I1102 18:31:27.589440 IO-0/EL  message_connection.cpp:269] FuncWorkerConnection[1-115]: Handshake done
I1102 18:31:27.590229 Server/E engine.cpp:674] Engine: New message connection
I1102 18:31:27.590253 IO-0/EL  engine.cpp:277] Engine: Receive new handshake message from message connection
I1102 18:31:27.590258 IO-0/EL  worker_manager.cpp:60] WorkerManager: FuncWorker of func_id 1, client_id 116 connected
I1102 18:31:27.590272 IO-0/EL  message_connection.cpp:269] FuncWorkerConnection[1-116]: Handshake done
I1102 18:31:27.590651 Server/E engine.cpp:674] Engine: New message connection
I1102 18:31:27.590675 IO-0/EL  engine.cpp:277] Engine: Receive new handshake message from message connection
I1102 18:31:27.590680 IO-0/EL  worker_manager.cpp:60] WorkerManager: FuncWorker of func_id 1, client_id 117 connected
I1102 18:31:27.590693 IO-0/EL  message_connection.cpp:269] FuncWorkerConnection[1-117]: Handshake done
I1102 18:31:27.591134 Server/E engine.cpp:674] Engine: New message connection
I1102 18:31:27.591157 IO-0/EL  engine.cpp:277] Engine: Receive new handshake message from message connection
I1102 18:31:27.591162 IO-0/EL  worker_manager.cpp:60] WorkerManager: FuncWorker of func_id 1, client_id 118 connected
I1102 18:31:27.591185 IO-0/EL  message_connection.cpp:269] FuncWorkerConnection[1-118]: Handshake done
I1102 18:31:27.591581 Server/E engine.cpp:674] Engine: New message connection
I1102 18:31:27.591605 IO-0/EL  engine.cpp:277] Engine: Receive new handshake message from message connection
I1102 18:31:27.591609 IO-0/EL  worker_manager.cpp:60] WorkerManager: FuncWorker of func_id 1, client_id 119 connected
I1102 18:31:27.591622 IO-0/EL  message_connection.cpp:269] FuncWorkerConnection[1-119]: Handshake done
I1102 18:31:27.612579 Server/E engine.cpp:674] Engine: New message connection
I1102 18:31:27.612607 Server/E engine.cpp:674] Engine: New message connection
I1102 18:31:27.612612 IO-0/EL  engine.cpp:277] Engine: Receive new handshake message from message connection
I1102 18:31:27.612617 IO-0/EL  worker_manager.cpp:60] WorkerManager: FuncWorker of func_id 1, client_id 121 connected
I1102 18:31:27.612634 IO-0/EL  message_connection.cpp:269] FuncWorkerConnection[1-121]: Handshake done
I1102 18:31:27.612649 IO-0/EL  engine.cpp:277] Engine: Receive new handshake message from message connection
I1102 18:31:27.612652 IO-0/EL  worker_manager.cpp:60] WorkerManager: FuncWorker of func_id 1, client_id 120 connected
I1102 18:31:27.612665 IO-0/EL  message_connection.cpp:269] FuncWorkerConnection[1-120]: Handshake done
I1102 18:31:27.613337 Server/E engine.cpp:674] Engine: New message connection
I1102 18:31:27.613368 IO-0/EL  engine.cpp:277] Engine: Receive new handshake message from message connection
I1102 18:31:27.613373 IO-0/EL  worker_manager.cpp:60] WorkerManager: FuncWorker of func_id 1, client_id 122 connected
I1102 18:31:27.613389 IO-0/EL  message_connection.cpp:269] FuncWorkerConnection[1-122]: Handshake done
I1102 18:31:27.613793 Server/E engine.cpp:674] Engine: New message connection
I1102 18:31:27.613824 IO-0/EL  engine.cpp:277] Engine: Receive new handshake message from message connection
I1102 18:31:27.613828 IO-0/EL  worker_manager.cpp:60] WorkerManager: FuncWorker of func_id 1, client_id 123 connected
I1102 18:31:27.613842 IO-0/EL  message_connection.cpp:269] FuncWorkerConnection[1-123]: Handshake done
I1102 18:31:27.614244 Server/E engine.cpp:674] Engine: New message connection
I1102 18:31:27.614274 IO-0/EL  engine.cpp:277] Engine: Receive new handshake message from message connection
I1102 18:31:27.614279 IO-0/EL  worker_manager.cpp:60] WorkerManager: FuncWorker of func_id 1, client_id 124 connected
I1102 18:31:27.614292 IO-0/EL  message_connection.cpp:269] FuncWorkerConnection[1-124]: Handshake done
I1102 18:31:27.614995 Server/E engine.cpp:674] Engine: New message connection
I1102 18:31:27.615025 IO-0/EL  engine.cpp:277] Engine: Receive new handshake message from message connection
I1102 18:31:27.615030 IO-0/EL  worker_manager.cpp:60] WorkerManager: FuncWorker of func_id 1, client_id 125 connected
I1102 18:31:27.615043 IO-0/EL  message_connection.cpp:269] FuncWorkerConnection[1-125]: Handshake done
I1102 18:31:27.615431 Server/E engine.cpp:674] Engine: New message connection
I1102 18:31:27.615461 IO-0/EL  engine.cpp:277] Engine: Receive new handshake message from message connection
I1102 18:31:27.615466 IO-0/EL  worker_manager.cpp:60] WorkerManager: FuncWorker of func_id 1, client_id 126 connected
I1102 18:31:27.615479 IO-0/EL  message_connection.cpp:269] FuncWorkerConnection[1-126]: Handshake done
I1102 18:31:27.616318 Server/E engine.cpp:674] Engine: New message connection
I1102 18:31:27.616350 IO-0/EL  engine.cpp:277] Engine: Receive new handshake message from message connection
I1102 18:31:27.616355 IO-0/EL  worker_manager.cpp:60] WorkerManager: FuncWorker of func_id 1, client_id 127 connected
I1102 18:31:27.616372 IO-0/EL  message_connection.cpp:269] FuncWorkerConnection[1-127]: Handshake done
I1102 18:31:27.616459 Server/E engine.cpp:674] Engine: New message connection
I1102 18:31:27.616494 IO-0/EL  engine.cpp:277] Engine: Receive new handshake message from message connection
I1102 18:31:27.616498 IO-0/EL  worker_manager.cpp:60] WorkerManager: FuncWorker of func_id 1, client_id 128 connected
I1102 18:31:27.616519 IO-0/EL  message_connection.cpp:269] FuncWorkerConnection[1-128]: Handshake done
I1102 18:31:27.617146 Server/E engine.cpp:674] Engine: New message connection
I1102 18:31:27.617183 IO-0/EL  engine.cpp:277] Engine: Receive new handshake message from message connection
I1102 18:31:27.617188 IO-0/EL  worker_manager.cpp:60] WorkerManager: FuncWorker of func_id 1, client_id 129 connected
I1102 18:31:27.617201 IO-0/EL  message_connection.cpp:269] FuncWorkerConnection[1-129]: Handshake done
I1102 18:31:27.617589 Server/E engine.cpp:674] Engine: New message connection
I1102 18:31:27.617620 IO-0/EL  engine.cpp:277] Engine: Receive new handshake message from message connection
I1102 18:31:27.617625 IO-0/EL  worker_manager.cpp:60] WorkerManager: FuncWorker of func_id 1, client_id 130 connected
I1102 18:31:27.617638 IO-0/EL  message_connection.cpp:269] FuncWorkerConnection[1-130]: Handshake done
I1102 18:31:27.618246 Server/E engine.cpp:674] Engine: New message connection
I1102 18:31:27.618272 Server/E engine.cpp:674] Engine: New message connection
I1102 18:31:27.618281 IO-0/EL  engine.cpp:277] Engine: Receive new handshake message from message connection
I1102 18:31:27.618286 IO-0/EL  worker_manager.cpp:60] WorkerManager: FuncWorker of func_id 1, client_id 132 connected
I1102 18:31:27.618299 IO-0/EL  message_connection.cpp:269] FuncWorkerConnection[1-132]: Handshake done
I1102 18:31:27.618313 IO-0/EL  engine.cpp:277] Engine: Receive new handshake message from message connection
I1102 18:31:27.618316 IO-0/EL  worker_manager.cpp:60] WorkerManager: FuncWorker of func_id 1, client_id 131 connected
I1102 18:31:27.618328 IO-0/EL  message_connection.cpp:269] FuncWorkerConnection[1-131]: Handshake done
I1102 18:31:27.619112 Server/E engine.cpp:674] Engine: New message connection
I1102 18:31:27.619152 IO-0/EL  engine.cpp:277] Engine: Receive new handshake message from message connection
I1102 18:31:27.619157 IO-0/EL  worker_manager.cpp:60] WorkerManager: FuncWorker of func_id 1, client_id 133 connected
I1102 18:31:27.619171 IO-0/EL  message_connection.cpp:269] FuncWorkerConnection[1-133]: Handshake done
I1102 18:31:27.619577 Server/E engine.cpp:674] Engine: New message connection
I1102 18:31:27.619606 IO-0/EL  engine.cpp:277] Engine: Receive new handshake message from message connection
I1102 18:31:27.619610 IO-0/EL  worker_manager.cpp:60] WorkerManager: FuncWorker of func_id 1, client_id 134 connected
I1102 18:31:27.619625 IO-0/EL  message_connection.cpp:269] FuncWorkerConnection[1-134]: Handshake done
I1102 18:31:27.620126 Server/E engine.cpp:674] Engine: New message connection
I1102 18:31:27.620159 IO-0/EL  engine.cpp:277] Engine: Receive new handshake message from message connection
I1102 18:31:27.620164 IO-0/EL  worker_manager.cpp:60] WorkerManager: FuncWorker of func_id 1, client_id 135 connected
I1102 18:31:27.620177 IO-0/EL  message_connection.cpp:269] FuncWorkerConnection[1-135]: Handshake done
I1102 18:31:27.620544 Server/E engine.cpp:674] Engine: New message connection
I1102 18:31:27.620571 IO-0/EL  engine.cpp:277] Engine: Receive new handshake message from message connection
I1102 18:31:27.620575 IO-0/EL  worker_manager.cpp:60] WorkerManager: FuncWorker of func_id 1, client_id 136 connected
I1102 18:31:27.620588 IO-0/EL  message_connection.cpp:269] FuncWorkerConnection[1-136]: Handshake done
I1102 18:31:27.621040 Server/E engine.cpp:674] Engine: New message connection
I1102 18:31:27.621073 IO-0/EL  engine.cpp:277] Engine: Receive new handshake message from message connection
I1102 18:31:27.621078 IO-0/EL  worker_manager.cpp:60] WorkerManager: FuncWorker of func_id 1, client_id 137 connected
I1102 18:31:27.621091 IO-0/EL  message_connection.cpp:269] FuncWorkerConnection[1-137]: Handshake done
I1102 18:31:27.621476 Server/E engine.cpp:674] Engine: New message connection
I1102 18:31:27.621503 IO-0/EL  engine.cpp:277] Engine: Receive new handshake message from message connection
I1102 18:31:27.621508 IO-0/EL  worker_manager.cpp:60] WorkerManager: FuncWorker of func_id 1, client_id 138 connected
I1102 18:31:27.621530 IO-0/EL  message_connection.cpp:269] FuncWorkerConnection[1-138]: Handshake done
I1102 18:31:27.621963 Server/E engine.cpp:674] Engine: New message connection
I1102 18:31:27.621991 IO-0/EL  engine.cpp:277] Engine: Receive new handshake message from message connection
I1102 18:31:27.621995 IO-0/EL  worker_manager.cpp:60] WorkerManager: FuncWorker of func_id 1, client_id 139 connected
I1102 18:31:27.622008 IO-0/EL  message_connection.cpp:269] FuncWorkerConnection[1-139]: Handshake done
I1102 18:31:27.622061 Server/E engine.cpp:674] Engine: New message connection
I1102 18:31:27.622084 IO-0/EL  engine.cpp:277] Engine: Receive new handshake message from message connection
I1102 18:31:27.622088 IO-0/EL  worker_manager.cpp:60] WorkerManager: FuncWorker of func_id 1, client_id 140 connected
I1102 18:31:27.622107 IO-0/EL  message_connection.cpp:269] FuncWorkerConnection[1-140]: Handshake done
I1102 18:31:27.622824 Server/E engine.cpp:674] Engine: New message connection
I1102 18:31:27.622852 IO-0/EL  engine.cpp:277] Engine: Receive new handshake message from message connection
I1102 18:31:27.622857 IO-0/EL  worker_manager.cpp:60] WorkerManager: FuncWorker of func_id 1, client_id 141 connected
I1102 18:31:27.622870 IO-0/EL  message_connection.cpp:269] FuncWorkerConnection[1-141]: Handshake done
I1102 18:31:27.623344 Server/E engine.cpp:674] Engine: New message connection
I1102 18:31:27.623374 IO-0/EL  engine.cpp:277] Engine: Receive new handshake message from message connection
I1102 18:31:27.623379 IO-0/EL  worker_manager.cpp:60] WorkerManager: FuncWorker of func_id 1, client_id 142 connected
I1102 18:31:27.623392 IO-0/EL  message_connection.cpp:269] FuncWorkerConnection[1-142]: Handshake done
I1102 18:31:27.623823 Server/E engine.cpp:674] Engine: New message connection
I1102 18:31:27.623853 IO-0/EL  engine.cpp:277] Engine: Receive new handshake message from message connection
I1102 18:31:27.623857 IO-0/EL  worker_manager.cpp:60] WorkerManager: FuncWorker of func_id 1, client_id 143 connected
I1102 18:31:27.623870 IO-0/EL  message_connection.cpp:269] FuncWorkerConnection[1-143]: Handshake done
I1102 18:31:27.624232 Server/E engine.cpp:674] Engine: New message connection
I1102 18:31:27.624265 IO-0/EL  engine.cpp:277] Engine: Receive new handshake message from message connection
I1102 18:31:27.624270 IO-0/EL  worker_manager.cpp:60] WorkerManager: FuncWorker of func_id 1, client_id 144 connected
I1102 18:31:27.624283 IO-0/EL  message_connection.cpp:269] FuncWorkerConnection[1-144]: Handshake done
I1102 18:31:27.624731 Server/E engine.cpp:674] Engine: New message connection
I1102 18:31:27.624760 IO-0/EL  engine.cpp:277] Engine: Receive new handshake message from message connection
I1102 18:31:27.624764 IO-0/EL  worker_manager.cpp:60] WorkerManager: FuncWorker of func_id 1, client_id 145 connected
I1102 18:31:27.624777 IO-0/EL  message_connection.cpp:269] FuncWorkerConnection[1-145]: Handshake done
I1102 18:31:27.625634 Server/E engine.cpp:674] Engine: New message connection
I1102 18:31:27.625667 IO-0/EL  engine.cpp:277] Engine: Receive new handshake message from message connection
I1102 18:31:27.625671 IO-0/EL  worker_manager.cpp:60] WorkerManager: FuncWorker of func_id 1, client_id 147 connected
I1102 18:31:27.625684 IO-0/EL  message_connection.cpp:269] FuncWorkerConnection[1-147]: Handshake done
I1102 18:31:27.626142 Server/E engine.cpp:674] Engine: New message connection
I1102 18:31:27.626170 IO-0/EL  engine.cpp:277] Engine: Receive new handshake message from message connection
I1102 18:31:27.626175 IO-0/EL  worker_manager.cpp:60] WorkerManager: FuncWorker of func_id 1, client_id 148 connected
I1102 18:31:27.626188 IO-0/EL  message_connection.cpp:269] FuncWorkerConnection[1-148]: Handshake done
I1102 18:31:27.626594 Server/E engine.cpp:674] Engine: New message connection
I1102 18:31:27.626625 IO-0/EL  engine.cpp:277] Engine: Receive new handshake message from message connection
I1102 18:31:27.626630 IO-0/EL  worker_manager.cpp:60] WorkerManager: FuncWorker of func_id 1, client_id 149 connected
I1102 18:31:27.626649 IO-0/EL  message_connection.cpp:269] FuncWorkerConnection[1-149]: Handshake done
I1102 18:31:27.626744 Server/E engine.cpp:674] Engine: New message connection
I1102 18:31:27.626766 IO-0/EL  engine.cpp:277] Engine: Receive new handshake message from message connection
I1102 18:31:27.626771 IO-0/EL  worker_manager.cpp:60] WorkerManager: FuncWorker of func_id 1, client_id 150 connected
I1102 18:31:27.626783 IO-0/EL  message_connection.cpp:269] FuncWorkerConnection[1-150]: Handshake done
I1102 18:31:27.627066 Server/E engine.cpp:674] Engine: New message connection
I1102 18:31:27.627099 IO-0/EL  engine.cpp:277] Engine: Receive new handshake message from message connection
I1102 18:31:27.627104 IO-0/EL  worker_manager.cpp:60] WorkerManager: FuncWorker of func_id 1, client_id 146 connected
I1102 18:31:27.627118 IO-0/EL  message_connection.cpp:269] FuncWorkerConnection[1-146]: Handshake done
I1102 18:31:27.627497 Server/E engine.cpp:674] Engine: New message connection
I1102 18:31:27.627524 IO-0/EL  engine.cpp:277] Engine: Receive new handshake message from message connection
I1102 18:31:27.627529 IO-0/EL  worker_manager.cpp:60] WorkerManager: FuncWorker of func_id 1, client_id 151 connected
I1102 18:31:27.627541 IO-0/EL  message_connection.cpp:269] FuncWorkerConnection[1-151]: Handshake done
I1102 18:31:27.628000 Server/E engine.cpp:674] Engine: New message connection
I1102 18:31:27.628032 IO-0/EL  engine.cpp:277] Engine: Receive new handshake message from message connection
I1102 18:31:27.628036 IO-0/EL  worker_manager.cpp:60] WorkerManager: FuncWorker of func_id 1, client_id 152 connected
I1102 18:31:27.628049 IO-0/EL  message_connection.cpp:269] FuncWorkerConnection[1-152]: Handshake done
I1102 18:31:27.628418 Server/E engine.cpp:674] Engine: New message connection
I1102 18:31:27.628440 IO-0/EL  engine.cpp:277] Engine: Receive new handshake message from message connection
I1102 18:31:27.628444 IO-0/EL  worker_manager.cpp:60] WorkerManager: FuncWorker of func_id 1, client_id 153 connected
I1102 18:31:27.628457 IO-0/EL  message_connection.cpp:269] FuncWorkerConnection[1-153]: Handshake done
I1102 18:31:27.628908 Server/E engine.cpp:674] Engine: New message connection
I1102 18:31:27.628942 IO-0/EL  engine.cpp:277] Engine: Receive new handshake message from message connection
I1102 18:31:27.628947 IO-0/EL  worker_manager.cpp:60] WorkerManager: FuncWorker of func_id 1, client_id 154 connected
I1102 18:31:27.628959 IO-0/EL  message_connection.cpp:269] FuncWorkerConnection[1-154]: Handshake done
I1102 18:31:27.629385 Server/E engine.cpp:674] Engine: New message connection
I1102 18:31:27.629413 IO-0/EL  engine.cpp:277] Engine: Receive new handshake message from message connection
I1102 18:31:27.629417 IO-0/EL  worker_manager.cpp:60] WorkerManager: FuncWorker of func_id 1, client_id 155 connected
I1102 18:31:27.629433 IO-0/EL  message_connection.cpp:269] FuncWorkerConnection[1-155]: Handshake done
I1102 18:31:27.630695 Server/E engine.cpp:674] Engine: New message connection
I1102 18:31:27.630732 IO-0/EL  engine.cpp:277] Engine: Receive new handshake message from message connection
I1102 18:31:27.630737 IO-0/EL  worker_manager.cpp:60] WorkerManager: FuncWorker of func_id 1, client_id 157 connected
I1102 18:31:27.630751 IO-0/EL  message_connection.cpp:269] FuncWorkerConnection[1-157]: Handshake done
I1102 18:31:27.630935 Server/E engine.cpp:674] Engine: New message connection
I1102 18:31:27.630966 IO-0/EL  engine.cpp:277] Engine: Receive new handshake message from message connection
I1102 18:31:27.630970 IO-0/EL  worker_manager.cpp:60] WorkerManager: FuncWorker of func_id 1, client_id 158 connected
I1102 18:31:27.630983 IO-0/EL  message_connection.cpp:269] FuncWorkerConnection[1-158]: Handshake done
I1102 18:31:27.631085 Server/E engine.cpp:674] Engine: New message connection
I1102 18:31:27.631113 IO-0/EL  engine.cpp:277] Engine: Receive new handshake message from message connection
I1102 18:31:27.631117 IO-0/EL  worker_manager.cpp:60] WorkerManager: FuncWorker of func_id 1, client_id 156 connected
I1102 18:31:27.631136 IO-0/EL  message_connection.cpp:269] FuncWorkerConnection[1-156]: Handshake done
I1102 18:31:27.632217 Server/E engine.cpp:674] Engine: New message connection
I1102 18:31:27.632250 IO-0/EL  engine.cpp:277] Engine: Receive new handshake message from message connection
I1102 18:31:27.632255 IO-0/EL  worker_manager.cpp:60] WorkerManager: FuncWorker of func_id 1, client_id 160 connected
I1102 18:31:27.632269 IO-0/EL  message_connection.cpp:269] FuncWorkerConnection[1-160]: Handshake done
I1102 18:31:27.632409 Server/E engine.cpp:674] Engine: New message connection
I1102 18:31:27.632445 IO-0/EL  engine.cpp:277] Engine: Receive new handshake message from message connection
I1102 18:31:27.632449 IO-0/EL  worker_manager.cpp:60] WorkerManager: FuncWorker of func_id 1, client_id 159 connected
I1102 18:31:27.632461 IO-0/EL  message_connection.cpp:269] FuncWorkerConnection[1-159]: Handshake done
I1102 18:31:27.632940 Server/E engine.cpp:674] Engine: New message connection
I1102 18:31:27.632973 IO-0/EL  engine.cpp:277] Engine: Receive new handshake message from message connection
I1102 18:31:27.632978 IO-0/EL  worker_manager.cpp:60] WorkerManager: FuncWorker of func_id 1, client_id 161 connected
I1102 18:31:27.632991 IO-0/EL  message_connection.cpp:269] FuncWorkerConnection[1-161]: Handshake done
I1102 18:31:27.633435 Server/E engine.cpp:674] Engine: New message connection
I1102 18:31:27.633462 IO-0/EL  engine.cpp:277] Engine: Receive new handshake message from message connection
I1102 18:31:27.633466 IO-0/EL  worker_manager.cpp:60] WorkerManager: FuncWorker of func_id 1, client_id 162 connected
I1102 18:31:27.633478 IO-0/EL  message_connection.cpp:269] FuncWorkerConnection[1-162]: Handshake done
I1102 18:31:27.633891 Server/E engine.cpp:674] Engine: New message connection
I1102 18:31:27.633924 IO-0/EL  engine.cpp:277] Engine: Receive new handshake message from message connection
I1102 18:31:27.633929 IO-0/EL  worker_manager.cpp:60] WorkerManager: FuncWorker of func_id 1, client_id 163 connected
I1102 18:31:27.633942 IO-0/EL  message_connection.cpp:269] FuncWorkerConnection[1-163]: Handshake done
I1102 18:31:27.634377 Server/E engine.cpp:674] Engine: New message connection
I1102 18:31:27.652755 Server/E engine.cpp:674] Engine: New message connection
I1102 18:31:27.652786 IO-0/EL  engine.cpp:277] Engine: Receive new handshake message from message connection
I1102 18:31:27.652800 IO-0/EL  worker_manager.cpp:60] WorkerManager: FuncWorker of func_id 1, client_id 164 connected
I1102 18:31:27.652806 Server/E engine.cpp:674] Engine: New message connection
I1102 18:31:27.652822 IO-0/EL  message_connection.cpp:269] FuncWorkerConnection[1-164]: Handshake done
I1102 18:31:27.652833 Server/E engine.cpp:674] Engine: New message connection
I1102 18:31:27.652852 IO-0/EL  engine.cpp:277] Engine: Receive new handshake message from message connection
I1102 18:31:27.652857 IO-0/EL  worker_manager.cpp:60] WorkerManager: FuncWorker of func_id 1, client_id 165 connected
I1102 18:31:27.652857 Server/E engine.cpp:674] Engine: New message connection
I1102 18:31:27.652872 IO-0/EL  message_connection.cpp:269] FuncWorkerConnection[1-165]: Handshake done
I1102 18:31:27.652881 Server/E engine.cpp:674] Engine: New message connection
I1102 18:31:27.652888 IO-0/EL  engine.cpp:277] Engine: Receive new handshake message from message connection
I1102 18:31:27.652892 IO-0/EL  worker_manager.cpp:60] WorkerManager: FuncWorker of func_id 1, client_id 166 connected
I1102 18:31:27.652907 Server/E engine.cpp:674] Engine: New message connection
I1102 18:31:27.652913 IO-0/EL  message_connection.cpp:269] FuncWorkerConnection[1-166]: Handshake done
I1102 18:31:27.652926 Server/E engine.cpp:674] Engine: New message connection
I1102 18:31:27.652933 IO-0/EL  engine.cpp:277] Engine: Receive new handshake message from message connection
I1102 18:31:27.652938 IO-0/EL  worker_manager.cpp:60] WorkerManager: FuncWorker of func_id 1, client_id 167 connected
I1102 18:31:27.652949 Server/E engine.cpp:674] Engine: New message connection
I1102 18:31:27.652952 IO-0/EL  message_connection.cpp:269] FuncWorkerConnection[1-167]: Handshake done
I1102 18:31:27.652988 Server/E engine.cpp:674] Engine: New message connection
I1102 18:31:27.652994 IO-0/EL  engine.cpp:277] Engine: Receive new handshake message from message connection
I1102 18:31:27.652999 IO-0/EL  worker_manager.cpp:60] WorkerManager: FuncWorker of func_id 1, client_id 168 connected
I1102 18:31:27.653011 Server/E engine.cpp:674] Engine: New message connection
I1102 18:31:27.653013 IO-0/EL  message_connection.cpp:269] FuncWorkerConnection[1-168]: Handshake done
I1102 18:31:27.653035 Server/E engine.cpp:674] Engine: New message connection
I1102 18:31:27.653043 IO-0/EL  engine.cpp:277] Engine: Receive new handshake message from message connection
I1102 18:31:27.653047 IO-0/EL  worker_manager.cpp:60] WorkerManager: FuncWorker of func_id 1, client_id 169 connected
I1102 18:31:27.653055 Server/E engine.cpp:674] Engine: New message connection
I1102 18:31:27.653061 IO-0/EL  message_connection.cpp:269] FuncWorkerConnection[1-169]: Handshake done
I1102 18:31:27.653075 IO-0/EL  engine.cpp:277] Engine: Receive new handshake message from message connection
I1102 18:31:27.653077 Server/E engine.cpp:674] Engine: New message connection
I1102 18:31:27.653079 IO-0/EL  worker_manager.cpp:60] WorkerManager: FuncWorker of func_id 1, client_id 170 connected
I1102 18:31:27.653099 Server/E engine.cpp:674] Engine: New message connection
I1102 18:31:27.653108 IO-0/EL  message_connection.cpp:269] FuncWorkerConnection[1-170]: Handshake done
I1102 18:31:27.653122 IO-0/EL  engine.cpp:277] Engine: Receive new handshake message from message connection
I1102 18:31:27.653124 Server/E engine.cpp:674] Engine: New message connection
I1102 18:31:27.653126 IO-0/EL  worker_manager.cpp:60] WorkerManager: FuncWorker of func_id 1, client_id 171 connected
I1102 18:31:27.653148 Server/E engine.cpp:674] Engine: New message connection
I1102 18:31:27.653151 IO-0/EL  message_connection.cpp:269] FuncWorkerConnection[1-171]: Handshake done
I1102 18:31:27.653169 Server/E engine.cpp:674] Engine: New message connection
I1102 18:31:27.653176 IO-0/EL  engine.cpp:277] Engine: Receive new handshake message from message connection
I1102 18:31:27.653181 IO-0/EL  worker_manager.cpp:60] WorkerManager: FuncWorker of func_id 1, client_id 172 connected
I1102 18:31:27.653190 Server/E engine.cpp:674] Engine: New message connection
I1102 18:31:27.653195 IO-0/EL  message_connection.cpp:269] FuncWorkerConnection[1-172]: Handshake done
I1102 18:31:27.653210 IO-0/EL  engine.cpp:277] Engine: Receive new handshake message from message connection
I1102 18:31:27.653211 Server/E engine.cpp:674] Engine: New message connection
I1102 18:31:27.653214 IO-0/EL  worker_manager.cpp:60] WorkerManager: FuncWorker of func_id 1, client_id 173 connected
I1102 18:31:27.653233 Server/E engine.cpp:674] Engine: New message connection
I1102 18:31:27.653238 IO-0/EL  message_connection.cpp:269] FuncWorkerConnection[1-173]: Handshake done
I1102 18:31:27.653257 Server/E engine.cpp:674] Engine: New message connection
I1102 18:31:27.653262 IO-0/EL  engine.cpp:277] Engine: Receive new handshake message from message connection
I1102 18:31:27.653267 IO-0/EL  worker_manager.cpp:60] WorkerManager: FuncWorker of func_id 1, client_id 174 connected
I1102 18:31:27.653276 Server/E engine.cpp:674] Engine: New message connection
I1102 18:31:27.653281 IO-0/EL  message_connection.cpp:269] FuncWorkerConnection[1-174]: Handshake done
I1102 18:31:27.653296 IO-0/EL  engine.cpp:277] Engine: Receive new handshake message from message connection
I1102 18:31:27.653297 Server/E engine.cpp:674] Engine: New message connection
I1102 18:31:27.653300 IO-0/EL  worker_manager.cpp:60] WorkerManager: FuncWorker of func_id 1, client_id 175 connected
I1102 18:31:27.653323 Server/E engine.cpp:674] Engine: New message connection
I1102 18:31:27.653324 IO-0/EL  message_connection.cpp:269] FuncWorkerConnection[1-175]: Handshake done
I1102 18:31:27.653343 Server/E engine.cpp:674] Engine: New message connection
I1102 18:31:27.653353 IO-0/EL  engine.cpp:277] Engine: Receive new handshake message from message connection
I1102 18:31:27.653365 Server/E engine.cpp:674] Engine: New message connection
I1102 18:31:27.653369 IO-0/EL  worker_manager.cpp:60] WorkerManager: FuncWorker of func_id 1, client_id 176 connected
I1102 18:31:27.653388 Server/E engine.cpp:674] Engine: New message connection
I1102 18:31:27.653395 IO-0/EL  message_connection.cpp:269] FuncWorkerConnection[1-176]: Handshake done
I1102 18:31:27.653409 IO-0/EL  engine.cpp:277] Engine: Receive new handshake message from message connection
I1102 18:31:27.653410 Server/E engine.cpp:674] Engine: New message connection
I1102 18:31:27.653413 IO-0/EL  worker_manager.cpp:60] WorkerManager: FuncWorker of func_id 1, client_id 177 connected
I1102 18:31:27.653435 Server/E engine.cpp:674] Engine: New message connection
I1102 18:31:27.653435 IO-0/EL  message_connection.cpp:269] FuncWorkerConnection[1-177]: Handshake done
I1102 18:31:27.653455 Server/E engine.cpp:674] Engine: New message connection
I1102 18:31:27.653463 IO-0/EL  engine.cpp:277] Engine: Receive new handshake message from message connection
I1102 18:31:27.653468 IO-0/EL  worker_manager.cpp:60] WorkerManager: FuncWorker of func_id 1, client_id 178 connected
I1102 18:31:27.653479 Server/E engine.cpp:674] Engine: New message connection
I1102 18:31:27.653481 IO-0/EL  message_connection.cpp:269] FuncWorkerConnection[1-178]: Handshake done
I1102 18:31:27.653500 Server/E engine.cpp:674] Engine: New message connection
I1102 18:31:27.653506 IO-0/EL  engine.cpp:277] Engine: Receive new handshake message from message connection
I1102 18:31:27.653510 IO-0/EL  worker_manager.cpp:60] WorkerManager: FuncWorker of func_id 1, client_id 180 connected
I1102 18:31:27.653524 IO-0/EL  message_connection.cpp:269] FuncWorkerConnection[1-180]: Handshake done
I1102 18:31:27.653527 Server/E engine.cpp:674] Engine: New message connection
I1102 18:31:27.653542 IO-0/EL  engine.cpp:277] Engine: Receive new handshake message from message connection
I1102 18:31:27.653546 IO-0/EL  worker_manager.cpp:60] WorkerManager: FuncWorker of func_id 1, client_id 179 connected
I1102 18:31:27.653549 Server/E engine.cpp:674] Engine: New message connection
I1102 18:31:27.653560 IO-0/EL  message_connection.cpp:269] FuncWorkerConnection[1-179]: Handshake done
I1102 18:31:27.653574 IO-0/EL  engine.cpp:277] Engine: Receive new handshake message from message connection
I1102 18:31:27.653578 IO-0/EL  worker_manager.cpp:60] WorkerManager: FuncWorker of func_id 1, client_id 181 connected
I1102 18:31:27.653579 Server/E engine.cpp:674] Engine: New message connection
I1102 18:31:27.653591 IO-0/EL  message_connection.cpp:269] FuncWorkerConnection[1-181]: Handshake done
I1102 18:31:27.653599 Server/E engine.cpp:674] Engine: New message connection
I1102 18:31:27.653608 IO-0/EL  engine.cpp:277] Engine: Receive new handshake message from message connection
I1102 18:31:27.653613 IO-0/EL  worker_manager.cpp:60] WorkerManager: FuncWorker of func_id 1, client_id 182 connected
I1102 18:31:27.653623 Server/E engine.cpp:674] Engine: New message connection
I1102 18:31:27.653628 IO-0/EL  message_connection.cpp:269] FuncWorkerConnection[1-182]: Handshake done
I1102 18:31:27.653645 Server/E engine.cpp:674] Engine: New message connection
I1102 18:31:27.653649 IO-0/EL  engine.cpp:277] Engine: Receive new handshake message from message connection
I1102 18:31:27.653660 IO-0/EL  worker_manager.cpp:60] WorkerManager: FuncWorker of func_id 1, client_id 184 connected
I1102 18:31:27.653673 IO-0/EL  message_connection.cpp:269] FuncWorkerConnection[1-184]: Handshake done
I1102 18:31:27.653689 IO-0/EL  engine.cpp:277] Engine: Receive new handshake message from message connection
I1102 18:31:27.653693 IO-0/EL  worker_manager.cpp:60] WorkerManager: FuncWorker of func_id 1, client_id 185 connected
I1102 18:31:27.653708 IO-0/EL  message_connection.cpp:269] FuncWorkerConnection[1-185]: Handshake done
I1102 18:31:27.653729 IO-0/EL  engine.cpp:277] Engine: Receive new handshake message from message connection
I1102 18:31:27.653733 IO-0/EL  worker_manager.cpp:60] WorkerManager: FuncWorker of func_id 1, client_id 186 connected
I1102 18:31:27.653761 IO-0/EL  message_connection.cpp:269] FuncWorkerConnection[1-186]: Handshake done
I1102 18:31:27.653774 IO-0/EL  engine.cpp:277] Engine: Receive new handshake message from message connection
I1102 18:31:27.653778 IO-0/EL  worker_manager.cpp:60] WorkerManager: FuncWorker of func_id 1, client_id 183 connected
I1102 18:31:27.653790 IO-0/EL  message_connection.cpp:269] FuncWorkerConnection[1-183]: Handshake done
I1102 18:31:27.653803 IO-0/EL  engine.cpp:277] Engine: Receive new handshake message from message connection
I1102 18:31:27.653807 IO-0/EL  worker_manager.cpp:60] WorkerManager: FuncWorker of func_id 1, client_id 188 connected
I1102 18:31:27.653816 Server/E engine.cpp:674] Engine: New message connection
I1102 18:31:27.653824 IO-0/EL  message_connection.cpp:269] FuncWorkerConnection[1-188]: Handshake done
I1102 18:31:27.653838 IO-0/EL  engine.cpp:277] Engine: Receive new handshake message from message connection
I1102 18:31:27.653842 IO-0/EL  worker_manager.cpp:60] WorkerManager: FuncWorker of func_id 1, client_id 189 connected
I1102 18:31:27.653856 IO-0/EL  message_connection.cpp:269] FuncWorkerConnection[1-189]: Handshake done
I1102 18:31:27.653872 IO-0/EL  engine.cpp:277] Engine: Receive new handshake message from message connection
I1102 18:31:27.653876 IO-0/EL  worker_manager.cpp:60] WorkerManager: FuncWorker of func_id 1, client_id 187 connected
I1102 18:31:27.653889 IO-0/EL  message_connection.cpp:269] FuncWorkerConnection[1-187]: Handshake done
I1102 18:31:27.653901 IO-0/EL  engine.cpp:277] Engine: Receive new handshake message from message connection
I1102 18:31:27.653905 IO-0/EL  worker_manager.cpp:60] WorkerManager: FuncWorker of func_id 1, client_id 190 connected
I1102 18:31:27.653917 IO-0/EL  message_connection.cpp:269] FuncWorkerConnection[1-190]: Handshake done
I1102 18:31:27.653932 IO-0/EL  engine.cpp:277] Engine: Receive new handshake message from message connection
I1102 18:31:27.653936 IO-0/EL  worker_manager.cpp:60] WorkerManager: FuncWorker of func_id 1, client_id 191 connected
I1102 18:31:27.653949 IO-0/EL  message_connection.cpp:269] FuncWorkerConnection[1-191]: Handshake done
I1102 18:31:27.653961 IO-0/EL  engine.cpp:277] Engine: Receive new handshake message from message connection
I1102 18:31:27.653965 IO-0/EL  worker_manager.cpp:60] WorkerManager: FuncWorker of func_id 1, client_id 192 connected
I1102 18:31:27.653978 IO-0/EL  message_connection.cpp:269] FuncWorkerConnection[1-192]: Handshake done
I1102 18:31:27.653993 IO-0/EL  engine.cpp:277] Engine: Receive new handshake message from message connection
I1102 18:31:27.653997 IO-0/EL  worker_manager.cpp:60] WorkerManager: FuncWorker of func_id 1, client_id 193 connected
I1102 18:31:27.654009 IO-0/EL  message_connection.cpp:269] FuncWorkerConnection[1-193]: Handshake done
I1102 18:31:27.654021 IO-0/EL  engine.cpp:277] Engine: Receive new handshake message from message connection
I1102 18:31:27.654025 IO-0/EL  worker_manager.cpp:60] WorkerManager: FuncWorker of func_id 1, client_id 194 connected
I1102 18:31:27.654038 IO-0/EL  message_connection.cpp:269] FuncWorkerConnection[1-194]: Handshake done
I1102 18:31:27.654052 IO-0/EL  engine.cpp:277] Engine: Receive new handshake message from message connection
I1102 18:31:27.654057 IO-0/EL  worker_manager.cpp:60] WorkerManager: FuncWorker of func_id 1, client_id 195 connected
I1102 18:31:27.654070 IO-0/EL  message_connection.cpp:269] FuncWorkerConnection[1-195]: Handshake done
I1102 18:31:27.654082 IO-0/EL  engine.cpp:277] Engine: Receive new handshake message from message connection
I1102 18:31:27.654086 IO-0/EL  worker_manager.cpp:60] WorkerManager: FuncWorker of func_id 1, client_id 196 connected
I1102 18:31:27.654099 IO-0/EL  message_connection.cpp:269] FuncWorkerConnection[1-196]: Handshake done
I1102 18:31:27.654114 IO-0/EL  engine.cpp:277] Engine: Receive new handshake message from message connection
I1102 18:31:27.654118 IO-0/EL  worker_manager.cpp:60] WorkerManager: FuncWorker of func_id 1, client_id 197 connected
I1102 18:31:27.654137 IO-0/EL  message_connection.cpp:269] FuncWorkerConnection[1-197]: Handshake done
I1102 18:31:27.654150 IO-0/EL  engine.cpp:277] Engine: Receive new handshake message from message connection
I1102 18:31:27.654154 IO-0/EL  worker_manager.cpp:60] WorkerManager: FuncWorker of func_id 1, client_id 198 connected
I1102 18:31:27.654169 IO-0/EL  message_connection.cpp:269] FuncWorkerConnection[1-198]: Handshake done
I1102 18:31:27.654186 IO-0/EL  engine.cpp:277] Engine: Receive new handshake message from message connection
I1102 18:31:27.654191 IO-0/EL  worker_manager.cpp:60] WorkerManager: FuncWorker of func_id 1, client_id 199 connected
I1102 18:31:27.654204 IO-0/EL  message_connection.cpp:269] FuncWorkerConnection[1-199]: Handshake done
I1102 18:31:27.654215 IO-0/EL  engine.cpp:277] Engine: Receive new handshake message from message connection
I1102 18:31:27.654219 IO-0/EL  worker_manager.cpp:60] WorkerManager: FuncWorker of func_id 1, client_id 200 connected
I1102 18:31:27.654232 IO-0/EL  message_connection.cpp:269] FuncWorkerConnection[1-200]: Handshake done
I1102 18:31:27.654246 IO-0/EL  engine.cpp:277] Engine: Receive new handshake message from message connection
I1102 18:31:27.654251 IO-0/EL  worker_manager.cpp:60] WorkerManager: FuncWorker of func_id 1, client_id 201 connected
I1102 18:31:27.654264 IO-0/EL  message_connection.cpp:269] FuncWorkerConnection[1-201]: Handshake done
I1102 18:31:27.654276 IO-0/EL  engine.cpp:277] Engine: Receive new handshake message from message connection
I1102 18:31:27.654280 IO-0/EL  worker_manager.cpp:60] WorkerManager: FuncWorker of func_id 1, client_id 202 connected
I1102 18:31:27.654284 Server/E engine.cpp:674] Engine: New message connection
I1102 18:31:27.654296 IO-0/EL  message_connection.cpp:269] FuncWorkerConnection[1-202]: Handshake done
I1102 18:31:27.654322 IO-0/EL  engine.cpp:277] Engine: Receive new handshake message from message connection
I1102 18:31:27.654326 IO-0/EL  worker_manager.cpp:60] WorkerManager: FuncWorker of func_id 1, client_id 203 connected
I1102 18:31:27.654340 IO-0/EL  message_connection.cpp:269] FuncWorkerConnection[1-203]: Handshake done
I1102 18:31:27.654354 IO-0/EL  engine.cpp:277] Engine: Receive new handshake message from message connection
I1102 18:31:27.654358 IO-0/EL  worker_manager.cpp:60] WorkerManager: FuncWorker of func_id 1, client_id 204 connected
I1102 18:31:27.654375 IO-0/EL  message_connection.cpp:269] FuncWorkerConnection[1-204]: Handshake done
I1102 18:31:27.655127 Server/E engine.cpp:674] Engine: New message connection
I1102 18:31:27.655164 IO-0/EL  engine.cpp:277] Engine: Receive new handshake message from message connection
I1102 18:31:27.655169 IO-0/EL  worker_manager.cpp:60] WorkerManager: FuncWorker of func_id 1, client_id 205 connected
I1102 18:31:27.655184 IO-0/EL  message_connection.cpp:269] FuncWorkerConnection[1-205]: Handshake done
I1102 18:31:27.655299 Server/E engine.cpp:674] Engine: New message connection
I1102 18:31:27.655328 IO-0/EL  engine.cpp:277] Engine: Receive new handshake message from message connection
I1102 18:31:27.655333 IO-0/EL  worker_manager.cpp:60] WorkerManager: FuncWorker of func_id 1, client_id 206 connected
I1102 18:31:27.655346 IO-0/EL  message_connection.cpp:269] FuncWorkerConnection[1-206]: Handshake done
I1102 18:31:27.655734 Server/E engine.cpp:674] Engine: New message connection
I1102 18:31:27.655758 IO-0/EL  engine.cpp:277] Engine: Receive new handshake message from message connection
I1102 18:31:27.655762 IO-0/EL  worker_manager.cpp:60] WorkerManager: FuncWorker of func_id 1, client_id 207 connected
I1102 18:31:27.655775 IO-0/EL  message_connection.cpp:269] FuncWorkerConnection[1-207]: Handshake done
I1102 18:31:27.656522 Server/E engine.cpp:674] Engine: New message connection
I1102 18:31:27.656548 IO-0/EL  engine.cpp:277] Engine: Receive new handshake message from message connection
I1102 18:31:27.656553 IO-0/EL  worker_manager.cpp:60] WorkerManager: FuncWorker of func_id 1, client_id 208 connected
I1102 18:31:27.656567 IO-0/EL  message_connection.cpp:269] FuncWorkerConnection[1-208]: Handshake done
I1102 18:31:27.656909 Server/E engine.cpp:674] Engine: New message connection
I1102 18:31:27.656950 IO-0/EL  engine.cpp:277] Engine: Receive new handshake message from message connection
I1102 18:31:27.656954 IO-0/EL  worker_manager.cpp:60] WorkerManager: FuncWorker of func_id 1, client_id 209 connected
I1102 18:31:27.656968 IO-0/EL  message_connection.cpp:269] FuncWorkerConnection[1-209]: Handshake done
I1102 18:31:27.657537 Server/E engine.cpp:674] Engine: New message connection
I1102 18:31:27.657574 IO-0/EL  engine.cpp:277] Engine: Receive new handshake message from message connection
I1102 18:31:27.657578 IO-0/EL  worker_manager.cpp:60] WorkerManager: FuncWorker of func_id 1, client_id 210 connected
I1102 18:31:27.657591 IO-0/EL  message_connection.cpp:269] FuncWorkerConnection[1-210]: Handshake done
I1102 18:31:27.658036 Server/E engine.cpp:674] Engine: New message connection
I1102 18:31:27.658077 IO-0/EL  engine.cpp:277] Engine: Receive new handshake message from message connection
I1102 18:31:27.658082 IO-0/EL  worker_manager.cpp:60] WorkerManager: FuncWorker of func_id 1, client_id 211 connected
I1102 18:31:27.658094 IO-0/EL  message_connection.cpp:269] FuncWorkerConnection[1-211]: Handshake done
I1102 18:31:27.658485 Server/E engine.cpp:674] Engine: New message connection
I1102 18:31:27.658519 IO-0/EL  engine.cpp:277] Engine: Receive new handshake message from message connection
I1102 18:31:27.658524 IO-0/EL  worker_manager.cpp:60] WorkerManager: FuncWorker of func_id 1, client_id 212 connected
I1102 18:31:27.658537 IO-0/EL  message_connection.cpp:269] FuncWorkerConnection[1-212]: Handshake done
I1102 18:31:27.659037 Server/E engine.cpp:674] Engine: New message connection
I1102 18:31:27.659073 IO-0/EL  engine.cpp:277] Engine: Receive new handshake message from message connection
I1102 18:31:27.659078 IO-0/EL  worker_manager.cpp:60] WorkerManager: FuncWorker of func_id 1, client_id 213 connected
I1102 18:31:27.659091 IO-0/EL  message_connection.cpp:269] FuncWorkerConnection[1-213]: Handshake done
I1102 18:31:27.659511 Server/E engine.cpp:674] Engine: New message connection
I1102 18:31:27.659546 IO-0/EL  engine.cpp:277] Engine: Receive new handshake message from message connection
I1102 18:31:27.659551 IO-0/EL  worker_manager.cpp:60] WorkerManager: FuncWorker of func_id 1, client_id 214 connected
I1102 18:31:27.659565 IO-0/EL  message_connection.cpp:269] FuncWorkerConnection[1-214]: Handshake done
I1102 18:31:27.660025 Server/E engine.cpp:674] Engine: New message connection
I1102 18:31:27.660059 IO-0/EL  engine.cpp:277] Engine: Receive new handshake message from message connection
I1102 18:31:27.660063 IO-0/EL  worker_manager.cpp:60] WorkerManager: FuncWorker of func_id 1, client_id 215 connected
I1102 18:31:27.660076 IO-0/EL  message_connection.cpp:269] FuncWorkerConnection[1-215]: Handshake done
I1102 18:31:27.660520 Server/E engine.cpp:674] Engine: New message connection
I1102 18:31:27.660555 IO-0/EL  engine.cpp:277] Engine: Receive new handshake message from message connection
I1102 18:31:27.660560 IO-0/EL  worker_manager.cpp:60] WorkerManager: FuncWorker of func_id 1, client_id 216 connected
I1102 18:31:27.660573 IO-0/EL  message_connection.cpp:269] FuncWorkerConnection[1-216]: Handshake done
I1102 18:31:27.661007 Server/E engine.cpp:674] Engine: New message connection
I1102 18:31:27.661040 IO-0/EL  engine.cpp:277] Engine: Receive new handshake message from message connection
I1102 18:31:27.661046 IO-0/EL  worker_manager.cpp:60] WorkerManager: FuncWorker of func_id 1, client_id 217 connected
I1102 18:31:27.661059 IO-0/EL  message_connection.cpp:269] FuncWorkerConnection[1-217]: Handshake done
I1102 18:31:27.661516 Server/E engine.cpp:674] Engine: New message connection
I1102 18:31:27.661553 IO-0/EL  engine.cpp:277] Engine: Receive new handshake message from message connection
I1102 18:31:27.661557 IO-0/EL  worker_manager.cpp:60] WorkerManager: FuncWorker of func_id 1, client_id 218 connected
I1102 18:31:27.661570 IO-0/EL  message_connection.cpp:269] FuncWorkerConnection[1-218]: Handshake done
I1102 18:31:27.662098 Server/E engine.cpp:674] Engine: New message connection
I1102 18:31:27.662133 IO-0/EL  engine.cpp:277] Engine: Receive new handshake message from message connection
I1102 18:31:27.662138 IO-0/EL  worker_manager.cpp:60] WorkerManager: FuncWorker of func_id 1, client_id 219 connected
I1102 18:31:27.662150 IO-0/EL  message_connection.cpp:269] FuncWorkerConnection[1-219]: Handshake done
I1102 18:31:27.662316 Server/E engine.cpp:674] Engine: New message connection
I1102 18:31:27.662346 IO-0/EL  engine.cpp:277] Engine: Receive new handshake message from message connection
I1102 18:31:27.662351 IO-0/EL  worker_manager.cpp:60] WorkerManager: FuncWorker of func_id 1, client_id 220 connected
I1102 18:31:27.662369 IO-0/EL  message_connection.cpp:269] FuncWorkerConnection[1-220]: Handshake done
I1102 18:31:27.663095 Server/E engine.cpp:674] Engine: New message connection
I1102 18:31:27.663130 IO-0/EL  engine.cpp:277] Engine: Receive new handshake message from message connection
I1102 18:31:27.663135 IO-0/EL  worker_manager.cpp:60] WorkerManager: FuncWorker of func_id 1, client_id 221 connected
I1102 18:31:27.663152 IO-0/EL  message_connection.cpp:269] FuncWorkerConnection[1-221]: Handshake done
I1102 18:31:27.663571 Server/E engine.cpp:674] Engine: New message connection
I1102 18:31:27.663602 IO-0/EL  engine.cpp:277] Engine: Receive new handshake message from message connection
I1102 18:31:27.663607 IO-0/EL  worker_manager.cpp:60] WorkerManager: FuncWorker of func_id 1, client_id 222 connected
I1102 18:31:27.663620 IO-0/EL  message_connection.cpp:269] FuncWorkerConnection[1-222]: Handshake done
I1102 18:31:27.664083 Server/E engine.cpp:674] Engine: New message connection
I1102 18:31:27.664123 IO-0/EL  engine.cpp:277] Engine: Receive new handshake message from message connection
I1102 18:31:27.664129 IO-0/EL  worker_manager.cpp:60] WorkerManager: FuncWorker of func_id 1, client_id 223 connected
I1102 18:31:27.664143 IO-0/EL  message_connection.cpp:269] FuncWorkerConnection[1-223]: Handshake done
I1102 18:31:27.664566 Server/E engine.cpp:674] Engine: New message connection
I1102 18:31:27.664607 IO-0/EL  engine.cpp:277] Engine: Receive new handshake message from message connection
I1102 18:31:27.664611 IO-0/EL  worker_manager.cpp:60] WorkerManager: FuncWorker of func_id 1, client_id 224 connected
I1102 18:31:27.664624 IO-0/EL  message_connection.cpp:269] FuncWorkerConnection[1-224]: Handshake done
I1102 18:31:27.665139 Server/E engine.cpp:674] Engine: New message connection
I1102 18:31:27.665173 IO-0/EL  engine.cpp:277] Engine: Receive new handshake message from message connection
I1102 18:31:27.665178 IO-0/EL  worker_manager.cpp:60] WorkerManager: FuncWorker of func_id 1, client_id 225 connected
I1102 18:31:27.665209 IO-0/EL  message_connection.cpp:269] FuncWorkerConnection[1-225]: Handshake done
I1102 18:31:27.665612 Server/E engine.cpp:674] Engine: New message connection
I1102 18:31:27.665644 IO-0/EL  engine.cpp:277] Engine: Receive new handshake message from message connection
I1102 18:31:27.665648 IO-0/EL  worker_manager.cpp:60] WorkerManager: FuncWorker of func_id 1, client_id 226 connected
I1102 18:31:27.665661 IO-0/EL  message_connection.cpp:269] FuncWorkerConnection[1-226]: Handshake done
I1102 18:31:27.666132 Server/E engine.cpp:674] Engine: New message connection
I1102 18:31:27.666168 IO-0/EL  engine.cpp:277] Engine: Receive new handshake message from message connection
I1102 18:31:27.666173 IO-0/EL  worker_manager.cpp:60] WorkerManager: FuncWorker of func_id 1, client_id 227 connected
I1102 18:31:27.666185 IO-0/EL  message_connection.cpp:269] FuncWorkerConnection[1-227]: Handshake done
I1102 18:31:27.666640 Server/E engine.cpp:674] Engine: New message connection
I1102 18:31:27.666671 IO-0/EL  engine.cpp:277] Engine: Receive new handshake message from message connection
I1102 18:31:27.666675 IO-0/EL  worker_manager.cpp:60] WorkerManager: FuncWorker of func_id 1, client_id 228 connected
I1102 18:31:27.666688 IO-0/EL  message_connection.cpp:269] FuncWorkerConnection[1-228]: Handshake done
I1102 18:31:27.667129 Server/E engine.cpp:674] Engine: New message connection
I1102 18:31:27.667162 IO-0/EL  engine.cpp:277] Engine: Receive new handshake message from message connection
I1102 18:31:27.667167 IO-0/EL  worker_manager.cpp:60] WorkerManager: FuncWorker of func_id 1, client_id 229 connected
I1102 18:31:27.667181 IO-0/EL  message_connection.cpp:269] FuncWorkerConnection[1-229]: Handshake done
I1102 18:31:27.667645 Server/E engine.cpp:674] Engine: New message connection
I1102 18:31:27.667675 IO-0/EL  engine.cpp:277] Engine: Receive new handshake message from message connection
I1102 18:31:27.667680 IO-0/EL  worker_manager.cpp:60] WorkerManager: FuncWorker of func_id 1, client_id 230 connected
I1102 18:31:27.667695 IO-0/EL  message_connection.cpp:269] FuncWorkerConnection[1-230]: Handshake done
I1102 18:31:27.668172 Server/E engine.cpp:674] Engine: New message connection
I1102 18:31:27.668207 IO-0/EL  engine.cpp:277] Engine: Receive new handshake message from message connection
I1102 18:31:27.668211 IO-0/EL  worker_manager.cpp:60] WorkerManager: FuncWorker of func_id 1, client_id 231 connected
I1102 18:31:27.668224 IO-0/EL  message_connection.cpp:269] FuncWorkerConnection[1-231]: Handshake done
I1102 18:31:27.668701 Server/E engine.cpp:674] Engine: New message connection
I1102 18:31:27.668746 IO-0/EL  engine.cpp:277] Engine: Receive new handshake message from message connection
I1102 18:31:27.668752 IO-0/EL  worker_manager.cpp:60] WorkerManager: FuncWorker of func_id 1, client_id 232 connected
I1102 18:31:27.668765 IO-0/EL  message_connection.cpp:269] FuncWorkerConnection[1-232]: Handshake done
I1102 18:31:27.669199 Server/E engine.cpp:674] Engine: New message connection
I1102 18:31:27.669230 IO-0/EL  engine.cpp:277] Engine: Receive new handshake message from message connection
I1102 18:31:27.669234 IO-0/EL  worker_manager.cpp:60] WorkerManager: FuncWorker of func_id 1, client_id 233 connected
I1102 18:31:27.669247 IO-0/EL  message_connection.cpp:269] FuncWorkerConnection[1-233]: Handshake done
I1102 18:31:27.669778 Server/E engine.cpp:674] Engine: New message connection
I1102 18:31:27.669817 IO-0/EL  engine.cpp:277] Engine: Receive new handshake message from message connection
I1102 18:31:27.669821 IO-0/EL  worker_manager.cpp:60] WorkerManager: FuncWorker of func_id 1, client_id 234 connected
I1102 18:31:27.669834 IO-0/EL  message_connection.cpp:269] FuncWorkerConnection[1-234]: Handshake done
I1102 18:31:27.670324 Server/E engine.cpp:674] Engine: New message connection
I1102 18:31:27.670355 IO-0/EL  engine.cpp:277] Engine: Receive new handshake message from message connection
I1102 18:31:27.670359 IO-0/EL  worker_manager.cpp:60] WorkerManager: FuncWorker of func_id 1, client_id 235 connected
I1102 18:31:27.670372 IO-0/EL  message_connection.cpp:269] FuncWorkerConnection[1-235]: Handshake done
I1102 18:31:27.670735 Server/E engine.cpp:674] Engine: New message connection
I1102 18:31:27.670767 IO-0/EL  engine.cpp:277] Engine: Receive new handshake message from message connection
I1102 18:31:27.670772 IO-0/EL  worker_manager.cpp:60] WorkerManager: FuncWorker of func_id 1, client_id 236 connected
I1102 18:31:27.670785 IO-0/EL  message_connection.cpp:269] FuncWorkerConnection[1-236]: Handshake done
I1102 18:31:27.671261 Server/E engine.cpp:674] Engine: New message connection
I1102 18:31:27.671297 IO-0/EL  engine.cpp:277] Engine: Receive new handshake message from message connection
I1102 18:31:27.671301 IO-0/EL  worker_manager.cpp:60] WorkerManager: FuncWorker of func_id 1, client_id 237 connected
I1102 18:31:27.671317 IO-0/EL  message_connection.cpp:269] FuncWorkerConnection[1-237]: Handshake done
I1102 18:31:27.671736 Server/E engine.cpp:674] Engine: New message connection
I1102 18:31:27.671768 IO-0/EL  engine.cpp:277] Engine: Receive new handshake message from message connection
I1102 18:31:27.671772 IO-0/EL  worker_manager.cpp:60] WorkerManager: FuncWorker of func_id 1, client_id 238 connected
I1102 18:31:27.671785 IO-0/EL  message_connection.cpp:269] FuncWorkerConnection[1-238]: Handshake done
I1102 18:31:27.672306 Server/E engine.cpp:674] Engine: New message connection
I1102 18:31:27.672343 IO-0/EL  engine.cpp:277] Engine: Receive new handshake message from message connection
I1102 18:31:27.672348 IO-0/EL  worker_manager.cpp:60] WorkerManager: FuncWorker of func_id 1, client_id 239 connected
I1102 18:31:27.672362 IO-0/EL  message_connection.cpp:269] FuncWorkerConnection[1-239]: Handshake done
I1102 18:31:27.672818 Server/E engine.cpp:674] Engine: New message connection
I1102 18:31:27.672854 IO-0/EL  engine.cpp:277] Engine: Receive new handshake message from message connection
I1102 18:31:27.672859 IO-0/EL  worker_manager.cpp:60] WorkerManager: FuncWorker of func_id 1, client_id 240 connected
I1102 18:31:27.672872 IO-0/EL  message_connection.cpp:269] FuncWorkerConnection[1-240]: Handshake done
I1102 18:31:27.673323 Server/E engine.cpp:674] Engine: New message connection
I1102 18:31:27.673358 IO-0/EL  engine.cpp:277] Engine: Receive new handshake message from message connection
I1102 18:31:27.673362 IO-0/EL  worker_manager.cpp:60] WorkerManager: FuncWorker of func_id 1, client_id 241 connected
I1102 18:31:27.673376 IO-0/EL  message_connection.cpp:269] FuncWorkerConnection[1-241]: Handshake done
I1102 18:31:27.673474 Server/E engine.cpp:674] Engine: New message connection
I1102 18:31:27.673505 IO-0/EL  engine.cpp:277] Engine: Receive new handshake message from message connection
I1102 18:31:27.673510 IO-0/EL  worker_manager.cpp:60] WorkerManager: FuncWorker of func_id 1, client_id 242 connected
I1102 18:31:27.673522 IO-0/EL  message_connection.cpp:269] FuncWorkerConnection[1-242]: Handshake done
I1102 18:31:27.674253 Server/E engine.cpp:674] Engine: New message connection
I1102 18:31:27.674284 IO-0/EL  engine.cpp:277] Engine: Receive new handshake message from message connection
I1102 18:31:27.674289 IO-0/EL  worker_manager.cpp:60] WorkerManager: FuncWorker of func_id 1, client_id 243 connected
I1102 18:31:27.674302 IO-0/EL  message_connection.cpp:269] FuncWorkerConnection[1-243]: Handshake done
I1102 18:31:27.674787 Server/E engine.cpp:674] Engine: New message connection
I1102 18:31:27.674813 IO-0/EL  engine.cpp:277] Engine: Receive new handshake message from message connection
I1102 18:31:27.674818 IO-0/EL  worker_manager.cpp:60] WorkerManager: FuncWorker of func_id 1, client_id 244 connected
I1102 18:31:27.674831 IO-0/EL  message_connection.cpp:269] FuncWorkerConnection[1-244]: Handshake done
I1102 18:31:27.675364 Server/E engine.cpp:674] Engine: New message connection
I1102 18:31:27.675389 IO-0/EL  engine.cpp:277] Engine: Receive new handshake message from message connection
I1102 18:31:27.675394 IO-0/EL  worker_manager.cpp:60] WorkerManager: FuncWorker of func_id 1, client_id 245 connected
I1102 18:31:27.675406 IO-0/EL  message_connection.cpp:269] FuncWorkerConnection[1-245]: Handshake done
I1102 18:31:27.675881 Server/E engine.cpp:674] Engine: New message connection
I1102 18:31:27.675902 IO-0/EL  engine.cpp:277] Engine: Receive new handshake message from message connection
I1102 18:31:27.675906 IO-0/EL  worker_manager.cpp:60] WorkerManager: FuncWorker of func_id 1, client_id 246 connected
I1102 18:31:27.675921 IO-0/EL  message_connection.cpp:269] FuncWorkerConnection[1-246]: Handshake done
I1102 18:31:27.676338 Server/E engine.cpp:674] Engine: New message connection
I1102 18:31:27.676364 IO-0/EL  engine.cpp:277] Engine: Receive new handshake message from message connection
I1102 18:31:27.676369 IO-0/EL  worker_manager.cpp:60] WorkerManager: FuncWorker of func_id 1, client_id 247 connected
I1102 18:31:27.676382 IO-0/EL  message_connection.cpp:269] FuncWorkerConnection[1-247]: Handshake done
I1102 18:31:27.695229 Server/E engine.cpp:674] Engine: New message connection
I1102 18:31:27.695260 IO-0/EL  engine.cpp:277] Engine: Receive new handshake message from message connection
I1102 18:31:27.695265 IO-0/EL  worker_manager.cpp:60] WorkerManager: FuncWorker of func_id 1, client_id 248 connected
I1102 18:31:27.695278 IO-0/EL  message_connection.cpp:269] FuncWorkerConnection[1-248]: Handshake done
I1102 18:31:27.695704 Server/E engine.cpp:674] Engine: New message connection
I1102 18:31:27.695749 IO-0/EL  engine.cpp:277] Engine: Receive new handshake message from message connection
I1102 18:31:27.695754 IO-0/EL  worker_manager.cpp:60] WorkerManager: FuncWorker of func_id 1, client_id 249 connected
I1102 18:31:27.695767 IO-0/EL  message_connection.cpp:269] FuncWorkerConnection[1-249]: Handshake done
I1102 18:31:27.696195 Server/E engine.cpp:674] Engine: New message connection
I1102 18:31:27.696224 IO-0/EL  engine.cpp:277] Engine: Receive new handshake message from message connection
I1102 18:31:27.696229 IO-0/EL  worker_manager.cpp:60] WorkerManager: FuncWorker of func_id 1, client_id 250 connected
I1102 18:31:27.696241 IO-0/EL  message_connection.cpp:269] FuncWorkerConnection[1-250]: Handshake done
I1102 18:31:27.696648 Server/E engine.cpp:674] Engine: New message connection
I1102 18:31:27.696677 IO-0/EL  engine.cpp:277] Engine: Receive new handshake message from message connection
I1102 18:31:27.696682 IO-0/EL  worker_manager.cpp:60] WorkerManager: FuncWorker of func_id 1, client_id 251 connected
I1102 18:31:27.696695 IO-0/EL  message_connection.cpp:269] FuncWorkerConnection[1-251]: Handshake done
I1102 18:31:27.697501 Server/E engine.cpp:674] Engine: New message connection
I1102 18:31:27.697536 IO-0/EL  engine.cpp:277] Engine: Receive new handshake message from message connection
I1102 18:31:27.697541 IO-0/EL  worker_manager.cpp:60] WorkerManager: FuncWorker of func_id 1, client_id 252 connected
I1102 18:31:27.697558 IO-0/EL  message_connection.cpp:269] FuncWorkerConnection[1-252]: Handshake done
I1102 18:31:27.697929 Server/E engine.cpp:674] Engine: New message connection
I1102 18:31:27.697951 IO-0/EL  engine.cpp:277] Engine: Receive new handshake message from message connection
I1102 18:31:27.697956 IO-0/EL  worker_manager.cpp:60] WorkerManager: FuncWorker of func_id 1, client_id 253 connected
I1102 18:31:27.697968 IO-0/EL  message_connection.cpp:269] FuncWorkerConnection[1-253]: Handshake done
I1102 18:31:27.698747 Server/E engine.cpp:674] Engine: New message connection
I1102 18:31:27.698773 IO-0/EL  engine.cpp:277] Engine: Receive new handshake message from message connection
I1102 18:31:27.698778 IO-0/EL  worker_manager.cpp:60] WorkerManager: FuncWorker of func_id 1, client_id 254 connected
I1102 18:31:27.698791 IO-0/EL  message_connection.cpp:269] FuncWorkerConnection[1-254]: Handshake done
I1102 18:31:27.698976 Server/E engine.cpp:674] Engine: New message connection
I1102 18:31:27.698997 IO-0/EL  engine.cpp:277] Engine: Receive new handshake message from message connection
I1102 18:31:27.699002 IO-0/EL  worker_manager.cpp:60] WorkerManager: FuncWorker of func_id 1, client_id 255 connected
I1102 18:31:27.699015 IO-0/EL  message_connection.cpp:269] FuncWorkerConnection[1-255]: Handshake done
I1102 18:31:27.699461 Server/E engine.cpp:674] Engine: New message connection
I1102 18:31:27.699486 IO-0/EL  engine.cpp:277] Engine: Receive new handshake message from message connection
I1102 18:31:27.699490 IO-0/EL  worker_manager.cpp:60] WorkerManager: FuncWorker of func_id 1, client_id 256 connected
I1102 18:31:27.699507 IO-0/EL  message_connection.cpp:269] FuncWorkerConnection[1-256]: Handshake done
I1102 18:31:30.457407 IO-0/EL  buffer_pool.h:25] BufferPool[IO-0_Write]: Allocate new buffer, current buffer count is 5
I1102 18:31:30.457436 IO-0/EL  buffer_pool.h:25] BufferPool[IO-0_Write]: Allocate new buffer, current buffer count is 6
I1102 18:31:30.457447 IO-0/EL  buffer_pool.h:25] BufferPool[IO-0_Write]: Allocate new buffer, current buffer count is 7
I1102 18:31:30.457456 IO-0/EL  buffer_pool.h:25] BufferPool[IO-0_Write]: Allocate new buffer, current buffer count is 8
I1102 18:31:30.457469 IO-0/EL  buffer_pool.h:25] BufferPool[IO-0_Write]: Allocate new buffer, current buffer count is 9
I1102 18:31:30.457477 IO-0/EL  buffer_pool.h:25] BufferPool[IO-0_Write]: Allocate new buffer, current buffer count is 10
I1102 18:31:30.457488 IO-0/EL  buffer_pool.h:25] BufferPool[IO-0_Write]: Allocate new buffer, current buffer count is 11
I1102 18:31:30.457512 IO-0/EL  buffer_pool.h:25] BufferPool[IO-0_Write]: Allocate new buffer, current buffer count is 12
I1102 18:31:30.457522 IO-0/EL  buffer_pool.h:25] BufferPool[IO-0_Write]: Allocate new buffer, current buffer count is 13
I1102 18:31:30.457537 IO-0/EL  buffer_pool.h:25] BufferPool[IO-0_Write]: Allocate new buffer, current buffer count is 14
I1102 18:31:30.457552 IO-0/EL  buffer_pool.h:25] BufferPool[IO-0_Write]: Allocate new buffer, current buffer count is 15
I1102 18:31:30.457563 IO-0/EL  buffer_pool.h:25] BufferPool[IO-0_Write]: Allocate new buffer, current buffer count is 16
I1102 18:31:30.457575 IO-0/EL  buffer_pool.h:25] BufferPool[IO-0_Write]: Allocate new buffer, current buffer count is 17
I1102 18:31:30.457592 IO-0/EL  buffer_pool.h:25] BufferPool[IO-0_Write]: Allocate new buffer, current buffer count is 18
I1102 18:31:30.457605 IO-0/EL  buffer_pool.h:25] BufferPool[IO-0_Write]: Allocate new buffer, current buffer count is 19
I1102 18:31:30.457616 IO-0/EL  buffer_pool.h:25] BufferPool[IO-0_Write]: Allocate new buffer, current buffer count is 20
I1102 18:31:30.457629 IO-0/EL  buffer_pool.h:25] BufferPool[IO-0_Write]: Allocate new buffer, current buffer count is 21
I1102 18:31:30.457640 IO-0/EL  buffer_pool.h:25] BufferPool[IO-0_Write]: Allocate new buffer, current buffer count is 22
I1102 18:31:30.457649 IO-0/EL  buffer_pool.h:25] BufferPool[IO-0_Write]: Allocate new buffer, current buffer count is 23
I1102 18:31:30.457665 IO-0/EL  buffer_pool.h:25] BufferPool[IO-0_Write]: Allocate new buffer, current buffer count is 24
I1102 18:31:30.457677 IO-0/EL  buffer_pool.h:25] BufferPool[IO-0_Write]: Allocate new buffer, current buffer count is 25
I1102 18:31:30.457689 IO-0/EL  buffer_pool.h:25] BufferPool[IO-0_Write]: Allocate new buffer, current buffer count is 26
I1102 18:31:30.457700 IO-0/EL  buffer_pool.h:25] BufferPool[IO-0_Write]: Allocate new buffer, current buffer count is 27
I1102 18:31:30.457716 IO-0/EL  buffer_pool.h:25] BufferPool[IO-0_Write]: Allocate new buffer, current buffer count is 28
I1102 18:31:30.457737 IO-0/EL  buffer_pool.h:25] BufferPool[IO-0_Write]: Allocate new buffer, current buffer count is 29
I1102 18:31:30.457747 IO-0/EL  buffer_pool.h:25] BufferPool[IO-0_Write]: Allocate new buffer, current buffer count is 30
I1102 18:31:30.457762 IO-0/EL  buffer_pool.h:25] BufferPool[IO-0_Write]: Allocate new buffer, current buffer count is 31
I1102 18:31:30.457773 IO-0/EL  buffer_pool.h:25] BufferPool[IO-0_Write]: Allocate new buffer, current buffer count is 32
I1102 18:31:30.457788 IO-0/EL  buffer_pool.h:25] BufferPool[IO-0_Write]: Allocate new buffer, current buffer count is 33
I1102 18:31:30.457799 IO-0/EL  buffer_pool.h:25] BufferPool[IO-0_Write]: Allocate new buffer, current buffer count is 34
I1102 18:31:30.457810 IO-0/EL  buffer_pool.h:25] BufferPool[IO-0_Write]: Allocate new buffer, current buffer count is 35
I1102 18:31:30.457820 IO-0/EL  buffer_pool.h:25] BufferPool[IO-0_Write]: Allocate new buffer, current buffer count is 36
I1102 18:31:30.457833 IO-0/EL  buffer_pool.h:25] BufferPool[IO-0_Write]: Allocate new buffer, current buffer count is 37
I1102 18:31:30.457844 IO-0/EL  buffer_pool.h:25] BufferPool[IO-0_Write]: Allocate new buffer, current buffer count is 38
I1102 18:31:30.457856 IO-0/EL  buffer_pool.h:25] BufferPool[IO-0_Write]: Allocate new buffer, current buffer count is 39
I1102 18:31:30.457869 IO-0/EL  buffer_pool.h:25] BufferPool[IO-0_Write]: Allocate new buffer, current buffer count is 40
I1102 18:31:30.457881 IO-0/EL  buffer_pool.h:25] BufferPool[IO-0_Write]: Allocate new buffer, current buffer count is 41
I1102 18:31:30.457892 IO-0/EL  buffer_pool.h:25] BufferPool[IO-0_Write]: Allocate new buffer, current buffer count is 42
I1102 18:31:30.457904 IO-0/EL  buffer_pool.h:25] BufferPool[IO-0_Write]: Allocate new buffer, current buffer count is 43
I1102 18:31:30.457913 IO-0/EL  buffer_pool.h:25] BufferPool[IO-0_Write]: Allocate new buffer, current buffer count is 44
I1102 18:31:30.457928 IO-0/EL  buffer_pool.h:25] BufferPool[IO-0_Write]: Allocate new buffer, current buffer count is 45
I1102 18:31:30.457945 IO-0/EL  buffer_pool.h:25] BufferPool[IO-0_Write]: Allocate new buffer, current buffer count is 46
I1102 18:31:30.457955 IO-0/EL  buffer_pool.h:25] BufferPool[IO-0_Write]: Allocate new buffer, current buffer count is 47
I1102 18:31:30.457968 IO-0/EL  buffer_pool.h:25] BufferPool[IO-0_Write]: Allocate new buffer, current buffer count is 48
I1102 18:31:30.457978 IO-0/EL  buffer_pool.h:25] BufferPool[IO-0_Write]: Allocate new buffer, current buffer count is 49
I1102 18:31:30.457992 IO-0/EL  buffer_pool.h:25] BufferPool[IO-0_Write]: Allocate new buffer, current buffer count is 50
I1102 18:31:30.458001 IO-0/EL  buffer_pool.h:25] BufferPool[IO-0_Write]: Allocate new buffer, current buffer count is 51
I1102 18:31:30.458016 IO-0/EL  buffer_pool.h:25] BufferPool[IO-0_Write]: Allocate new buffer, current buffer count is 52
I1102 18:31:30.458029 IO-0/EL  buffer_pool.h:25] BufferPool[IO-0_Write]: Allocate new buffer, current buffer count is 53
I1102 18:31:30.458041 IO-0/EL  buffer_pool.h:25] BufferPool[IO-0_Write]: Allocate new buffer, current buffer count is 54
I1102 18:31:30.458051 IO-0/EL  buffer_pool.h:25] BufferPool[IO-0_Write]: Allocate new buffer, current buffer count is 55
I1102 18:31:30.458064 IO-0/EL  buffer_pool.h:25] BufferPool[IO-0_Write]: Allocate new buffer, current buffer count is 56
I1102 18:31:30.458078 IO-0/EL  buffer_pool.h:25] BufferPool[IO-0_Write]: Allocate new buffer, current buffer count is 57
I1102 18:31:30.458090 IO-0/EL  buffer_pool.h:25] BufferPool[IO-0_Write]: Allocate new buffer, current buffer count is 58
I1102 18:31:30.458101 IO-0/EL  buffer_pool.h:25] BufferPool[IO-0_Write]: Allocate new buffer, current buffer count is 59
I1102 18:31:30.458112 IO-0/EL  buffer_pool.h:25] BufferPool[IO-0_Write]: Allocate new buffer, current buffer count is 60
I1102 18:31:30.458125 IO-0/EL  buffer_pool.h:25] BufferPool[IO-0_Write]: Allocate new buffer, current buffer count is 61
I1102 18:31:30.458136 IO-0/EL  buffer_pool.h:25] BufferPool[IO-0_Write]: Allocate new buffer, current buffer count is 62
I1102 18:31:30.458147 IO-0/EL  buffer_pool.h:25] BufferPool[IO-0_Write]: Allocate new buffer, current buffer count is 63
I1102 18:31:30.458157 IO-0/EL  buffer_pool.h:25] BufferPool[IO-0_Write]: Allocate new buffer, current buffer count is 64
I1102 18:31:30.458169 IO-0/EL  buffer_pool.h:25] BufferPool[IO-0_Write]: Allocate new buffer, current buffer count is 65
I1102 18:31:30.458179 IO-0/EL  buffer_pool.h:25] BufferPool[IO-0_Write]: Allocate new buffer, current buffer count is 66
I1102 18:31:30.458192 IO-0/EL  buffer_pool.h:25] BufferPool[IO-0_Write]: Allocate new buffer, current buffer count is 67
I1102 18:31:30.458204 IO-0/EL  buffer_pool.h:25] BufferPool[IO-0_Write]: Allocate new buffer, current buffer count is 68
I1102 18:31:30.458216 IO-0/EL  buffer_pool.h:25] BufferPool[IO-0_Write]: Allocate new buffer, current buffer count is 69
I1102 18:31:30.458226 IO-0/EL  buffer_pool.h:25] BufferPool[IO-0_Write]: Allocate new buffer, current buffer count is 70
I1102 18:31:30.458237 IO-0/EL  buffer_pool.h:25] BufferPool[IO-0_Write]: Allocate new buffer, current buffer count is 71
I1102 18:31:30.458248 IO-0/EL  buffer_pool.h:25] BufferPool[IO-0_Write]: Allocate new buffer, current buffer count is 72
I1102 18:31:30.458257 IO-0/EL  buffer_pool.h:25] BufferPool[IO-0_Write]: Allocate new buffer, current buffer count is 73
I1102 18:31:30.458270 IO-0/EL  buffer_pool.h:25] BufferPool[IO-0_Write]: Allocate new buffer, current buffer count is 74
I1102 18:31:30.458281 IO-0/EL  buffer_pool.h:25] BufferPool[IO-0_Write]: Allocate new buffer, current buffer count is 75
I1102 18:31:30.458296 IO-0/EL  buffer_pool.h:25] BufferPool[IO-0_Write]: Allocate new buffer, current buffer count is 76
I1102 18:31:30.458307 IO-0/EL  buffer_pool.h:25] BufferPool[IO-0_Write]: Allocate new buffer, current buffer count is 77
I1102 18:31:30.458319 IO-0/EL  buffer_pool.h:25] BufferPool[IO-0_Write]: Allocate new buffer, current buffer count is 78
I1102 18:31:30.458328 IO-0/EL  buffer_pool.h:25] BufferPool[IO-0_Write]: Allocate new buffer, current buffer count is 79
I1102 18:31:30.458347 IO-0/EL  buffer_pool.h:25] BufferPool[IO-0_Write]: Allocate new buffer, current buffer count is 80
I1102 18:31:30.458357 IO-0/EL  buffer_pool.h:25] BufferPool[IO-0_Write]: Allocate new buffer, current buffer count is 81
I1102 18:31:30.458368 IO-0/EL  buffer_pool.h:25] BufferPool[IO-0_Write]: Allocate new buffer, current buffer count is 82
I1102 18:31:30.458379 IO-0/EL  buffer_pool.h:25] BufferPool[IO-0_Write]: Allocate new buffer, current buffer count is 83
I1102 18:31:30.458390 IO-0/EL  buffer_pool.h:25] BufferPool[IO-0_Write]: Allocate new buffer, current buffer count is 84
I1102 18:31:30.458404 IO-0/EL  buffer_pool.h:25] BufferPool[IO-0_Write]: Allocate new buffer, current buffer count is 85
I1102 18:31:30.458414 IO-0/EL  buffer_pool.h:25] BufferPool[IO-0_Write]: Allocate new buffer, current buffer count is 86
I1102 18:31:30.458427 IO-0/EL  buffer_pool.h:25] BufferPool[IO-0_Write]: Allocate new buffer, current buffer count is 87
I1102 18:31:30.458437 IO-0/EL  buffer_pool.h:25] BufferPool[IO-0_Write]: Allocate new buffer, current buffer count is 88
I1102 18:31:30.458450 IO-0/EL  buffer_pool.h:25] BufferPool[IO-0_Write]: Allocate new buffer, current buffer count is 89
I1102 18:31:30.458463 IO-0/EL  buffer_pool.h:25] BufferPool[IO-0_Write]: Allocate new buffer, current buffer count is 90
I1102 18:31:30.458474 IO-0/EL  buffer_pool.h:25] BufferPool[IO-0_Write]: Allocate new buffer, current buffer count is 91
I1102 18:31:30.458483 IO-0/EL  buffer_pool.h:25] BufferPool[IO-0_Write]: Allocate new buffer, current buffer count is 92
I1102 18:31:30.458495 IO-0/EL  buffer_pool.h:25] BufferPool[IO-0_Write]: Allocate new buffer, current buffer count is 93
I1102 18:31:30.458504 IO-0/EL  buffer_pool.h:25] BufferPool[IO-0_Write]: Allocate new buffer, current buffer count is 94
I1102 18:31:30.458516 IO-0/EL  buffer_pool.h:25] BufferPool[IO-0_Write]: Allocate new buffer, current buffer count is 95
I1102 18:31:30.458530 IO-0/EL  buffer_pool.h:25] BufferPool[IO-0_Write]: Allocate new buffer, current buffer count is 96
I1102 18:31:30.458540 IO-0/EL  buffer_pool.h:25] BufferPool[IO-0_Write]: Allocate new buffer, current buffer count is 97
I1102 18:31:30.458556 IO-0/EL  buffer_pool.h:25] BufferPool[IO-0_Write]: Allocate new buffer, current buffer count is 98
I1102 18:31:30.458566 IO-0/EL  buffer_pool.h:25] BufferPool[IO-0_Write]: Allocate new buffer, current buffer count is 99
I1102 18:31:30.458579 IO-0/EL  buffer_pool.h:25] BufferPool[IO-0_Write]: Allocate new buffer, current buffer count is 100
I1102 18:31:30.458589 IO-0/EL  buffer_pool.h:25] BufferPool[IO-0_Write]: Allocate new buffer, current buffer count is 101
I1102 18:31:30.458603 IO-0/EL  buffer_pool.h:25] BufferPool[IO-0_Write]: Allocate new buffer, current buffer count is 102
I1102 18:31:30.458620 IO-0/EL  buffer_pool.h:25] BufferPool[IO-0_Write]: Allocate new buffer, current buffer count is 103
I1102 18:31:30.458638 IO-0/EL  buffer_pool.h:25] BufferPool[IO-0_Write]: Allocate new buffer, current buffer count is 104
I1102 18:31:30.458653 IO-0/EL  buffer_pool.h:25] BufferPool[IO-0_Write]: Allocate new buffer, current buffer count is 105
I1102 18:31:30.458671 IO-0/EL  buffer_pool.h:25] BufferPool[IO-0_Write]: Allocate new buffer, current buffer count is 106
I1102 18:31:30.458682 IO-0/EL  buffer_pool.h:25] BufferPool[IO-0_Write]: Allocate new buffer, current buffer count is 107
I1102 18:31:30.458692 IO-0/EL  buffer_pool.h:25] BufferPool[IO-0_Write]: Allocate new buffer, current buffer count is 108
I1102 18:31:30.458705 IO-0/EL  buffer_pool.h:25] BufferPool[IO-0_Write]: Allocate new buffer, current buffer count is 109
I1102 18:31:30.458719 IO-0/EL  buffer_pool.h:25] BufferPool[IO-0_Write]: Allocate new buffer, current buffer count is 110
I1102 18:31:30.458733 IO-0/EL  buffer_pool.h:25] BufferPool[IO-0_Write]: Allocate new buffer, current buffer count is 111
I1102 18:31:30.458742 IO-0/EL  buffer_pool.h:25] BufferPool[IO-0_Write]: Allocate new buffer, current buffer count is 112
I1102 18:31:30.458761 IO-0/EL  buffer_pool.h:25] BufferPool[IO-0_Write]: Allocate new buffer, current buffer count is 113
I1102 18:31:30.458781 IO-0/EL  buffer_pool.h:25] BufferPool[IO-0_Write]: Allocate new buffer, current buffer count is 114
I1102 18:31:30.458792 IO-0/EL  buffer_pool.h:25] BufferPool[IO-0_Write]: Allocate new buffer, current buffer count is 115
I1102 18:31:30.458804 IO-0/EL  buffer_pool.h:25] BufferPool[IO-0_Write]: Allocate new buffer, current buffer count is 116
I1102 18:31:30.458813 IO-0/EL  buffer_pool.h:25] BufferPool[IO-0_Write]: Allocate new buffer, current buffer count is 117
I1102 18:31:30.458827 IO-0/EL  buffer_pool.h:25] BufferPool[IO-0_Write]: Allocate new buffer, current buffer count is 118
I1102 18:31:30.458837 IO-0/EL  buffer_pool.h:25] BufferPool[IO-0_Write]: Allocate new buffer, current buffer count is 119
I1102 18:31:30.458850 IO-0/EL  buffer_pool.h:25] BufferPool[IO-0_Write]: Allocate new buffer, current buffer count is 120
I1102 18:31:30.458861 IO-0/EL  buffer_pool.h:25] BufferPool[IO-0_Write]: Allocate new buffer, current buffer count is 121
I1102 18:31:30.458870 IO-0/EL  buffer_pool.h:25] BufferPool[IO-0_Write]: Allocate new buffer, current buffer count is 122
I1102 18:31:30.458882 IO-0/EL  buffer_pool.h:25] BufferPool[IO-0_Write]: Allocate new buffer, current buffer count is 123
I1102 18:31:30.458892 IO-0/EL  buffer_pool.h:25] BufferPool[IO-0_Write]: Allocate new buffer, current buffer count is 124
I1102 18:31:30.458905 IO-0/EL  buffer_pool.h:25] BufferPool[IO-0_Write]: Allocate new buffer, current buffer count is 125
I1102 18:31:30.458915 IO-0/EL  buffer_pool.h:25] BufferPool[IO-0_Write]: Allocate new buffer, current buffer count is 126
I1102 18:31:30.458929 IO-0/EL  buffer_pool.h:25] BufferPool[IO-0_Write]: Allocate new buffer, current buffer count is 127
I1102 18:31:30.458938 IO-0/EL  buffer_pool.h:25] BufferPool[IO-0_Write]: Allocate new buffer, current buffer count is 128
I1102 18:31:30.458953 IO-0/EL  buffer_pool.h:25] BufferPool[IO-0_Write]: Allocate new buffer, current buffer count is 129
I1102 18:31:30.458963 IO-0/EL  buffer_pool.h:25] BufferPool[IO-0_Write]: Allocate new buffer, current buffer count is 130
I1102 18:31:30.458976 IO-0/EL  buffer_pool.h:25] BufferPool[IO-0_Write]: Allocate new buffer, current buffer count is 131
I1102 18:31:30.458986 IO-0/EL  buffer_pool.h:25] BufferPool[IO-0_Write]: Allocate new buffer, current buffer count is 132
I1102 18:31:30.458995 IO-0/EL  buffer_pool.h:25] BufferPool[IO-0_Write]: Allocate new buffer, current buffer count is 133
I1102 18:31:30.459007 IO-0/EL  buffer_pool.h:25] BufferPool[IO-0_Write]: Allocate new buffer, current buffer count is 134
I1102 18:31:30.459017 IO-0/EL  buffer_pool.h:25] BufferPool[IO-0_Write]: Allocate new buffer, current buffer count is 135
I1102 18:31:30.459034 IO-0/EL  buffer_pool.h:25] BufferPool[IO-0_Write]: Allocate new buffer, current buffer count is 136
I1102 18:31:30.459043 IO-0/EL  buffer_pool.h:25] BufferPool[IO-0_Write]: Allocate new buffer, current buffer count is 137
I1102 18:31:30.459056 IO-0/EL  buffer_pool.h:25] BufferPool[IO-0_Write]: Allocate new buffer, current buffer count is 138
I1102 18:31:30.459067 IO-0/EL  buffer_pool.h:25] BufferPool[IO-0_Write]: Allocate new buffer, current buffer count is 139
I1102 18:31:30.459103 IO-0/EL  buffer_pool.h:25] BufferPool[IO-0_Write]: Allocate new buffer, current buffer count is 140
I1102 18:31:30.459114 IO-0/EL  buffer_pool.h:25] BufferPool[IO-0_Write]: Allocate new buffer, current buffer count is 141
I1102 18:31:30.459126 IO-0/EL  buffer_pool.h:25] BufferPool[IO-0_Write]: Allocate new buffer, current buffer count is 142
I1102 18:31:30.459136 IO-0/EL  buffer_pool.h:25] BufferPool[IO-0_Write]: Allocate new buffer, current buffer count is 143
I1102 18:31:30.459146 IO-0/EL  buffer_pool.h:25] BufferPool[IO-0_Write]: Allocate new buffer, current buffer count is 144
I1102 18:31:30.459160 IO-0/EL  buffer_pool.h:25] BufferPool[IO-0_Write]: Allocate new buffer, current buffer count is 145
I1102 18:31:30.459171 IO-0/EL  buffer_pool.h:25] BufferPool[IO-0_Write]: Allocate new buffer, current buffer count is 146
I1102 18:31:30.459192 IO-0/EL  buffer_pool.h:25] BufferPool[IO-0_Write]: Allocate new buffer, current buffer count is 147
I1102 18:31:30.459208 IO-0/EL  buffer_pool.h:25] BufferPool[IO-0_Write]: Allocate new buffer, current buffer count is 148
I1102 18:31:30.459230 IO-0/EL  buffer_pool.h:25] BufferPool[IO-0_Write]: Allocate new buffer, current buffer count is 149
I1102 18:31:30.459245 IO-0/EL  buffer_pool.h:25] BufferPool[IO-0_Write]: Allocate new buffer, current buffer count is 150
I1102 18:31:30.459260 IO-0/EL  buffer_pool.h:25] BufferPool[IO-0_Write]: Allocate new buffer, current buffer count is 151
I1102 18:31:30.459271 IO-0/EL  buffer_pool.h:25] BufferPool[IO-0_Write]: Allocate new buffer, current buffer count is 152
I1102 18:31:30.459309 IO-0/EL  buffer_pool.h:25] BufferPool[IO-0_Write]: Allocate new buffer, current buffer count is 153
I1102 18:31:30.459320 IO-0/EL  buffer_pool.h:25] BufferPool[IO-0_Write]: Allocate new buffer, current buffer count is 154
I1102 18:31:30.459332 IO-0/EL  buffer_pool.h:25] BufferPool[IO-0_Write]: Allocate new buffer, current buffer count is 155
I1102 18:31:30.459341 IO-0/EL  buffer_pool.h:25] BufferPool[IO-0_Write]: Allocate new buffer, current buffer count is 156
I1102 18:31:30.459353 IO-0/EL  buffer_pool.h:25] BufferPool[IO-0_Write]: Allocate new buffer, current buffer count is 157
I1102 18:31:30.459366 IO-0/EL  buffer_pool.h:25] BufferPool[IO-0_Write]: Allocate new buffer, current buffer count is 158
I1102 18:31:30.459376 IO-0/EL  buffer_pool.h:25] BufferPool[IO-0_Write]: Allocate new buffer, current buffer count is 159
I1102 18:31:30.459389 IO-0/EL  buffer_pool.h:25] BufferPool[IO-0_Write]: Allocate new buffer, current buffer count is 160
I1102 18:31:30.459397 IO-0/EL  buffer_pool.h:25] BufferPool[IO-0_Write]: Allocate new buffer, current buffer count is 161
I1102 18:31:30.459411 IO-0/EL  buffer_pool.h:25] BufferPool[IO-0_Write]: Allocate new buffer, current buffer count is 162
I1102 18:31:30.459421 IO-0/EL  buffer_pool.h:25] BufferPool[IO-0_Write]: Allocate new buffer, current buffer count is 163
I1102 18:31:30.459435 IO-0/EL  buffer_pool.h:25] BufferPool[IO-0_Write]: Allocate new buffer, current buffer count is 164
I1102 18:31:30.459445 IO-0/EL  buffer_pool.h:25] BufferPool[IO-0_Write]: Allocate new buffer, current buffer count is 165
I1102 18:31:30.459457 IO-0/EL  buffer_pool.h:25] BufferPool[IO-0_Write]: Allocate new buffer, current buffer count is 166
I1102 18:31:30.459468 IO-0/EL  buffer_pool.h:25] BufferPool[IO-0_Write]: Allocate new buffer, current buffer count is 167
I1102 18:31:30.459478 IO-0/EL  buffer_pool.h:25] BufferPool[IO-0_Write]: Allocate new buffer, current buffer count is 168
I1102 18:31:30.459491 IO-0/EL  buffer_pool.h:25] BufferPool[IO-0_Write]: Allocate new buffer, current buffer count is 169
I1102 18:31:30.459501 IO-0/EL  buffer_pool.h:25] BufferPool[IO-0_Write]: Allocate new buffer, current buffer count is 170
I1102 18:31:30.459515 IO-0/EL  buffer_pool.h:25] BufferPool[IO-0_Write]: Allocate new buffer, current buffer count is 171
I1102 18:31:30.459525 IO-0/EL  buffer_pool.h:25] BufferPool[IO-0_Write]: Allocate new buffer, current buffer count is 172
I1102 18:31:30.459540 IO-0/EL  buffer_pool.h:25] BufferPool[IO-0_Write]: Allocate new buffer, current buffer count is 173
I1102 18:31:30.459549 IO-0/EL  buffer_pool.h:25] BufferPool[IO-0_Write]: Allocate new buffer, current buffer count is 174
I1102 18:31:30.459561 IO-0/EL  buffer_pool.h:25] BufferPool[IO-0_Write]: Allocate new buffer, current buffer count is 175
I1102 18:31:30.459572 IO-0/EL  buffer_pool.h:25] BufferPool[IO-0_Write]: Allocate new buffer, current buffer count is 176
I1102 18:31:30.459585 IO-0/EL  buffer_pool.h:25] BufferPool[IO-0_Write]: Allocate new buffer, current buffer count is 177
I1102 18:31:30.459597 IO-0/EL  buffer_pool.h:25] BufferPool[IO-0_Write]: Allocate new buffer, current buffer count is 178
I1102 18:31:30.459607 IO-0/EL  buffer_pool.h:25] BufferPool[IO-0_Write]: Allocate new buffer, current buffer count is 179
I1102 18:31:30.459620 IO-0/EL  buffer_pool.h:25] BufferPool[IO-0_Write]: Allocate new buffer, current buffer count is 180
I1102 18:31:30.459637 IO-0/EL  buffer_pool.h:25] BufferPool[IO-0_Write]: Allocate new buffer, current buffer count is 181
I1102 18:31:30.459650 IO-0/EL  buffer_pool.h:25] BufferPool[IO-0_Write]: Allocate new buffer, current buffer count is 182
I1102 18:31:30.459659 IO-0/EL  buffer_pool.h:25] BufferPool[IO-0_Write]: Allocate new buffer, current buffer count is 183
I1102 18:31:30.459672 IO-0/EL  buffer_pool.h:25] BufferPool[IO-0_Write]: Allocate new buffer, current buffer count is 184
I1102 18:31:30.459681 IO-0/EL  buffer_pool.h:25] BufferPool[IO-0_Write]: Allocate new buffer, current buffer count is 185
I1102 18:31:30.459695 IO-0/EL  buffer_pool.h:25] BufferPool[IO-0_Write]: Allocate new buffer, current buffer count is 186
I1102 18:31:30.459705 IO-0/EL  buffer_pool.h:25] BufferPool[IO-0_Write]: Allocate new buffer, current buffer count is 187
I1102 18:31:30.459724 IO-0/EL  buffer_pool.h:25] BufferPool[IO-0_Write]: Allocate new buffer, current buffer count is 188
I1102 18:31:30.459736 IO-0/EL  buffer_pool.h:25] BufferPool[IO-0_Write]: Allocate new buffer, current buffer count is 189
I1102 18:31:30.459747 IO-0/EL  buffer_pool.h:25] BufferPool[IO-0_Write]: Allocate new buffer, current buffer count is 190
I1102 18:31:30.459758 IO-0/EL  buffer_pool.h:25] BufferPool[IO-0_Write]: Allocate new buffer, current buffer count is 191
I1102 18:31:30.459768 IO-0/EL  buffer_pool.h:25] BufferPool[IO-0_Write]: Allocate new buffer, current buffer count is 192
I1102 18:31:30.459781 IO-0/EL  buffer_pool.h:25] BufferPool[IO-0_Write]: Allocate new buffer, current buffer count is 193
I1102 18:31:30.459792 IO-0/EL  buffer_pool.h:25] BufferPool[IO-0_Write]: Allocate new buffer, current buffer count is 194
I1102 18:31:30.459804 IO-0/EL  buffer_pool.h:25] BufferPool[IO-0_Write]: Allocate new buffer, current buffer count is 195
I1102 18:31:30.459816 IO-0/EL  buffer_pool.h:25] BufferPool[IO-0_Write]: Allocate new buffer, current buffer count is 196
I1102 18:31:30.459828 IO-0/EL  buffer_pool.h:25] BufferPool[IO-0_Write]: Allocate new buffer, current buffer count is 197
I1102 18:31:30.459838 IO-0/EL  buffer_pool.h:25] BufferPool[IO-0_Write]: Allocate new buffer, current buffer count is 198
I1102 18:31:30.459851 IO-0/EL  buffer_pool.h:25] BufferPool[IO-0_Write]: Allocate new buffer, current buffer count is 199
I1102 18:31:30.459861 IO-0/EL  buffer_pool.h:25] BufferPool[IO-0_Write]: Allocate new buffer, current buffer count is 200
I1102 18:31:30.459876 IO-0/EL  buffer_pool.h:25] BufferPool[IO-0_Write]: Allocate new buffer, current buffer count is 201
I1102 18:31:30.459887 IO-0/EL  buffer_pool.h:25] BufferPool[IO-0_Write]: Allocate new buffer, current buffer count is 202
I1102 18:31:30.459896 IO-0/EL  buffer_pool.h:25] BufferPool[IO-0_Write]: Allocate new buffer, current buffer count is 203
I1102 18:31:30.459909 IO-0/EL  buffer_pool.h:25] BufferPool[IO-0_Write]: Allocate new buffer, current buffer count is 204
I1102 18:31:30.459918 IO-0/EL  buffer_pool.h:25] BufferPool[IO-0_Write]: Allocate new buffer, current buffer count is 205
I1102 18:31:30.459933 IO-0/EL  buffer_pool.h:25] BufferPool[IO-0_Write]: Allocate new buffer, current buffer count is 206
I1102 18:31:30.459943 IO-0/EL  buffer_pool.h:25] BufferPool[IO-0_Write]: Allocate new buffer, current buffer count is 207
I1102 18:31:30.459958 IO-0/EL  buffer_pool.h:25] BufferPool[IO-0_Write]: Allocate new buffer, current buffer count is 208
I1102 18:31:30.459967 IO-0/EL  buffer_pool.h:25] BufferPool[IO-0_Write]: Allocate new buffer, current buffer count is 209
I1102 18:31:30.459979 IO-0/EL  buffer_pool.h:25] BufferPool[IO-0_Write]: Allocate new buffer, current buffer count is 210
I1102 18:31:30.459991 IO-0/EL  buffer_pool.h:25] BufferPool[IO-0_Write]: Allocate new buffer, current buffer count is 211
I1102 18:31:30.460003 IO-0/EL  buffer_pool.h:25] BufferPool[IO-0_Write]: Allocate new buffer, current buffer count is 212
I1102 18:31:30.460013 IO-0/EL  buffer_pool.h:25] BufferPool[IO-0_Write]: Allocate new buffer, current buffer count is 213
I1102 18:31:30.460023 IO-0/EL  buffer_pool.h:25] BufferPool[IO-0_Write]: Allocate new buffer, current buffer count is 214
I1102 18:31:30.460041 IO-0/EL  buffer_pool.h:25] BufferPool[IO-0_Write]: Allocate new buffer, current buffer count is 215
I1102 18:31:30.460053 IO-0/EL  buffer_pool.h:25] BufferPool[IO-0_Write]: Allocate new buffer, current buffer count is 216
I1102 18:31:30.460066 IO-0/EL  buffer_pool.h:25] BufferPool[IO-0_Write]: Allocate new buffer, current buffer count is 217
I1102 18:31:30.460076 IO-0/EL  buffer_pool.h:25] BufferPool[IO-0_Write]: Allocate new buffer, current buffer count is 218
I1102 18:31:30.460090 IO-0/EL  buffer_pool.h:25] BufferPool[IO-0_Write]: Allocate new buffer, current buffer count is 219
I1102 18:31:30.460102 IO-0/EL  buffer_pool.h:25] BufferPool[IO-0_Write]: Allocate new buffer, current buffer count is 220
I1102 18:31:30.460118 IO-0/EL  buffer_pool.h:25] BufferPool[IO-0_Write]: Allocate new buffer, current buffer count is 221
I1102 18:31:30.460132 IO-0/EL  buffer_pool.h:25] BufferPool[IO-0_Write]: Allocate new buffer, current buffer count is 222
I1102 18:31:30.460150 IO-0/EL  buffer_pool.h:25] BufferPool[IO-0_Write]: Allocate new buffer, current buffer count is 223
I1102 18:31:30.460164 IO-0/EL  buffer_pool.h:25] BufferPool[IO-0_Write]: Allocate new buffer, current buffer count is 224
I1102 18:31:30.460186 IO-0/EL  buffer_pool.h:25] BufferPool[IO-0_Write]: Allocate new buffer, current buffer count is 225
I1102 18:31:30.460197 IO-0/EL  buffer_pool.h:25] BufferPool[IO-0_Write]: Allocate new buffer, current buffer count is 226
I1102 18:31:30.460212 IO-0/EL  buffer_pool.h:25] BufferPool[IO-0_Write]: Allocate new buffer, current buffer count is 227
I1102 18:31:30.460221 IO-0/EL  buffer_pool.h:25] BufferPool[IO-0_Write]: Allocate new buffer, current buffer count is 228
I1102 18:31:30.460233 IO-0/EL  buffer_pool.h:25] BufferPool[IO-0_Write]: Allocate new buffer, current buffer count is 229
I1102 18:31:30.460243 IO-0/EL  buffer_pool.h:25] BufferPool[IO-0_Write]: Allocate new buffer, current buffer count is 230
I1102 18:31:30.460253 IO-0/EL  buffer_pool.h:25] BufferPool[IO-0_Write]: Allocate new buffer, current buffer count is 231
I1102 18:31:30.460266 IO-0/EL  buffer_pool.h:25] BufferPool[IO-0_Write]: Allocate new buffer, current buffer count is 232
I1102 18:31:30.460277 IO-0/EL  buffer_pool.h:25] BufferPool[IO-0_Write]: Allocate new buffer, current buffer count is 233
I1102 18:31:30.460289 IO-0/EL  buffer_pool.h:25] BufferPool[IO-0_Write]: Allocate new buffer, current buffer count is 234
I1102 18:31:30.460298 IO-0/EL  buffer_pool.h:25] BufferPool[IO-0_Write]: Allocate new buffer, current buffer count is 235
I1102 18:31:30.460314 IO-0/EL  buffer_pool.h:25] BufferPool[IO-0_Write]: Allocate new buffer, current buffer count is 236
I1102 18:31:30.460324 IO-0/EL  buffer_pool.h:25] BufferPool[IO-0_Write]: Allocate new buffer, current buffer count is 237
I1102 18:31:30.460335 IO-0/EL  buffer_pool.h:25] BufferPool[IO-0_Write]: Allocate new buffer, current buffer count is 238
I1102 18:31:30.460345 IO-0/EL  buffer_pool.h:25] BufferPool[IO-0_Write]: Allocate new buffer, current buffer count is 239
I1102 18:31:30.460357 IO-0/EL  buffer_pool.h:25] BufferPool[IO-0_Write]: Allocate new buffer, current buffer count is 240
I1102 18:31:30.460368 IO-0/EL  buffer_pool.h:25] BufferPool[IO-0_Write]: Allocate new buffer, current buffer count is 241
I1102 18:31:30.460377 IO-0/EL  buffer_pool.h:25] BufferPool[IO-0_Write]: Allocate new buffer, current buffer count is 242
I1102 18:31:30.460390 IO-0/EL  buffer_pool.h:25] BufferPool[IO-0_Write]: Allocate new buffer, current buffer count is 243
I1102 18:31:30.460401 IO-0/EL  buffer_pool.h:25] BufferPool[IO-0_Write]: Allocate new buffer, current buffer count is 244
I1102 18:31:30.460415 IO-0/EL  buffer_pool.h:25] BufferPool[IO-0_Write]: Allocate new buffer, current buffer count is 245
I1102 18:31:30.460425 IO-0/EL  buffer_pool.h:25] BufferPool[IO-0_Write]: Allocate new buffer, current buffer count is 246
I1102 18:31:30.460439 IO-0/EL  buffer_pool.h:25] BufferPool[IO-0_Write]: Allocate new buffer, current buffer count is 247
I1102 18:31:30.460453 IO-0/EL  buffer_pool.h:25] BufferPool[IO-0_Write]: Allocate new buffer, current buffer count is 248
I1102 18:31:30.460465 IO-0/EL  buffer_pool.h:25] BufferPool[IO-0_Write]: Allocate new buffer, current buffer count is 249
I1102 18:31:30.460475 IO-0/EL  buffer_pool.h:25] BufferPool[IO-0_Write]: Allocate new buffer, current buffer count is 250
I1102 18:31:30.460487 IO-0/EL  buffer_pool.h:25] BufferPool[IO-0_Write]: Allocate new buffer, current buffer count is 251
I1102 18:31:30.460497 IO-0/EL  buffer_pool.h:25] BufferPool[IO-0_Write]: Allocate new buffer, current buffer count is 252
I1102 18:31:30.460508 IO-0/EL  buffer_pool.h:25] BufferPool[IO-0_Write]: Allocate new buffer, current buffer count is 253
I1102 18:31:30.460517 IO-0/EL  buffer_pool.h:25] BufferPool[IO-0_Write]: Allocate new buffer, current buffer count is 254
I1102 18:31:30.460528 IO-0/EL  buffer_pool.h:25] BufferPool[IO-0_Write]: Allocate new buffer, current buffer count is 255
I1102 18:31:30.460541 IO-0/EL  buffer_pool.h:25] BufferPool[IO-0_Write]: Allocate new buffer, current buffer count is 256
I1102 18:31:30.461655 IO-0/EL  buffer_pool.h:25] BufferPool[IO-0_Write]: Allocate new buffer, current buffer count is 257
I1102 18:31:30.461673 IO-0/EL  buffer_pool.h:25] BufferPool[IO-0_Write]: Allocate new buffer, current buffer count is 258
I1102 18:31:30.461683 IO-0/EL  buffer_pool.h:25] BufferPool[IO-0_Write]: Allocate new buffer, current buffer count is 259
I1102 18:31:30.461692 IO-0/EL  buffer_pool.h:25] BufferPool[IO-0_Write]: Allocate new buffer, current buffer count is 260
I1102 18:31:30.461702 IO-0/EL  buffer_pool.h:25] BufferPool[IO-0_Write]: Allocate new buffer, current buffer count is 261
I1102 18:31:30.461715 IO-0/EL  buffer_pool.h:25] BufferPool[IO-0_Write]: Allocate new buffer, current buffer count is 262
I1102 18:31:30.461727 IO-0/EL  buffer_pool.h:25] BufferPool[IO-0_Write]: Allocate new buffer, current buffer count is 263
I1102 18:31:30.461736 IO-0/EL  buffer_pool.h:25] BufferPool[IO-0_Write]: Allocate new buffer, current buffer count is 264
I1102 18:31:30.461745 IO-0/EL  buffer_pool.h:25] BufferPool[IO-0_Write]: Allocate new buffer, current buffer count is 265
I1102 18:31:30.461755 IO-0/EL  buffer_pool.h:25] BufferPool[IO-0_Write]: Allocate new buffer, current buffer count is 266
I1102 18:31:30.461765 IO-0/EL  buffer_pool.h:25] BufferPool[IO-0_Write]: Allocate new buffer, current buffer count is 267
I1102 18:31:30.461775 IO-0/EL  buffer_pool.h:25] BufferPool[IO-0_Write]: Allocate new buffer, current buffer count is 268
I1102 18:31:30.461784 IO-0/EL  buffer_pool.h:25] BufferPool[IO-0_Write]: Allocate new buffer, current buffer count is 269
I1102 18:31:30.461794 IO-0/EL  buffer_pool.h:25] BufferPool[IO-0_Write]: Allocate new buffer, current buffer count is 270
I1102 18:31:30.461803 IO-0/EL  buffer_pool.h:25] BufferPool[IO-0_Write]: Allocate new buffer, current buffer count is 271
I1102 18:31:30.461813 IO-0/EL  buffer_pool.h:25] BufferPool[IO-0_Write]: Allocate new buffer, current buffer count is 272
I1102 18:31:30.461822 IO-0/EL  buffer_pool.h:25] BufferPool[IO-0_Write]: Allocate new buffer, current buffer count is 273
I1102 18:31:30.461832 IO-0/EL  buffer_pool.h:25] BufferPool[IO-0_Write]: Allocate new buffer, current buffer count is 274
I1102 18:31:30.461842 IO-0/EL  buffer_pool.h:25] BufferPool[IO-0_Write]: Allocate new buffer, current buffer count is 275
I1102 18:31:30.461852 IO-0/EL  buffer_pool.h:25] BufferPool[IO-0_Write]: Allocate new buffer, current buffer count is 276
I1102 18:31:30.461861 IO-0/EL  buffer_pool.h:25] BufferPool[IO-0_Write]: Allocate new buffer, current buffer count is 277
I1102 18:31:30.461873 IO-0/EL  buffer_pool.h:25] BufferPool[IO-0_Write]: Allocate new buffer, current buffer count is 278
I1102 18:31:30.461883 IO-0/EL  buffer_pool.h:25] BufferPool[IO-0_Write]: Allocate new buffer, current buffer count is 279
I1102 18:31:30.461894 IO-0/EL  buffer_pool.h:25] BufferPool[IO-0_Write]: Allocate new buffer, current buffer count is 280
I1102 18:31:30.461904 IO-0/EL  buffer_pool.h:25] BufferPool[IO-0_Write]: Allocate new buffer, current buffer count is 281
I1102 18:31:30.461924 IO-0/EL  buffer_pool.h:25] BufferPool[IO-0_Write]: Allocate new buffer, current buffer count is 282
I1102 18:31:30.461934 IO-0/EL  buffer_pool.h:25] BufferPool[IO-0_Write]: Allocate new buffer, current buffer count is 283
I1102 18:31:30.461944 IO-0/EL  buffer_pool.h:25] BufferPool[IO-0_Write]: Allocate new buffer, current buffer count is 284
I1102 18:31:30.461954 IO-0/EL  buffer_pool.h:25] BufferPool[IO-0_Write]: Allocate new buffer, current buffer count is 285
I1102 18:31:30.461965 IO-0/EL  buffer_pool.h:25] BufferPool[IO-0_Write]: Allocate new buffer, current buffer count is 286
I1102 18:31:30.461974 IO-0/EL  buffer_pool.h:25] BufferPool[IO-0_Write]: Allocate new buffer, current buffer count is 287
I1102 18:31:30.461984 IO-0/EL  buffer_pool.h:25] BufferPool[IO-0_Write]: Allocate new buffer, current buffer count is 288
I1102 18:31:30.461993 IO-0/EL  buffer_pool.h:25] BufferPool[IO-0_Write]: Allocate new buffer, current buffer count is 289
I1102 18:31:30.462003 IO-0/EL  buffer_pool.h:25] BufferPool[IO-0_Write]: Allocate new buffer, current buffer count is 290
I1102 18:31:30.462013 IO-0/EL  buffer_pool.h:25] BufferPool[IO-0_Write]: Allocate new buffer, current buffer count is 291
I1102 18:31:30.462023 IO-0/EL  buffer_pool.h:25] BufferPool[IO-0_Write]: Allocate new buffer, current buffer count is 292
I1102 18:31:30.462032 IO-0/EL  buffer_pool.h:25] BufferPool[IO-0_Write]: Allocate new buffer, current buffer count is 293
I1102 18:31:30.462044 IO-0/EL  buffer_pool.h:25] BufferPool[IO-0_Write]: Allocate new buffer, current buffer count is 294
I1102 18:31:30.462054 IO-0/EL  buffer_pool.h:25] BufferPool[IO-0_Write]: Allocate new buffer, current buffer count is 295
I1102 18:31:30.462065 IO-0/EL  buffer_pool.h:25] BufferPool[IO-0_Write]: Allocate new buffer, current buffer count is 296
I1102 18:31:30.462076 IO-0/EL  buffer_pool.h:25] BufferPool[IO-0_Write]: Allocate new buffer, current buffer count is 297
I1102 18:31:30.462088 IO-0/EL  buffer_pool.h:25] BufferPool[IO-0_Write]: Allocate new buffer, current buffer count is 298
I1102 18:31:30.462098 IO-0/EL  buffer_pool.h:25] BufferPool[IO-0_Write]: Allocate new buffer, current buffer count is 299
I1102 18:31:30.462112 IO-0/EL  buffer_pool.h:25] BufferPool[IO-0_Write]: Allocate new buffer, current buffer count is 300
I1102 18:31:30.462122 IO-0/EL  buffer_pool.h:25] BufferPool[IO-0_Write]: Allocate new buffer, current buffer count is 301
I1102 18:31:30.462131 IO-0/EL  buffer_pool.h:25] BufferPool[IO-0_Write]: Allocate new buffer, current buffer count is 302
I1102 18:31:30.462141 IO-0/EL  buffer_pool.h:25] BufferPool[IO-0_Write]: Allocate new buffer, current buffer count is 303
I1102 18:31:30.462150 IO-0/EL  buffer_pool.h:25] BufferPool[IO-0_Write]: Allocate new buffer, current buffer count is 304
I1102 18:31:30.462160 IO-0/EL  buffer_pool.h:25] BufferPool[IO-0_Write]: Allocate new buffer, current buffer count is 305
I1102 18:31:30.462169 IO-0/EL  buffer_pool.h:25] BufferPool[IO-0_Write]: Allocate new buffer, current buffer count is 306
I1102 18:31:30.462179 IO-0/EL  buffer_pool.h:25] BufferPool[IO-0_Write]: Allocate new buffer, current buffer count is 307
I1102 18:31:30.462188 IO-0/EL  buffer_pool.h:25] BufferPool[IO-0_Write]: Allocate new buffer, current buffer count is 308
I1102 18:31:30.462198 IO-0/EL  buffer_pool.h:25] BufferPool[IO-0_Write]: Allocate new buffer, current buffer count is 309
I1102 18:31:30.462209 IO-0/EL  buffer_pool.h:25] BufferPool[IO-0_Write]: Allocate new buffer, current buffer count is 310
I1102 18:31:30.462218 IO-0/EL  buffer_pool.h:25] BufferPool[IO-0_Write]: Allocate new buffer, current buffer count is 311
I1102 18:31:30.462228 IO-0/EL  buffer_pool.h:25] BufferPool[IO-0_Write]: Allocate new buffer, current buffer count is 312
I1102 18:31:30.462238 IO-0/EL  buffer_pool.h:25] BufferPool[IO-0_Write]: Allocate new buffer, current buffer count is 313
I1102 18:31:30.462247 IO-0/EL  buffer_pool.h:25] BufferPool[IO-0_Write]: Allocate new buffer, current buffer count is 314
I1102 18:31:30.462263 IO-0/EL  buffer_pool.h:25] BufferPool[IO-0_Write]: Allocate new buffer, current buffer count is 315
I1102 18:31:30.462274 IO-0/EL  buffer_pool.h:25] BufferPool[IO-0_Write]: Allocate new buffer, current buffer count is 316
I1102 18:31:30.462285 IO-0/EL  buffer_pool.h:25] BufferPool[IO-0_Write]: Allocate new buffer, current buffer count is 317
I1102 18:31:30.462299 IO-0/EL  buffer_pool.h:25] BufferPool[IO-0_Write]: Allocate new buffer, current buffer count is 318
I1102 18:31:30.462310 IO-0/EL  buffer_pool.h:25] BufferPool[IO-0_Write]: Allocate new buffer, current buffer count is 319
I1102 18:31:30.462319 IO-0/EL  buffer_pool.h:25] BufferPool[IO-0_Write]: Allocate new buffer, current buffer count is 320
I1102 18:31:30.462329 IO-0/EL  buffer_pool.h:25] BufferPool[IO-0_Write]: Allocate new buffer, current buffer count is 321
I1102 18:31:30.462338 IO-0/EL  buffer_pool.h:25] BufferPool[IO-0_Write]: Allocate new buffer, current buffer count is 322
I1102 18:31:30.462348 IO-0/EL  buffer_pool.h:25] BufferPool[IO-0_Write]: Allocate new buffer, current buffer count is 323
I1102 18:31:30.462357 IO-0/EL  buffer_pool.h:25] BufferPool[IO-0_Write]: Allocate new buffer, current buffer count is 324
I1102 18:31:30.462367 IO-0/EL  buffer_pool.h:25] BufferPool[IO-0_Write]: Allocate new buffer, current buffer count is 325
I1102 18:31:30.462377 IO-0/EL  buffer_pool.h:25] BufferPool[IO-0_Write]: Allocate new buffer, current buffer count is 326
I1102 18:31:30.462386 IO-0/EL  buffer_pool.h:25] BufferPool[IO-0_Write]: Allocate new buffer, current buffer count is 327
I1102 18:31:30.462396 IO-0/EL  buffer_pool.h:25] BufferPool[IO-0_Write]: Allocate new buffer, current buffer count is 328
I1102 18:31:30.462406 IO-0/EL  buffer_pool.h:25] BufferPool[IO-0_Write]: Allocate new buffer, current buffer count is 329
I1102 18:31:30.462415 IO-0/EL  buffer_pool.h:25] BufferPool[IO-0_Write]: Allocate new buffer, current buffer count is 330
I1102 18:31:30.462425 IO-0/EL  buffer_pool.h:25] BufferPool[IO-0_Write]: Allocate new buffer, current buffer count is 331
I1102 18:31:30.462434 IO-0/EL  buffer_pool.h:25] BufferPool[IO-0_Write]: Allocate new buffer, current buffer count is 332
I1102 18:31:30.462446 IO-0/EL  buffer_pool.h:25] BufferPool[IO-0_Write]: Allocate new buffer, current buffer count is 333
I1102 18:31:30.462457 IO-0/EL  buffer_pool.h:25] BufferPool[IO-0_Write]: Allocate new buffer, current buffer count is 334
I1102 18:31:30.462468 IO-0/EL  buffer_pool.h:25] BufferPool[IO-0_Write]: Allocate new buffer, current buffer count is 335
I1102 18:31:30.462479 IO-0/EL  buffer_pool.h:25] BufferPool[IO-0_Write]: Allocate new buffer, current buffer count is 336
I1102 18:31:30.462491 IO-0/EL  buffer_pool.h:25] BufferPool[IO-0_Write]: Allocate new buffer, current buffer count is 337
I1102 18:31:30.462500 IO-0/EL  buffer_pool.h:25] BufferPool[IO-0_Write]: Allocate new buffer, current buffer count is 338
I1102 18:31:30.462510 IO-0/EL  buffer_pool.h:25] BufferPool[IO-0_Write]: Allocate new buffer, current buffer count is 339
I1102 18:31:30.462521 IO-0/EL  buffer_pool.h:25] BufferPool[IO-0_Write]: Allocate new buffer, current buffer count is 340
I1102 18:31:30.462530 IO-0/EL  buffer_pool.h:25] BufferPool[IO-0_Write]: Allocate new buffer, current buffer count is 341
I1102 18:31:30.462540 IO-0/EL  buffer_pool.h:25] BufferPool[IO-0_Write]: Allocate new buffer, current buffer count is 342
I1102 18:31:30.462550 IO-0/EL  buffer_pool.h:25] BufferPool[IO-0_Write]: Allocate new buffer, current buffer count is 343
I1102 18:31:30.462560 IO-0/EL  buffer_pool.h:25] BufferPool[IO-0_Write]: Allocate new buffer, current buffer count is 344
I1102 18:31:30.462569 IO-0/EL  buffer_pool.h:25] BufferPool[IO-0_Write]: Allocate new buffer, current buffer count is 345
I1102 18:31:30.462579 IO-0/EL  buffer_pool.h:25] BufferPool[IO-0_Write]: Allocate new buffer, current buffer count is 346
I1102 18:31:30.462589 IO-0/EL  buffer_pool.h:25] BufferPool[IO-0_Write]: Allocate new buffer, current buffer count is 347
I1102 18:31:30.462598 IO-0/EL  buffer_pool.h:25] BufferPool[IO-0_Write]: Allocate new buffer, current buffer count is 348
I1102 18:31:30.462614 IO-0/EL  buffer_pool.h:25] BufferPool[IO-0_Write]: Allocate new buffer, current buffer count is 349
I1102 18:31:30.462624 IO-0/EL  buffer_pool.h:25] BufferPool[IO-0_Write]: Allocate new buffer, current buffer count is 350
I1102 18:31:30.462635 IO-0/EL  buffer_pool.h:25] BufferPool[IO-0_Write]: Allocate new buffer, current buffer count is 351
I1102 18:31:30.462646 IO-0/EL  buffer_pool.h:25] BufferPool[IO-0_Write]: Allocate new buffer, current buffer count is 352
I1102 18:31:30.462656 IO-0/EL  buffer_pool.h:25] BufferPool[IO-0_Write]: Allocate new buffer, current buffer count is 353
I1102 18:31:30.462668 IO-0/EL  buffer_pool.h:25] BufferPool[IO-0_Write]: Allocate new buffer, current buffer count is 354
I1102 18:31:30.462681 IO-0/EL  buffer_pool.h:25] BufferPool[IO-0_Write]: Allocate new buffer, current buffer count is 355
I1102 18:31:30.462690 IO-0/EL  buffer_pool.h:25] BufferPool[IO-0_Write]: Allocate new buffer, current buffer count is 356
I1102 18:31:30.462700 IO-0/EL  buffer_pool.h:25] BufferPool[IO-0_Write]: Allocate new buffer, current buffer count is 357
I1102 18:31:30.462719 IO-0/EL  buffer_pool.h:25] BufferPool[IO-0_Write]: Allocate new buffer, current buffer count is 358
I1102 18:31:30.462735 IO-0/EL  buffer_pool.h:25] BufferPool[IO-0_Write]: Allocate new buffer, current buffer count is 359
I1102 18:31:30.462749 IO-0/EL  buffer_pool.h:25] BufferPool[IO-0_Write]: Allocate new buffer, current buffer count is 360
I1102 18:31:30.462763 IO-0/EL  buffer_pool.h:25] BufferPool[IO-0_Write]: Allocate new buffer, current buffer count is 361
I1102 18:31:30.462773 IO-0/EL  buffer_pool.h:25] BufferPool[IO-0_Write]: Allocate new buffer, current buffer count is 362
I1102 18:31:30.462783 IO-0/EL  buffer_pool.h:25] BufferPool[IO-0_Write]: Allocate new buffer, current buffer count is 363
I1102 18:31:30.462793 IO-0/EL  buffer_pool.h:25] BufferPool[IO-0_Write]: Allocate new buffer, current buffer count is 364
I1102 18:31:30.462803 IO-0/EL  buffer_pool.h:25] BufferPool[IO-0_Write]: Allocate new buffer, current buffer count is 365
I1102 18:31:30.462814 IO-0/EL  buffer_pool.h:25] BufferPool[IO-0_Write]: Allocate new buffer, current buffer count is 366
I1102 18:31:30.462823 IO-0/EL  buffer_pool.h:25] BufferPool[IO-0_Write]: Allocate new buffer, current buffer count is 367
I1102 18:31:30.462832 IO-0/EL  buffer_pool.h:25] BufferPool[IO-0_Write]: Allocate new buffer, current buffer count is 368
I1102 18:31:30.462842 IO-0/EL  buffer_pool.h:25] BufferPool[IO-0_Write]: Allocate new buffer, current buffer count is 369
I1102 18:31:30.462853 IO-0/EL  buffer_pool.h:25] BufferPool[IO-0_Write]: Allocate new buffer, current buffer count is 370
I1102 18:31:30.462865 IO-0/EL  buffer_pool.h:25] BufferPool[IO-0_Write]: Allocate new buffer, current buffer count is 371
I1102 18:31:30.462876 IO-0/EL  buffer_pool.h:25] BufferPool[IO-0_Write]: Allocate new buffer, current buffer count is 372
I1102 18:31:30.462889 IO-0/EL  buffer_pool.h:25] BufferPool[IO-0_Write]: Allocate new buffer, current buffer count is 373
I1102 18:31:30.462898 IO-0/EL  buffer_pool.h:25] BufferPool[IO-0_Write]: Allocate new buffer, current buffer count is 374
I1102 18:31:30.462907 IO-0/EL  buffer_pool.h:25] BufferPool[IO-0_Write]: Allocate new buffer, current buffer count is 375
I1102 18:31:30.462917 IO-0/EL  buffer_pool.h:25] BufferPool[IO-0_Write]: Allocate new buffer, current buffer count is 376
I1102 18:31:30.462927 IO-0/EL  buffer_pool.h:25] BufferPool[IO-0_Write]: Allocate new buffer, current buffer count is 377
I1102 18:31:30.462937 IO-0/EL  buffer_pool.h:25] BufferPool[IO-0_Write]: Allocate new buffer, current buffer count is 378
I1102 18:31:30.462945 IO-0/EL  buffer_pool.h:25] BufferPool[IO-0_Write]: Allocate new buffer, current buffer count is 379
I1102 18:31:30.462955 IO-0/EL  buffer_pool.h:25] BufferPool[IO-0_Write]: Allocate new buffer, current buffer count is 380
I1102 18:31:30.462965 IO-0/EL  buffer_pool.h:25] BufferPool[IO-0_Write]: Allocate new buffer, current buffer count is 381
I1102 18:31:30.462981 IO-0/EL  buffer_pool.h:25] BufferPool[IO-0_Write]: Allocate new buffer, current buffer count is 382
I1102 18:31:30.462991 IO-0/EL  buffer_pool.h:25] BufferPool[IO-0_Write]: Allocate new buffer, current buffer count is 383
I1102 18:31:30.463001 IO-0/EL  buffer_pool.h:25] BufferPool[IO-0_Write]: Allocate new buffer, current buffer count is 384
I1102 18:31:30.463011 IO-0/EL  buffer_pool.h:25] BufferPool[IO-0_Write]: Allocate new buffer, current buffer count is 385
I1102 18:31:30.463022 IO-0/EL  buffer_pool.h:25] BufferPool[IO-0_Write]: Allocate new buffer, current buffer count is 386
I1102 18:31:30.463032 IO-0/EL  buffer_pool.h:25] BufferPool[IO-0_Write]: Allocate new buffer, current buffer count is 387
I1102 18:31:30.463042 IO-0/EL  buffer_pool.h:25] BufferPool[IO-0_Write]: Allocate new buffer, current buffer count is 388
I1102 18:31:30.463053 IO-0/EL  buffer_pool.h:25] BufferPool[IO-0_Write]: Allocate new buffer, current buffer count is 389
I1102 18:31:30.463063 IO-0/EL  buffer_pool.h:25] BufferPool[IO-0_Write]: Allocate new buffer, current buffer count is 390
I1102 18:31:30.463073 IO-0/EL  buffer_pool.h:25] BufferPool[IO-0_Write]: Allocate new buffer, current buffer count is 391
I1102 18:31:30.463083 IO-0/EL  buffer_pool.h:25] BufferPool[IO-0_Write]: Allocate new buffer, current buffer count is 392
I1102 18:31:30.463092 IO-0/EL  buffer_pool.h:25] BufferPool[IO-0_Write]: Allocate new buffer, current buffer count is 393
I1102 18:31:30.463101 IO-0/EL  buffer_pool.h:25] BufferPool[IO-0_Write]: Allocate new buffer, current buffer count is 394
I1102 18:31:30.463111 IO-0/EL  buffer_pool.h:25] BufferPool[IO-0_Write]: Allocate new buffer, current buffer count is 395
I1102 18:31:30.463120 IO-0/EL  buffer_pool.h:25] BufferPool[IO-0_Write]: Allocate new buffer, current buffer count is 396
I1102 18:31:30.463132 IO-0/EL  buffer_pool.h:25] BufferPool[IO-0_Write]: Allocate new buffer, current buffer count is 397
I1102 18:31:30.463144 IO-0/EL  buffer_pool.h:25] BufferPool[IO-0_Write]: Allocate new buffer, current buffer count is 398
I1102 18:31:30.463155 IO-0/EL  buffer_pool.h:25] BufferPool[IO-0_Write]: Allocate new buffer, current buffer count is 399
I1102 18:31:30.463167 IO-0/EL  buffer_pool.h:25] BufferPool[IO-0_Write]: Allocate new buffer, current buffer count is 400
I1102 18:31:30.463178 IO-0/EL  buffer_pool.h:25] BufferPool[IO-0_Write]: Allocate new buffer, current buffer count is 401
I1102 18:31:30.463190 IO-0/EL  buffer_pool.h:25] BufferPool[IO-0_Write]: Allocate new buffer, current buffer count is 402
I1102 18:31:30.463204 IO-0/EL  buffer_pool.h:25] BufferPool[IO-0_Write]: Allocate new buffer, current buffer count is 403
I1102 18:31:30.463217 IO-0/EL  buffer_pool.h:25] BufferPool[IO-0_Write]: Allocate new buffer, current buffer count is 404
I1102 18:31:30.463227 IO-0/EL  buffer_pool.h:25] BufferPool[IO-0_Write]: Allocate new buffer, current buffer count is 405
I1102 18:31:30.463236 IO-0/EL  buffer_pool.h:25] BufferPool[IO-0_Write]: Allocate new buffer, current buffer count is 406
I1102 18:31:30.463246 IO-0/EL  buffer_pool.h:25] BufferPool[IO-0_Write]: Allocate new buffer, current buffer count is 407
I1102 18:31:30.463256 IO-0/EL  buffer_pool.h:25] BufferPool[IO-0_Write]: Allocate new buffer, current buffer count is 408
I1102 18:31:30.463265 IO-0/EL  buffer_pool.h:25] BufferPool[IO-0_Write]: Allocate new buffer, current buffer count is 409
I1102 18:31:30.463275 IO-0/EL  buffer_pool.h:25] BufferPool[IO-0_Write]: Allocate new buffer, current buffer count is 410
I1102 18:31:30.463284 IO-0/EL  buffer_pool.h:25] BufferPool[IO-0_Write]: Allocate new buffer, current buffer count is 411
I1102 18:31:30.463294 IO-0/EL  buffer_pool.h:25] BufferPool[IO-0_Write]: Allocate new buffer, current buffer count is 412
I1102 18:31:30.463304 IO-0/EL  buffer_pool.h:25] BufferPool[IO-0_Write]: Allocate new buffer, current buffer count is 413
I1102 18:31:30.463316 IO-0/EL  buffer_pool.h:25] BufferPool[IO-0_Write]: Allocate new buffer, current buffer count is 414
I1102 18:31:30.463327 IO-0/EL  buffer_pool.h:25] BufferPool[IO-0_Write]: Allocate new buffer, current buffer count is 415
I1102 18:31:30.463345 IO-0/EL  buffer_pool.h:25] BufferPool[IO-0_Write]: Allocate new buffer, current buffer count is 416
I1102 18:31:30.463356 IO-0/EL  buffer_pool.h:25] BufferPool[IO-0_Write]: Allocate new buffer, current buffer count is 417
I1102 18:31:30.463367 IO-0/EL  buffer_pool.h:25] BufferPool[IO-0_Write]: Allocate new buffer, current buffer count is 418
I1102 18:31:30.463380 IO-0/EL  buffer_pool.h:25] BufferPool[IO-0_Write]: Allocate new buffer, current buffer count is 419
I1102 18:31:30.463389 IO-0/EL  buffer_pool.h:25] BufferPool[IO-0_Write]: Allocate new buffer, current buffer count is 420
I1102 18:31:30.463399 IO-0/EL  buffer_pool.h:25] BufferPool[IO-0_Write]: Allocate new buffer, current buffer count is 421
I1102 18:31:30.463411 IO-0/EL  buffer_pool.h:25] BufferPool[IO-0_Write]: Allocate new buffer, current buffer count is 422
I1102 18:31:30.463420 IO-0/EL  buffer_pool.h:25] BufferPool[IO-0_Write]: Allocate new buffer, current buffer count is 423
I1102 18:31:30.463430 IO-0/EL  buffer_pool.h:25] BufferPool[IO-0_Write]: Allocate new buffer, current buffer count is 424
I1102 18:31:30.463440 IO-0/EL  buffer_pool.h:25] BufferPool[IO-0_Write]: Allocate new buffer, current buffer count is 425
I1102 18:31:30.463450 IO-0/EL  buffer_pool.h:25] BufferPool[IO-0_Write]: Allocate new buffer, current buffer count is 426
I1102 18:31:30.463460 IO-0/EL  buffer_pool.h:25] BufferPool[IO-0_Write]: Allocate new buffer, current buffer count is 427
I1102 18:31:30.463470 IO-0/EL  buffer_pool.h:25] BufferPool[IO-0_Write]: Allocate new buffer, current buffer count is 428
I1102 18:31:30.463479 IO-0/EL  buffer_pool.h:25] BufferPool[IO-0_Write]: Allocate new buffer, current buffer count is 429
I1102 18:31:30.463488 IO-0/EL  buffer_pool.h:25] BufferPool[IO-0_Write]: Allocate new buffer, current buffer count is 430
I1102 18:31:30.463499 IO-0/EL  buffer_pool.h:25] BufferPool[IO-0_Write]: Allocate new buffer, current buffer count is 431
I1102 18:31:30.463508 IO-0/EL  buffer_pool.h:25] BufferPool[IO-0_Write]: Allocate new buffer, current buffer count is 432
I1102 18:31:30.463517 IO-0/EL  buffer_pool.h:25] BufferPool[IO-0_Write]: Allocate new buffer, current buffer count is 433
I1102 18:31:30.463528 IO-0/EL  buffer_pool.h:25] BufferPool[IO-0_Write]: Allocate new buffer, current buffer count is 434
I1102 18:31:30.463540 IO-0/EL  buffer_pool.h:25] BufferPool[IO-0_Write]: Allocate new buffer, current buffer count is 435
I1102 18:31:30.463551 IO-0/EL  buffer_pool.h:25] BufferPool[IO-0_Write]: Allocate new buffer, current buffer count is 436
I1102 18:31:30.463564 IO-0/EL  buffer_pool.h:25] BufferPool[IO-0_Write]: Allocate new buffer, current buffer count is 437
I1102 18:31:30.463574 IO-0/EL  buffer_pool.h:25] BufferPool[IO-0_Write]: Allocate new buffer, current buffer count is 438
I1102 18:31:30.463584 IO-0/EL  buffer_pool.h:25] BufferPool[IO-0_Write]: Allocate new buffer, current buffer count is 439
I1102 18:31:30.463593 IO-0/EL  buffer_pool.h:25] BufferPool[IO-0_Write]: Allocate new buffer, current buffer count is 440
I1102 18:31:30.463602 IO-0/EL  buffer_pool.h:25] BufferPool[IO-0_Write]: Allocate new buffer, current buffer count is 441
I1102 18:31:30.463612 IO-0/EL  buffer_pool.h:25] BufferPool[IO-0_Write]: Allocate new buffer, current buffer count is 442
I1102 18:31:30.463623 IO-0/EL  buffer_pool.h:25] BufferPool[IO-0_Write]: Allocate new buffer, current buffer count is 443
I1102 18:31:30.463633 IO-0/EL  buffer_pool.h:25] BufferPool[IO-0_Write]: Allocate new buffer, current buffer count is 444
I1102 18:31:30.463643 IO-0/EL  buffer_pool.h:25] BufferPool[IO-0_Write]: Allocate new buffer, current buffer count is 445
I1102 18:31:30.463653 IO-0/EL  buffer_pool.h:25] BufferPool[IO-0_Write]: Allocate new buffer, current buffer count is 446
I1102 18:31:30.463664 IO-0/EL  buffer_pool.h:25] BufferPool[IO-0_Write]: Allocate new buffer, current buffer count is 447
I1102 18:31:30.463674 IO-0/EL  buffer_pool.h:25] BufferPool[IO-0_Write]: Allocate new buffer, current buffer count is 448
I1102 18:31:30.463685 IO-0/EL  buffer_pool.h:25] BufferPool[IO-0_Write]: Allocate new buffer, current buffer count is 449
I1102 18:31:30.463700 IO-0/EL  buffer_pool.h:25] BufferPool[IO-0_Write]: Allocate new buffer, current buffer count is 450
I1102 18:31:30.463713 IO-0/EL  buffer_pool.h:25] BufferPool[IO-0_Write]: Allocate new buffer, current buffer count is 451
I1102 18:31:30.463724 IO-0/EL  buffer_pool.h:25] BufferPool[IO-0_Write]: Allocate new buffer, current buffer count is 452
I1102 18:31:30.463735 IO-0/EL  buffer_pool.h:25] BufferPool[IO-0_Write]: Allocate new buffer, current buffer count is 453
I1102 18:31:30.463746 IO-0/EL  buffer_pool.h:25] BufferPool[IO-0_Write]: Allocate new buffer, current buffer count is 454
I1102 18:31:30.463759 IO-0/EL  buffer_pool.h:25] BufferPool[IO-0_Write]: Allocate new buffer, current buffer count is 455
I1102 18:31:30.463770 IO-0/EL  buffer_pool.h:25] BufferPool[IO-0_Write]: Allocate new buffer, current buffer count is 456
I1102 18:31:30.463780 IO-0/EL  buffer_pool.h:25] BufferPool[IO-0_Write]: Allocate new buffer, current buffer count is 457
I1102 18:31:30.463789 IO-0/EL  buffer_pool.h:25] BufferPool[IO-0_Write]: Allocate new buffer, current buffer count is 458
I1102 18:31:30.463799 IO-0/EL  buffer_pool.h:25] BufferPool[IO-0_Write]: Allocate new buffer, current buffer count is 459
I1102 18:31:30.463809 IO-0/EL  buffer_pool.h:25] BufferPool[IO-0_Write]: Allocate new buffer, current buffer count is 460
I1102 18:31:30.463820 IO-0/EL  buffer_pool.h:25] BufferPool[IO-0_Write]: Allocate new buffer, current buffer count is 461
I1102 18:31:30.463830 IO-0/EL  buffer_pool.h:25] BufferPool[IO-0_Write]: Allocate new buffer, current buffer count is 462
I1102 18:31:30.463839 IO-0/EL  buffer_pool.h:25] BufferPool[IO-0_Write]: Allocate new buffer, current buffer count is 463
I1102 18:31:30.463849 IO-0/EL  buffer_pool.h:25] BufferPool[IO-0_Write]: Allocate new buffer, current buffer count is 464
I1102 18:31:30.463858 IO-0/EL  buffer_pool.h:25] BufferPool[IO-0_Write]: Allocate new buffer, current buffer count is 465
I1102 18:31:30.463867 IO-0/EL  buffer_pool.h:25] BufferPool[IO-0_Write]: Allocate new buffer, current buffer count is 466
I1102 18:31:30.463877 IO-0/EL  buffer_pool.h:25] BufferPool[IO-0_Write]: Allocate new buffer, current buffer count is 467
I1102 18:31:30.463886 IO-0/EL  buffer_pool.h:25] BufferPool[IO-0_Write]: Allocate new buffer, current buffer count is 468
I1102 18:31:30.463897 IO-0/EL  buffer_pool.h:25] BufferPool[IO-0_Write]: Allocate new buffer, current buffer count is 469
I1102 18:31:30.463908 IO-0/EL  buffer_pool.h:25] BufferPool[IO-0_Write]: Allocate new buffer, current buffer count is 470
I1102 18:31:30.463919 IO-0/EL  buffer_pool.h:25] BufferPool[IO-0_Write]: Allocate new buffer, current buffer count is 471
I1102 18:31:30.463931 IO-0/EL  buffer_pool.h:25] BufferPool[IO-0_Write]: Allocate new buffer, current buffer count is 472
I1102 18:31:30.463941 IO-0/EL  buffer_pool.h:25] BufferPool[IO-0_Write]: Allocate new buffer, current buffer count is 473
I1102 18:31:30.463954 IO-0/EL  buffer_pool.h:25] BufferPool[IO-0_Write]: Allocate new buffer, current buffer count is 474
I1102 18:31:30.463967 IO-0/EL  buffer_pool.h:25] BufferPool[IO-0_Write]: Allocate new buffer, current buffer count is 475
I1102 18:31:30.463982 IO-0/EL  buffer_pool.h:25] BufferPool[IO-0_Write]: Allocate new buffer, current buffer count is 476
I1102 18:31:30.463997 IO-0/EL  buffer_pool.h:25] BufferPool[IO-0_Write]: Allocate new buffer, current buffer count is 477
I1102 18:31:30.464008 IO-0/EL  buffer_pool.h:25] BufferPool[IO-0_Write]: Allocate new buffer, current buffer count is 478
I1102 18:31:30.464018 IO-0/EL  buffer_pool.h:25] BufferPool[IO-0_Write]: Allocate new buffer, current buffer count is 479
I1102 18:31:30.464029 IO-0/EL  buffer_pool.h:25] BufferPool[IO-0_Write]: Allocate new buffer, current buffer count is 480
I1102 18:31:30.464039 IO-0/EL  buffer_pool.h:25] BufferPool[IO-0_Write]: Allocate new buffer, current buffer count is 481
I1102 18:31:30.464049 IO-0/EL  buffer_pool.h:25] BufferPool[IO-0_Write]: Allocate new buffer, current buffer count is 482
I1102 18:31:30.464064 IO-0/EL  buffer_pool.h:25] BufferPool[IO-0_Write]: Allocate new buffer, current buffer count is 483
I1102 18:31:30.464074 IO-0/EL  buffer_pool.h:25] BufferPool[IO-0_Write]: Allocate new buffer, current buffer count is 484
I1102 18:31:30.464084 IO-0/EL  buffer_pool.h:25] BufferPool[IO-0_Write]: Allocate new buffer, current buffer count is 485
I1102 18:31:30.464095 IO-0/EL  buffer_pool.h:25] BufferPool[IO-0_Write]: Allocate new buffer, current buffer count is 486
I1102 18:31:30.464105 IO-0/EL  buffer_pool.h:25] BufferPool[IO-0_Write]: Allocate new buffer, current buffer count is 487
I1102 18:31:30.464114 IO-0/EL  buffer_pool.h:25] BufferPool[IO-0_Write]: Allocate new buffer, current buffer count is 488
I1102 18:31:30.464124 IO-0/EL  buffer_pool.h:25] BufferPool[IO-0_Write]: Allocate new buffer, current buffer count is 489
I1102 18:31:30.464135 IO-0/EL  buffer_pool.h:25] BufferPool[IO-0_Write]: Allocate new buffer, current buffer count is 490
I1102 18:31:30.464146 IO-0/EL  buffer_pool.h:25] BufferPool[IO-0_Write]: Allocate new buffer, current buffer count is 491
I1102 18:31:30.464158 IO-0/EL  buffer_pool.h:25] BufferPool[IO-0_Write]: Allocate new buffer, current buffer count is 492
I1102 18:31:30.464169 IO-0/EL  buffer_pool.h:25] BufferPool[IO-0_Write]: Allocate new buffer, current buffer count is 493
I1102 18:31:30.464182 IO-0/EL  buffer_pool.h:25] BufferPool[IO-0_Write]: Allocate new buffer, current buffer count is 494
I1102 18:31:30.464192 IO-0/EL  buffer_pool.h:25] BufferPool[IO-0_Write]: Allocate new buffer, current buffer count is 495
I1102 18:31:30.464202 IO-0/EL  buffer_pool.h:25] BufferPool[IO-0_Write]: Allocate new buffer, current buffer count is 496
I1102 18:31:30.464212 IO-0/EL  buffer_pool.h:25] BufferPool[IO-0_Write]: Allocate new buffer, current buffer count is 497
I1102 18:31:30.464222 IO-0/EL  buffer_pool.h:25] BufferPool[IO-0_Write]: Allocate new buffer, current buffer count is 498
I1102 18:31:30.464232 IO-0/EL  buffer_pool.h:25] BufferPool[IO-0_Write]: Allocate new buffer, current buffer count is 499
I1102 18:31:30.464242 IO-0/EL  buffer_pool.h:25] BufferPool[IO-0_Write]: Allocate new buffer, current buffer count is 500
I1102 18:31:30.464252 IO-0/EL  buffer_pool.h:25] BufferPool[IO-0_Write]: Allocate new buffer, current buffer count is 501
I1102 18:31:30.464261 IO-0/EL  buffer_pool.h:25] BufferPool[IO-0_Write]: Allocate new buffer, current buffer count is 502
I1102 18:31:30.464272 IO-0/EL  buffer_pool.h:25] BufferPool[IO-0_Write]: Allocate new buffer, current buffer count is 503
I1102 18:31:30.464282 IO-0/EL  buffer_pool.h:25] BufferPool[IO-0_Write]: Allocate new buffer, current buffer count is 504
I1102 18:31:30.464291 IO-0/EL  buffer_pool.h:25] BufferPool[IO-0_Write]: Allocate new buffer, current buffer count is 505
I1102 18:31:30.464301 IO-0/EL  buffer_pool.h:25] BufferPool[IO-0_Write]: Allocate new buffer, current buffer count is 506
I1102 18:31:30.464313 IO-0/EL  buffer_pool.h:25] BufferPool[IO-0_Write]: Allocate new buffer, current buffer count is 507
I1102 18:31:30.464322 IO-0/EL  buffer_pool.h:25] BufferPool[IO-0_Write]: Allocate new buffer, current buffer count is 508
I1102 18:31:30.464332 IO-0/EL  buffer_pool.h:25] BufferPool[IO-0_Write]: Allocate new buffer, current buffer count is 509
I1102 18:31:30.464344 IO-0/EL  buffer_pool.h:25] BufferPool[IO-0_Write]: Allocate new buffer, current buffer count is 510
I1102 18:31:30.464355 IO-0/EL  buffer_pool.h:25] BufferPool[IO-0_Write]: Allocate new buffer, current buffer count is 511
I1102 18:31:30.464368 IO-0/EL  buffer_pool.h:25] BufferPool[IO-0_Write]: Allocate new buffer, current buffer count is 512
I1102 18:31:35.551242 Main     server_base.cpp:35] Server: Scheduled to stop
I1102 18:31:35.551327 Server/E server_base.cpp:109] Server: Start stopping process
I1102 18:31:35.551437 Server/E server_base.cpp:55] Server: Event loop finishes
