I1102 18:25:28.594573 Main     thread.cpp:100] Register main thread: tid=1377743
E1102 18:25:28.595746 Main     docker.cpp:59] Cannot find docker's cgroup in /proc/self/cgroup
I1102 18:25:28.595802 Main     func_config.cpp:135] Load configuration for function Noop[1]
I1102 18:25:28.595812 Main     engine.cpp:109] Engine: Start 1 IO workers
I1102 18:25:28.599052 IO-0/EL  thread.cpp:40] Start thread: IO-0/EL
I1102 18:25:28.599102 IO-0/EL  io_worker.cpp:192] IO-0: Event loop starts
Checking for file descriptor...
Got a file descriptor!
I1102 18:25:30.357202 Main     engine.cpp:180] Engine: Created 1 Machnet connections to Gateway at 10.10.1.2:10007
I1102 18:25:30.357265 Main     engine.cpp:208] Engine: Listen on /dev/shm/faas_ipc/engine.sock for IPC connections
I1102 18:25:30.357451 Server/E thread.cpp:40] Start thread: Server/EL
I1102 18:25:30.357577 Server/E server_base.cpp:50] Server: Event loop starts
I1102 18:25:30.598533 Server/E engine.cpp:674] Engine: New message connection
I1102 18:25:30.601813 IO-0/EL  buffer_pool.h:25] BufferPool[IO-0_Read]: Allocate new buffer, current buffer count is 1
I1102 18:25:30.601846 IO-0/EL  engine.cpp:277] Engine: Receive new handshake message from message connection
I1102 18:25:30.601852 IO-0/EL  worker_manager.cpp:23] WorkerManager: Launcher of func_id 1 connected
I1102 18:25:30.601856 IO-0/EL  worker_manager.cpp:131] WorkerManager: Request new FuncWorker for func_id 1 with client_id 1
I1102 18:25:30.601877 IO-0/EL  worker_manager.cpp:131] WorkerManager: Request new FuncWorker for func_id 1 with client_id 2
I1102 18:25:30.601889 IO-0/EL  worker_manager.cpp:131] WorkerManager: Request new FuncWorker for func_id 1 with client_id 3
I1102 18:25:30.601898 IO-0/EL  worker_manager.cpp:131] WorkerManager: Request new FuncWorker for func_id 1 with client_id 4
I1102 18:25:30.601908 IO-0/EL  worker_manager.cpp:131] WorkerManager: Request new FuncWorker for func_id 1 with client_id 5
I1102 18:25:30.601917 IO-0/EL  worker_manager.cpp:131] WorkerManager: Request new FuncWorker for func_id 1 with client_id 6
I1102 18:25:30.601928 IO-0/EL  worker_manager.cpp:131] WorkerManager: Request new FuncWorker for func_id 1 with client_id 7
I1102 18:25:30.601937 IO-0/EL  worker_manager.cpp:131] WorkerManager: Request new FuncWorker for func_id 1 with client_id 8
I1102 18:25:30.601951 IO-0/EL  worker_manager.cpp:131] WorkerManager: Request new FuncWorker for func_id 1 with client_id 9
I1102 18:25:30.601960 IO-0/EL  worker_manager.cpp:131] WorkerManager: Request new FuncWorker for func_id 1 with client_id 10
I1102 18:25:30.601972 IO-0/EL  worker_manager.cpp:131] WorkerManager: Request new FuncWorker for func_id 1 with client_id 11
I1102 18:25:30.601981 IO-0/EL  worker_manager.cpp:131] WorkerManager: Request new FuncWorker for func_id 1 with client_id 12
I1102 18:25:30.601993 IO-0/EL  worker_manager.cpp:131] WorkerManager: Request new FuncWorker for func_id 1 with client_id 13
I1102 18:25:30.602003 IO-0/EL  worker_manager.cpp:131] WorkerManager: Request new FuncWorker for func_id 1 with client_id 14
I1102 18:25:30.602013 IO-0/EL  worker_manager.cpp:131] WorkerManager: Request new FuncWorker for func_id 1 with client_id 15
I1102 18:25:30.602024 IO-0/EL  worker_manager.cpp:131] WorkerManager: Request new FuncWorker for func_id 1 with client_id 16
I1102 18:25:30.602033 IO-0/EL  worker_manager.cpp:131] WorkerManager: Request new FuncWorker for func_id 1 with client_id 17
I1102 18:25:30.602054 IO-0/EL  worker_manager.cpp:131] WorkerManager: Request new FuncWorker for func_id 1 with client_id 18
I1102 18:25:30.602063 IO-0/EL  worker_manager.cpp:131] WorkerManager: Request new FuncWorker for func_id 1 with client_id 19
I1102 18:25:30.602074 IO-0/EL  worker_manager.cpp:131] WorkerManager: Request new FuncWorker for func_id 1 with client_id 20
I1102 18:25:30.602086 IO-0/EL  worker_manager.cpp:131] WorkerManager: Request new FuncWorker for func_id 1 with client_id 21
I1102 18:25:30.602096 IO-0/EL  worker_manager.cpp:131] WorkerManager: Request new FuncWorker for func_id 1 with client_id 22
I1102 18:25:30.602105 IO-0/EL  worker_manager.cpp:131] WorkerManager: Request new FuncWorker for func_id 1 with client_id 23
I1102 18:25:30.602133 IO-0/EL  worker_manager.cpp:131] WorkerManager: Request new FuncWorker for func_id 1 with client_id 24
I1102 18:25:30.602144 IO-0/EL  worker_manager.cpp:131] WorkerManager: Request new FuncWorker for func_id 1 with client_id 25
I1102 18:25:30.602153 IO-0/EL  worker_manager.cpp:131] WorkerManager: Request new FuncWorker for func_id 1 with client_id 26
I1102 18:25:30.602163 IO-0/EL  worker_manager.cpp:131] WorkerManager: Request new FuncWorker for func_id 1 with client_id 27
I1102 18:25:30.602175 IO-0/EL  worker_manager.cpp:131] WorkerManager: Request new FuncWorker for func_id 1 with client_id 28
I1102 18:25:30.602185 IO-0/EL  worker_manager.cpp:131] WorkerManager: Request new FuncWorker for func_id 1 with client_id 29
I1102 18:25:30.602195 IO-0/EL  worker_manager.cpp:131] WorkerManager: Request new FuncWorker for func_id 1 with client_id 30
I1102 18:25:30.602206 IO-0/EL  worker_manager.cpp:131] WorkerManager: Request new FuncWorker for func_id 1 with client_id 31
I1102 18:25:30.602216 IO-0/EL  worker_manager.cpp:131] WorkerManager: Request new FuncWorker for func_id 1 with client_id 32
I1102 18:25:30.602226 IO-0/EL  worker_manager.cpp:131] WorkerManager: Request new FuncWorker for func_id 1 with client_id 33
I1102 18:25:30.602263 IO-0/EL  worker_manager.cpp:131] WorkerManager: Request new FuncWorker for func_id 1 with client_id 34
I1102 18:25:30.602274 IO-0/EL  worker_manager.cpp:131] WorkerManager: Request new FuncWorker for func_id 1 with client_id 35
I1102 18:25:30.602287 IO-0/EL  worker_manager.cpp:131] WorkerManager: Request new FuncWorker for func_id 1 with client_id 36
I1102 18:25:30.602297 IO-0/EL  worker_manager.cpp:131] WorkerManager: Request new FuncWorker for func_id 1 with client_id 37
I1102 18:25:30.602306 IO-0/EL  worker_manager.cpp:131] WorkerManager: Request new FuncWorker for func_id 1 with client_id 38
I1102 18:25:30.602317 IO-0/EL  worker_manager.cpp:131] WorkerManager: Request new FuncWorker for func_id 1 with client_id 39
I1102 18:25:30.602328 IO-0/EL  worker_manager.cpp:131] WorkerManager: Request new FuncWorker for func_id 1 with client_id 40
I1102 18:25:30.602337 IO-0/EL  worker_manager.cpp:131] WorkerManager: Request new FuncWorker for func_id 1 with client_id 41
I1102 18:25:30.602346 IO-0/EL  worker_manager.cpp:131] WorkerManager: Request new FuncWorker for func_id 1 with client_id 42
I1102 18:25:30.602358 IO-0/EL  worker_manager.cpp:131] WorkerManager: Request new FuncWorker for func_id 1 with client_id 43
I1102 18:25:30.602370 IO-0/EL  worker_manager.cpp:131] WorkerManager: Request new FuncWorker for func_id 1 with client_id 44
I1102 18:25:30.602379 IO-0/EL  worker_manager.cpp:131] WorkerManager: Request new FuncWorker for func_id 1 with client_id 45
I1102 18:25:30.602391 IO-0/EL  worker_manager.cpp:131] WorkerManager: Request new FuncWorker for func_id 1 with client_id 46
I1102 18:25:30.602400 IO-0/EL  worker_manager.cpp:131] WorkerManager: Request new FuncWorker for func_id 1 with client_id 47
I1102 18:25:30.602411 IO-0/EL  worker_manager.cpp:131] WorkerManager: Request new FuncWorker for func_id 1 with client_id 48
I1102 18:25:30.602420 IO-0/EL  worker_manager.cpp:131] WorkerManager: Request new FuncWorker for func_id 1 with client_id 49
I1102 18:25:30.602429 IO-0/EL  worker_manager.cpp:131] WorkerManager: Request new FuncWorker for func_id 1 with client_id 50
I1102 18:25:30.602440 IO-0/EL  worker_manager.cpp:131] WorkerManager: Request new FuncWorker for func_id 1 with client_id 51
I1102 18:25:30.602451 IO-0/EL  worker_manager.cpp:131] WorkerManager: Request new FuncWorker for func_id 1 with client_id 52
I1102 18:25:30.602460 IO-0/EL  worker_manager.cpp:131] WorkerManager: Request new FuncWorker for func_id 1 with client_id 53
I1102 18:25:30.602471 IO-0/EL  worker_manager.cpp:131] WorkerManager: Request new FuncWorker for func_id 1 with client_id 54
I1102 18:25:30.602480 IO-0/EL  worker_manager.cpp:131] WorkerManager: Request new FuncWorker for func_id 1 with client_id 55
I1102 18:25:30.602492 IO-0/EL  worker_manager.cpp:131] WorkerManager: Request new FuncWorker for func_id 1 with client_id 56
I1102 18:25:30.602508 IO-0/EL  worker_manager.cpp:131] WorkerManager: Request new FuncWorker for func_id 1 with client_id 57
I1102 18:25:30.602519 IO-0/EL  worker_manager.cpp:131] WorkerManager: Request new FuncWorker for func_id 1 with client_id 58
I1102 18:25:30.602528 IO-0/EL  worker_manager.cpp:131] WorkerManager: Request new FuncWorker for func_id 1 with client_id 59
I1102 18:25:30.602539 IO-0/EL  worker_manager.cpp:131] WorkerManager: Request new FuncWorker for func_id 1 with client_id 60
I1102 18:25:30.602551 IO-0/EL  worker_manager.cpp:131] WorkerManager: Request new FuncWorker for func_id 1 with client_id 61
I1102 18:25:30.602560 IO-0/EL  worker_manager.cpp:131] WorkerManager: Request new FuncWorker for func_id 1 with client_id 62
I1102 18:25:30.602569 IO-0/EL  worker_manager.cpp:131] WorkerManager: Request new FuncWorker for func_id 1 with client_id 63
I1102 18:25:30.602578 IO-0/EL  worker_manager.cpp:131] WorkerManager: Request new FuncWorker for func_id 1 with client_id 64
I1102 18:25:30.602588 IO-0/EL  worker_manager.cpp:131] WorkerManager: Request new FuncWorker for func_id 1 with client_id 65
I1102 18:25:30.602640 IO-0/EL  worker_manager.cpp:131] WorkerManager: Request new FuncWorker for func_id 1 with client_id 66
I1102 18:25:30.602651 IO-0/EL  worker_manager.cpp:131] WorkerManager: Request new FuncWorker for func_id 1 with client_id 67
I1102 18:25:30.602660 IO-0/EL  worker_manager.cpp:131] WorkerManager: Request new FuncWorker for func_id 1 with client_id 68
I1102 18:25:30.602674 IO-0/EL  worker_manager.cpp:131] WorkerManager: Request new FuncWorker for func_id 1 with client_id 69
I1102 18:25:30.602684 IO-0/EL  worker_manager.cpp:131] WorkerManager: Request new FuncWorker for func_id 1 with client_id 70
I1102 18:25:30.602693 IO-0/EL  worker_manager.cpp:131] WorkerManager: Request new FuncWorker for func_id 1 with client_id 71
I1102 18:25:30.602702 IO-0/EL  worker_manager.cpp:131] WorkerManager: Request new FuncWorker for func_id 1 with client_id 72
I1102 18:25:30.602721 IO-0/EL  worker_manager.cpp:131] WorkerManager: Request new FuncWorker for func_id 1 with client_id 73
I1102 18:25:30.602732 IO-0/EL  worker_manager.cpp:131] WorkerManager: Request new FuncWorker for func_id 1 with client_id 74
I1102 18:25:30.602741 IO-0/EL  worker_manager.cpp:131] WorkerManager: Request new FuncWorker for func_id 1 with client_id 75
I1102 18:25:30.602752 IO-0/EL  worker_manager.cpp:131] WorkerManager: Request new FuncWorker for func_id 1 with client_id 76
I1102 18:25:30.602763 IO-0/EL  worker_manager.cpp:131] WorkerManager: Request new FuncWorker for func_id 1 with client_id 77
I1102 18:25:30.602772 IO-0/EL  worker_manager.cpp:131] WorkerManager: Request new FuncWorker for func_id 1 with client_id 78
I1102 18:25:30.602782 IO-0/EL  worker_manager.cpp:131] WorkerManager: Request new FuncWorker for func_id 1 with client_id 79
I1102 18:25:30.602791 IO-0/EL  worker_manager.cpp:131] WorkerManager: Request new FuncWorker for func_id 1 with client_id 80
I1102 18:25:30.602805 IO-0/EL  worker_manager.cpp:131] WorkerManager: Request new FuncWorker for func_id 1 with client_id 81
I1102 18:25:30.602815 IO-0/EL  worker_manager.cpp:131] WorkerManager: Request new FuncWorker for func_id 1 with client_id 82
I1102 18:25:30.602824 IO-0/EL  worker_manager.cpp:131] WorkerManager: Request new FuncWorker for func_id 1 with client_id 83
I1102 18:25:30.602835 IO-0/EL  worker_manager.cpp:131] WorkerManager: Request new FuncWorker for func_id 1 with client_id 84
I1102 18:25:30.602848 IO-0/EL  worker_manager.cpp:131] WorkerManager: Request new FuncWorker for func_id 1 with client_id 85
I1102 18:25:30.602857 IO-0/EL  worker_manager.cpp:131] WorkerManager: Request new FuncWorker for func_id 1 with client_id 86
I1102 18:25:30.602866 IO-0/EL  worker_manager.cpp:131] WorkerManager: Request new FuncWorker for func_id 1 with client_id 87
I1102 18:25:30.602877 IO-0/EL  worker_manager.cpp:131] WorkerManager: Request new FuncWorker for func_id 1 with client_id 88
I1102 18:25:30.602901 IO-0/EL  worker_manager.cpp:131] WorkerManager: Request new FuncWorker for func_id 1 with client_id 89
I1102 18:25:30.602910 IO-0/EL  worker_manager.cpp:131] WorkerManager: Request new FuncWorker for func_id 1 with client_id 90
I1102 18:25:30.602921 IO-0/EL  worker_manager.cpp:131] WorkerManager: Request new FuncWorker for func_id 1 with client_id 91
I1102 18:25:30.602931 IO-0/EL  worker_manager.cpp:131] WorkerManager: Request new FuncWorker for func_id 1 with client_id 92
I1102 18:25:30.602954 IO-0/EL  worker_manager.cpp:131] WorkerManager: Request new FuncWorker for func_id 1 with client_id 93
I1102 18:25:30.602964 IO-0/EL  worker_manager.cpp:131] WorkerManager: Request new FuncWorker for func_id 1 with client_id 94
I1102 18:25:30.602973 IO-0/EL  worker_manager.cpp:131] WorkerManager: Request new FuncWorker for func_id 1 with client_id 95
I1102 18:25:30.602984 IO-0/EL  worker_manager.cpp:131] WorkerManager: Request new FuncWorker for func_id 1 with client_id 96
I1102 18:25:30.602996 IO-0/EL  worker_manager.cpp:131] WorkerManager: Request new FuncWorker for func_id 1 with client_id 97
I1102 18:25:30.603005 IO-0/EL  worker_manager.cpp:131] WorkerManager: Request new FuncWorker for func_id 1 with client_id 98
I1102 18:25:30.603016 IO-0/EL  worker_manager.cpp:131] WorkerManager: Request new FuncWorker for func_id 1 with client_id 99
I1102 18:25:30.603026 IO-0/EL  worker_manager.cpp:131] WorkerManager: Request new FuncWorker for func_id 1 with client_id 100
I1102 18:25:30.603037 IO-0/EL  worker_manager.cpp:131] WorkerManager: Request new FuncWorker for func_id 1 with client_id 101
I1102 18:25:30.603047 IO-0/EL  worker_manager.cpp:131] WorkerManager: Request new FuncWorker for func_id 1 with client_id 102
I1102 18:25:30.603057 IO-0/EL  worker_manager.cpp:131] WorkerManager: Request new FuncWorker for func_id 1 with client_id 103
I1102 18:25:30.603067 IO-0/EL  worker_manager.cpp:131] WorkerManager: Request new FuncWorker for func_id 1 with client_id 104
I1102 18:25:30.603079 IO-0/EL  worker_manager.cpp:131] WorkerManager: Request new FuncWorker for func_id 1 with client_id 105
I1102 18:25:30.603090 IO-0/EL  worker_manager.cpp:131] WorkerManager: Request new FuncWorker for func_id 1 with client_id 106
I1102 18:25:30.603099 IO-0/EL  worker_manager.cpp:131] WorkerManager: Request new FuncWorker for func_id 1 with client_id 107
I1102 18:25:30.603109 IO-0/EL  worker_manager.cpp:131] WorkerManager: Request new FuncWorker for func_id 1 with client_id 108
I1102 18:25:30.603125 IO-0/EL  worker_manager.cpp:131] WorkerManager: Request new FuncWorker for func_id 1 with client_id 109
I1102 18:25:30.603134 IO-0/EL  worker_manager.cpp:131] WorkerManager: Request new FuncWorker for func_id 1 with client_id 110
I1102 18:25:30.603145 IO-0/EL  worker_manager.cpp:131] WorkerManager: Request new FuncWorker for func_id 1 with client_id 111
I1102 18:25:30.603155 IO-0/EL  worker_manager.cpp:131] WorkerManager: Request new FuncWorker for func_id 1 with client_id 112
I1102 18:25:30.603166 IO-0/EL  worker_manager.cpp:131] WorkerManager: Request new FuncWorker for func_id 1 with client_id 113
I1102 18:25:30.603178 IO-0/EL  worker_manager.cpp:131] WorkerManager: Request new FuncWorker for func_id 1 with client_id 114
I1102 18:25:30.603187 IO-0/EL  worker_manager.cpp:131] WorkerManager: Request new FuncWorker for func_id 1 with client_id 115
I1102 18:25:30.603197 IO-0/EL  worker_manager.cpp:131] WorkerManager: Request new FuncWorker for func_id 1 with client_id 116
I1102 18:25:30.603208 IO-0/EL  worker_manager.cpp:131] WorkerManager: Request new FuncWorker for func_id 1 with client_id 117
I1102 18:25:30.603219 IO-0/EL  worker_manager.cpp:131] WorkerManager: Request new FuncWorker for func_id 1 with client_id 118
I1102 18:25:30.603229 IO-0/EL  worker_manager.cpp:131] WorkerManager: Request new FuncWorker for func_id 1 with client_id 119
I1102 18:25:30.603238 IO-0/EL  worker_manager.cpp:131] WorkerManager: Request new FuncWorker for func_id 1 with client_id 120
I1102 18:25:30.603252 IO-0/EL  worker_manager.cpp:131] WorkerManager: Request new FuncWorker for func_id 1 with client_id 121
I1102 18:25:30.603266 IO-0/EL  worker_manager.cpp:131] WorkerManager: Request new FuncWorker for func_id 1 with client_id 122
I1102 18:25:30.603276 IO-0/EL  worker_manager.cpp:131] WorkerManager: Request new FuncWorker for func_id 1 with client_id 123
I1102 18:25:30.603285 IO-0/EL  worker_manager.cpp:131] WorkerManager: Request new FuncWorker for func_id 1 with client_id 124
I1102 18:25:30.603296 IO-0/EL  worker_manager.cpp:131] WorkerManager: Request new FuncWorker for func_id 1 with client_id 125
I1102 18:25:30.603307 IO-0/EL  worker_manager.cpp:131] WorkerManager: Request new FuncWorker for func_id 1 with client_id 126
I1102 18:25:30.603316 IO-0/EL  worker_manager.cpp:131] WorkerManager: Request new FuncWorker for func_id 1 with client_id 127
I1102 18:25:30.603326 IO-0/EL  worker_manager.cpp:131] WorkerManager: Request new FuncWorker for func_id 1 with client_id 128
I1102 18:25:30.603432 IO-0/EL  buffer_pool.h:25] BufferPool[IO-0_Write]: Allocate new buffer, current buffer count is 1
I1102 18:25:30.603466 IO-0/EL  buffer_pool.h:25] BufferPool[IO-0_Write]: Allocate new buffer, current buffer count is 2
I1102 18:25:30.603496 IO-0/EL  message_connection.cpp:269] LauncherConnection[1]: Handshake done
I1102 18:25:30.607911 Server/E engine.cpp:674] Engine: New message connection
I1102 18:25:30.607949 IO-0/EL  engine.cpp:277] Engine: Receive new handshake message from message connection
I1102 18:25:30.607955 IO-0/EL  worker_manager.cpp:60] WorkerManager: FuncWorker of func_id 1, client_id 1 connected
I1102 18:25:30.607966 IO-0/EL  dispatcher.cpp:47] Dispatcher[1]: min_workers=128
I1102 18:25:30.607970 IO-0/EL  dispatcher.cpp:51] Dispatcher[1]: max_workers=128
I1102 18:25:30.607991 IO-0/EL  message_connection.cpp:269] FuncWorkerConnection[1-1]: Handshake done
I1102 18:25:30.608280 Server/E engine.cpp:674] Engine: New message connection
I1102 18:25:30.608307 IO-0/EL  engine.cpp:277] Engine: Receive new handshake message from message connection
I1102 18:25:30.608312 IO-0/EL  worker_manager.cpp:60] WorkerManager: FuncWorker of func_id 1, client_id 2 connected
I1102 18:25:30.608326 IO-0/EL  message_connection.cpp:269] FuncWorkerConnection[1-2]: Handshake done
I1102 18:25:30.609096 Server/E engine.cpp:674] Engine: New message connection
I1102 18:25:30.609119 IO-0/EL  engine.cpp:277] Engine: Receive new handshake message from message connection
I1102 18:25:30.609125 IO-0/EL  worker_manager.cpp:60] WorkerManager: FuncWorker of func_id 1, client_id 3 connected
I1102 18:25:30.609139 IO-0/EL  message_connection.cpp:269] FuncWorkerConnection[1-3]: Handshake done
I1102 18:25:30.610380 Server/E engine.cpp:674] Engine: New message connection
I1102 18:25:30.610409 IO-0/EL  engine.cpp:277] Engine: Receive new handshake message from message connection
I1102 18:25:30.610415 IO-0/EL  worker_manager.cpp:60] WorkerManager: FuncWorker of func_id 1, client_id 4 connected
I1102 18:25:30.610429 IO-0/EL  message_connection.cpp:269] FuncWorkerConnection[1-4]: Handshake done
I1102 18:25:30.611812 Server/E engine.cpp:674] Engine: New message connection
I1102 18:25:30.611834 IO-0/EL  engine.cpp:277] Engine: Receive new handshake message from message connection
I1102 18:25:30.611839 IO-0/EL  worker_manager.cpp:60] WorkerManager: FuncWorker of func_id 1, client_id 5 connected
I1102 18:25:30.611853 IO-0/EL  message_connection.cpp:269] FuncWorkerConnection[1-5]: Handshake done
I1102 18:25:30.612172 Server/E engine.cpp:674] Engine: New message connection
I1102 18:25:30.612204 IO-0/EL  engine.cpp:277] Engine: Receive new handshake message from message connection
I1102 18:25:30.612208 IO-0/EL  worker_manager.cpp:60] WorkerManager: FuncWorker of func_id 1, client_id 6 connected
I1102 18:25:30.612222 IO-0/EL  message_connection.cpp:269] FuncWorkerConnection[1-6]: Handshake done
I1102 18:25:30.613173 Server/E engine.cpp:674] Engine: New message connection
I1102 18:25:30.613196 IO-0/EL  engine.cpp:277] Engine: Receive new handshake message from message connection
I1102 18:25:30.613202 IO-0/EL  worker_manager.cpp:60] WorkerManager: FuncWorker of func_id 1, client_id 7 connected
I1102 18:25:30.613225 IO-0/EL  message_connection.cpp:269] FuncWorkerConnection[1-7]: Handshake done
I1102 18:25:30.614990 Server/E engine.cpp:674] Engine: New message connection
I1102 18:25:30.615037 IO-0/EL  engine.cpp:277] Engine: Receive new handshake message from message connection
I1102 18:25:30.615042 IO-0/EL  worker_manager.cpp:60] WorkerManager: FuncWorker of func_id 1, client_id 8 connected
I1102 18:25:30.615056 IO-0/EL  message_connection.cpp:269] FuncWorkerConnection[1-8]: Handshake done
I1102 18:25:30.615141 Server/E engine.cpp:674] Engine: New message connection
I1102 18:25:30.615174 IO-0/EL  engine.cpp:277] Engine: Receive new handshake message from message connection
I1102 18:25:30.615179 IO-0/EL  worker_manager.cpp:60] WorkerManager: FuncWorker of func_id 1, client_id 9 connected
I1102 18:25:30.615192 IO-0/EL  message_connection.cpp:269] FuncWorkerConnection[1-9]: Handshake done
I1102 18:25:30.616233 Server/E engine.cpp:674] Engine: New message connection
I1102 18:25:30.616266 Server/E engine.cpp:674] Engine: New message connection
I1102 18:25:30.616271 IO-0/EL  engine.cpp:277] Engine: Receive new handshake message from message connection
I1102 18:25:30.616276 IO-0/EL  worker_manager.cpp:60] WorkerManager: FuncWorker of func_id 1, client_id 10 connected
I1102 18:25:30.616291 IO-0/EL  message_connection.cpp:269] FuncWorkerConnection[1-10]: Handshake done
I1102 18:25:30.616310 IO-0/EL  engine.cpp:277] Engine: Receive new handshake message from message connection
I1102 18:25:30.616315 IO-0/EL  worker_manager.cpp:60] WorkerManager: FuncWorker of func_id 1, client_id 11 connected
I1102 18:25:30.616328 IO-0/EL  message_connection.cpp:269] FuncWorkerConnection[1-11]: Handshake done
I1102 18:25:30.616564 Server/E engine.cpp:674] Engine: New message connection
I1102 18:25:30.616597 IO-0/EL  engine.cpp:277] Engine: Receive new handshake message from message connection
I1102 18:25:30.616601 IO-0/EL  worker_manager.cpp:60] WorkerManager: FuncWorker of func_id 1, client_id 12 connected
I1102 18:25:30.616614 IO-0/EL  message_connection.cpp:269] FuncWorkerConnection[1-12]: Handshake done
I1102 18:25:30.617064 Server/E engine.cpp:674] Engine: New message connection
I1102 18:25:30.617093 IO-0/EL  engine.cpp:277] Engine: Receive new handshake message from message connection
I1102 18:25:30.617098 IO-0/EL  worker_manager.cpp:60] WorkerManager: FuncWorker of func_id 1, client_id 13 connected
I1102 18:25:30.617111 IO-0/EL  message_connection.cpp:269] FuncWorkerConnection[1-13]: Handshake done
I1102 18:25:30.617446 Server/E engine.cpp:674] Engine: New message connection
I1102 18:25:30.617470 IO-0/EL  engine.cpp:277] Engine: Receive new handshake message from message connection
I1102 18:25:30.617474 IO-0/EL  worker_manager.cpp:60] WorkerManager: FuncWorker of func_id 1, client_id 14 connected
I1102 18:25:30.617487 IO-0/EL  message_connection.cpp:269] FuncWorkerConnection[1-14]: Handshake done
I1102 18:25:30.618812 Server/E engine.cpp:674] Engine: New message connection
I1102 18:25:30.618843 IO-0/EL  engine.cpp:277] Engine: Receive new handshake message from message connection
I1102 18:25:30.618848 IO-0/EL  worker_manager.cpp:60] WorkerManager: FuncWorker of func_id 1, client_id 15 connected
I1102 18:25:30.618862 IO-0/EL  message_connection.cpp:269] FuncWorkerConnection[1-15]: Handshake done
I1102 18:25:30.619041 Server/E engine.cpp:674] Engine: New message connection
I1102 18:25:30.619067 IO-0/EL  engine.cpp:277] Engine: Receive new handshake message from message connection
I1102 18:25:30.619072 IO-0/EL  worker_manager.cpp:60] WorkerManager: FuncWorker of func_id 1, client_id 16 connected
I1102 18:25:30.619085 IO-0/EL  message_connection.cpp:269] FuncWorkerConnection[1-16]: Handshake done
I1102 18:25:30.619455 Server/E engine.cpp:674] Engine: New message connection
I1102 18:25:30.619488 IO-0/EL  engine.cpp:277] Engine: Receive new handshake message from message connection
I1102 18:25:30.619493 IO-0/EL  worker_manager.cpp:60] WorkerManager: FuncWorker of func_id 1, client_id 17 connected
I1102 18:25:30.619520 IO-0/EL  message_connection.cpp:269] FuncWorkerConnection[1-17]: Handshake done
I1102 18:25:30.619856 Server/E engine.cpp:674] Engine: New message connection
I1102 18:25:30.619883 IO-0/EL  engine.cpp:277] Engine: Receive new handshake message from message connection
I1102 18:25:30.619887 IO-0/EL  worker_manager.cpp:60] WorkerManager: FuncWorker of func_id 1, client_id 18 connected
I1102 18:25:30.619900 IO-0/EL  message_connection.cpp:269] FuncWorkerConnection[1-18]: Handshake done
I1102 18:25:30.620293 Server/E engine.cpp:674] Engine: New message connection
I1102 18:25:30.620319 IO-0/EL  engine.cpp:277] Engine: Receive new handshake message from message connection
I1102 18:25:30.620324 IO-0/EL  worker_manager.cpp:60] WorkerManager: FuncWorker of func_id 1, client_id 19 connected
I1102 18:25:30.620337 IO-0/EL  message_connection.cpp:269] FuncWorkerConnection[1-19]: Handshake done
I1102 18:25:30.620697 Server/E engine.cpp:674] Engine: New message connection
I1102 18:25:30.620761 IO-0/EL  engine.cpp:277] Engine: Receive new handshake message from message connection
I1102 18:25:30.620766 IO-0/EL  worker_manager.cpp:60] WorkerManager: FuncWorker of func_id 1, client_id 20 connected
I1102 18:25:30.620779 IO-0/EL  message_connection.cpp:269] FuncWorkerConnection[1-20]: Handshake done
I1102 18:25:30.621183 Server/E engine.cpp:674] Engine: New message connection
I1102 18:25:30.621212 IO-0/EL  engine.cpp:277] Engine: Receive new handshake message from message connection
I1102 18:25:30.621216 IO-0/EL  worker_manager.cpp:60] WorkerManager: FuncWorker of func_id 1, client_id 21 connected
I1102 18:25:30.621229 IO-0/EL  message_connection.cpp:269] FuncWorkerConnection[1-21]: Handshake done
I1102 18:25:30.621593 Server/E engine.cpp:674] Engine: New message connection
I1102 18:25:30.621632 IO-0/EL  engine.cpp:277] Engine: Receive new handshake message from message connection
I1102 18:25:30.621636 IO-0/EL  worker_manager.cpp:60] WorkerManager: FuncWorker of func_id 1, client_id 22 connected
I1102 18:25:30.621649 IO-0/EL  message_connection.cpp:269] FuncWorkerConnection[1-22]: Handshake done
I1102 18:25:30.622976 Server/E engine.cpp:674] Engine: New message connection
I1102 18:25:30.623008 IO-0/EL  engine.cpp:277] Engine: Receive new handshake message from message connection
I1102 18:25:30.623013 IO-0/EL  worker_manager.cpp:60] WorkerManager: FuncWorker of func_id 1, client_id 24 connected
I1102 18:25:30.623027 IO-0/EL  message_connection.cpp:269] FuncWorkerConnection[1-24]: Handshake done
I1102 18:25:30.623216 Server/E engine.cpp:674] Engine: New message connection
I1102 18:25:30.623237 IO-0/EL  engine.cpp:277] Engine: Receive new handshake message from message connection
I1102 18:25:30.623242 IO-0/EL  worker_manager.cpp:60] WorkerManager: FuncWorker of func_id 1, client_id 23 connected
I1102 18:25:30.623254 IO-0/EL  message_connection.cpp:269] FuncWorkerConnection[1-23]: Handshake done
I1102 18:25:30.623467 Server/E engine.cpp:674] Engine: New message connection
I1102 18:25:30.623496 IO-0/EL  engine.cpp:277] Engine: Receive new handshake message from message connection
I1102 18:25:30.623500 IO-0/EL  worker_manager.cpp:60] WorkerManager: FuncWorker of func_id 1, client_id 25 connected
I1102 18:25:30.623514 IO-0/EL  message_connection.cpp:269] FuncWorkerConnection[1-25]: Handshake done
I1102 18:25:30.624531 Server/E engine.cpp:674] Engine: New message connection
I1102 18:25:30.624555 IO-0/EL  engine.cpp:277] Engine: Receive new handshake message from message connection
I1102 18:25:30.624560 IO-0/EL  worker_manager.cpp:60] WorkerManager: FuncWorker of func_id 1, client_id 26 connected
I1102 18:25:30.624573 IO-0/EL  message_connection.cpp:269] FuncWorkerConnection[1-26]: Handshake done
I1102 18:25:30.624842 Server/E engine.cpp:674] Engine: New message connection
I1102 18:25:30.624870 IO-0/EL  engine.cpp:277] Engine: Receive new handshake message from message connection
I1102 18:25:30.624875 IO-0/EL  worker_manager.cpp:60] WorkerManager: FuncWorker of func_id 1, client_id 27 connected
I1102 18:25:30.624895 IO-0/EL  message_connection.cpp:269] FuncWorkerConnection[1-27]: Handshake done
I1102 18:25:30.625217 Server/E engine.cpp:674] Engine: New message connection
I1102 18:25:30.625251 IO-0/EL  engine.cpp:277] Engine: Receive new handshake message from message connection
I1102 18:25:30.625256 IO-0/EL  worker_manager.cpp:60] WorkerManager: FuncWorker of func_id 1, client_id 28 connected
I1102 18:25:30.625269 IO-0/EL  message_connection.cpp:269] FuncWorkerConnection[1-28]: Handshake done
I1102 18:25:30.625660 Server/E engine.cpp:674] Engine: New message connection
I1102 18:25:30.625684 IO-0/EL  engine.cpp:277] Engine: Receive new handshake message from message connection
I1102 18:25:30.625689 IO-0/EL  worker_manager.cpp:60] WorkerManager: FuncWorker of func_id 1, client_id 29 connected
I1102 18:25:30.625714 IO-0/EL  message_connection.cpp:269] FuncWorkerConnection[1-29]: Handshake done
I1102 18:25:30.626092 Server/E engine.cpp:674] Engine: New message connection
I1102 18:25:30.626122 IO-0/EL  engine.cpp:277] Engine: Receive new handshake message from message connection
I1102 18:25:30.626127 IO-0/EL  worker_manager.cpp:60] WorkerManager: FuncWorker of func_id 1, client_id 30 connected
I1102 18:25:30.626140 IO-0/EL  message_connection.cpp:269] FuncWorkerConnection[1-30]: Handshake done
I1102 18:25:30.627233 Server/E engine.cpp:674] Engine: New message connection
I1102 18:25:30.627269 IO-0/EL  engine.cpp:277] Engine: Receive new handshake message from message connection
I1102 18:25:30.627273 IO-0/EL  worker_manager.cpp:60] WorkerManager: FuncWorker of func_id 1, client_id 31 connected
I1102 18:25:30.627287 IO-0/EL  message_connection.cpp:269] FuncWorkerConnection[1-31]: Handshake done
I1102 18:25:30.627377 Server/E engine.cpp:674] Engine: New message connection
I1102 18:25:30.627409 IO-0/EL  engine.cpp:277] Engine: Receive new handshake message from message connection
I1102 18:25:30.627414 IO-0/EL  worker_manager.cpp:60] WorkerManager: FuncWorker of func_id 1, client_id 32 connected
I1102 18:25:30.627427 IO-0/EL  message_connection.cpp:269] FuncWorkerConnection[1-32]: Handshake done
I1102 18:25:30.627823 Server/E engine.cpp:674] Engine: New message connection
I1102 18:25:30.627847 IO-0/EL  engine.cpp:277] Engine: Receive new handshake message from message connection
I1102 18:25:30.627851 IO-0/EL  worker_manager.cpp:60] WorkerManager: FuncWorker of func_id 1, client_id 33 connected
I1102 18:25:30.627864 IO-0/EL  message_connection.cpp:269] FuncWorkerConnection[1-33]: Handshake done
I1102 18:25:30.629355 Server/E engine.cpp:674] Engine: New message connection
I1102 18:25:30.629385 IO-0/EL  engine.cpp:277] Engine: Receive new handshake message from message connection
I1102 18:25:30.629390 IO-0/EL  worker_manager.cpp:60] WorkerManager: FuncWorker of func_id 1, client_id 35 connected
I1102 18:25:30.629404 IO-0/EL  message_connection.cpp:269] FuncWorkerConnection[1-35]: Handshake done
I1102 18:25:30.629697 Server/E engine.cpp:674] Engine: New message connection
I1102 18:25:30.629727 IO-0/EL  engine.cpp:277] Engine: Receive new handshake message from message connection
I1102 18:25:30.629732 IO-0/EL  worker_manager.cpp:60] WorkerManager: FuncWorker of func_id 1, client_id 36 connected
I1102 18:25:30.629745 IO-0/EL  message_connection.cpp:269] FuncWorkerConnection[1-36]: Handshake done
I1102 18:25:30.629932 Server/E engine.cpp:674] Engine: New message connection
I1102 18:25:30.629960 IO-0/EL  engine.cpp:277] Engine: Receive new handshake message from message connection
I1102 18:25:30.629965 IO-0/EL  worker_manager.cpp:60] WorkerManager: FuncWorker of func_id 1, client_id 34 connected
I1102 18:25:30.629977 IO-0/EL  message_connection.cpp:269] FuncWorkerConnection[1-34]: Handshake done
I1102 18:25:30.630164 Server/E engine.cpp:674] Engine: New message connection
I1102 18:25:30.630186 IO-0/EL  engine.cpp:277] Engine: Receive new handshake message from message connection
I1102 18:25:30.630191 IO-0/EL  worker_manager.cpp:60] WorkerManager: FuncWorker of func_id 1, client_id 37 connected
I1102 18:25:30.630203 IO-0/EL  message_connection.cpp:269] FuncWorkerConnection[1-37]: Handshake done
I1102 18:25:30.630569 Server/E engine.cpp:674] Engine: New message connection
I1102 18:25:30.630597 IO-0/EL  engine.cpp:277] Engine: Receive new handshake message from message connection
I1102 18:25:30.630602 IO-0/EL  worker_manager.cpp:60] WorkerManager: FuncWorker of func_id 1, client_id 38 connected
I1102 18:25:30.630615 IO-0/EL  message_connection.cpp:269] FuncWorkerConnection[1-38]: Handshake done
I1102 18:25:30.631048 Server/E engine.cpp:674] Engine: New message connection
I1102 18:25:30.631072 IO-0/EL  engine.cpp:277] Engine: Receive new handshake message from message connection
I1102 18:25:30.631077 IO-0/EL  worker_manager.cpp:60] WorkerManager: FuncWorker of func_id 1, client_id 39 connected
I1102 18:25:30.631089 IO-0/EL  message_connection.cpp:269] FuncWorkerConnection[1-39]: Handshake done
I1102 18:25:30.631538 Server/E engine.cpp:674] Engine: New message connection
I1102 18:25:30.631566 IO-0/EL  engine.cpp:277] Engine: Receive new handshake message from message connection
I1102 18:25:30.631571 IO-0/EL  worker_manager.cpp:60] WorkerManager: FuncWorker of func_id 1, client_id 40 connected
I1102 18:25:30.631584 IO-0/EL  message_connection.cpp:269] FuncWorkerConnection[1-40]: Handshake done
I1102 18:25:30.631884 Server/E engine.cpp:674] Engine: New message connection
I1102 18:25:30.631906 IO-0/EL  engine.cpp:277] Engine: Receive new handshake message from message connection
I1102 18:25:30.631911 IO-0/EL  worker_manager.cpp:60] WorkerManager: FuncWorker of func_id 1, client_id 41 connected
I1102 18:25:30.631927 IO-0/EL  message_connection.cpp:269] FuncWorkerConnection[1-41]: Handshake done
I1102 18:25:30.632352 Server/E engine.cpp:674] Engine: New message connection
I1102 18:25:30.632377 IO-0/EL  engine.cpp:277] Engine: Receive new handshake message from message connection
I1102 18:25:30.632382 IO-0/EL  worker_manager.cpp:60] WorkerManager: FuncWorker of func_id 1, client_id 42 connected
I1102 18:25:30.632395 IO-0/EL  message_connection.cpp:269] FuncWorkerConnection[1-42]: Handshake done
I1102 18:25:30.632793 Server/E engine.cpp:674] Engine: New message connection
I1102 18:25:30.632815 IO-0/EL  engine.cpp:277] Engine: Receive new handshake message from message connection
I1102 18:25:30.632824 IO-0/EL  worker_manager.cpp:60] WorkerManager: FuncWorker of func_id 1, client_id 43 connected
I1102 18:25:30.632839 IO-0/EL  message_connection.cpp:269] FuncWorkerConnection[1-43]: Handshake done
I1102 18:25:30.633356 Server/E engine.cpp:674] Engine: New message connection
I1102 18:25:30.633379 IO-0/EL  engine.cpp:277] Engine: Receive new handshake message from message connection
I1102 18:25:30.633383 IO-0/EL  worker_manager.cpp:60] WorkerManager: FuncWorker of func_id 1, client_id 44 connected
I1102 18:25:30.633396 IO-0/EL  message_connection.cpp:269] FuncWorkerConnection[1-44]: Handshake done
I1102 18:25:30.633756 Server/E engine.cpp:674] Engine: New message connection
I1102 18:25:30.633784 IO-0/EL  engine.cpp:277] Engine: Receive new handshake message from message connection
I1102 18:25:30.633789 IO-0/EL  worker_manager.cpp:60] WorkerManager: FuncWorker of func_id 1, client_id 45 connected
I1102 18:25:30.633803 IO-0/EL  message_connection.cpp:269] FuncWorkerConnection[1-45]: Handshake done
I1102 18:25:30.634279 Server/E engine.cpp:674] Engine: New message connection
I1102 18:25:30.634301 IO-0/EL  engine.cpp:277] Engine: Receive new handshake message from message connection
I1102 18:25:30.634306 IO-0/EL  worker_manager.cpp:60] WorkerManager: FuncWorker of func_id 1, client_id 46 connected
I1102 18:25:30.634318 IO-0/EL  message_connection.cpp:269] FuncWorkerConnection[1-46]: Handshake done
I1102 18:25:30.634696 Server/E engine.cpp:674] Engine: New message connection
I1102 18:25:30.634734 IO-0/EL  engine.cpp:277] Engine: Receive new handshake message from message connection
I1102 18:25:30.634739 IO-0/EL  worker_manager.cpp:60] WorkerManager: FuncWorker of func_id 1, client_id 47 connected
I1102 18:25:30.634753 IO-0/EL  message_connection.cpp:269] FuncWorkerConnection[1-47]: Handshake done
I1102 18:25:30.635118 Server/E engine.cpp:674] Engine: New message connection
I1102 18:25:30.635140 IO-0/EL  engine.cpp:277] Engine: Receive new handshake message from message connection
I1102 18:25:30.635145 IO-0/EL  worker_manager.cpp:60] WorkerManager: FuncWorker of func_id 1, client_id 48 connected
I1102 18:25:30.635158 IO-0/EL  message_connection.cpp:269] FuncWorkerConnection[1-48]: Handshake done
I1102 18:25:30.635569 Server/E engine.cpp:674] Engine: New message connection
I1102 18:25:30.635596 IO-0/EL  engine.cpp:277] Engine: Receive new handshake message from message connection
I1102 18:25:30.635601 IO-0/EL  worker_manager.cpp:60] WorkerManager: FuncWorker of func_id 1, client_id 49 connected
I1102 18:25:30.635614 IO-0/EL  message_connection.cpp:269] FuncWorkerConnection[1-49]: Handshake done
I1102 18:25:30.635996 Server/E engine.cpp:674] Engine: New message connection
I1102 18:25:30.636031 IO-0/EL  engine.cpp:277] Engine: Receive new handshake message from message connection
I1102 18:25:30.636035 IO-0/EL  worker_manager.cpp:60] WorkerManager: FuncWorker of func_id 1, client_id 50 connected
I1102 18:25:30.636048 IO-0/EL  message_connection.cpp:269] FuncWorkerConnection[1-50]: Handshake done
I1102 18:25:30.636416 Server/E engine.cpp:674] Engine: New message connection
I1102 18:25:30.636443 IO-0/EL  engine.cpp:277] Engine: Receive new handshake message from message connection
I1102 18:25:30.636448 IO-0/EL  worker_manager.cpp:60] WorkerManager: FuncWorker of func_id 1, client_id 51 connected
I1102 18:25:30.636461 IO-0/EL  message_connection.cpp:269] FuncWorkerConnection[1-51]: Handshake done
I1102 18:25:30.636987 Server/E engine.cpp:674] Engine: New message connection
I1102 18:25:30.637011 IO-0/EL  engine.cpp:277] Engine: Receive new handshake message from message connection
I1102 18:25:30.637015 IO-0/EL  worker_manager.cpp:60] WorkerManager: FuncWorker of func_id 1, client_id 52 connected
I1102 18:25:30.637029 IO-0/EL  message_connection.cpp:269] FuncWorkerConnection[1-52]: Handshake done
I1102 18:25:30.637333 Server/E engine.cpp:674] Engine: New message connection
I1102 18:25:30.637361 IO-0/EL  engine.cpp:277] Engine: Receive new handshake message from message connection
I1102 18:25:30.637366 IO-0/EL  worker_manager.cpp:60] WorkerManager: FuncWorker of func_id 1, client_id 53 connected
I1102 18:25:30.637379 IO-0/EL  message_connection.cpp:269] FuncWorkerConnection[1-53]: Handshake done
I1102 18:25:30.637776 Server/E engine.cpp:674] Engine: New message connection
I1102 18:25:30.637797 IO-0/EL  engine.cpp:277] Engine: Receive new handshake message from message connection
I1102 18:25:30.637801 IO-0/EL  worker_manager.cpp:60] WorkerManager: FuncWorker of func_id 1, client_id 54 connected
I1102 18:25:30.637814 IO-0/EL  message_connection.cpp:269] FuncWorkerConnection[1-54]: Handshake done
I1102 18:25:30.638313 Server/E engine.cpp:674] Engine: New message connection
I1102 18:25:30.638344 IO-0/EL  engine.cpp:277] Engine: Receive new handshake message from message connection
I1102 18:25:30.638349 IO-0/EL  worker_manager.cpp:60] WorkerManager: FuncWorker of func_id 1, client_id 55 connected
I1102 18:25:30.638362 IO-0/EL  message_connection.cpp:269] FuncWorkerConnection[1-55]: Handshake done
I1102 18:25:30.638684 Server/E engine.cpp:674] Engine: New message connection
I1102 18:25:30.638726 IO-0/EL  engine.cpp:277] Engine: Receive new handshake message from message connection
I1102 18:25:30.638732 IO-0/EL  worker_manager.cpp:60] WorkerManager: FuncWorker of func_id 1, client_id 56 connected
I1102 18:25:30.638745 IO-0/EL  message_connection.cpp:269] FuncWorkerConnection[1-56]: Handshake done
I1102 18:25:30.639150 Server/E engine.cpp:674] Engine: New message connection
I1102 18:25:30.639174 IO-0/EL  engine.cpp:277] Engine: Receive new handshake message from message connection
I1102 18:25:30.639178 IO-0/EL  worker_manager.cpp:60] WorkerManager: FuncWorker of func_id 1, client_id 57 connected
I1102 18:25:30.639204 IO-0/EL  message_connection.cpp:269] FuncWorkerConnection[1-57]: Handshake done
I1102 18:25:30.639689 Server/E engine.cpp:674] Engine: New message connection
I1102 18:25:30.639715 IO-0/EL  engine.cpp:277] Engine: Receive new handshake message from message connection
I1102 18:25:30.639720 IO-0/EL  worker_manager.cpp:60] WorkerManager: FuncWorker of func_id 1, client_id 58 connected
I1102 18:25:30.639733 IO-0/EL  message_connection.cpp:269] FuncWorkerConnection[1-58]: Handshake done
I1102 18:25:30.640050 Server/E engine.cpp:674] Engine: New message connection
I1102 18:25:30.640072 IO-0/EL  engine.cpp:277] Engine: Receive new handshake message from message connection
I1102 18:25:30.640076 IO-0/EL  worker_manager.cpp:60] WorkerManager: FuncWorker of func_id 1, client_id 59 connected
I1102 18:25:30.640088 IO-0/EL  message_connection.cpp:269] FuncWorkerConnection[1-59]: Handshake done
I1102 18:25:30.640558 Server/E engine.cpp:674] Engine: New message connection
I1102 18:25:30.640585 IO-0/EL  engine.cpp:277] Engine: Receive new handshake message from message connection
I1102 18:25:30.640590 IO-0/EL  worker_manager.cpp:60] WorkerManager: FuncWorker of func_id 1, client_id 60 connected
I1102 18:25:30.640604 IO-0/EL  message_connection.cpp:269] FuncWorkerConnection[1-60]: Handshake done
I1102 18:25:30.641020 Server/E engine.cpp:674] Engine: New message connection
I1102 18:25:30.641041 IO-0/EL  engine.cpp:277] Engine: Receive new handshake message from message connection
I1102 18:25:30.641046 IO-0/EL  worker_manager.cpp:60] WorkerManager: FuncWorker of func_id 1, client_id 61 connected
I1102 18:25:30.641059 IO-0/EL  message_connection.cpp:269] FuncWorkerConnection[1-61]: Handshake done
I1102 18:25:30.641456 Server/E engine.cpp:674] Engine: New message connection
I1102 18:25:30.641484 IO-0/EL  engine.cpp:277] Engine: Receive new handshake message from message connection
I1102 18:25:30.641488 IO-0/EL  worker_manager.cpp:60] WorkerManager: FuncWorker of func_id 1, client_id 62 connected
I1102 18:25:30.641501 IO-0/EL  message_connection.cpp:269] FuncWorkerConnection[1-62]: Handshake done
I1102 18:25:30.641913 Server/E engine.cpp:674] Engine: New message connection
I1102 18:25:30.641938 IO-0/EL  engine.cpp:277] Engine: Receive new handshake message from message connection
I1102 18:25:30.641943 IO-0/EL  worker_manager.cpp:60] WorkerManager: FuncWorker of func_id 1, client_id 63 connected
I1102 18:25:30.641956 IO-0/EL  message_connection.cpp:269] FuncWorkerConnection[1-63]: Handshake done
I1102 18:25:30.642435 Server/E engine.cpp:674] Engine: New message connection
I1102 18:25:30.642461 IO-0/EL  engine.cpp:277] Engine: Receive new handshake message from message connection
I1102 18:25:30.642466 IO-0/EL  worker_manager.cpp:60] WorkerManager: FuncWorker of func_id 1, client_id 64 connected
I1102 18:25:30.642479 IO-0/EL  message_connection.cpp:269] FuncWorkerConnection[1-64]: Handshake done
I1102 18:25:30.642895 Server/E engine.cpp:674] Engine: New message connection
I1102 18:25:30.642923 IO-0/EL  engine.cpp:277] Engine: Receive new handshake message from message connection
I1102 18:25:30.642928 IO-0/EL  worker_manager.cpp:60] WorkerManager: FuncWorker of func_id 1, client_id 65 connected
I1102 18:25:30.642942 IO-0/EL  message_connection.cpp:269] FuncWorkerConnection[1-65]: Handshake done
I1102 18:25:30.643317 Server/E engine.cpp:674] Engine: New message connection
I1102 18:25:30.643337 IO-0/EL  engine.cpp:277] Engine: Receive new handshake message from message connection
I1102 18:25:30.643342 IO-0/EL  worker_manager.cpp:60] WorkerManager: FuncWorker of func_id 1, client_id 66 connected
I1102 18:25:30.643354 IO-0/EL  message_connection.cpp:269] FuncWorkerConnection[1-66]: Handshake done
I1102 18:25:30.643898 Server/E engine.cpp:674] Engine: New message connection
I1102 18:25:30.643927 IO-0/EL  engine.cpp:277] Engine: Receive new handshake message from message connection
I1102 18:25:30.643932 IO-0/EL  worker_manager.cpp:60] WorkerManager: FuncWorker of func_id 1, client_id 67 connected
I1102 18:25:30.643946 IO-0/EL  message_connection.cpp:269] FuncWorkerConnection[1-67]: Handshake done
I1102 18:25:30.644259 Server/E engine.cpp:674] Engine: New message connection
I1102 18:25:30.644291 IO-0/EL  engine.cpp:277] Engine: Receive new handshake message from message connection
I1102 18:25:30.644296 IO-0/EL  worker_manager.cpp:60] WorkerManager: FuncWorker of func_id 1, client_id 68 connected
I1102 18:25:30.644308 IO-0/EL  message_connection.cpp:269] FuncWorkerConnection[1-68]: Handshake done
I1102 18:25:30.644772 Server/E engine.cpp:674] Engine: New message connection
I1102 18:25:30.644800 IO-0/EL  engine.cpp:277] Engine: Receive new handshake message from message connection
I1102 18:25:30.644805 IO-0/EL  worker_manager.cpp:60] WorkerManager: FuncWorker of func_id 1, client_id 69 connected
I1102 18:25:30.644819 IO-0/EL  message_connection.cpp:269] FuncWorkerConnection[1-69]: Handshake done
I1102 18:25:30.645195 Server/E engine.cpp:674] Engine: New message connection
I1102 18:25:30.645217 IO-0/EL  engine.cpp:277] Engine: Receive new handshake message from message connection
I1102 18:25:30.645221 IO-0/EL  worker_manager.cpp:60] WorkerManager: FuncWorker of func_id 1, client_id 70 connected
I1102 18:25:30.645234 IO-0/EL  message_connection.cpp:269] FuncWorkerConnection[1-70]: Handshake done
I1102 18:25:30.645692 Server/E engine.cpp:674] Engine: New message connection
I1102 18:25:30.645720 IO-0/EL  engine.cpp:277] Engine: Receive new handshake message from message connection
I1102 18:25:30.645725 IO-0/EL  worker_manager.cpp:60] WorkerManager: FuncWorker of func_id 1, client_id 71 connected
I1102 18:25:30.645739 IO-0/EL  message_connection.cpp:269] FuncWorkerConnection[1-71]: Handshake done
I1102 18:25:30.646122 Server/E engine.cpp:674] Engine: New message connection
I1102 18:25:30.646147 IO-0/EL  engine.cpp:277] Engine: Receive new handshake message from message connection
I1102 18:25:30.646151 IO-0/EL  worker_manager.cpp:60] WorkerManager: FuncWorker of func_id 1, client_id 72 connected
I1102 18:25:30.646169 IO-0/EL  message_connection.cpp:269] FuncWorkerConnection[1-72]: Handshake done
I1102 18:25:30.646678 Server/E engine.cpp:674] Engine: New message connection
I1102 18:25:30.646701 IO-0/EL  engine.cpp:277] Engine: Receive new handshake message from message connection
I1102 18:25:30.646706 IO-0/EL  worker_manager.cpp:60] WorkerManager: FuncWorker of func_id 1, client_id 73 connected
I1102 18:25:30.646722 IO-0/EL  message_connection.cpp:269] FuncWorkerConnection[1-73]: Handshake done
I1102 18:25:30.648084 Server/E engine.cpp:674] Engine: New message connection
I1102 18:25:30.648113 IO-0/EL  engine.cpp:277] Engine: Receive new handshake message from message connection
I1102 18:25:30.648118 IO-0/EL  worker_manager.cpp:60] WorkerManager: FuncWorker of func_id 1, client_id 75 connected
I1102 18:25:30.648131 IO-0/EL  message_connection.cpp:269] FuncWorkerConnection[1-75]: Handshake done
I1102 18:25:30.648221 Server/E engine.cpp:674] Engine: New message connection
I1102 18:25:30.648242 IO-0/EL  engine.cpp:277] Engine: Receive new handshake message from message connection
I1102 18:25:30.648246 IO-0/EL  worker_manager.cpp:60] WorkerManager: FuncWorker of func_id 1, client_id 74 connected
I1102 18:25:30.648264 IO-0/EL  message_connection.cpp:269] FuncWorkerConnection[1-74]: Handshake done
I1102 18:25:30.648473 Server/E engine.cpp:674] Engine: New message connection
I1102 18:25:30.648499 IO-0/EL  engine.cpp:277] Engine: Receive new handshake message from message connection
I1102 18:25:30.648503 IO-0/EL  worker_manager.cpp:60] WorkerManager: FuncWorker of func_id 1, client_id 76 connected
I1102 18:25:30.648516 IO-0/EL  message_connection.cpp:269] FuncWorkerConnection[1-76]: Handshake done
I1102 18:25:30.648936 Server/E engine.cpp:674] Engine: New message connection
I1102 18:25:30.648959 IO-0/EL  engine.cpp:277] Engine: Receive new handshake message from message connection
I1102 18:25:30.648964 IO-0/EL  worker_manager.cpp:60] WorkerManager: FuncWorker of func_id 1, client_id 77 connected
I1102 18:25:30.648976 IO-0/EL  message_connection.cpp:269] FuncWorkerConnection[1-77]: Handshake done
I1102 18:25:30.649491 Server/E engine.cpp:674] Engine: New message connection
I1102 18:25:30.649555 IO-0/EL  engine.cpp:277] Engine: Receive new handshake message from message connection
I1102 18:25:30.649560 IO-0/EL  worker_manager.cpp:60] WorkerManager: FuncWorker of func_id 1, client_id 78 connected
I1102 18:25:30.649573 IO-0/EL  message_connection.cpp:269] FuncWorkerConnection[1-78]: Handshake done
I1102 18:25:30.659756 Server/E engine.cpp:674] Engine: New message connection
I1102 18:25:30.659794 Server/E engine.cpp:674] Engine: New message connection
I1102 18:25:30.659799 IO-0/EL  engine.cpp:277] Engine: Receive new handshake message from message connection
I1102 18:25:30.659804 IO-0/EL  worker_manager.cpp:60] WorkerManager: FuncWorker of func_id 1, client_id 79 connected
I1102 18:25:30.659812 Server/E engine.cpp:674] Engine: New message connection
I1102 18:25:30.659818 IO-0/EL  message_connection.cpp:269] FuncWorkerConnection[1-79]: Handshake done
I1102 18:25:30.659826 Server/E engine.cpp:674] Engine: New message connection
I1102 18:25:30.659839 Server/E engine.cpp:674] Engine: New message connection
I1102 18:25:30.659842 IO-0/EL  engine.cpp:277] Engine: Receive new handshake message from message connection
I1102 18:25:30.659848 IO-0/EL  worker_manager.cpp:60] WorkerManager: FuncWorker of func_id 1, client_id 80 connected
I1102 18:25:30.659855 Server/E engine.cpp:674] Engine: New message connection
I1102 18:25:30.659861 IO-0/EL  message_connection.cpp:269] FuncWorkerConnection[1-80]: Handshake done
I1102 18:25:30.659869 Server/E engine.cpp:674] Engine: New message connection
I1102 18:25:30.659874 IO-0/EL  engine.cpp:277] Engine: Receive new handshake message from message connection
I1102 18:25:30.659879 IO-0/EL  worker_manager.cpp:60] WorkerManager: FuncWorker of func_id 1, client_id 81 connected
I1102 18:25:30.659884 Server/E engine.cpp:674] Engine: New message connection
I1102 18:25:30.659892 IO-0/EL  message_connection.cpp:269] FuncWorkerConnection[1-81]: Handshake done
I1102 18:25:30.659899 Server/E engine.cpp:674] Engine: New message connection
I1102 18:25:30.659911 IO-0/EL  engine.cpp:277] Engine: Receive new handshake message from message connection
I1102 18:25:30.659915 Server/E engine.cpp:674] Engine: New message connection
I1102 18:25:30.659916 IO-0/EL  worker_manager.cpp:60] WorkerManager: FuncWorker of func_id 1, client_id 82 connected
I1102 18:25:30.659931 Server/E engine.cpp:674] Engine: New message connection
I1102 18:25:30.659934 IO-0/EL  message_connection.cpp:269] FuncWorkerConnection[1-82]: Handshake done
I1102 18:25:30.659946 Server/E engine.cpp:674] Engine: New message connection
I1102 18:25:30.659948 IO-0/EL  engine.cpp:277] Engine: Receive new handshake message from message connection
I1102 18:25:30.659954 IO-0/EL  worker_manager.cpp:60] WorkerManager: FuncWorker of func_id 1, client_id 83 connected
I1102 18:25:30.659962 Server/E engine.cpp:674] Engine: New message connection
I1102 18:25:30.659967 IO-0/EL  message_connection.cpp:269] FuncWorkerConnection[1-83]: Handshake done
I1102 18:25:30.659975 Server/E engine.cpp:674] Engine: New message connection
I1102 18:25:30.659986 IO-0/EL  engine.cpp:277] Engine: Receive new handshake message from message connection
I1102 18:25:30.659991 IO-0/EL  worker_manager.cpp:60] WorkerManager: FuncWorker of func_id 1, client_id 84 connected
I1102 18:25:30.659992 Server/E engine.cpp:674] Engine: New message connection
I1102 18:25:30.660004 IO-0/EL  message_connection.cpp:269] FuncWorkerConnection[1-84]: Handshake done
I1102 18:25:30.660006 Server/E engine.cpp:674] Engine: New message connection
I1102 18:25:30.660017 IO-0/EL  engine.cpp:277] Engine: Receive new handshake message from message connection
I1102 18:25:30.660021 IO-0/EL  worker_manager.cpp:60] WorkerManager: FuncWorker of func_id 1, client_id 85 connected
I1102 18:25:30.660024 Server/E engine.cpp:674] Engine: New message connection
I1102 18:25:30.660038 IO-0/EL  message_connection.cpp:269] FuncWorkerConnection[1-85]: Handshake done
I1102 18:25:30.660051 Server/E engine.cpp:674] Engine: New message connection
I1102 18:25:30.660054 IO-0/EL  engine.cpp:277] Engine: Receive new handshake message from message connection
I1102 18:25:30.660082 Server/E engine.cpp:674] Engine: New message connection
I1102 18:25:30.660083 IO-0/EL  worker_manager.cpp:60] WorkerManager: FuncWorker of func_id 1, client_id 86 connected
I1102 18:25:30.660099 Server/E engine.cpp:674] Engine: New message connection
I1102 18:25:30.660107 IO-0/EL  message_connection.cpp:269] FuncWorkerConnection[1-86]: Handshake done
I1102 18:25:30.660114 Server/E engine.cpp:674] Engine: New message connection
I1102 18:25:30.660122 IO-0/EL  engine.cpp:277] Engine: Receive new handshake message from message connection
I1102 18:25:30.660131 IO-0/EL  worker_manager.cpp:60] WorkerManager: FuncWorker of func_id 1, client_id 87 connected
I1102 18:25:30.660147 IO-0/EL  message_connection.cpp:269] FuncWorkerConnection[1-87]: Handshake done
I1102 18:25:30.660160 IO-0/EL  engine.cpp:277] Engine: Receive new handshake message from message connection
I1102 18:25:30.660164 IO-0/EL  worker_manager.cpp:60] WorkerManager: FuncWorker of func_id 1, client_id 88 connected
I1102 18:25:30.660177 IO-0/EL  message_connection.cpp:269] FuncWorkerConnection[1-88]: Handshake done
I1102 18:25:30.660194 IO-0/EL  engine.cpp:277] Engine: Receive new handshake message from message connection
I1102 18:25:30.660198 IO-0/EL  worker_manager.cpp:60] WorkerManager: FuncWorker of func_id 1, client_id 89 connected
I1102 18:25:30.660211 IO-0/EL  message_connection.cpp:269] FuncWorkerConnection[1-89]: Handshake done
I1102 18:25:30.660223 IO-0/EL  engine.cpp:277] Engine: Receive new handshake message from message connection
I1102 18:25:30.660227 IO-0/EL  worker_manager.cpp:60] WorkerManager: FuncWorker of func_id 1, client_id 90 connected
I1102 18:25:30.660240 IO-0/EL  message_connection.cpp:269] FuncWorkerConnection[1-90]: Handshake done
I1102 18:25:30.660257 IO-0/EL  engine.cpp:277] Engine: Receive new handshake message from message connection
I1102 18:25:30.660261 IO-0/EL  worker_manager.cpp:60] WorkerManager: FuncWorker of func_id 1, client_id 91 connected
I1102 18:25:30.660276 IO-0/EL  message_connection.cpp:269] FuncWorkerConnection[1-91]: Handshake done
I1102 18:25:30.660289 IO-0/EL  engine.cpp:277] Engine: Receive new handshake message from message connection
I1102 18:25:30.660293 IO-0/EL  worker_manager.cpp:60] WorkerManager: FuncWorker of func_id 1, client_id 92 connected
I1102 18:25:30.660305 IO-0/EL  message_connection.cpp:269] FuncWorkerConnection[1-92]: Handshake done
I1102 18:25:30.660324 IO-0/EL  engine.cpp:277] Engine: Receive new handshake message from message connection
I1102 18:25:30.660328 IO-0/EL  worker_manager.cpp:60] WorkerManager: FuncWorker of func_id 1, client_id 93 connected
I1102 18:25:30.660341 IO-0/EL  message_connection.cpp:269] FuncWorkerConnection[1-93]: Handshake done
I1102 18:25:30.660353 IO-0/EL  engine.cpp:277] Engine: Receive new handshake message from message connection
I1102 18:25:30.660357 IO-0/EL  worker_manager.cpp:60] WorkerManager: FuncWorker of func_id 1, client_id 94 connected
I1102 18:25:30.660369 IO-0/EL  message_connection.cpp:269] FuncWorkerConnection[1-94]: Handshake done
I1102 18:25:30.660386 IO-0/EL  engine.cpp:277] Engine: Receive new handshake message from message connection
I1102 18:25:30.660390 IO-0/EL  worker_manager.cpp:60] WorkerManager: FuncWorker of func_id 1, client_id 95 connected
I1102 18:25:30.660403 IO-0/EL  message_connection.cpp:269] FuncWorkerConnection[1-95]: Handshake done
I1102 18:25:30.660416 IO-0/EL  engine.cpp:277] Engine: Receive new handshake message from message connection
I1102 18:25:30.660419 IO-0/EL  worker_manager.cpp:60] WorkerManager: FuncWorker of func_id 1, client_id 96 connected
I1102 18:25:30.660432 IO-0/EL  message_connection.cpp:269] FuncWorkerConnection[1-96]: Handshake done
I1102 18:25:30.660449 IO-0/EL  engine.cpp:277] Engine: Receive new handshake message from message connection
I1102 18:25:30.660453 IO-0/EL  worker_manager.cpp:60] WorkerManager: FuncWorker of func_id 1, client_id 97 connected
I1102 18:25:30.660467 IO-0/EL  message_connection.cpp:269] FuncWorkerConnection[1-97]: Handshake done
I1102 18:25:30.660485 IO-0/EL  engine.cpp:277] Engine: Receive new handshake message from message connection
I1102 18:25:30.660489 IO-0/EL  worker_manager.cpp:60] WorkerManager: FuncWorker of func_id 1, client_id 98 connected
I1102 18:25:30.660502 IO-0/EL  message_connection.cpp:269] FuncWorkerConnection[1-98]: Handshake done
I1102 18:25:30.660517 IO-0/EL  engine.cpp:277] Engine: Receive new handshake message from message connection
I1102 18:25:30.660521 IO-0/EL  worker_manager.cpp:60] WorkerManager: FuncWorker of func_id 1, client_id 99 connected
I1102 18:25:30.660534 IO-0/EL  message_connection.cpp:269] FuncWorkerConnection[1-99]: Handshake done
I1102 18:25:30.660601 Server/E engine.cpp:674] Engine: New message connection
I1102 18:25:30.660623 IO-0/EL  engine.cpp:277] Engine: Receive new handshake message from message connection
I1102 18:25:30.660627 IO-0/EL  worker_manager.cpp:60] WorkerManager: FuncWorker of func_id 1, client_id 101 connected
I1102 18:25:30.660640 IO-0/EL  message_connection.cpp:269] FuncWorkerConnection[1-101]: Handshake done
I1102 18:25:30.660716 Server/E engine.cpp:674] Engine: New message connection
I1102 18:25:30.660748 IO-0/EL  engine.cpp:277] Engine: Receive new handshake message from message connection
I1102 18:25:30.660753 IO-0/EL  worker_manager.cpp:60] WorkerManager: FuncWorker of func_id 1, client_id 100 connected
I1102 18:25:30.660767 IO-0/EL  message_connection.cpp:269] FuncWorkerConnection[1-100]: Handshake done
I1102 18:25:30.661066 Server/E engine.cpp:674] Engine: New message connection
I1102 18:25:30.661101 IO-0/EL  engine.cpp:277] Engine: Receive new handshake message from message connection
I1102 18:25:30.661106 IO-0/EL  worker_manager.cpp:60] WorkerManager: FuncWorker of func_id 1, client_id 102 connected
I1102 18:25:30.661119 IO-0/EL  message_connection.cpp:269] FuncWorkerConnection[1-102]: Handshake done
I1102 18:25:30.661498 Server/E engine.cpp:674] Engine: New message connection
I1102 18:25:30.661537 IO-0/EL  engine.cpp:277] Engine: Receive new handshake message from message connection
I1102 18:25:30.661542 IO-0/EL  worker_manager.cpp:60] WorkerManager: FuncWorker of func_id 1, client_id 103 connected
I1102 18:25:30.661555 IO-0/EL  message_connection.cpp:269] FuncWorkerConnection[1-103]: Handshake done
I1102 18:25:30.662097 Server/E engine.cpp:674] Engine: New message connection
I1102 18:25:30.662136 IO-0/EL  engine.cpp:277] Engine: Receive new handshake message from message connection
I1102 18:25:30.662141 IO-0/EL  worker_manager.cpp:60] WorkerManager: FuncWorker of func_id 1, client_id 104 connected
I1102 18:25:30.662159 IO-0/EL  message_connection.cpp:269] FuncWorkerConnection[1-104]: Handshake done
I1102 18:25:30.662473 Server/E engine.cpp:674] Engine: New message connection
I1102 18:25:30.662505 IO-0/EL  engine.cpp:277] Engine: Receive new handshake message from message connection
I1102 18:25:30.662510 IO-0/EL  worker_manager.cpp:60] WorkerManager: FuncWorker of func_id 1, client_id 105 connected
I1102 18:25:30.662523 IO-0/EL  message_connection.cpp:269] FuncWorkerConnection[1-105]: Handshake done
I1102 18:25:30.663004 Server/E engine.cpp:674] Engine: New message connection
I1102 18:25:30.663051 IO-0/EL  engine.cpp:277] Engine: Receive new handshake message from message connection
I1102 18:25:30.663056 IO-0/EL  worker_manager.cpp:60] WorkerManager: FuncWorker of func_id 1, client_id 106 connected
I1102 18:25:30.663070 IO-0/EL  message_connection.cpp:269] FuncWorkerConnection[1-106]: Handshake done
I1102 18:25:30.663517 Server/E engine.cpp:674] Engine: New message connection
I1102 18:25:30.663550 IO-0/EL  engine.cpp:277] Engine: Receive new handshake message from message connection
I1102 18:25:30.663554 IO-0/EL  worker_manager.cpp:60] WorkerManager: FuncWorker of func_id 1, client_id 107 connected
I1102 18:25:30.663568 IO-0/EL  message_connection.cpp:269] FuncWorkerConnection[1-107]: Handshake done
I1102 18:25:30.663998 Server/E engine.cpp:674] Engine: New message connection
I1102 18:25:30.664026 IO-0/EL  engine.cpp:277] Engine: Receive new handshake message from message connection
I1102 18:25:30.664036 IO-0/EL  worker_manager.cpp:60] WorkerManager: FuncWorker of func_id 1, client_id 108 connected
I1102 18:25:30.664050 IO-0/EL  message_connection.cpp:269] FuncWorkerConnection[1-108]: Handshake done
I1102 18:25:30.664480 Server/E engine.cpp:674] Engine: New message connection
I1102 18:25:30.664503 IO-0/EL  engine.cpp:277] Engine: Receive new handshake message from message connection
I1102 18:25:30.664507 IO-0/EL  worker_manager.cpp:60] WorkerManager: FuncWorker of func_id 1, client_id 109 connected
I1102 18:25:30.664520 IO-0/EL  message_connection.cpp:269] FuncWorkerConnection[1-109]: Handshake done
I1102 18:25:30.665023 Server/E engine.cpp:674] Engine: New message connection
I1102 18:25:30.665061 IO-0/EL  engine.cpp:277] Engine: Receive new handshake message from message connection
I1102 18:25:30.665070 IO-0/EL  worker_manager.cpp:60] WorkerManager: FuncWorker of func_id 1, client_id 110 connected
I1102 18:25:30.665094 IO-0/EL  message_connection.cpp:269] FuncWorkerConnection[1-110]: Handshake done
I1102 18:25:30.665446 Server/E engine.cpp:674] Engine: New message connection
I1102 18:25:30.665473 IO-0/EL  engine.cpp:277] Engine: Receive new handshake message from message connection
I1102 18:25:30.665480 IO-0/EL  worker_manager.cpp:60] WorkerManager: FuncWorker of func_id 1, client_id 111 connected
I1102 18:25:30.665502 IO-0/EL  message_connection.cpp:269] FuncWorkerConnection[1-111]: Handshake done
I1102 18:25:30.666163 Server/E engine.cpp:674] Engine: New message connection
I1102 18:25:30.666206 IO-0/EL  engine.cpp:277] Engine: Receive new handshake message from message connection
I1102 18:25:30.666213 IO-0/EL  worker_manager.cpp:60] WorkerManager: FuncWorker of func_id 1, client_id 112 connected
I1102 18:25:30.666229 IO-0/EL  message_connection.cpp:269] FuncWorkerConnection[1-112]: Handshake done
I1102 18:25:30.666652 Server/E engine.cpp:674] Engine: New message connection
I1102 18:25:30.666678 IO-0/EL  engine.cpp:277] Engine: Receive new handshake message from message connection
I1102 18:25:30.666682 IO-0/EL  worker_manager.cpp:60] WorkerManager: FuncWorker of func_id 1, client_id 113 connected
I1102 18:25:30.666714 IO-0/EL  message_connection.cpp:269] FuncWorkerConnection[1-113]: Handshake done
I1102 18:25:30.667144 Server/E engine.cpp:674] Engine: New message connection
I1102 18:25:30.667165 IO-0/EL  engine.cpp:277] Engine: Receive new handshake message from message connection
I1102 18:25:30.667170 IO-0/EL  worker_manager.cpp:60] WorkerManager: FuncWorker of func_id 1, client_id 114 connected
I1102 18:25:30.667182 IO-0/EL  message_connection.cpp:269] FuncWorkerConnection[1-114]: Handshake done
I1102 18:25:30.667730 Server/E engine.cpp:674] Engine: New message connection
I1102 18:25:30.667757 IO-0/EL  engine.cpp:277] Engine: Receive new handshake message from message connection
I1102 18:25:30.667762 IO-0/EL  worker_manager.cpp:60] WorkerManager: FuncWorker of func_id 1, client_id 115 connected
I1102 18:25:30.667775 IO-0/EL  message_connection.cpp:269] FuncWorkerConnection[1-115]: Handshake done
I1102 18:25:30.668090 Server/E engine.cpp:674] Engine: New message connection
I1102 18:25:30.668113 IO-0/EL  engine.cpp:277] Engine: Receive new handshake message from message connection
I1102 18:25:30.668117 IO-0/EL  worker_manager.cpp:60] WorkerManager: FuncWorker of func_id 1, client_id 116 connected
I1102 18:25:30.668130 IO-0/EL  message_connection.cpp:269] FuncWorkerConnection[1-116]: Handshake done
I1102 18:25:30.668556 Server/E engine.cpp:674] Engine: New message connection
I1102 18:25:30.668583 IO-0/EL  engine.cpp:277] Engine: Receive new handshake message from message connection
I1102 18:25:30.668588 IO-0/EL  worker_manager.cpp:60] WorkerManager: FuncWorker of func_id 1, client_id 117 connected
I1102 18:25:30.668602 IO-0/EL  message_connection.cpp:269] FuncWorkerConnection[1-117]: Handshake done
I1102 18:25:30.669020 Server/E engine.cpp:674] Engine: New message connection
I1102 18:25:30.669042 IO-0/EL  engine.cpp:277] Engine: Receive new handshake message from message connection
I1102 18:25:30.669062 IO-0/EL  worker_manager.cpp:60] WorkerManager: FuncWorker of func_id 1, client_id 118 connected
I1102 18:25:30.669076 IO-0/EL  message_connection.cpp:269] FuncWorkerConnection[1-118]: Handshake done
I1102 18:25:30.669463 Server/E engine.cpp:674] Engine: New message connection
I1102 18:25:30.669490 IO-0/EL  engine.cpp:277] Engine: Receive new handshake message from message connection
I1102 18:25:30.669495 IO-0/EL  worker_manager.cpp:60] WorkerManager: FuncWorker of func_id 1, client_id 119 connected
I1102 18:25:30.669508 IO-0/EL  message_connection.cpp:269] FuncWorkerConnection[1-119]: Handshake done
I1102 18:25:30.687666 Server/E engine.cpp:674] Engine: New message connection
I1102 18:25:30.687757 IO-0/EL  engine.cpp:277] Engine: Receive new handshake message from message connection
I1102 18:25:30.687763 IO-0/EL  worker_manager.cpp:60] WorkerManager: FuncWorker of func_id 1, client_id 120 connected
I1102 18:25:30.687777 IO-0/EL  message_connection.cpp:269] FuncWorkerConnection[1-120]: Handshake done
I1102 18:25:30.688438 Server/E engine.cpp:674] Engine: New message connection
I1102 18:25:30.688528 IO-0/EL  engine.cpp:277] Engine: Receive new handshake message from message connection
I1102 18:25:30.688533 IO-0/EL  worker_manager.cpp:60] WorkerManager: FuncWorker of func_id 1, client_id 122 connected
I1102 18:25:30.688547 IO-0/EL  message_connection.cpp:269] FuncWorkerConnection[1-122]: Handshake done
I1102 18:25:30.688890 Server/E engine.cpp:674] Engine: New message connection
I1102 18:25:30.688960 IO-0/EL  engine.cpp:277] Engine: Receive new handshake message from message connection
I1102 18:25:30.688964 IO-0/EL  worker_manager.cpp:60] WorkerManager: FuncWorker of func_id 1, client_id 123 connected
I1102 18:25:30.688984 IO-0/EL  message_connection.cpp:269] FuncWorkerConnection[1-123]: Handshake done
I1102 18:25:30.689332 Server/E engine.cpp:674] Engine: New message connection
I1102 18:25:30.689369 IO-0/EL  engine.cpp:277] Engine: Receive new handshake message from message connection
I1102 18:25:30.689373 IO-0/EL  worker_manager.cpp:60] WorkerManager: FuncWorker of func_id 1, client_id 124 connected
I1102 18:25:30.689388 IO-0/EL  message_connection.cpp:269] FuncWorkerConnection[1-124]: Handshake done
I1102 18:25:30.689857 Server/E engine.cpp:674] Engine: New message connection
I1102 18:25:30.689896 IO-0/EL  engine.cpp:277] Engine: Receive new handshake message from message connection
I1102 18:25:30.689901 IO-0/EL  worker_manager.cpp:60] WorkerManager: FuncWorker of func_id 1, client_id 125 connected
I1102 18:25:30.689916 IO-0/EL  message_connection.cpp:269] FuncWorkerConnection[1-125]: Handshake done
I1102 18:25:30.689947 Server/E engine.cpp:674] Engine: New message connection
I1102 18:25:30.689978 IO-0/EL  engine.cpp:277] Engine: Receive new handshake message from message connection
I1102 18:25:30.689982 IO-0/EL  worker_manager.cpp:60] WorkerManager: FuncWorker of func_id 1, client_id 121 connected
I1102 18:25:30.689995 IO-0/EL  message_connection.cpp:269] FuncWorkerConnection[1-121]: Handshake done
I1102 18:25:30.690283 Server/E engine.cpp:674] Engine: New message connection
I1102 18:25:30.690312 IO-0/EL  engine.cpp:277] Engine: Receive new handshake message from message connection
I1102 18:25:30.690317 IO-0/EL  worker_manager.cpp:60] WorkerManager: FuncWorker of func_id 1, client_id 126 connected
I1102 18:25:30.690330 IO-0/EL  message_connection.cpp:269] FuncWorkerConnection[1-126]: Handshake done
I1102 18:25:30.692073 Server/E engine.cpp:674] Engine: New message connection
I1102 18:25:30.692096 IO-0/EL  engine.cpp:277] Engine: Receive new handshake message from message connection
I1102 18:25:30.692101 IO-0/EL  worker_manager.cpp:60] WorkerManager: FuncWorker of func_id 1, client_id 127 connected
I1102 18:25:30.692114 IO-0/EL  message_connection.cpp:269] FuncWorkerConnection[1-127]: Handshake done
I1102 18:25:30.692174 Server/E engine.cpp:674] Engine: New message connection
I1102 18:25:30.692200 IO-0/EL  engine.cpp:277] Engine: Receive new handshake message from message connection
I1102 18:25:30.692205 IO-0/EL  worker_manager.cpp:60] WorkerManager: FuncWorker of func_id 1, client_id 128 connected
I1102 18:25:30.692226 IO-0/EL  message_connection.cpp:269] FuncWorkerConnection[1-128]: Handshake done
I1102 18:25:33.428659 IO-0/EL  buffer_pool.h:25] BufferPool[IO-0_Write]: Allocate new buffer, current buffer count is 3
I1102 18:25:33.428690 IO-0/EL  buffer_pool.h:25] BufferPool[IO-0_Write]: Allocate new buffer, current buffer count is 4
I1102 18:25:33.428707 IO-0/EL  buffer_pool.h:25] BufferPool[IO-0_Write]: Allocate new buffer, current buffer count is 5
I1102 18:25:33.428723 IO-0/EL  buffer_pool.h:25] BufferPool[IO-0_Write]: Allocate new buffer, current buffer count is 6
I1102 18:25:33.428737 IO-0/EL  buffer_pool.h:25] BufferPool[IO-0_Write]: Allocate new buffer, current buffer count is 7
I1102 18:25:33.428747 IO-0/EL  buffer_pool.h:25] BufferPool[IO-0_Write]: Allocate new buffer, current buffer count is 8
I1102 18:25:33.428760 IO-0/EL  buffer_pool.h:25] BufferPool[IO-0_Write]: Allocate new buffer, current buffer count is 9
I1102 18:25:33.428772 IO-0/EL  buffer_pool.h:25] BufferPool[IO-0_Write]: Allocate new buffer, current buffer count is 10
I1102 18:25:33.428787 IO-0/EL  buffer_pool.h:25] BufferPool[IO-0_Write]: Allocate new buffer, current buffer count is 11
I1102 18:25:33.428797 IO-0/EL  buffer_pool.h:25] BufferPool[IO-0_Write]: Allocate new buffer, current buffer count is 12
I1102 18:25:33.428814 IO-0/EL  buffer_pool.h:25] BufferPool[IO-0_Write]: Allocate new buffer, current buffer count is 13
I1102 18:25:33.428825 IO-0/EL  buffer_pool.h:25] BufferPool[IO-0_Write]: Allocate new buffer, current buffer count is 14
I1102 18:25:33.428843 IO-0/EL  buffer_pool.h:25] BufferPool[IO-0_Write]: Allocate new buffer, current buffer count is 15
I1102 18:25:33.428854 IO-0/EL  buffer_pool.h:25] BufferPool[IO-0_Write]: Allocate new buffer, current buffer count is 16
I1102 18:25:33.428872 IO-0/EL  buffer_pool.h:25] BufferPool[IO-0_Write]: Allocate new buffer, current buffer count is 17
I1102 18:25:33.428895 IO-0/EL  buffer_pool.h:25] BufferPool[IO-0_Write]: Allocate new buffer, current buffer count is 18
I1102 18:25:33.428912 IO-0/EL  buffer_pool.h:25] BufferPool[IO-0_Write]: Allocate new buffer, current buffer count is 19
I1102 18:25:33.428925 IO-0/EL  buffer_pool.h:25] BufferPool[IO-0_Write]: Allocate new buffer, current buffer count is 20
I1102 18:25:33.428941 IO-0/EL  buffer_pool.h:25] BufferPool[IO-0_Write]: Allocate new buffer, current buffer count is 21
I1102 18:25:33.428953 IO-0/EL  buffer_pool.h:25] BufferPool[IO-0_Write]: Allocate new buffer, current buffer count is 22
I1102 18:25:33.428967 IO-0/EL  buffer_pool.h:25] BufferPool[IO-0_Write]: Allocate new buffer, current buffer count is 23
I1102 18:25:33.428983 IO-0/EL  buffer_pool.h:25] BufferPool[IO-0_Write]: Allocate new buffer, current buffer count is 24
I1102 18:25:33.428995 IO-0/EL  buffer_pool.h:25] BufferPool[IO-0_Write]: Allocate new buffer, current buffer count is 25
I1102 18:25:33.429012 IO-0/EL  buffer_pool.h:25] BufferPool[IO-0_Write]: Allocate new buffer, current buffer count is 26
I1102 18:25:33.429024 IO-0/EL  buffer_pool.h:25] BufferPool[IO-0_Write]: Allocate new buffer, current buffer count is 27
I1102 18:25:33.429040 IO-0/EL  buffer_pool.h:25] BufferPool[IO-0_Write]: Allocate new buffer, current buffer count is 28
I1102 18:25:33.429058 IO-0/EL  buffer_pool.h:25] BufferPool[IO-0_Write]: Allocate new buffer, current buffer count is 29
I1102 18:25:33.429075 IO-0/EL  buffer_pool.h:25] BufferPool[IO-0_Write]: Allocate new buffer, current buffer count is 30
I1102 18:25:33.429086 IO-0/EL  buffer_pool.h:25] BufferPool[IO-0_Write]: Allocate new buffer, current buffer count is 31
I1102 18:25:33.429097 IO-0/EL  buffer_pool.h:25] BufferPool[IO-0_Write]: Allocate new buffer, current buffer count is 32
I1102 18:25:33.429114 IO-0/EL  buffer_pool.h:25] BufferPool[IO-0_Write]: Allocate new buffer, current buffer count is 33
I1102 18:25:33.429126 IO-0/EL  buffer_pool.h:25] BufferPool[IO-0_Write]: Allocate new buffer, current buffer count is 34
I1102 18:25:33.429142 IO-0/EL  buffer_pool.h:25] BufferPool[IO-0_Write]: Allocate new buffer, current buffer count is 35
I1102 18:25:33.429167 IO-0/EL  buffer_pool.h:25] BufferPool[IO-0_Write]: Allocate new buffer, current buffer count is 36
I1102 18:25:33.429186 IO-0/EL  buffer_pool.h:25] BufferPool[IO-0_Write]: Allocate new buffer, current buffer count is 37
I1102 18:25:33.429196 IO-0/EL  buffer_pool.h:25] BufferPool[IO-0_Write]: Allocate new buffer, current buffer count is 38
I1102 18:25:33.429214 IO-0/EL  buffer_pool.h:25] BufferPool[IO-0_Write]: Allocate new buffer, current buffer count is 39
I1102 18:25:33.429225 IO-0/EL  buffer_pool.h:25] BufferPool[IO-0_Write]: Allocate new buffer, current buffer count is 40
I1102 18:25:33.429240 IO-0/EL  buffer_pool.h:25] BufferPool[IO-0_Write]: Allocate new buffer, current buffer count is 41
I1102 18:25:33.429252 IO-0/EL  buffer_pool.h:25] BufferPool[IO-0_Write]: Allocate new buffer, current buffer count is 42
I1102 18:25:33.429266 IO-0/EL  buffer_pool.h:25] BufferPool[IO-0_Write]: Allocate new buffer, current buffer count is 43
I1102 18:25:33.429277 IO-0/EL  buffer_pool.h:25] BufferPool[IO-0_Write]: Allocate new buffer, current buffer count is 44
I1102 18:25:33.429298 IO-0/EL  buffer_pool.h:25] BufferPool[IO-0_Write]: Allocate new buffer, current buffer count is 45
I1102 18:25:33.429313 IO-0/EL  buffer_pool.h:25] BufferPool[IO-0_Write]: Allocate new buffer, current buffer count is 46
I1102 18:25:33.429324 IO-0/EL  buffer_pool.h:25] BufferPool[IO-0_Write]: Allocate new buffer, current buffer count is 47
I1102 18:25:33.429341 IO-0/EL  buffer_pool.h:25] BufferPool[IO-0_Write]: Allocate new buffer, current buffer count is 48
I1102 18:25:33.429352 IO-0/EL  buffer_pool.h:25] BufferPool[IO-0_Write]: Allocate new buffer, current buffer count is 49
I1102 18:25:33.429370 IO-0/EL  buffer_pool.h:25] BufferPool[IO-0_Write]: Allocate new buffer, current buffer count is 50
I1102 18:25:33.429380 IO-0/EL  buffer_pool.h:25] BufferPool[IO-0_Write]: Allocate new buffer, current buffer count is 51
I1102 18:25:33.429395 IO-0/EL  buffer_pool.h:25] BufferPool[IO-0_Write]: Allocate new buffer, current buffer count is 52
I1102 18:25:33.429408 IO-0/EL  buffer_pool.h:25] BufferPool[IO-0_Write]: Allocate new buffer, current buffer count is 53
I1102 18:25:33.429423 IO-0/EL  buffer_pool.h:25] BufferPool[IO-0_Write]: Allocate new buffer, current buffer count is 54
I1102 18:25:33.429434 IO-0/EL  buffer_pool.h:25] BufferPool[IO-0_Write]: Allocate new buffer, current buffer count is 55
I1102 18:25:33.429448 IO-0/EL  buffer_pool.h:25] BufferPool[IO-0_Write]: Allocate new buffer, current buffer count is 56
I1102 18:25:33.429466 IO-0/EL  buffer_pool.h:25] BufferPool[IO-0_Write]: Allocate new buffer, current buffer count is 57
I1102 18:25:33.429479 IO-0/EL  buffer_pool.h:25] BufferPool[IO-0_Write]: Allocate new buffer, current buffer count is 58
I1102 18:25:33.429496 IO-0/EL  buffer_pool.h:25] BufferPool[IO-0_Write]: Allocate new buffer, current buffer count is 59
I1102 18:25:33.429507 IO-0/EL  buffer_pool.h:25] BufferPool[IO-0_Write]: Allocate new buffer, current buffer count is 60
I1102 18:25:33.429521 IO-0/EL  buffer_pool.h:25] BufferPool[IO-0_Write]: Allocate new buffer, current buffer count is 61
I1102 18:25:33.429533 IO-0/EL  buffer_pool.h:25] BufferPool[IO-0_Write]: Allocate new buffer, current buffer count is 62
I1102 18:25:33.429551 IO-0/EL  buffer_pool.h:25] BufferPool[IO-0_Write]: Allocate new buffer, current buffer count is 63
I1102 18:25:33.429562 IO-0/EL  buffer_pool.h:25] BufferPool[IO-0_Write]: Allocate new buffer, current buffer count is 64
I1102 18:25:33.429576 IO-0/EL  buffer_pool.h:25] BufferPool[IO-0_Write]: Allocate new buffer, current buffer count is 65
I1102 18:25:33.429589 IO-0/EL  buffer_pool.h:25] BufferPool[IO-0_Write]: Allocate new buffer, current buffer count is 66
I1102 18:25:33.429604 IO-0/EL  buffer_pool.h:25] BufferPool[IO-0_Write]: Allocate new buffer, current buffer count is 67
I1102 18:25:33.429619 IO-0/EL  buffer_pool.h:25] BufferPool[IO-0_Write]: Allocate new buffer, current buffer count is 68
I1102 18:25:33.429640 IO-0/EL  buffer_pool.h:25] BufferPool[IO-0_Write]: Allocate new buffer, current buffer count is 69
I1102 18:25:33.429652 IO-0/EL  buffer_pool.h:25] BufferPool[IO-0_Write]: Allocate new buffer, current buffer count is 70
I1102 18:25:33.429664 IO-0/EL  buffer_pool.h:25] BufferPool[IO-0_Write]: Allocate new buffer, current buffer count is 71
I1102 18:25:33.429680 IO-0/EL  buffer_pool.h:25] BufferPool[IO-0_Write]: Allocate new buffer, current buffer count is 72
I1102 18:25:33.429692 IO-0/EL  buffer_pool.h:25] BufferPool[IO-0_Write]: Allocate new buffer, current buffer count is 73
I1102 18:25:33.429714 IO-0/EL  buffer_pool.h:25] BufferPool[IO-0_Write]: Allocate new buffer, current buffer count is 74
I1102 18:25:33.429726 IO-0/EL  buffer_pool.h:25] BufferPool[IO-0_Write]: Allocate new buffer, current buffer count is 75
I1102 18:25:33.429743 IO-0/EL  buffer_pool.h:25] BufferPool[IO-0_Write]: Allocate new buffer, current buffer count is 76
I1102 18:25:33.429754 IO-0/EL  buffer_pool.h:25] BufferPool[IO-0_Write]: Allocate new buffer, current buffer count is 77
I1102 18:25:33.429770 IO-0/EL  buffer_pool.h:25] BufferPool[IO-0_Write]: Allocate new buffer, current buffer count is 78
I1102 18:25:33.429781 IO-0/EL  buffer_pool.h:25] BufferPool[IO-0_Write]: Allocate new buffer, current buffer count is 79
I1102 18:25:33.429796 IO-0/EL  buffer_pool.h:25] BufferPool[IO-0_Write]: Allocate new buffer, current buffer count is 80
I1102 18:25:33.429808 IO-0/EL  buffer_pool.h:25] BufferPool[IO-0_Write]: Allocate new buffer, current buffer count is 81
I1102 18:25:33.429819 IO-0/EL  buffer_pool.h:25] BufferPool[IO-0_Write]: Allocate new buffer, current buffer count is 82
I1102 18:25:33.429836 IO-0/EL  buffer_pool.h:25] BufferPool[IO-0_Write]: Allocate new buffer, current buffer count is 83
I1102 18:25:33.429847 IO-0/EL  buffer_pool.h:25] BufferPool[IO-0_Write]: Allocate new buffer, current buffer count is 84
I1102 18:25:33.429864 IO-0/EL  buffer_pool.h:25] BufferPool[IO-0_Write]: Allocate new buffer, current buffer count is 85
I1102 18:25:33.429876 IO-0/EL  buffer_pool.h:25] BufferPool[IO-0_Write]: Allocate new buffer, current buffer count is 86
I1102 18:25:33.429892 IO-0/EL  buffer_pool.h:25] BufferPool[IO-0_Write]: Allocate new buffer, current buffer count is 87
I1102 18:25:33.429905 IO-0/EL  buffer_pool.h:25] BufferPool[IO-0_Write]: Allocate new buffer, current buffer count is 88
I1102 18:25:33.429919 IO-0/EL  buffer_pool.h:25] BufferPool[IO-0_Write]: Allocate new buffer, current buffer count is 89
I1102 18:25:33.429933 IO-0/EL  buffer_pool.h:25] BufferPool[IO-0_Write]: Allocate new buffer, current buffer count is 90
I1102 18:25:33.429948 IO-0/EL  buffer_pool.h:25] BufferPool[IO-0_Write]: Allocate new buffer, current buffer count is 91
I1102 18:25:33.429958 IO-0/EL  buffer_pool.h:25] BufferPool[IO-0_Write]: Allocate new buffer, current buffer count is 92
I1102 18:25:33.429970 IO-0/EL  buffer_pool.h:25] BufferPool[IO-0_Write]: Allocate new buffer, current buffer count is 93
I1102 18:25:33.429986 IO-0/EL  buffer_pool.h:25] BufferPool[IO-0_Write]: Allocate new buffer, current buffer count is 94
I1102 18:25:33.429998 IO-0/EL  buffer_pool.h:25] BufferPool[IO-0_Write]: Allocate new buffer, current buffer count is 95
I1102 18:25:33.430014 IO-0/EL  buffer_pool.h:25] BufferPool[IO-0_Write]: Allocate new buffer, current buffer count is 96
I1102 18:25:33.430025 IO-0/EL  buffer_pool.h:25] BufferPool[IO-0_Write]: Allocate new buffer, current buffer count is 97
I1102 18:25:33.430042 IO-0/EL  buffer_pool.h:25] BufferPool[IO-0_Write]: Allocate new buffer, current buffer count is 98
I1102 18:25:33.430054 IO-0/EL  buffer_pool.h:25] BufferPool[IO-0_Write]: Allocate new buffer, current buffer count is 99
I1102 18:25:33.430068 IO-0/EL  buffer_pool.h:25] BufferPool[IO-0_Write]: Allocate new buffer, current buffer count is 100
I1102 18:25:33.430080 IO-0/EL  buffer_pool.h:25] BufferPool[IO-0_Write]: Allocate new buffer, current buffer count is 101
I1102 18:25:33.430095 IO-0/EL  buffer_pool.h:25] BufferPool[IO-0_Write]: Allocate new buffer, current buffer count is 102
I1102 18:25:33.430112 IO-0/EL  buffer_pool.h:25] BufferPool[IO-0_Write]: Allocate new buffer, current buffer count is 103
I1102 18:25:33.430126 IO-0/EL  buffer_pool.h:25] BufferPool[IO-0_Write]: Allocate new buffer, current buffer count is 104
I1102 18:25:33.430140 IO-0/EL  buffer_pool.h:25] BufferPool[IO-0_Write]: Allocate new buffer, current buffer count is 105
I1102 18:25:33.430151 IO-0/EL  buffer_pool.h:25] BufferPool[IO-0_Write]: Allocate new buffer, current buffer count is 106
I1102 18:25:33.430168 IO-0/EL  buffer_pool.h:25] BufferPool[IO-0_Write]: Allocate new buffer, current buffer count is 107
I1102 18:25:33.430181 IO-0/EL  buffer_pool.h:25] BufferPool[IO-0_Write]: Allocate new buffer, current buffer count is 108
I1102 18:25:33.430196 IO-0/EL  buffer_pool.h:25] BufferPool[IO-0_Write]: Allocate new buffer, current buffer count is 109
I1102 18:25:33.430207 IO-0/EL  buffer_pool.h:25] BufferPool[IO-0_Write]: Allocate new buffer, current buffer count is 110
I1102 18:25:33.430222 IO-0/EL  buffer_pool.h:25] BufferPool[IO-0_Write]: Allocate new buffer, current buffer count is 111
I1102 18:25:33.430233 IO-0/EL  buffer_pool.h:25] BufferPool[IO-0_Write]: Allocate new buffer, current buffer count is 112
I1102 18:25:33.430257 IO-0/EL  buffer_pool.h:25] BufferPool[IO-0_Write]: Allocate new buffer, current buffer count is 113
I1102 18:25:33.430274 IO-0/EL  buffer_pool.h:25] BufferPool[IO-0_Write]: Allocate new buffer, current buffer count is 114
I1102 18:25:33.430286 IO-0/EL  buffer_pool.h:25] BufferPool[IO-0_Write]: Allocate new buffer, current buffer count is 115
I1102 18:25:33.430302 IO-0/EL  buffer_pool.h:25] BufferPool[IO-0_Write]: Allocate new buffer, current buffer count is 116
I1102 18:25:33.430314 IO-0/EL  buffer_pool.h:25] BufferPool[IO-0_Write]: Allocate new buffer, current buffer count is 117
I1102 18:25:33.430328 IO-0/EL  buffer_pool.h:25] BufferPool[IO-0_Write]: Allocate new buffer, current buffer count is 118
I1102 18:25:33.430342 IO-0/EL  buffer_pool.h:25] BufferPool[IO-0_Write]: Allocate new buffer, current buffer count is 119
I1102 18:25:33.430353 IO-0/EL  buffer_pool.h:25] BufferPool[IO-0_Write]: Allocate new buffer, current buffer count is 120
I1102 18:25:33.430369 IO-0/EL  buffer_pool.h:25] BufferPool[IO-0_Write]: Allocate new buffer, current buffer count is 121
I1102 18:25:33.430381 IO-0/EL  buffer_pool.h:25] BufferPool[IO-0_Write]: Allocate new buffer, current buffer count is 122
I1102 18:25:33.430397 IO-0/EL  buffer_pool.h:25] BufferPool[IO-0_Write]: Allocate new buffer, current buffer count is 123
I1102 18:25:33.430408 IO-0/EL  buffer_pool.h:25] BufferPool[IO-0_Write]: Allocate new buffer, current buffer count is 124
I1102 18:25:33.430423 IO-0/EL  buffer_pool.h:25] BufferPool[IO-0_Write]: Allocate new buffer, current buffer count is 125
I1102 18:25:33.430434 IO-0/EL  buffer_pool.h:25] BufferPool[IO-0_Write]: Allocate new buffer, current buffer count is 126
I1102 18:25:33.430453 IO-0/EL  buffer_pool.h:25] BufferPool[IO-0_Write]: Allocate new buffer, current buffer count is 127
I1102 18:25:33.430464 IO-0/EL  buffer_pool.h:25] BufferPool[IO-0_Write]: Allocate new buffer, current buffer count is 128
I1102 18:25:33.431018 IO-0/EL  buffer_pool.h:25] BufferPool[IO-0_Write]: Allocate new buffer, current buffer count is 129
I1102 18:25:33.431036 IO-0/EL  buffer_pool.h:25] BufferPool[IO-0_Write]: Allocate new buffer, current buffer count is 130
I1102 18:25:33.431048 IO-0/EL  buffer_pool.h:25] BufferPool[IO-0_Write]: Allocate new buffer, current buffer count is 131
I1102 18:25:33.431060 IO-0/EL  buffer_pool.h:25] BufferPool[IO-0_Write]: Allocate new buffer, current buffer count is 132
I1102 18:25:33.431072 IO-0/EL  buffer_pool.h:25] BufferPool[IO-0_Write]: Allocate new buffer, current buffer count is 133
I1102 18:25:33.431083 IO-0/EL  buffer_pool.h:25] BufferPool[IO-0_Write]: Allocate new buffer, current buffer count is 134
I1102 18:25:33.431094 IO-0/EL  buffer_pool.h:25] BufferPool[IO-0_Write]: Allocate new buffer, current buffer count is 135
I1102 18:25:33.431104 IO-0/EL  buffer_pool.h:25] BufferPool[IO-0_Write]: Allocate new buffer, current buffer count is 136
I1102 18:25:33.431123 IO-0/EL  buffer_pool.h:25] BufferPool[IO-0_Write]: Allocate new buffer, current buffer count is 137
I1102 18:25:33.431134 IO-0/EL  buffer_pool.h:25] BufferPool[IO-0_Write]: Allocate new buffer, current buffer count is 138
I1102 18:25:33.431146 IO-0/EL  buffer_pool.h:25] BufferPool[IO-0_Write]: Allocate new buffer, current buffer count is 139
I1102 18:25:33.431158 IO-0/EL  buffer_pool.h:25] BufferPool[IO-0_Write]: Allocate new buffer, current buffer count is 140
I1102 18:25:33.431171 IO-0/EL  buffer_pool.h:25] BufferPool[IO-0_Write]: Allocate new buffer, current buffer count is 141
I1102 18:25:33.431187 IO-0/EL  buffer_pool.h:25] BufferPool[IO-0_Write]: Allocate new buffer, current buffer count is 142
I1102 18:25:33.431198 IO-0/EL  buffer_pool.h:25] BufferPool[IO-0_Write]: Allocate new buffer, current buffer count is 143
I1102 18:25:33.431209 IO-0/EL  buffer_pool.h:25] BufferPool[IO-0_Write]: Allocate new buffer, current buffer count is 144
I1102 18:25:33.431220 IO-0/EL  buffer_pool.h:25] BufferPool[IO-0_Write]: Allocate new buffer, current buffer count is 145
I1102 18:25:33.431231 IO-0/EL  buffer_pool.h:25] BufferPool[IO-0_Write]: Allocate new buffer, current buffer count is 146
I1102 18:25:33.431242 IO-0/EL  buffer_pool.h:25] BufferPool[IO-0_Write]: Allocate new buffer, current buffer count is 147
I1102 18:25:33.431254 IO-0/EL  buffer_pool.h:25] BufferPool[IO-0_Write]: Allocate new buffer, current buffer count is 148
I1102 18:25:33.431264 IO-0/EL  buffer_pool.h:25] BufferPool[IO-0_Write]: Allocate new buffer, current buffer count is 149
I1102 18:25:33.431275 IO-0/EL  buffer_pool.h:25] BufferPool[IO-0_Write]: Allocate new buffer, current buffer count is 150
I1102 18:25:33.431287 IO-0/EL  buffer_pool.h:25] BufferPool[IO-0_Write]: Allocate new buffer, current buffer count is 151
I1102 18:25:33.431299 IO-0/EL  buffer_pool.h:25] BufferPool[IO-0_Write]: Allocate new buffer, current buffer count is 152
I1102 18:25:33.431310 IO-0/EL  buffer_pool.h:25] BufferPool[IO-0_Write]: Allocate new buffer, current buffer count is 153
I1102 18:25:33.431322 IO-0/EL  buffer_pool.h:25] BufferPool[IO-0_Write]: Allocate new buffer, current buffer count is 154
I1102 18:25:33.431333 IO-0/EL  buffer_pool.h:25] BufferPool[IO-0_Write]: Allocate new buffer, current buffer count is 155
I1102 18:25:33.431343 IO-0/EL  buffer_pool.h:25] BufferPool[IO-0_Write]: Allocate new buffer, current buffer count is 156
I1102 18:25:33.431356 IO-0/EL  buffer_pool.h:25] BufferPool[IO-0_Write]: Allocate new buffer, current buffer count is 157
I1102 18:25:33.431368 IO-0/EL  buffer_pool.h:25] BufferPool[IO-0_Write]: Allocate new buffer, current buffer count is 158
I1102 18:25:33.431380 IO-0/EL  buffer_pool.h:25] BufferPool[IO-0_Write]: Allocate new buffer, current buffer count is 159
I1102 18:25:33.431392 IO-0/EL  buffer_pool.h:25] BufferPool[IO-0_Write]: Allocate new buffer, current buffer count is 160
I1102 18:25:33.431405 IO-0/EL  buffer_pool.h:25] BufferPool[IO-0_Write]: Allocate new buffer, current buffer count is 161
I1102 18:25:33.431417 IO-0/EL  buffer_pool.h:25] BufferPool[IO-0_Write]: Allocate new buffer, current buffer count is 162
I1102 18:25:33.431430 IO-0/EL  buffer_pool.h:25] BufferPool[IO-0_Write]: Allocate new buffer, current buffer count is 163
I1102 18:25:33.431440 IO-0/EL  buffer_pool.h:25] BufferPool[IO-0_Write]: Allocate new buffer, current buffer count is 164
I1102 18:25:33.431451 IO-0/EL  buffer_pool.h:25] BufferPool[IO-0_Write]: Allocate new buffer, current buffer count is 165
I1102 18:25:33.431462 IO-0/EL  buffer_pool.h:25] BufferPool[IO-0_Write]: Allocate new buffer, current buffer count is 166
I1102 18:25:33.431473 IO-0/EL  buffer_pool.h:25] BufferPool[IO-0_Write]: Allocate new buffer, current buffer count is 167
I1102 18:25:33.431484 IO-0/EL  buffer_pool.h:25] BufferPool[IO-0_Write]: Allocate new buffer, current buffer count is 168
I1102 18:25:33.431494 IO-0/EL  buffer_pool.h:25] BufferPool[IO-0_Write]: Allocate new buffer, current buffer count is 169
I1102 18:25:33.431511 IO-0/EL  buffer_pool.h:25] BufferPool[IO-0_Write]: Allocate new buffer, current buffer count is 170
I1102 18:25:33.431523 IO-0/EL  buffer_pool.h:25] BufferPool[IO-0_Write]: Allocate new buffer, current buffer count is 171
I1102 18:25:33.431533 IO-0/EL  buffer_pool.h:25] BufferPool[IO-0_Write]: Allocate new buffer, current buffer count is 172
I1102 18:25:33.431544 IO-0/EL  buffer_pool.h:25] BufferPool[IO-0_Write]: Allocate new buffer, current buffer count is 173
I1102 18:25:33.431554 IO-0/EL  buffer_pool.h:25] BufferPool[IO-0_Write]: Allocate new buffer, current buffer count is 174
I1102 18:25:33.431566 IO-0/EL  buffer_pool.h:25] BufferPool[IO-0_Write]: Allocate new buffer, current buffer count is 175
I1102 18:25:33.431581 IO-0/EL  buffer_pool.h:25] BufferPool[IO-0_Write]: Allocate new buffer, current buffer count is 176
I1102 18:25:33.431594 IO-0/EL  buffer_pool.h:25] BufferPool[IO-0_Write]: Allocate new buffer, current buffer count is 177
I1102 18:25:33.431607 IO-0/EL  buffer_pool.h:25] BufferPool[IO-0_Write]: Allocate new buffer, current buffer count is 178
I1102 18:25:33.431622 IO-0/EL  buffer_pool.h:25] BufferPool[IO-0_Write]: Allocate new buffer, current buffer count is 179
I1102 18:25:33.431633 IO-0/EL  buffer_pool.h:25] BufferPool[IO-0_Write]: Allocate new buffer, current buffer count is 180
I1102 18:25:33.431644 IO-0/EL  buffer_pool.h:25] BufferPool[IO-0_Write]: Allocate new buffer, current buffer count is 181
I1102 18:25:33.431654 IO-0/EL  buffer_pool.h:25] BufferPool[IO-0_Write]: Allocate new buffer, current buffer count is 182
I1102 18:25:33.431665 IO-0/EL  buffer_pool.h:25] BufferPool[IO-0_Write]: Allocate new buffer, current buffer count is 183
I1102 18:25:33.431675 IO-0/EL  buffer_pool.h:25] BufferPool[IO-0_Write]: Allocate new buffer, current buffer count is 184
I1102 18:25:33.431686 IO-0/EL  buffer_pool.h:25] BufferPool[IO-0_Write]: Allocate new buffer, current buffer count is 185
I1102 18:25:33.431700 IO-0/EL  buffer_pool.h:25] BufferPool[IO-0_Write]: Allocate new buffer, current buffer count is 186
I1102 18:25:33.431716 IO-0/EL  buffer_pool.h:25] BufferPool[IO-0_Write]: Allocate new buffer, current buffer count is 187
I1102 18:25:33.431728 IO-0/EL  buffer_pool.h:25] BufferPool[IO-0_Write]: Allocate new buffer, current buffer count is 188
I1102 18:25:33.431739 IO-0/EL  buffer_pool.h:25] BufferPool[IO-0_Write]: Allocate new buffer, current buffer count is 189
I1102 18:25:33.431750 IO-0/EL  buffer_pool.h:25] BufferPool[IO-0_Write]: Allocate new buffer, current buffer count is 190
I1102 18:25:33.431761 IO-0/EL  buffer_pool.h:25] BufferPool[IO-0_Write]: Allocate new buffer, current buffer count is 191
I1102 18:25:33.431771 IO-0/EL  buffer_pool.h:25] BufferPool[IO-0_Write]: Allocate new buffer, current buffer count is 192
I1102 18:25:33.431782 IO-0/EL  buffer_pool.h:25] BufferPool[IO-0_Write]: Allocate new buffer, current buffer count is 193
I1102 18:25:33.431795 IO-0/EL  buffer_pool.h:25] BufferPool[IO-0_Write]: Allocate new buffer, current buffer count is 194
I1102 18:25:33.431808 IO-0/EL  buffer_pool.h:25] BufferPool[IO-0_Write]: Allocate new buffer, current buffer count is 195
I1102 18:25:33.431820 IO-0/EL  buffer_pool.h:25] BufferPool[IO-0_Write]: Allocate new buffer, current buffer count is 196
I1102 18:25:33.431837 IO-0/EL  buffer_pool.h:25] BufferPool[IO-0_Write]: Allocate new buffer, current buffer count is 197
I1102 18:25:33.431848 IO-0/EL  buffer_pool.h:25] BufferPool[IO-0_Write]: Allocate new buffer, current buffer count is 198
I1102 18:25:33.431859 IO-0/EL  buffer_pool.h:25] BufferPool[IO-0_Write]: Allocate new buffer, current buffer count is 199
I1102 18:25:33.431871 IO-0/EL  buffer_pool.h:25] BufferPool[IO-0_Write]: Allocate new buffer, current buffer count is 200
I1102 18:25:33.431882 IO-0/EL  buffer_pool.h:25] BufferPool[IO-0_Write]: Allocate new buffer, current buffer count is 201
I1102 18:25:33.431892 IO-0/EL  buffer_pool.h:25] BufferPool[IO-0_Write]: Allocate new buffer, current buffer count is 202
I1102 18:25:33.431905 IO-0/EL  buffer_pool.h:25] BufferPool[IO-0_Write]: Allocate new buffer, current buffer count is 203
I1102 18:25:33.431923 IO-0/EL  buffer_pool.h:25] BufferPool[IO-0_Write]: Allocate new buffer, current buffer count is 204
I1102 18:25:33.431934 IO-0/EL  buffer_pool.h:25] BufferPool[IO-0_Write]: Allocate new buffer, current buffer count is 205
I1102 18:25:33.431945 IO-0/EL  buffer_pool.h:25] BufferPool[IO-0_Write]: Allocate new buffer, current buffer count is 206
I1102 18:25:33.431957 IO-0/EL  buffer_pool.h:25] BufferPool[IO-0_Write]: Allocate new buffer, current buffer count is 207
I1102 18:25:33.431968 IO-0/EL  buffer_pool.h:25] BufferPool[IO-0_Write]: Allocate new buffer, current buffer count is 208
I1102 18:25:33.431981 IO-0/EL  buffer_pool.h:25] BufferPool[IO-0_Write]: Allocate new buffer, current buffer count is 209
I1102 18:25:33.431993 IO-0/EL  buffer_pool.h:25] BufferPool[IO-0_Write]: Allocate new buffer, current buffer count is 210
I1102 18:25:33.432004 IO-0/EL  buffer_pool.h:25] BufferPool[IO-0_Write]: Allocate new buffer, current buffer count is 211
I1102 18:25:33.432017 IO-0/EL  buffer_pool.h:25] BufferPool[IO-0_Write]: Allocate new buffer, current buffer count is 212
I1102 18:25:33.432030 IO-0/EL  buffer_pool.h:25] BufferPool[IO-0_Write]: Allocate new buffer, current buffer count is 213
I1102 18:25:33.432043 IO-0/EL  buffer_pool.h:25] BufferPool[IO-0_Write]: Allocate new buffer, current buffer count is 214
I1102 18:25:33.432058 IO-0/EL  buffer_pool.h:25] BufferPool[IO-0_Write]: Allocate new buffer, current buffer count is 215
I1102 18:25:33.432070 IO-0/EL  buffer_pool.h:25] BufferPool[IO-0_Write]: Allocate new buffer, current buffer count is 216
I1102 18:25:33.432081 IO-0/EL  buffer_pool.h:25] BufferPool[IO-0_Write]: Allocate new buffer, current buffer count is 217
I1102 18:25:33.432092 IO-0/EL  buffer_pool.h:25] BufferPool[IO-0_Write]: Allocate new buffer, current buffer count is 218
I1102 18:25:33.432104 IO-0/EL  buffer_pool.h:25] BufferPool[IO-0_Write]: Allocate new buffer, current buffer count is 219
I1102 18:25:33.432116 IO-0/EL  buffer_pool.h:25] BufferPool[IO-0_Write]: Allocate new buffer, current buffer count is 220
I1102 18:25:33.432129 IO-0/EL  buffer_pool.h:25] BufferPool[IO-0_Write]: Allocate new buffer, current buffer count is 221
I1102 18:25:33.432140 IO-0/EL  buffer_pool.h:25] BufferPool[IO-0_Write]: Allocate new buffer, current buffer count is 222
I1102 18:25:33.432151 IO-0/EL  buffer_pool.h:25] BufferPool[IO-0_Write]: Allocate new buffer, current buffer count is 223
I1102 18:25:33.432162 IO-0/EL  buffer_pool.h:25] BufferPool[IO-0_Write]: Allocate new buffer, current buffer count is 224
I1102 18:25:33.432173 IO-0/EL  buffer_pool.h:25] BufferPool[IO-0_Write]: Allocate new buffer, current buffer count is 225
I1102 18:25:33.432186 IO-0/EL  buffer_pool.h:25] BufferPool[IO-0_Write]: Allocate new buffer, current buffer count is 226
I1102 18:25:33.432197 IO-0/EL  buffer_pool.h:25] BufferPool[IO-0_Write]: Allocate new buffer, current buffer count is 227
I1102 18:25:33.432209 IO-0/EL  buffer_pool.h:25] BufferPool[IO-0_Write]: Allocate new buffer, current buffer count is 228
I1102 18:25:33.432221 IO-0/EL  buffer_pool.h:25] BufferPool[IO-0_Write]: Allocate new buffer, current buffer count is 229
I1102 18:25:33.432233 IO-0/EL  buffer_pool.h:25] BufferPool[IO-0_Write]: Allocate new buffer, current buffer count is 230
I1102 18:25:33.432246 IO-0/EL  buffer_pool.h:25] BufferPool[IO-0_Write]: Allocate new buffer, current buffer count is 231
I1102 18:25:33.432259 IO-0/EL  buffer_pool.h:25] BufferPool[IO-0_Write]: Allocate new buffer, current buffer count is 232
I1102 18:25:33.432272 IO-0/EL  buffer_pool.h:25] BufferPool[IO-0_Write]: Allocate new buffer, current buffer count is 233
I1102 18:25:33.432288 IO-0/EL  buffer_pool.h:25] BufferPool[IO-0_Write]: Allocate new buffer, current buffer count is 234
I1102 18:25:33.432300 IO-0/EL  buffer_pool.h:25] BufferPool[IO-0_Write]: Allocate new buffer, current buffer count is 235
I1102 18:25:33.432312 IO-0/EL  buffer_pool.h:25] BufferPool[IO-0_Write]: Allocate new buffer, current buffer count is 236
I1102 18:25:33.432324 IO-0/EL  buffer_pool.h:25] BufferPool[IO-0_Write]: Allocate new buffer, current buffer count is 237
I1102 18:25:33.432341 IO-0/EL  buffer_pool.h:25] BufferPool[IO-0_Write]: Allocate new buffer, current buffer count is 238
I1102 18:25:33.432352 IO-0/EL  buffer_pool.h:25] BufferPool[IO-0_Write]: Allocate new buffer, current buffer count is 239
I1102 18:25:33.432365 IO-0/EL  buffer_pool.h:25] BufferPool[IO-0_Write]: Allocate new buffer, current buffer count is 240
I1102 18:25:33.432378 IO-0/EL  buffer_pool.h:25] BufferPool[IO-0_Write]: Allocate new buffer, current buffer count is 241
I1102 18:25:33.432389 IO-0/EL  buffer_pool.h:25] BufferPool[IO-0_Write]: Allocate new buffer, current buffer count is 242
I1102 18:25:33.432402 IO-0/EL  buffer_pool.h:25] BufferPool[IO-0_Write]: Allocate new buffer, current buffer count is 243
I1102 18:25:33.432413 IO-0/EL  buffer_pool.h:25] BufferPool[IO-0_Write]: Allocate new buffer, current buffer count is 244
I1102 18:25:33.432425 IO-0/EL  buffer_pool.h:25] BufferPool[IO-0_Write]: Allocate new buffer, current buffer count is 245
I1102 18:25:33.432437 IO-0/EL  buffer_pool.h:25] BufferPool[IO-0_Write]: Allocate new buffer, current buffer count is 246
I1102 18:25:33.432449 IO-0/EL  buffer_pool.h:25] BufferPool[IO-0_Write]: Allocate new buffer, current buffer count is 247
I1102 18:25:33.432461 IO-0/EL  buffer_pool.h:25] BufferPool[IO-0_Write]: Allocate new buffer, current buffer count is 248
I1102 18:25:33.432475 IO-0/EL  buffer_pool.h:25] BufferPool[IO-0_Write]: Allocate new buffer, current buffer count is 249
I1102 18:25:33.432487 IO-0/EL  buffer_pool.h:25] BufferPool[IO-0_Write]: Allocate new buffer, current buffer count is 250
I1102 18:25:33.432500 IO-0/EL  buffer_pool.h:25] BufferPool[IO-0_Write]: Allocate new buffer, current buffer count is 251
I1102 18:25:33.432518 IO-0/EL  buffer_pool.h:25] BufferPool[IO-0_Write]: Allocate new buffer, current buffer count is 252
I1102 18:25:33.432529 IO-0/EL  buffer_pool.h:25] BufferPool[IO-0_Write]: Allocate new buffer, current buffer count is 253
I1102 18:25:33.432540 IO-0/EL  buffer_pool.h:25] BufferPool[IO-0_Write]: Allocate new buffer, current buffer count is 254
I1102 18:25:33.432551 IO-0/EL  buffer_pool.h:25] BufferPool[IO-0_Write]: Allocate new buffer, current buffer count is 255
I1102 18:25:33.432561 IO-0/EL  buffer_pool.h:25] BufferPool[IO-0_Write]: Allocate new buffer, current buffer count is 256
I1102 18:25:38.512076 Main     server_base.cpp:35] Server: Scheduled to stop
I1102 18:25:38.512150 IO-0/EL  message_connection.cpp:284] LauncherConnection[1]: Connection closed remotely
I1102 18:25:38.512152 Server/E server_base.cpp:109] Server: Start stopping process
