I1102 19:17:19.906394 Main     thread.cpp:100] Register main thread: tid=1411413
E1102 19:17:19.908522 Main     docker.cpp:59] Cannot find docker's cgroup in /proc/self/cgroup
I1102 19:17:19.908575 Main     func_config.cpp:135] Load configuration for function Echo[1]
I1102 19:17:19.908586 Main     engine.cpp:109] Engine: Start 1 IO workers
I1102 19:17:19.911853 IO-0/EL  thread.cpp:40] Start thread: IO-0/EL
I1102 19:17:19.911900 IO-0/EL  io_worker.cpp:192] IO-0: Event loop starts
Checking for file descriptor...
Got a file descriptor!
I1102 19:17:21.369508 Main     engine.cpp:180] Engine: Created 1 Machnet connections to Gateway at 10.10.1.2:10007
I1102 19:17:21.369627 Main     engine.cpp:208] Engine: Listen on /dev/shm/faas_ipc/engine.sock for IPC connections
I1102 19:17:21.369831 Server/E thread.cpp:40] Start thread: Server/EL
I1102 19:17:21.369882 Server/E server_base.cpp:50] Server: Event loop starts
I1102 19:17:21.907557 Server/E engine.cpp:674] Engine: New message connection
I1102 19:17:21.910761 IO-0/EL  buffer_pool.h:25] BufferPool[IO-0_Read]: Allocate new buffer, current buffer count is 1
I1102 19:17:21.910795 IO-0/EL  engine.cpp:277] Engine: Receive new handshake message from message connection
I1102 19:17:21.910801 IO-0/EL  worker_manager.cpp:23] WorkerManager: Launcher of func_id 1 connected
I1102 19:17:21.910805 IO-0/EL  worker_manager.cpp:131] WorkerManager: Request new FuncWorker for func_id 1 with client_id 1
I1102 19:17:21.910825 IO-0/EL  worker_manager.cpp:131] WorkerManager: Request new FuncWorker for func_id 1 with client_id 2
I1102 19:17:21.910837 IO-0/EL  worker_manager.cpp:131] WorkerManager: Request new FuncWorker for func_id 1 with client_id 3
I1102 19:17:21.910846 IO-0/EL  worker_manager.cpp:131] WorkerManager: Request new FuncWorker for func_id 1 with client_id 4
I1102 19:17:21.910855 IO-0/EL  worker_manager.cpp:131] WorkerManager: Request new FuncWorker for func_id 1 with client_id 5
I1102 19:17:21.910864 IO-0/EL  worker_manager.cpp:131] WorkerManager: Request new FuncWorker for func_id 1 with client_id 6
I1102 19:17:21.910875 IO-0/EL  worker_manager.cpp:131] WorkerManager: Request new FuncWorker for func_id 1 with client_id 7
I1102 19:17:21.910884 IO-0/EL  worker_manager.cpp:131] WorkerManager: Request new FuncWorker for func_id 1 with client_id 8
I1102 19:17:21.910896 IO-0/EL  worker_manager.cpp:131] WorkerManager: Request new FuncWorker for func_id 1 with client_id 9
I1102 19:17:21.910906 IO-0/EL  worker_manager.cpp:131] WorkerManager: Request new FuncWorker for func_id 1 with client_id 10
I1102 19:17:21.910917 IO-0/EL  worker_manager.cpp:131] WorkerManager: Request new FuncWorker for func_id 1 with client_id 11
I1102 19:17:21.910926 IO-0/EL  worker_manager.cpp:131] WorkerManager: Request new FuncWorker for func_id 1 with client_id 12
I1102 19:17:21.910938 IO-0/EL  worker_manager.cpp:131] WorkerManager: Request new FuncWorker for func_id 1 with client_id 13
I1102 19:17:21.910947 IO-0/EL  worker_manager.cpp:131] WorkerManager: Request new FuncWorker for func_id 1 with client_id 14
I1102 19:17:21.910956 IO-0/EL  worker_manager.cpp:131] WorkerManager: Request new FuncWorker for func_id 1 with client_id 15
I1102 19:17:21.910967 IO-0/EL  worker_manager.cpp:131] WorkerManager: Request new FuncWorker for func_id 1 with client_id 16
I1102 19:17:21.910976 IO-0/EL  worker_manager.cpp:131] WorkerManager: Request new FuncWorker for func_id 1 with client_id 17
I1102 19:17:21.910995 IO-0/EL  worker_manager.cpp:131] WorkerManager: Request new FuncWorker for func_id 1 with client_id 18
I1102 19:17:21.911005 IO-0/EL  worker_manager.cpp:131] WorkerManager: Request new FuncWorker for func_id 1 with client_id 19
I1102 19:17:21.911016 IO-0/EL  worker_manager.cpp:131] WorkerManager: Request new FuncWorker for func_id 1 with client_id 20
I1102 19:17:21.911026 IO-0/EL  worker_manager.cpp:131] WorkerManager: Request new FuncWorker for func_id 1 with client_id 21
I1102 19:17:21.911037 IO-0/EL  worker_manager.cpp:131] WorkerManager: Request new FuncWorker for func_id 1 with client_id 22
I1102 19:17:21.911046 IO-0/EL  worker_manager.cpp:131] WorkerManager: Request new FuncWorker for func_id 1 with client_id 23
I1102 19:17:21.911072 IO-0/EL  worker_manager.cpp:131] WorkerManager: Request new FuncWorker for func_id 1 with client_id 24
I1102 19:17:21.911082 IO-0/EL  worker_manager.cpp:131] WorkerManager: Request new FuncWorker for func_id 1 with client_id 25
I1102 19:17:21.911091 IO-0/EL  worker_manager.cpp:131] WorkerManager: Request new FuncWorker for func_id 1 with client_id 26
I1102 19:17:21.911100 IO-0/EL  worker_manager.cpp:131] WorkerManager: Request new FuncWorker for func_id 1 with client_id 27
I1102 19:17:21.911112 IO-0/EL  worker_manager.cpp:131] WorkerManager: Request new FuncWorker for func_id 1 with client_id 28
I1102 19:17:21.911121 IO-0/EL  worker_manager.cpp:131] WorkerManager: Request new FuncWorker for func_id 1 with client_id 29
I1102 19:17:21.911130 IO-0/EL  worker_manager.cpp:131] WorkerManager: Request new FuncWorker for func_id 1 with client_id 30
I1102 19:17:21.911141 IO-0/EL  worker_manager.cpp:131] WorkerManager: Request new FuncWorker for func_id 1 with client_id 31
I1102 19:17:21.911150 IO-0/EL  worker_manager.cpp:131] WorkerManager: Request new FuncWorker for func_id 1 with client_id 32
I1102 19:17:21.911159 IO-0/EL  worker_manager.cpp:131] WorkerManager: Request new FuncWorker for func_id 1 with client_id 33
I1102 19:17:21.911193 IO-0/EL  worker_manager.cpp:131] WorkerManager: Request new FuncWorker for func_id 1 with client_id 34
I1102 19:17:21.911203 IO-0/EL  worker_manager.cpp:131] WorkerManager: Request new FuncWorker for func_id 1 with client_id 35
I1102 19:17:21.911215 IO-0/EL  worker_manager.cpp:131] WorkerManager: Request new FuncWorker for func_id 1 with client_id 36
I1102 19:17:21.911224 IO-0/EL  worker_manager.cpp:131] WorkerManager: Request new FuncWorker for func_id 1 with client_id 37
I1102 19:17:21.911233 IO-0/EL  worker_manager.cpp:131] WorkerManager: Request new FuncWorker for func_id 1 with client_id 38
I1102 19:17:21.911244 IO-0/EL  worker_manager.cpp:131] WorkerManager: Request new FuncWorker for func_id 1 with client_id 39
I1102 19:17:21.911254 IO-0/EL  worker_manager.cpp:131] WorkerManager: Request new FuncWorker for func_id 1 with client_id 40
I1102 19:17:21.911264 IO-0/EL  worker_manager.cpp:131] WorkerManager: Request new FuncWorker for func_id 1 with client_id 41
I1102 19:17:21.911272 IO-0/EL  worker_manager.cpp:131] WorkerManager: Request new FuncWorker for func_id 1 with client_id 42
I1102 19:17:21.911284 IO-0/EL  worker_manager.cpp:131] WorkerManager: Request new FuncWorker for func_id 1 with client_id 43
I1102 19:17:21.911295 IO-0/EL  worker_manager.cpp:131] WorkerManager: Request new FuncWorker for func_id 1 with client_id 44
I1102 19:17:21.911304 IO-0/EL  worker_manager.cpp:131] WorkerManager: Request new FuncWorker for func_id 1 with client_id 45
I1102 19:17:21.911314 IO-0/EL  worker_manager.cpp:131] WorkerManager: Request new FuncWorker for func_id 1 with client_id 46
I1102 19:17:21.911323 IO-0/EL  worker_manager.cpp:131] WorkerManager: Request new FuncWorker for func_id 1 with client_id 47
I1102 19:17:21.911334 IO-0/EL  worker_manager.cpp:131] WorkerManager: Request new FuncWorker for func_id 1 with client_id 48
I1102 19:17:21.911343 IO-0/EL  worker_manager.cpp:131] WorkerManager: Request new FuncWorker for func_id 1 with client_id 49
I1102 19:17:21.911352 IO-0/EL  worker_manager.cpp:131] WorkerManager: Request new FuncWorker for func_id 1 with client_id 50
I1102 19:17:21.911362 IO-0/EL  worker_manager.cpp:131] WorkerManager: Request new FuncWorker for func_id 1 with client_id 51
I1102 19:17:21.911373 IO-0/EL  worker_manager.cpp:131] WorkerManager: Request new FuncWorker for func_id 1 with client_id 52
I1102 19:17:21.911382 IO-0/EL  worker_manager.cpp:131] WorkerManager: Request new FuncWorker for func_id 1 with client_id 53
I1102 19:17:21.911392 IO-0/EL  worker_manager.cpp:131] WorkerManager: Request new FuncWorker for func_id 1 with client_id 54
I1102 19:17:21.911400 IO-0/EL  worker_manager.cpp:131] WorkerManager: Request new FuncWorker for func_id 1 with client_id 55
I1102 19:17:21.911411 IO-0/EL  worker_manager.cpp:131] WorkerManager: Request new FuncWorker for func_id 1 with client_id 56
I1102 19:17:21.911426 IO-0/EL  worker_manager.cpp:131] WorkerManager: Request new FuncWorker for func_id 1 with client_id 57
I1102 19:17:21.911437 IO-0/EL  worker_manager.cpp:131] WorkerManager: Request new FuncWorker for func_id 1 with client_id 58
I1102 19:17:21.911446 IO-0/EL  worker_manager.cpp:131] WorkerManager: Request new FuncWorker for func_id 1 with client_id 59
I1102 19:17:21.911457 IO-0/EL  worker_manager.cpp:131] WorkerManager: Request new FuncWorker for func_id 1 with client_id 60
I1102 19:17:21.911467 IO-0/EL  worker_manager.cpp:131] WorkerManager: Request new FuncWorker for func_id 1 with client_id 61
I1102 19:17:21.911476 IO-0/EL  worker_manager.cpp:131] WorkerManager: Request new FuncWorker for func_id 1 with client_id 62
I1102 19:17:21.911485 IO-0/EL  worker_manager.cpp:131] WorkerManager: Request new FuncWorker for func_id 1 with client_id 63
I1102 19:17:21.911494 IO-0/EL  worker_manager.cpp:131] WorkerManager: Request new FuncWorker for func_id 1 with client_id 64
I1102 19:17:21.911503 IO-0/EL  worker_manager.cpp:131] WorkerManager: Request new FuncWorker for func_id 1 with client_id 65
I1102 19:17:21.911552 IO-0/EL  worker_manager.cpp:131] WorkerManager: Request new FuncWorker for func_id 1 with client_id 66
I1102 19:17:21.911563 IO-0/EL  worker_manager.cpp:131] WorkerManager: Request new FuncWorker for func_id 1 with client_id 67
I1102 19:17:21.911572 IO-0/EL  worker_manager.cpp:131] WorkerManager: Request new FuncWorker for func_id 1 with client_id 68
I1102 19:17:21.911584 IO-0/EL  worker_manager.cpp:131] WorkerManager: Request new FuncWorker for func_id 1 with client_id 69
I1102 19:17:21.911595 IO-0/EL  worker_manager.cpp:131] WorkerManager: Request new FuncWorker for func_id 1 with client_id 70
I1102 19:17:21.911603 IO-0/EL  worker_manager.cpp:131] WorkerManager: Request new FuncWorker for func_id 1 with client_id 71
I1102 19:17:21.911613 IO-0/EL  worker_manager.cpp:131] WorkerManager: Request new FuncWorker for func_id 1 with client_id 72
I1102 19:17:21.911625 IO-0/EL  worker_manager.cpp:131] WorkerManager: Request new FuncWorker for func_id 1 with client_id 73
I1102 19:17:21.911635 IO-0/EL  worker_manager.cpp:131] WorkerManager: Request new FuncWorker for func_id 1 with client_id 74
I1102 19:17:21.911643 IO-0/EL  worker_manager.cpp:131] WorkerManager: Request new FuncWorker for func_id 1 with client_id 75
I1102 19:17:21.911654 IO-0/EL  worker_manager.cpp:131] WorkerManager: Request new FuncWorker for func_id 1 with client_id 76
I1102 19:17:21.911665 IO-0/EL  worker_manager.cpp:131] WorkerManager: Request new FuncWorker for func_id 1 with client_id 77
I1102 19:17:21.911674 IO-0/EL  worker_manager.cpp:131] WorkerManager: Request new FuncWorker for func_id 1 with client_id 78
I1102 19:17:21.911683 IO-0/EL  worker_manager.cpp:131] WorkerManager: Request new FuncWorker for func_id 1 with client_id 79
I1102 19:17:21.911692 IO-0/EL  worker_manager.cpp:131] WorkerManager: Request new FuncWorker for func_id 1 with client_id 80
I1102 19:17:21.911705 IO-0/EL  worker_manager.cpp:131] WorkerManager: Request new FuncWorker for func_id 1 with client_id 81
I1102 19:17:21.911719 IO-0/EL  worker_manager.cpp:131] WorkerManager: Request new FuncWorker for func_id 1 with client_id 82
I1102 19:17:21.911729 IO-0/EL  worker_manager.cpp:131] WorkerManager: Request new FuncWorker for func_id 1 with client_id 83
I1102 19:17:21.911740 IO-0/EL  worker_manager.cpp:131] WorkerManager: Request new FuncWorker for func_id 1 with client_id 84
I1102 19:17:21.911754 IO-0/EL  worker_manager.cpp:131] WorkerManager: Request new FuncWorker for func_id 1 with client_id 85
I1102 19:17:21.911763 IO-0/EL  worker_manager.cpp:131] WorkerManager: Request new FuncWorker for func_id 1 with client_id 86
I1102 19:17:21.911772 IO-0/EL  worker_manager.cpp:131] WorkerManager: Request new FuncWorker for func_id 1 with client_id 87
I1102 19:17:21.911783 IO-0/EL  worker_manager.cpp:131] WorkerManager: Request new FuncWorker for func_id 1 with client_id 88
I1102 19:17:21.911799 IO-0/EL  worker_manager.cpp:131] WorkerManager: Request new FuncWorker for func_id 1 with client_id 89
I1102 19:17:21.911808 IO-0/EL  worker_manager.cpp:131] WorkerManager: Request new FuncWorker for func_id 1 with client_id 90
I1102 19:17:21.911819 IO-0/EL  worker_manager.cpp:131] WorkerManager: Request new FuncWorker for func_id 1 with client_id 91
I1102 19:17:21.911828 IO-0/EL  worker_manager.cpp:131] WorkerManager: Request new FuncWorker for func_id 1 with client_id 92
I1102 19:17:21.911839 IO-0/EL  worker_manager.cpp:131] WorkerManager: Request new FuncWorker for func_id 1 with client_id 93
I1102 19:17:21.911849 IO-0/EL  worker_manager.cpp:131] WorkerManager: Request new FuncWorker for func_id 1 with client_id 94
I1102 19:17:21.911858 IO-0/EL  worker_manager.cpp:131] WorkerManager: Request new FuncWorker for func_id 1 with client_id 95
I1102 19:17:21.911868 IO-0/EL  worker_manager.cpp:131] WorkerManager: Request new FuncWorker for func_id 1 with client_id 96
I1102 19:17:21.911879 IO-0/EL  worker_manager.cpp:131] WorkerManager: Request new FuncWorker for func_id 1 with client_id 97
I1102 19:17:21.911888 IO-0/EL  worker_manager.cpp:131] WorkerManager: Request new FuncWorker for func_id 1 with client_id 98
I1102 19:17:21.911898 IO-0/EL  worker_manager.cpp:131] WorkerManager: Request new FuncWorker for func_id 1 with client_id 99
I1102 19:17:21.911908 IO-0/EL  worker_manager.cpp:131] WorkerManager: Request new FuncWorker for func_id 1 with client_id 100
I1102 19:17:21.911919 IO-0/EL  worker_manager.cpp:131] WorkerManager: Request new FuncWorker for func_id 1 with client_id 101
I1102 19:17:21.911929 IO-0/EL  worker_manager.cpp:131] WorkerManager: Request new FuncWorker for func_id 1 with client_id 102
I1102 19:17:21.911939 IO-0/EL  worker_manager.cpp:131] WorkerManager: Request new FuncWorker for func_id 1 with client_id 103
I1102 19:17:21.911949 IO-0/EL  worker_manager.cpp:131] WorkerManager: Request new FuncWorker for func_id 1 with client_id 104
I1102 19:17:21.911960 IO-0/EL  worker_manager.cpp:131] WorkerManager: Request new FuncWorker for func_id 1 with client_id 105
I1102 19:17:21.911971 IO-0/EL  worker_manager.cpp:131] WorkerManager: Request new FuncWorker for func_id 1 with client_id 106
I1102 19:17:21.911981 IO-0/EL  worker_manager.cpp:131] WorkerManager: Request new FuncWorker for func_id 1 with client_id 107
I1102 19:17:21.911990 IO-0/EL  worker_manager.cpp:131] WorkerManager: Request new FuncWorker for func_id 1 with client_id 108
I1102 19:17:21.912001 IO-0/EL  worker_manager.cpp:131] WorkerManager: Request new FuncWorker for func_id 1 with client_id 109
I1102 19:17:21.912010 IO-0/EL  worker_manager.cpp:131] WorkerManager: Request new FuncWorker for func_id 1 with client_id 110
I1102 19:17:21.912021 IO-0/EL  worker_manager.cpp:131] WorkerManager: Request new FuncWorker for func_id 1 with client_id 111
I1102 19:17:21.912030 IO-0/EL  worker_manager.cpp:131] WorkerManager: Request new FuncWorker for func_id 1 with client_id 112
I1102 19:17:21.912042 IO-0/EL  worker_manager.cpp:131] WorkerManager: Request new FuncWorker for func_id 1 with client_id 113
I1102 19:17:21.912052 IO-0/EL  worker_manager.cpp:131] WorkerManager: Request new FuncWorker for func_id 1 with client_id 114
I1102 19:17:21.912061 IO-0/EL  worker_manager.cpp:131] WorkerManager: Request new FuncWorker for func_id 1 with client_id 115
I1102 19:17:21.912071 IO-0/EL  worker_manager.cpp:131] WorkerManager: Request new FuncWorker for func_id 1 with client_id 116
I1102 19:17:21.912082 IO-0/EL  worker_manager.cpp:131] WorkerManager: Request new FuncWorker for func_id 1 with client_id 117
I1102 19:17:21.912093 IO-0/EL  worker_manager.cpp:131] WorkerManager: Request new FuncWorker for func_id 1 with client_id 118
I1102 19:17:21.912103 IO-0/EL  worker_manager.cpp:131] WorkerManager: Request new FuncWorker for func_id 1 with client_id 119
I1102 19:17:21.912113 IO-0/EL  worker_manager.cpp:131] WorkerManager: Request new FuncWorker for func_id 1 with client_id 120
I1102 19:17:21.912126 IO-0/EL  worker_manager.cpp:131] WorkerManager: Request new FuncWorker for func_id 1 with client_id 121
I1102 19:17:21.912140 IO-0/EL  worker_manager.cpp:131] WorkerManager: Request new FuncWorker for func_id 1 with client_id 122
I1102 19:17:21.912149 IO-0/EL  worker_manager.cpp:131] WorkerManager: Request new FuncWorker for func_id 1 with client_id 123
I1102 19:17:21.912158 IO-0/EL  worker_manager.cpp:131] WorkerManager: Request new FuncWorker for func_id 1 with client_id 124
I1102 19:17:21.912169 IO-0/EL  worker_manager.cpp:131] WorkerManager: Request new FuncWorker for func_id 1 with client_id 125
I1102 19:17:21.912180 IO-0/EL  worker_manager.cpp:131] WorkerManager: Request new FuncWorker for func_id 1 with client_id 126
I1102 19:17:21.912189 IO-0/EL  worker_manager.cpp:131] WorkerManager: Request new FuncWorker for func_id 1 with client_id 127
I1102 19:17:21.912199 IO-0/EL  worker_manager.cpp:131] WorkerManager: Request new FuncWorker for func_id 1 with client_id 128
I1102 19:17:21.912212 IO-0/EL  worker_manager.cpp:131] WorkerManager: Request new FuncWorker for func_id 1 with client_id 129
I1102 19:17:21.912310 IO-0/EL  worker_manager.cpp:131] WorkerManager: Request new FuncWorker for func_id 1 with client_id 130
I1102 19:17:21.912321 IO-0/EL  worker_manager.cpp:131] WorkerManager: Request new FuncWorker for func_id 1 with client_id 131
I1102 19:17:21.912331 IO-0/EL  worker_manager.cpp:131] WorkerManager: Request new FuncWorker for func_id 1 with client_id 132
I1102 19:17:21.912343 IO-0/EL  worker_manager.cpp:131] WorkerManager: Request new FuncWorker for func_id 1 with client_id 133
I1102 19:17:21.912353 IO-0/EL  worker_manager.cpp:131] WorkerManager: Request new FuncWorker for func_id 1 with client_id 134
I1102 19:17:21.912362 IO-0/EL  worker_manager.cpp:131] WorkerManager: Request new FuncWorker for func_id 1 with client_id 135
I1102 19:17:21.912373 IO-0/EL  worker_manager.cpp:131] WorkerManager: Request new FuncWorker for func_id 1 with client_id 136
I1102 19:17:21.912384 IO-0/EL  worker_manager.cpp:131] WorkerManager: Request new FuncWorker for func_id 1 with client_id 137
I1102 19:17:21.912393 IO-0/EL  worker_manager.cpp:131] WorkerManager: Request new FuncWorker for func_id 1 with client_id 138
I1102 19:17:21.912403 IO-0/EL  worker_manager.cpp:131] WorkerManager: Request new FuncWorker for func_id 1 with client_id 139
I1102 19:17:21.912412 IO-0/EL  worker_manager.cpp:131] WorkerManager: Request new FuncWorker for func_id 1 with client_id 140
I1102 19:17:21.912426 IO-0/EL  worker_manager.cpp:131] WorkerManager: Request new FuncWorker for func_id 1 with client_id 141
I1102 19:17:21.912436 IO-0/EL  worker_manager.cpp:131] WorkerManager: Request new FuncWorker for func_id 1 with client_id 142
I1102 19:17:21.912446 IO-0/EL  worker_manager.cpp:131] WorkerManager: Request new FuncWorker for func_id 1 with client_id 143
I1102 19:17:21.912458 IO-0/EL  worker_manager.cpp:131] WorkerManager: Request new FuncWorker for func_id 1 with client_id 144
I1102 19:17:21.912469 IO-0/EL  worker_manager.cpp:131] WorkerManager: Request new FuncWorker for func_id 1 with client_id 145
I1102 19:17:21.912478 IO-0/EL  worker_manager.cpp:131] WorkerManager: Request new FuncWorker for func_id 1 with client_id 146
I1102 19:17:21.912487 IO-0/EL  worker_manager.cpp:131] WorkerManager: Request new FuncWorker for func_id 1 with client_id 147
I1102 19:17:21.912498 IO-0/EL  worker_manager.cpp:131] WorkerManager: Request new FuncWorker for func_id 1 with client_id 148
I1102 19:17:21.912509 IO-0/EL  worker_manager.cpp:131] WorkerManager: Request new FuncWorker for func_id 1 with client_id 149
I1102 19:17:21.912518 IO-0/EL  worker_manager.cpp:131] WorkerManager: Request new FuncWorker for func_id 1 with client_id 150
I1102 19:17:21.912528 IO-0/EL  worker_manager.cpp:131] WorkerManager: Request new FuncWorker for func_id 1 with client_id 151
I1102 19:17:21.912539 IO-0/EL  worker_manager.cpp:131] WorkerManager: Request new FuncWorker for func_id 1 with client_id 152
I1102 19:17:21.912550 IO-0/EL  worker_manager.cpp:131] WorkerManager: Request new FuncWorker for func_id 1 with client_id 153
I1102 19:17:21.912565 IO-0/EL  worker_manager.cpp:131] WorkerManager: Request new FuncWorker for func_id 1 with client_id 154
I1102 19:17:21.912574 IO-0/EL  worker_manager.cpp:131] WorkerManager: Request new FuncWorker for func_id 1 with client_id 155
I1102 19:17:21.912586 IO-0/EL  worker_manager.cpp:131] WorkerManager: Request new FuncWorker for func_id 1 with client_id 156
I1102 19:17:21.912597 IO-0/EL  worker_manager.cpp:131] WorkerManager: Request new FuncWorker for func_id 1 with client_id 157
I1102 19:17:21.912607 IO-0/EL  worker_manager.cpp:131] WorkerManager: Request new FuncWorker for func_id 1 with client_id 158
I1102 19:17:21.912617 IO-0/EL  worker_manager.cpp:131] WorkerManager: Request new FuncWorker for func_id 1 with client_id 159
I1102 19:17:21.912626 IO-0/EL  worker_manager.cpp:131] WorkerManager: Request new FuncWorker for func_id 1 with client_id 160
I1102 19:17:21.912637 IO-0/EL  worker_manager.cpp:131] WorkerManager: Request new FuncWorker for func_id 1 with client_id 161
I1102 19:17:21.912646 IO-0/EL  worker_manager.cpp:131] WorkerManager: Request new FuncWorker for func_id 1 with client_id 162
I1102 19:17:21.912656 IO-0/EL  worker_manager.cpp:131] WorkerManager: Request new FuncWorker for func_id 1 with client_id 163
I1102 19:17:21.912665 IO-0/EL  worker_manager.cpp:131] WorkerManager: Request new FuncWorker for func_id 1 with client_id 164
I1102 19:17:21.912677 IO-0/EL  worker_manager.cpp:131] WorkerManager: Request new FuncWorker for func_id 1 with client_id 165
I1102 19:17:21.912689 IO-0/EL  worker_manager.cpp:131] WorkerManager: Request new FuncWorker for func_id 1 with client_id 166
I1102 19:17:21.912698 IO-0/EL  worker_manager.cpp:131] WorkerManager: Request new FuncWorker for func_id 1 with client_id 167
I1102 19:17:21.912707 IO-0/EL  worker_manager.cpp:131] WorkerManager: Request new FuncWorker for func_id 1 with client_id 168
I1102 19:17:21.912724 IO-0/EL  worker_manager.cpp:131] WorkerManager: Request new FuncWorker for func_id 1 with client_id 169
I1102 19:17:21.912733 IO-0/EL  worker_manager.cpp:131] WorkerManager: Request new FuncWorker for func_id 1 with client_id 170
I1102 19:17:21.912744 IO-0/EL  worker_manager.cpp:131] WorkerManager: Request new FuncWorker for func_id 1 with client_id 171
I1102 19:17:21.912753 IO-0/EL  worker_manager.cpp:131] WorkerManager: Request new FuncWorker for func_id 1 with client_id 172
I1102 19:17:21.912764 IO-0/EL  worker_manager.cpp:131] WorkerManager: Request new FuncWorker for func_id 1 with client_id 173
I1102 19:17:21.912775 IO-0/EL  worker_manager.cpp:131] WorkerManager: Request new FuncWorker for func_id 1 with client_id 174
I1102 19:17:21.912784 IO-0/EL  worker_manager.cpp:131] WorkerManager: Request new FuncWorker for func_id 1 with client_id 175
I1102 19:17:21.912793 IO-0/EL  worker_manager.cpp:131] WorkerManager: Request new FuncWorker for func_id 1 with client_id 176
I1102 19:17:21.912804 IO-0/EL  worker_manager.cpp:131] WorkerManager: Request new FuncWorker for func_id 1 with client_id 177
I1102 19:17:21.912815 IO-0/EL  worker_manager.cpp:131] WorkerManager: Request new FuncWorker for func_id 1 with client_id 178
I1102 19:17:21.912824 IO-0/EL  worker_manager.cpp:131] WorkerManager: Request new FuncWorker for func_id 1 with client_id 179
I1102 19:17:21.912833 IO-0/EL  worker_manager.cpp:131] WorkerManager: Request new FuncWorker for func_id 1 with client_id 180
I1102 19:17:21.912845 IO-0/EL  worker_manager.cpp:131] WorkerManager: Request new FuncWorker for func_id 1 with client_id 181
I1102 19:17:21.912855 IO-0/EL  worker_manager.cpp:131] WorkerManager: Request new FuncWorker for func_id 1 with client_id 182
I1102 19:17:21.912864 IO-0/EL  worker_manager.cpp:131] WorkerManager: Request new FuncWorker for func_id 1 with client_id 183
I1102 19:17:21.912874 IO-0/EL  worker_manager.cpp:131] WorkerManager: Request new FuncWorker for func_id 1 with client_id 184
I1102 19:17:21.912886 IO-0/EL  worker_manager.cpp:131] WorkerManager: Request new FuncWorker for func_id 1 with client_id 185
I1102 19:17:21.912898 IO-0/EL  worker_manager.cpp:131] WorkerManager: Request new FuncWorker for func_id 1 with client_id 186
I1102 19:17:21.912912 IO-0/EL  worker_manager.cpp:131] WorkerManager: Request new FuncWorker for func_id 1 with client_id 187
I1102 19:17:21.912922 IO-0/EL  worker_manager.cpp:131] WorkerManager: Request new FuncWorker for func_id 1 with client_id 188
I1102 19:17:21.912935 IO-0/EL  worker_manager.cpp:131] WorkerManager: Request new FuncWorker for func_id 1 with client_id 189
I1102 19:17:21.912945 IO-0/EL  worker_manager.cpp:131] WorkerManager: Request new FuncWorker for func_id 1 with client_id 190
I1102 19:17:21.912955 IO-0/EL  worker_manager.cpp:131] WorkerManager: Request new FuncWorker for func_id 1 with client_id 191
I1102 19:17:21.912964 IO-0/EL  worker_manager.cpp:131] WorkerManager: Request new FuncWorker for func_id 1 with client_id 192
I1102 19:17:21.912976 IO-0/EL  worker_manager.cpp:131] WorkerManager: Request new FuncWorker for func_id 1 with client_id 193
I1102 19:17:21.912985 IO-0/EL  worker_manager.cpp:131] WorkerManager: Request new FuncWorker for func_id 1 with client_id 194
I1102 19:17:21.912994 IO-0/EL  worker_manager.cpp:131] WorkerManager: Request new FuncWorker for func_id 1 with client_id 195
I1102 19:17:21.913004 IO-0/EL  worker_manager.cpp:131] WorkerManager: Request new FuncWorker for func_id 1 with client_id 196
I1102 19:17:21.913015 IO-0/EL  worker_manager.cpp:131] WorkerManager: Request new FuncWorker for func_id 1 with client_id 197
I1102 19:17:21.913025 IO-0/EL  worker_manager.cpp:131] WorkerManager: Request new FuncWorker for func_id 1 with client_id 198
I1102 19:17:21.913034 IO-0/EL  worker_manager.cpp:131] WorkerManager: Request new FuncWorker for func_id 1 with client_id 199
I1102 19:17:21.913043 IO-0/EL  worker_manager.cpp:131] WorkerManager: Request new FuncWorker for func_id 1 with client_id 200
I1102 19:17:21.913055 IO-0/EL  worker_manager.cpp:131] WorkerManager: Request new FuncWorker for func_id 1 with client_id 201
I1102 19:17:21.913065 IO-0/EL  worker_manager.cpp:131] WorkerManager: Request new FuncWorker for func_id 1 with client_id 202
I1102 19:17:21.913074 IO-0/EL  worker_manager.cpp:131] WorkerManager: Request new FuncWorker for func_id 1 with client_id 203
I1102 19:17:21.913085 IO-0/EL  worker_manager.cpp:131] WorkerManager: Request new FuncWorker for func_id 1 with client_id 204
I1102 19:17:21.913096 IO-0/EL  worker_manager.cpp:131] WorkerManager: Request new FuncWorker for func_id 1 with client_id 205
I1102 19:17:21.913106 IO-0/EL  worker_manager.cpp:131] WorkerManager: Request new FuncWorker for func_id 1 with client_id 206
I1102 19:17:21.913115 IO-0/EL  worker_manager.cpp:131] WorkerManager: Request new FuncWorker for func_id 1 with client_id 207
I1102 19:17:21.913126 IO-0/EL  worker_manager.cpp:131] WorkerManager: Request new FuncWorker for func_id 1 with client_id 208
I1102 19:17:21.913137 IO-0/EL  worker_manager.cpp:131] WorkerManager: Request new FuncWorker for func_id 1 with client_id 209
I1102 19:17:21.913146 IO-0/EL  worker_manager.cpp:131] WorkerManager: Request new FuncWorker for func_id 1 with client_id 210
I1102 19:17:21.913158 IO-0/EL  worker_manager.cpp:131] WorkerManager: Request new FuncWorker for func_id 1 with client_id 211
I1102 19:17:21.913167 IO-0/EL  worker_manager.cpp:131] WorkerManager: Request new FuncWorker for func_id 1 with client_id 212
I1102 19:17:21.913178 IO-0/EL  worker_manager.cpp:131] WorkerManager: Request new FuncWorker for func_id 1 with client_id 213
I1102 19:17:21.913187 IO-0/EL  worker_manager.cpp:131] WorkerManager: Request new FuncWorker for func_id 1 with client_id 214
I1102 19:17:21.913196 IO-0/EL  worker_manager.cpp:131] WorkerManager: Request new FuncWorker for func_id 1 with client_id 215
I1102 19:17:21.913207 IO-0/EL  worker_manager.cpp:131] WorkerManager: Request new FuncWorker for func_id 1 with client_id 216
I1102 19:17:21.913218 IO-0/EL  worker_manager.cpp:131] WorkerManager: Request new FuncWorker for func_id 1 with client_id 217
I1102 19:17:21.913228 IO-0/EL  worker_manager.cpp:131] WorkerManager: Request new FuncWorker for func_id 1 with client_id 218
I1102 19:17:21.913243 IO-0/EL  worker_manager.cpp:131] WorkerManager: Request new FuncWorker for func_id 1 with client_id 219
I1102 19:17:21.913253 IO-0/EL  worker_manager.cpp:131] WorkerManager: Request new FuncWorker for func_id 1 with client_id 220
I1102 19:17:21.913264 IO-0/EL  worker_manager.cpp:131] WorkerManager: Request new FuncWorker for func_id 1 with client_id 221
I1102 19:17:21.913274 IO-0/EL  worker_manager.cpp:131] WorkerManager: Request new FuncWorker for func_id 1 with client_id 222
I1102 19:17:21.913285 IO-0/EL  worker_manager.cpp:131] WorkerManager: Request new FuncWorker for func_id 1 with client_id 223
I1102 19:17:21.913294 IO-0/EL  worker_manager.cpp:131] WorkerManager: Request new FuncWorker for func_id 1 with client_id 224
I1102 19:17:21.913306 IO-0/EL  worker_manager.cpp:131] WorkerManager: Request new FuncWorker for func_id 1 with client_id 225
I1102 19:17:21.913317 IO-0/EL  worker_manager.cpp:131] WorkerManager: Request new FuncWorker for func_id 1 with client_id 226
I1102 19:17:21.913327 IO-0/EL  worker_manager.cpp:131] WorkerManager: Request new FuncWorker for func_id 1 with client_id 227
I1102 19:17:21.913335 IO-0/EL  worker_manager.cpp:131] WorkerManager: Request new FuncWorker for func_id 1 with client_id 228
I1102 19:17:21.913347 IO-0/EL  worker_manager.cpp:131] WorkerManager: Request new FuncWorker for func_id 1 with client_id 229
I1102 19:17:21.913356 IO-0/EL  worker_manager.cpp:131] WorkerManager: Request new FuncWorker for func_id 1 with client_id 230
I1102 19:17:21.913367 IO-0/EL  worker_manager.cpp:131] WorkerManager: Request new FuncWorker for func_id 1 with client_id 231
I1102 19:17:21.913376 IO-0/EL  worker_manager.cpp:131] WorkerManager: Request new FuncWorker for func_id 1 with client_id 232
I1102 19:17:21.913387 IO-0/EL  worker_manager.cpp:131] WorkerManager: Request new FuncWorker for func_id 1 with client_id 233
I1102 19:17:21.913398 IO-0/EL  worker_manager.cpp:131] WorkerManager: Request new FuncWorker for func_id 1 with client_id 234
I1102 19:17:21.913408 IO-0/EL  worker_manager.cpp:131] WorkerManager: Request new FuncWorker for func_id 1 with client_id 235
I1102 19:17:21.913417 IO-0/EL  worker_manager.cpp:131] WorkerManager: Request new FuncWorker for func_id 1 with client_id 236
I1102 19:17:21.913429 IO-0/EL  worker_manager.cpp:131] WorkerManager: Request new FuncWorker for func_id 1 with client_id 237
I1102 19:17:21.913440 IO-0/EL  worker_manager.cpp:131] WorkerManager: Request new FuncWorker for func_id 1 with client_id 238
I1102 19:17:21.913450 IO-0/EL  worker_manager.cpp:131] WorkerManager: Request new FuncWorker for func_id 1 with client_id 239
I1102 19:17:21.913459 IO-0/EL  worker_manager.cpp:131] WorkerManager: Request new FuncWorker for func_id 1 with client_id 240
I1102 19:17:21.913471 IO-0/EL  worker_manager.cpp:131] WorkerManager: Request new FuncWorker for func_id 1 with client_id 241
I1102 19:17:21.913481 IO-0/EL  worker_manager.cpp:131] WorkerManager: Request new FuncWorker for func_id 1 with client_id 242
I1102 19:17:21.913490 IO-0/EL  worker_manager.cpp:131] WorkerManager: Request new FuncWorker for func_id 1 with client_id 243
I1102 19:17:21.913499 IO-0/EL  worker_manager.cpp:131] WorkerManager: Request new FuncWorker for func_id 1 with client_id 244
I1102 19:17:21.913509 IO-0/EL  worker_manager.cpp:131] WorkerManager: Request new FuncWorker for func_id 1 with client_id 245
I1102 19:17:21.913520 IO-0/EL  worker_manager.cpp:131] WorkerManager: Request new FuncWorker for func_id 1 with client_id 246
I1102 19:17:21.913529 IO-0/EL  worker_manager.cpp:131] WorkerManager: Request new FuncWorker for func_id 1 with client_id 247
I1102 19:17:21.913538 IO-0/EL  worker_manager.cpp:131] WorkerManager: Request new FuncWorker for func_id 1 with client_id 248
I1102 19:17:21.913550 IO-0/EL  worker_manager.cpp:131] WorkerManager: Request new FuncWorker for func_id 1 with client_id 249
I1102 19:17:21.913560 IO-0/EL  worker_manager.cpp:131] WorkerManager: Request new FuncWorker for func_id 1 with client_id 250
I1102 19:17:21.913570 IO-0/EL  worker_manager.cpp:131] WorkerManager: Request new FuncWorker for func_id 1 with client_id 251
I1102 19:17:21.913583 IO-0/EL  worker_manager.cpp:131] WorkerManager: Request new FuncWorker for func_id 1 with client_id 252
I1102 19:17:21.913597 IO-0/EL  worker_manager.cpp:131] WorkerManager: Request new FuncWorker for func_id 1 with client_id 253
I1102 19:17:21.913607 IO-0/EL  worker_manager.cpp:131] WorkerManager: Request new FuncWorker for func_id 1 with client_id 254
I1102 19:17:21.913616 IO-0/EL  worker_manager.cpp:131] WorkerManager: Request new FuncWorker for func_id 1 with client_id 255
I1102 19:17:21.913628 IO-0/EL  worker_manager.cpp:131] WorkerManager: Request new FuncWorker for func_id 1 with client_id 256
I1102 19:17:21.913805 IO-0/EL  buffer_pool.h:25] BufferPool[IO-0_Write]: Allocate new buffer, current buffer count is 1
I1102 19:17:21.913839 IO-0/EL  buffer_pool.h:25] BufferPool[IO-0_Write]: Allocate new buffer, current buffer count is 2
I1102 19:17:21.913871 IO-0/EL  buffer_pool.h:25] BufferPool[IO-0_Write]: Allocate new buffer, current buffer count is 3
I1102 19:17:21.913913 IO-0/EL  buffer_pool.h:25] BufferPool[IO-0_Write]: Allocate new buffer, current buffer count is 4
I1102 19:17:21.913951 IO-0/EL  message_connection.cpp:269] LauncherConnection[1]: Handshake done
I1102 19:17:21.918230 Server/E engine.cpp:674] Engine: New message connection
I1102 19:17:21.918265 IO-0/EL  engine.cpp:277] Engine: Receive new handshake message from message connection
I1102 19:17:21.918271 IO-0/EL  worker_manager.cpp:60] WorkerManager: FuncWorker of func_id 1, client_id 1 connected
I1102 19:17:21.918282 IO-0/EL  dispatcher.cpp:47] Dispatcher[1]: min_workers=256
I1102 19:17:21.918286 IO-0/EL  dispatcher.cpp:51] Dispatcher[1]: max_workers=256
I1102 19:17:21.918308 IO-0/EL  message_connection.cpp:269] FuncWorkerConnection[1-1]: Handshake done
I1102 19:17:21.918569 Server/E engine.cpp:674] Engine: New message connection
I1102 19:17:21.918592 IO-0/EL  engine.cpp:277] Engine: Receive new handshake message from message connection
I1102 19:17:21.918597 IO-0/EL  worker_manager.cpp:60] WorkerManager: FuncWorker of func_id 1, client_id 2 connected
I1102 19:17:21.918611 IO-0/EL  message_connection.cpp:269] FuncWorkerConnection[1-2]: Handshake done
I1102 19:17:21.919477 Server/E engine.cpp:674] Engine: New message connection
I1102 19:17:21.919503 IO-0/EL  engine.cpp:277] Engine: Receive new handshake message from message connection
I1102 19:17:21.919508 IO-0/EL  worker_manager.cpp:60] WorkerManager: FuncWorker of func_id 1, client_id 3 connected
I1102 19:17:21.919526 IO-0/EL  message_connection.cpp:269] FuncWorkerConnection[1-3]: Handshake done
I1102 19:17:21.921837 Server/E engine.cpp:674] Engine: New message connection
I1102 19:17:21.921884 IO-0/EL  engine.cpp:277] Engine: Receive new handshake message from message connection
I1102 19:17:21.921890 IO-0/EL  worker_manager.cpp:60] WorkerManager: FuncWorker of func_id 1, client_id 4 connected
I1102 19:17:21.921904 IO-0/EL  message_connection.cpp:269] FuncWorkerConnection[1-4]: Handshake done
I1102 19:17:21.922264 Server/E engine.cpp:674] Engine: New message connection
I1102 19:17:21.922291 IO-0/EL  engine.cpp:277] Engine: Receive new handshake message from message connection
I1102 19:17:21.922295 IO-0/EL  worker_manager.cpp:60] WorkerManager: FuncWorker of func_id 1, client_id 5 connected
I1102 19:17:21.922308 IO-0/EL  message_connection.cpp:269] FuncWorkerConnection[1-5]: Handshake done
I1102 19:17:21.922664 Server/E engine.cpp:674] Engine: New message connection
I1102 19:17:21.922697 IO-0/EL  engine.cpp:277] Engine: Receive new handshake message from message connection
I1102 19:17:21.922702 IO-0/EL  worker_manager.cpp:60] WorkerManager: FuncWorker of func_id 1, client_id 6 connected
I1102 19:17:21.922718 IO-0/EL  message_connection.cpp:269] FuncWorkerConnection[1-6]: Handshake done
I1102 19:17:21.924119 Server/E engine.cpp:674] Engine: New message connection
I1102 19:17:21.924151 IO-0/EL  engine.cpp:277] Engine: Receive new handshake message from message connection
I1102 19:17:21.924155 IO-0/EL  worker_manager.cpp:60] WorkerManager: FuncWorker of func_id 1, client_id 8 connected
I1102 19:17:21.924185 IO-0/EL  message_connection.cpp:269] FuncWorkerConnection[1-8]: Handshake done
I1102 19:17:21.924287 Server/E engine.cpp:674] Engine: New message connection
I1102 19:17:21.924310 IO-0/EL  engine.cpp:277] Engine: Receive new handshake message from message connection
I1102 19:17:21.924315 IO-0/EL  worker_manager.cpp:60] WorkerManager: FuncWorker of func_id 1, client_id 7 connected
I1102 19:17:21.924329 IO-0/EL  message_connection.cpp:269] FuncWorkerConnection[1-7]: Handshake done
I1102 19:17:21.924502 Server/E engine.cpp:674] Engine: New message connection
I1102 19:17:21.924528 IO-0/EL  engine.cpp:277] Engine: Receive new handshake message from message connection
I1102 19:17:21.924532 IO-0/EL  worker_manager.cpp:60] WorkerManager: FuncWorker of func_id 1, client_id 9 connected
I1102 19:17:21.924546 IO-0/EL  message_connection.cpp:269] FuncWorkerConnection[1-9]: Handshake done
I1102 19:17:21.925635 Server/E engine.cpp:674] Engine: New message connection
I1102 19:17:21.925675 IO-0/EL  engine.cpp:277] Engine: Receive new handshake message from message connection
I1102 19:17:21.925679 IO-0/EL  worker_manager.cpp:60] WorkerManager: FuncWorker of func_id 1, client_id 10 connected
I1102 19:17:21.925693 IO-0/EL  message_connection.cpp:269] FuncWorkerConnection[1-10]: Handshake done
I1102 19:17:21.926108 Server/E engine.cpp:674] Engine: New message connection
I1102 19:17:21.926142 IO-0/EL  engine.cpp:277] Engine: Receive new handshake message from message connection
I1102 19:17:21.926147 IO-0/EL  worker_manager.cpp:60] WorkerManager: FuncWorker of func_id 1, client_id 11 connected
I1102 19:17:21.926160 IO-0/EL  message_connection.cpp:269] FuncWorkerConnection[1-11]: Handshake done
I1102 19:17:21.927426 Server/E engine.cpp:674] Engine: New message connection
I1102 19:17:21.927464 IO-0/EL  engine.cpp:277] Engine: Receive new handshake message from message connection
I1102 19:17:21.927469 IO-0/EL  worker_manager.cpp:60] WorkerManager: FuncWorker of func_id 1, client_id 12 connected
I1102 19:17:21.927482 IO-0/EL  message_connection.cpp:269] FuncWorkerConnection[1-12]: Handshake done
I1102 19:17:21.927520 Server/E engine.cpp:674] Engine: New message connection
I1102 19:17:21.927544 IO-0/EL  engine.cpp:277] Engine: Receive new handshake message from message connection
I1102 19:17:21.927548 IO-0/EL  worker_manager.cpp:60] WorkerManager: FuncWorker of func_id 1, client_id 13 connected
I1102 19:17:21.927561 IO-0/EL  message_connection.cpp:269] FuncWorkerConnection[1-13]: Handshake done
I1102 19:17:21.927952 Server/E engine.cpp:674] Engine: New message connection
I1102 19:17:21.927987 IO-0/EL  engine.cpp:277] Engine: Receive new handshake message from message connection
I1102 19:17:21.927992 IO-0/EL  worker_manager.cpp:60] WorkerManager: FuncWorker of func_id 1, client_id 14 connected
I1102 19:17:21.928009 IO-0/EL  message_connection.cpp:269] FuncWorkerConnection[1-14]: Handshake done
I1102 19:17:21.928457 Server/E engine.cpp:674] Engine: New message connection
I1102 19:17:21.928483 IO-0/EL  engine.cpp:277] Engine: Receive new handshake message from message connection
I1102 19:17:21.928487 IO-0/EL  worker_manager.cpp:60] WorkerManager: FuncWorker of func_id 1, client_id 15 connected
I1102 19:17:21.928504 IO-0/EL  message_connection.cpp:269] FuncWorkerConnection[1-15]: Handshake done
I1102 19:17:21.928820 Server/E engine.cpp:674] Engine: New message connection
I1102 19:17:21.928842 IO-0/EL  engine.cpp:277] Engine: Receive new handshake message from message connection
I1102 19:17:21.928847 IO-0/EL  worker_manager.cpp:60] WorkerManager: FuncWorker of func_id 1, client_id 16 connected
I1102 19:17:21.928860 IO-0/EL  message_connection.cpp:269] FuncWorkerConnection[1-16]: Handshake done
I1102 19:17:21.929412 Server/E engine.cpp:674] Engine: New message connection
I1102 19:17:21.929450 IO-0/EL  engine.cpp:277] Engine: Receive new handshake message from message connection
I1102 19:17:21.929454 IO-0/EL  worker_manager.cpp:60] WorkerManager: FuncWorker of func_id 1, client_id 17 connected
I1102 19:17:21.929474 IO-0/EL  message_connection.cpp:269] FuncWorkerConnection[1-17]: Handshake done
I1102 19:17:21.930062 Server/E engine.cpp:674] Engine: New message connection
I1102 19:17:21.930096 IO-0/EL  engine.cpp:277] Engine: Receive new handshake message from message connection
I1102 19:17:21.930100 IO-0/EL  worker_manager.cpp:60] WorkerManager: FuncWorker of func_id 1, client_id 18 connected
I1102 19:17:21.930114 IO-0/EL  message_connection.cpp:269] FuncWorkerConnection[1-18]: Handshake done
I1102 19:17:21.930525 Server/E engine.cpp:674] Engine: New message connection
I1102 19:17:21.930552 IO-0/EL  engine.cpp:277] Engine: Receive new handshake message from message connection
I1102 19:17:21.930557 IO-0/EL  worker_manager.cpp:60] WorkerManager: FuncWorker of func_id 1, client_id 19 connected
I1102 19:17:21.930570 IO-0/EL  message_connection.cpp:269] FuncWorkerConnection[1-19]: Handshake done
I1102 19:17:21.930855 Server/E engine.cpp:674] Engine: New message connection
I1102 19:17:21.930879 IO-0/EL  engine.cpp:277] Engine: Receive new handshake message from message connection
I1102 19:17:21.930883 IO-0/EL  worker_manager.cpp:60] WorkerManager: FuncWorker of func_id 1, client_id 20 connected
I1102 19:17:21.930896 IO-0/EL  message_connection.cpp:269] FuncWorkerConnection[1-20]: Handshake done
I1102 19:17:21.931303 Server/E engine.cpp:674] Engine: New message connection
I1102 19:17:21.931327 IO-0/EL  engine.cpp:277] Engine: Receive new handshake message from message connection
I1102 19:17:21.931332 IO-0/EL  worker_manager.cpp:60] WorkerManager: FuncWorker of func_id 1, client_id 21 connected
I1102 19:17:21.931344 IO-0/EL  message_connection.cpp:269] FuncWorkerConnection[1-21]: Handshake done
I1102 19:17:21.931804 Server/E engine.cpp:674] Engine: New message connection
I1102 19:17:21.931835 IO-0/EL  engine.cpp:277] Engine: Receive new handshake message from message connection
I1102 19:17:21.931839 IO-0/EL  worker_manager.cpp:60] WorkerManager: FuncWorker of func_id 1, client_id 22 connected
I1102 19:17:21.931852 IO-0/EL  message_connection.cpp:269] FuncWorkerConnection[1-22]: Handshake done
I1102 19:17:21.932262 Server/E engine.cpp:674] Engine: New message connection
I1102 19:17:21.932295 IO-0/EL  engine.cpp:277] Engine: Receive new handshake message from message connection
I1102 19:17:21.932299 IO-0/EL  worker_manager.cpp:60] WorkerManager: FuncWorker of func_id 1, client_id 23 connected
I1102 19:17:21.932312 IO-0/EL  message_connection.cpp:269] FuncWorkerConnection[1-23]: Handshake done
I1102 19:17:21.932672 Server/E engine.cpp:674] Engine: New message connection
I1102 19:17:21.932699 IO-0/EL  engine.cpp:277] Engine: Receive new handshake message from message connection
I1102 19:17:21.932704 IO-0/EL  worker_manager.cpp:60] WorkerManager: FuncWorker of func_id 1, client_id 24 connected
I1102 19:17:21.932719 IO-0/EL  message_connection.cpp:269] FuncWorkerConnection[1-24]: Handshake done
I1102 19:17:21.933230 Server/E engine.cpp:674] Engine: New message connection
I1102 19:17:21.933262 IO-0/EL  engine.cpp:277] Engine: Receive new handshake message from message connection
I1102 19:17:21.933267 IO-0/EL  worker_manager.cpp:60] WorkerManager: FuncWorker of func_id 1, client_id 25 connected
I1102 19:17:21.933280 IO-0/EL  message_connection.cpp:269] FuncWorkerConnection[1-25]: Handshake done
I1102 19:17:21.933699 Server/E engine.cpp:674] Engine: New message connection
I1102 19:17:21.933732 IO-0/EL  engine.cpp:277] Engine: Receive new handshake message from message connection
I1102 19:17:21.933737 IO-0/EL  worker_manager.cpp:60] WorkerManager: FuncWorker of func_id 1, client_id 26 connected
I1102 19:17:21.933750 IO-0/EL  message_connection.cpp:269] FuncWorkerConnection[1-26]: Handshake done
I1102 19:17:21.934109 Server/E engine.cpp:674] Engine: New message connection
I1102 19:17:21.934140 IO-0/EL  engine.cpp:277] Engine: Receive new handshake message from message connection
I1102 19:17:21.934145 IO-0/EL  worker_manager.cpp:60] WorkerManager: FuncWorker of func_id 1, client_id 27 connected
I1102 19:17:21.934158 IO-0/EL  message_connection.cpp:269] FuncWorkerConnection[1-27]: Handshake done
I1102 19:17:21.934804 Server/E engine.cpp:674] Engine: New message connection
I1102 19:17:21.934849 IO-0/EL  engine.cpp:277] Engine: Receive new handshake message from message connection
I1102 19:17:21.934854 IO-0/EL  worker_manager.cpp:60] WorkerManager: FuncWorker of func_id 1, client_id 28 connected
I1102 19:17:21.934868 IO-0/EL  message_connection.cpp:269] FuncWorkerConnection[1-28]: Handshake done
I1102 19:17:21.935104 Server/E engine.cpp:674] Engine: New message connection
I1102 19:17:21.935133 IO-0/EL  engine.cpp:277] Engine: Receive new handshake message from message connection
I1102 19:17:21.935138 IO-0/EL  worker_manager.cpp:60] WorkerManager: FuncWorker of func_id 1, client_id 29 connected
I1102 19:17:21.935156 IO-0/EL  message_connection.cpp:269] FuncWorkerConnection[1-29]: Handshake done
I1102 19:17:21.935573 Server/E engine.cpp:674] Engine: New message connection
I1102 19:17:21.935608 IO-0/EL  engine.cpp:277] Engine: Receive new handshake message from message connection
I1102 19:17:21.935612 IO-0/EL  worker_manager.cpp:60] WorkerManager: FuncWorker of func_id 1, client_id 30 connected
I1102 19:17:21.935626 IO-0/EL  message_connection.cpp:269] FuncWorkerConnection[1-30]: Handshake done
I1102 19:17:21.936019 Server/E engine.cpp:674] Engine: New message connection
I1102 19:17:21.936061 IO-0/EL  engine.cpp:277] Engine: Receive new handshake message from message connection
I1102 19:17:21.936066 IO-0/EL  worker_manager.cpp:60] WorkerManager: FuncWorker of func_id 1, client_id 31 connected
I1102 19:17:21.936079 IO-0/EL  message_connection.cpp:269] FuncWorkerConnection[1-31]: Handshake done
I1102 19:17:21.936521 Server/E engine.cpp:674] Engine: New message connection
I1102 19:17:21.936564 IO-0/EL  engine.cpp:277] Engine: Receive new handshake message from message connection
I1102 19:17:21.936569 IO-0/EL  worker_manager.cpp:60] WorkerManager: FuncWorker of func_id 1, client_id 32 connected
I1102 19:17:21.936582 IO-0/EL  message_connection.cpp:269] FuncWorkerConnection[1-32]: Handshake done
I1102 19:17:21.936972 Server/E engine.cpp:674] Engine: New message connection
I1102 19:17:21.937009 IO-0/EL  engine.cpp:277] Engine: Receive new handshake message from message connection
I1102 19:17:21.937014 IO-0/EL  worker_manager.cpp:60] WorkerManager: FuncWorker of func_id 1, client_id 33 connected
I1102 19:17:21.937027 IO-0/EL  message_connection.cpp:269] FuncWorkerConnection[1-33]: Handshake done
I1102 19:17:21.937365 Server/E engine.cpp:674] Engine: New message connection
I1102 19:17:21.937400 IO-0/EL  engine.cpp:277] Engine: Receive new handshake message from message connection
I1102 19:17:21.937404 IO-0/EL  worker_manager.cpp:60] WorkerManager: FuncWorker of func_id 1, client_id 34 connected
I1102 19:17:21.937417 IO-0/EL  message_connection.cpp:269] FuncWorkerConnection[1-34]: Handshake done
I1102 19:17:21.937955 Server/E engine.cpp:674] Engine: New message connection
I1102 19:17:21.937993 IO-0/EL  engine.cpp:277] Engine: Receive new handshake message from message connection
I1102 19:17:21.937998 IO-0/EL  worker_manager.cpp:60] WorkerManager: FuncWorker of func_id 1, client_id 35 connected
I1102 19:17:21.938010 IO-0/EL  message_connection.cpp:269] FuncWorkerConnection[1-35]: Handshake done
I1102 19:17:21.938389 Server/E engine.cpp:674] Engine: New message connection
I1102 19:17:21.938419 IO-0/EL  engine.cpp:277] Engine: Receive new handshake message from message connection
I1102 19:17:21.938424 IO-0/EL  worker_manager.cpp:60] WorkerManager: FuncWorker of func_id 1, client_id 36 connected
I1102 19:17:21.938437 IO-0/EL  message_connection.cpp:269] FuncWorkerConnection[1-36]: Handshake done
I1102 19:17:21.938848 Server/E engine.cpp:674] Engine: New message connection
I1102 19:17:21.938882 IO-0/EL  engine.cpp:277] Engine: Receive new handshake message from message connection
I1102 19:17:21.938886 IO-0/EL  worker_manager.cpp:60] WorkerManager: FuncWorker of func_id 1, client_id 37 connected
I1102 19:17:21.938899 IO-0/EL  message_connection.cpp:269] FuncWorkerConnection[1-37]: Handshake done
I1102 19:17:21.939279 Server/E engine.cpp:674] Engine: New message connection
I1102 19:17:21.939321 IO-0/EL  engine.cpp:277] Engine: Receive new handshake message from message connection
I1102 19:17:21.939326 IO-0/EL  worker_manager.cpp:60] WorkerManager: FuncWorker of func_id 1, client_id 38 connected
I1102 19:17:21.939339 IO-0/EL  message_connection.cpp:269] FuncWorkerConnection[1-38]: Handshake done
I1102 19:17:21.939753 Server/E engine.cpp:674] Engine: New message connection
I1102 19:17:21.939784 IO-0/EL  engine.cpp:277] Engine: Receive new handshake message from message connection
I1102 19:17:21.939789 IO-0/EL  worker_manager.cpp:60] WorkerManager: FuncWorker of func_id 1, client_id 39 connected
I1102 19:17:21.939802 IO-0/EL  message_connection.cpp:269] FuncWorkerConnection[1-39]: Handshake done
I1102 19:17:21.940253 Server/E engine.cpp:674] Engine: New message connection
I1102 19:17:21.940277 IO-0/EL  engine.cpp:277] Engine: Receive new handshake message from message connection
I1102 19:17:21.940282 IO-0/EL  worker_manager.cpp:60] WorkerManager: FuncWorker of func_id 1, client_id 40 connected
I1102 19:17:21.940295 IO-0/EL  message_connection.cpp:269] FuncWorkerConnection[1-40]: Handshake done
I1102 19:17:21.940744 Server/E engine.cpp:674] Engine: New message connection
I1102 19:17:21.940771 IO-0/EL  engine.cpp:277] Engine: Receive new handshake message from message connection
I1102 19:17:21.940776 IO-0/EL  worker_manager.cpp:60] WorkerManager: FuncWorker of func_id 1, client_id 41 connected
I1102 19:17:21.940792 IO-0/EL  message_connection.cpp:269] FuncWorkerConnection[1-41]: Handshake done
I1102 19:17:21.941222 Server/E engine.cpp:674] Engine: New message connection
I1102 19:17:21.941250 IO-0/EL  engine.cpp:277] Engine: Receive new handshake message from message connection
I1102 19:17:21.941254 IO-0/EL  worker_manager.cpp:60] WorkerManager: FuncWorker of func_id 1, client_id 42 connected
I1102 19:17:21.941267 IO-0/EL  message_connection.cpp:269] FuncWorkerConnection[1-42]: Handshake done
I1102 19:17:21.941723 Server/E engine.cpp:674] Engine: New message connection
I1102 19:17:21.941754 IO-0/EL  engine.cpp:277] Engine: Receive new handshake message from message connection
I1102 19:17:21.941758 IO-0/EL  worker_manager.cpp:60] WorkerManager: FuncWorker of func_id 1, client_id 43 connected
I1102 19:17:21.941771 IO-0/EL  message_connection.cpp:269] FuncWorkerConnection[1-43]: Handshake done
I1102 19:17:21.942158 Server/E engine.cpp:674] Engine: New message connection
I1102 19:17:21.942187 IO-0/EL  engine.cpp:277] Engine: Receive new handshake message from message connection
I1102 19:17:21.942191 IO-0/EL  worker_manager.cpp:60] WorkerManager: FuncWorker of func_id 1, client_id 44 connected
I1102 19:17:21.942204 IO-0/EL  message_connection.cpp:269] FuncWorkerConnection[1-44]: Handshake done
I1102 19:17:21.942654 Server/E engine.cpp:674] Engine: New message connection
I1102 19:17:21.942686 IO-0/EL  engine.cpp:277] Engine: Receive new handshake message from message connection
I1102 19:17:21.942690 IO-0/EL  worker_manager.cpp:60] WorkerManager: FuncWorker of func_id 1, client_id 45 connected
I1102 19:17:21.942703 IO-0/EL  message_connection.cpp:269] FuncWorkerConnection[1-45]: Handshake done
I1102 19:17:21.943230 Server/E engine.cpp:674] Engine: New message connection
I1102 19:17:21.943258 IO-0/EL  engine.cpp:277] Engine: Receive new handshake message from message connection
I1102 19:17:21.943263 IO-0/EL  worker_manager.cpp:60] WorkerManager: FuncWorker of func_id 1, client_id 46 connected
I1102 19:17:21.943275 IO-0/EL  message_connection.cpp:269] FuncWorkerConnection[1-46]: Handshake done
I1102 19:17:21.943665 Server/E engine.cpp:674] Engine: New message connection
I1102 19:17:21.943699 IO-0/EL  engine.cpp:277] Engine: Receive new handshake message from message connection
I1102 19:17:21.943703 IO-0/EL  worker_manager.cpp:60] WorkerManager: FuncWorker of func_id 1, client_id 47 connected
I1102 19:17:21.943720 IO-0/EL  message_connection.cpp:269] FuncWorkerConnection[1-47]: Handshake done
I1102 19:17:21.944227 Server/E engine.cpp:674] Engine: New message connection
I1102 19:17:21.944255 IO-0/EL  engine.cpp:277] Engine: Receive new handshake message from message connection
I1102 19:17:21.944260 IO-0/EL  worker_manager.cpp:60] WorkerManager: FuncWorker of func_id 1, client_id 48 connected
I1102 19:17:21.944274 IO-0/EL  message_connection.cpp:269] FuncWorkerConnection[1-48]: Handshake done
I1102 19:17:21.944628 Server/E engine.cpp:674] Engine: New message connection
I1102 19:17:21.944659 IO-0/EL  engine.cpp:277] Engine: Receive new handshake message from message connection
I1102 19:17:21.944664 IO-0/EL  worker_manager.cpp:60] WorkerManager: FuncWorker of func_id 1, client_id 49 connected
I1102 19:17:21.944676 IO-0/EL  message_connection.cpp:269] FuncWorkerConnection[1-49]: Handshake done
I1102 19:17:21.945093 Server/E engine.cpp:674] Engine: New message connection
I1102 19:17:21.945123 IO-0/EL  engine.cpp:277] Engine: Receive new handshake message from message connection
I1102 19:17:21.945127 IO-0/EL  worker_manager.cpp:60] WorkerManager: FuncWorker of func_id 1, client_id 50 connected
I1102 19:17:21.945140 IO-0/EL  message_connection.cpp:269] FuncWorkerConnection[1-50]: Handshake done
I1102 19:17:21.945547 Server/E engine.cpp:674] Engine: New message connection
I1102 19:17:21.945591 IO-0/EL  engine.cpp:277] Engine: Receive new handshake message from message connection
I1102 19:17:21.945596 IO-0/EL  worker_manager.cpp:60] WorkerManager: FuncWorker of func_id 1, client_id 51 connected
I1102 19:17:21.945609 IO-0/EL  message_connection.cpp:269] FuncWorkerConnection[1-51]: Handshake done
I1102 19:17:21.946142 Server/E engine.cpp:674] Engine: New message connection
I1102 19:17:21.946172 IO-0/EL  engine.cpp:277] Engine: Receive new handshake message from message connection
I1102 19:17:21.946176 IO-0/EL  worker_manager.cpp:60] WorkerManager: FuncWorker of func_id 1, client_id 52 connected
I1102 19:17:21.946189 IO-0/EL  message_connection.cpp:269] FuncWorkerConnection[1-52]: Handshake done
I1102 19:17:21.946677 Server/E engine.cpp:674] Engine: New message connection
I1102 19:17:21.946705 IO-0/EL  engine.cpp:277] Engine: Receive new handshake message from message connection
I1102 19:17:21.946714 IO-0/EL  worker_manager.cpp:60] WorkerManager: FuncWorker of func_id 1, client_id 53 connected
I1102 19:17:21.946727 IO-0/EL  message_connection.cpp:269] FuncWorkerConnection[1-53]: Handshake done
I1102 19:17:21.947141 Server/E engine.cpp:674] Engine: New message connection
I1102 19:17:21.947176 IO-0/EL  engine.cpp:277] Engine: Receive new handshake message from message connection
I1102 19:17:21.947180 IO-0/EL  worker_manager.cpp:60] WorkerManager: FuncWorker of func_id 1, client_id 54 connected
I1102 19:17:21.947193 IO-0/EL  message_connection.cpp:269] FuncWorkerConnection[1-54]: Handshake done
I1102 19:17:21.947528 Server/E engine.cpp:674] Engine: New message connection
I1102 19:17:21.947566 IO-0/EL  engine.cpp:277] Engine: Receive new handshake message from message connection
I1102 19:17:21.947570 IO-0/EL  worker_manager.cpp:60] WorkerManager: FuncWorker of func_id 1, client_id 55 connected
I1102 19:17:21.947583 IO-0/EL  message_connection.cpp:269] FuncWorkerConnection[1-55]: Handshake done
I1102 19:17:21.948019 Server/E engine.cpp:674] Engine: New message connection
I1102 19:17:21.948063 IO-0/EL  engine.cpp:277] Engine: Receive new handshake message from message connection
I1102 19:17:21.948068 IO-0/EL  worker_manager.cpp:60] WorkerManager: FuncWorker of func_id 1, client_id 56 connected
I1102 19:17:21.948081 IO-0/EL  message_connection.cpp:269] FuncWorkerConnection[1-56]: Handshake done
I1102 19:17:21.948601 Server/E engine.cpp:674] Engine: New message connection
I1102 19:17:21.948643 IO-0/EL  engine.cpp:277] Engine: Receive new handshake message from message connection
I1102 19:17:21.948647 IO-0/EL  worker_manager.cpp:60] WorkerManager: FuncWorker of func_id 1, client_id 57 connected
I1102 19:17:21.948667 IO-0/EL  message_connection.cpp:269] FuncWorkerConnection[1-57]: Handshake done
I1102 19:17:21.949082 Server/E engine.cpp:674] Engine: New message connection
I1102 19:17:21.949123 IO-0/EL  engine.cpp:277] Engine: Receive new handshake message from message connection
I1102 19:17:21.949128 IO-0/EL  worker_manager.cpp:60] WorkerManager: FuncWorker of func_id 1, client_id 58 connected
I1102 19:17:21.949141 IO-0/EL  message_connection.cpp:269] FuncWorkerConnection[1-58]: Handshake done
I1102 19:17:21.949523 Server/E engine.cpp:674] Engine: New message connection
I1102 19:17:21.949558 IO-0/EL  engine.cpp:277] Engine: Receive new handshake message from message connection
I1102 19:17:21.949563 IO-0/EL  worker_manager.cpp:60] WorkerManager: FuncWorker of func_id 1, client_id 59 connected
I1102 19:17:21.949575 IO-0/EL  message_connection.cpp:269] FuncWorkerConnection[1-59]: Handshake done
I1102 19:17:21.950043 Server/E engine.cpp:674] Engine: New message connection
I1102 19:17:21.950081 IO-0/EL  engine.cpp:277] Engine: Receive new handshake message from message connection
I1102 19:17:21.950086 IO-0/EL  worker_manager.cpp:60] WorkerManager: FuncWorker of func_id 1, client_id 60 connected
I1102 19:17:21.950099 IO-0/EL  message_connection.cpp:269] FuncWorkerConnection[1-60]: Handshake done
I1102 19:17:21.950491 Server/E engine.cpp:674] Engine: New message connection
I1102 19:17:21.950517 IO-0/EL  engine.cpp:277] Engine: Receive new handshake message from message connection
I1102 19:17:21.950522 IO-0/EL  worker_manager.cpp:60] WorkerManager: FuncWorker of func_id 1, client_id 61 connected
I1102 19:17:21.950535 IO-0/EL  message_connection.cpp:269] FuncWorkerConnection[1-61]: Handshake done
I1102 19:17:21.951045 Server/E engine.cpp:674] Engine: New message connection
I1102 19:17:21.951084 IO-0/EL  engine.cpp:277] Engine: Receive new handshake message from message connection
I1102 19:17:21.951088 IO-0/EL  worker_manager.cpp:60] WorkerManager: FuncWorker of func_id 1, client_id 62 connected
I1102 19:17:21.951102 IO-0/EL  message_connection.cpp:269] FuncWorkerConnection[1-62]: Handshake done
I1102 19:17:21.951486 Server/E engine.cpp:674] Engine: New message connection
I1102 19:17:21.951513 IO-0/EL  engine.cpp:277] Engine: Receive new handshake message from message connection
I1102 19:17:21.951517 IO-0/EL  worker_manager.cpp:60] WorkerManager: FuncWorker of func_id 1, client_id 63 connected
I1102 19:17:21.951535 IO-0/EL  message_connection.cpp:269] FuncWorkerConnection[1-63]: Handshake done
I1102 19:17:21.952134 Server/E engine.cpp:674] Engine: New message connection
I1102 19:17:21.952170 IO-0/EL  engine.cpp:277] Engine: Receive new handshake message from message connection
I1102 19:17:21.952174 IO-0/EL  worker_manager.cpp:60] WorkerManager: FuncWorker of func_id 1, client_id 64 connected
I1102 19:17:21.952187 IO-0/EL  message_connection.cpp:269] FuncWorkerConnection[1-64]: Handshake done
I1102 19:17:21.952835 Server/E engine.cpp:674] Engine: New message connection
I1102 19:17:21.952873 IO-0/EL  engine.cpp:277] Engine: Receive new handshake message from message connection
I1102 19:17:21.952878 IO-0/EL  worker_manager.cpp:60] WorkerManager: FuncWorker of func_id 1, client_id 65 connected
I1102 19:17:21.952892 IO-0/EL  message_connection.cpp:269] FuncWorkerConnection[1-65]: Handshake done
I1102 19:17:21.953267 Server/E engine.cpp:674] Engine: New message connection
I1102 19:17:21.953303 IO-0/EL  engine.cpp:277] Engine: Receive new handshake message from message connection
I1102 19:17:21.953308 IO-0/EL  worker_manager.cpp:60] WorkerManager: FuncWorker of func_id 1, client_id 66 connected
I1102 19:17:21.953320 IO-0/EL  message_connection.cpp:269] FuncWorkerConnection[1-66]: Handshake done
I1102 19:17:21.953758 Server/E engine.cpp:674] Engine: New message connection
I1102 19:17:21.953791 IO-0/EL  engine.cpp:277] Engine: Receive new handshake message from message connection
I1102 19:17:21.953796 IO-0/EL  worker_manager.cpp:60] WorkerManager: FuncWorker of func_id 1, client_id 67 connected
I1102 19:17:21.953809 IO-0/EL  message_connection.cpp:269] FuncWorkerConnection[1-67]: Handshake done
I1102 19:17:21.954204 Server/E engine.cpp:674] Engine: New message connection
I1102 19:17:21.954248 IO-0/EL  engine.cpp:277] Engine: Receive new handshake message from message connection
I1102 19:17:21.954253 IO-0/EL  worker_manager.cpp:60] WorkerManager: FuncWorker of func_id 1, client_id 68 connected
I1102 19:17:21.954265 IO-0/EL  message_connection.cpp:269] FuncWorkerConnection[1-68]: Handshake done
I1102 19:17:21.954741 Server/E engine.cpp:674] Engine: New message connection
I1102 19:17:21.954773 IO-0/EL  engine.cpp:277] Engine: Receive new handshake message from message connection
I1102 19:17:21.954778 IO-0/EL  worker_manager.cpp:60] WorkerManager: FuncWorker of func_id 1, client_id 69 connected
I1102 19:17:21.954791 IO-0/EL  message_connection.cpp:269] FuncWorkerConnection[1-69]: Handshake done
I1102 19:17:21.955184 Server/E engine.cpp:674] Engine: New message connection
I1102 19:17:21.955213 IO-0/EL  engine.cpp:277] Engine: Receive new handshake message from message connection
I1102 19:17:21.955217 IO-0/EL  worker_manager.cpp:60] WorkerManager: FuncWorker of func_id 1, client_id 70 connected
I1102 19:17:21.955233 IO-0/EL  message_connection.cpp:269] FuncWorkerConnection[1-70]: Handshake done
I1102 19:17:21.955687 Server/E engine.cpp:674] Engine: New message connection
I1102 19:17:21.955713 IO-0/EL  engine.cpp:277] Engine: Receive new handshake message from message connection
I1102 19:17:21.955718 IO-0/EL  worker_manager.cpp:60] WorkerManager: FuncWorker of func_id 1, client_id 71 connected
I1102 19:17:21.955731 IO-0/EL  message_connection.cpp:269] FuncWorkerConnection[1-71]: Handshake done
I1102 19:17:21.956327 Server/E engine.cpp:674] Engine: New message connection
I1102 19:17:21.956352 IO-0/EL  engine.cpp:277] Engine: Receive new handshake message from message connection
I1102 19:17:21.956358 IO-0/EL  worker_manager.cpp:60] WorkerManager: FuncWorker of func_id 1, client_id 72 connected
I1102 19:17:21.956371 IO-0/EL  message_connection.cpp:269] FuncWorkerConnection[1-72]: Handshake done
I1102 19:17:21.956655 Server/E engine.cpp:674] Engine: New message connection
I1102 19:17:21.956681 IO-0/EL  engine.cpp:277] Engine: Receive new handshake message from message connection
I1102 19:17:21.956686 IO-0/EL  worker_manager.cpp:60] WorkerManager: FuncWorker of func_id 1, client_id 73 connected
I1102 19:17:21.956698 IO-0/EL  message_connection.cpp:269] FuncWorkerConnection[1-73]: Handshake done
I1102 19:17:21.957187 Server/E engine.cpp:674] Engine: New message connection
I1102 19:17:21.957213 IO-0/EL  engine.cpp:277] Engine: Receive new handshake message from message connection
I1102 19:17:21.957217 IO-0/EL  worker_manager.cpp:60] WorkerManager: FuncWorker of func_id 1, client_id 74 connected
I1102 19:17:21.957231 IO-0/EL  message_connection.cpp:269] FuncWorkerConnection[1-74]: Handshake done
I1102 19:17:21.957665 Server/E engine.cpp:674] Engine: New message connection
I1102 19:17:21.957702 IO-0/EL  engine.cpp:277] Engine: Receive new handshake message from message connection
I1102 19:17:21.957706 IO-0/EL  worker_manager.cpp:60] WorkerManager: FuncWorker of func_id 1, client_id 75 connected
I1102 19:17:21.957722 IO-0/EL  message_connection.cpp:269] FuncWorkerConnection[1-75]: Handshake done
I1102 19:17:21.958214 Server/E engine.cpp:674] Engine: New message connection
I1102 19:17:21.958252 IO-0/EL  engine.cpp:277] Engine: Receive new handshake message from message connection
I1102 19:17:21.958257 IO-0/EL  worker_manager.cpp:60] WorkerManager: FuncWorker of func_id 1, client_id 76 connected
I1102 19:17:21.958270 IO-0/EL  message_connection.cpp:269] FuncWorkerConnection[1-76]: Handshake done
I1102 19:17:21.958624 Server/E engine.cpp:674] Engine: New message connection
I1102 19:17:21.958654 IO-0/EL  engine.cpp:277] Engine: Receive new handshake message from message connection
I1102 19:17:21.958658 IO-0/EL  worker_manager.cpp:60] WorkerManager: FuncWorker of func_id 1, client_id 77 connected
I1102 19:17:21.958671 IO-0/EL  message_connection.cpp:269] FuncWorkerConnection[1-77]: Handshake done
I1102 19:17:21.959137 Server/E engine.cpp:674] Engine: New message connection
I1102 19:17:21.959172 IO-0/EL  engine.cpp:277] Engine: Receive new handshake message from message connection
I1102 19:17:21.959192 IO-0/EL  worker_manager.cpp:60] WorkerManager: FuncWorker of func_id 1, client_id 78 connected
I1102 19:17:21.959206 IO-0/EL  message_connection.cpp:269] FuncWorkerConnection[1-78]: Handshake done
I1102 19:17:21.976735 Server/E engine.cpp:674] Engine: New message connection
I1102 19:17:21.976770 Server/E engine.cpp:674] Engine: New message connection
I1102 19:17:21.976777 IO-0/EL  engine.cpp:277] Engine: Receive new handshake message from message connection
I1102 19:17:21.976783 IO-0/EL  worker_manager.cpp:60] WorkerManager: FuncWorker of func_id 1, client_id 79 connected
I1102 19:17:21.976786 Server/E engine.cpp:674] Engine: New message connection
I1102 19:17:21.976797 IO-0/EL  message_connection.cpp:269] FuncWorkerConnection[1-79]: Handshake done
I1102 19:17:21.976799 Server/E engine.cpp:674] Engine: New message connection
I1102 19:17:21.976817 Server/E engine.cpp:674] Engine: New message connection
I1102 19:17:21.976820 IO-0/EL  engine.cpp:277] Engine: Receive new handshake message from message connection
I1102 19:17:21.976825 IO-0/EL  worker_manager.cpp:60] WorkerManager: FuncWorker of func_id 1, client_id 80 connected
I1102 19:17:21.976834 Server/E engine.cpp:674] Engine: New message connection
I1102 19:17:21.976839 IO-0/EL  message_connection.cpp:269] FuncWorkerConnection[1-80]: Handshake done
I1102 19:17:21.976847 Server/E engine.cpp:674] Engine: New message connection
I1102 19:17:21.976853 IO-0/EL  engine.cpp:277] Engine: Receive new handshake message from message connection
I1102 19:17:21.976857 IO-0/EL  worker_manager.cpp:60] WorkerManager: FuncWorker of func_id 1, client_id 81 connected
I1102 19:17:21.976861 Server/E engine.cpp:674] Engine: New message connection
I1102 19:17:21.976870 IO-0/EL  message_connection.cpp:269] FuncWorkerConnection[1-81]: Handshake done
I1102 19:17:21.976875 Server/E engine.cpp:674] Engine: New message connection
I1102 19:17:21.976887 IO-0/EL  engine.cpp:277] Engine: Receive new handshake message from message connection
I1102 19:17:21.976888 Server/E engine.cpp:674] Engine: New message connection
I1102 19:17:21.976892 IO-0/EL  worker_manager.cpp:60] WorkerManager: FuncWorker of func_id 1, client_id 82 connected
I1102 19:17:21.976910 IO-0/EL  message_connection.cpp:269] FuncWorkerConnection[1-82]: Handshake done
I1102 19:17:21.976914 Server/E engine.cpp:674] Engine: New message connection
I1102 19:17:21.976926 IO-0/EL  engine.cpp:277] Engine: Receive new handshake message from message connection
I1102 19:17:21.976930 IO-0/EL  worker_manager.cpp:60] WorkerManager: FuncWorker of func_id 1, client_id 83 connected
I1102 19:17:21.976936 Server/E engine.cpp:674] Engine: New message connection
I1102 19:17:21.976943 IO-0/EL  message_connection.cpp:269] FuncWorkerConnection[1-83]: Handshake done
I1102 19:17:21.976960 Server/E engine.cpp:674] Engine: New message connection
I1102 19:17:21.976961 IO-0/EL  engine.cpp:277] Engine: Receive new handshake message from message connection
I1102 19:17:21.976984 IO-0/EL  worker_manager.cpp:60] WorkerManager: FuncWorker of func_id 1, client_id 84 connected
I1102 19:17:21.976984 Server/E engine.cpp:674] Engine: New message connection
I1102 19:17:21.976999 IO-0/EL  message_connection.cpp:269] FuncWorkerConnection[1-84]: Handshake done
I1102 19:17:21.977010 Server/E engine.cpp:674] Engine: New message connection
I1102 19:17:21.977013 IO-0/EL  engine.cpp:277] Engine: Receive new handshake message from message connection
I1102 19:17:21.977028 IO-0/EL  worker_manager.cpp:60] WorkerManager: FuncWorker of func_id 1, client_id 85 connected
I1102 19:17:21.977033 Server/E engine.cpp:674] Engine: New message connection
I1102 19:17:21.977047 IO-0/EL  message_connection.cpp:269] FuncWorkerConnection[1-85]: Handshake done
I1102 19:17:21.977052 Server/E engine.cpp:674] Engine: New message connection
I1102 19:17:21.977061 IO-0/EL  engine.cpp:277] Engine: Receive new handshake message from message connection
I1102 19:17:21.977065 IO-0/EL  worker_manager.cpp:60] WorkerManager: FuncWorker of func_id 1, client_id 86 connected
I1102 19:17:21.977073 Server/E engine.cpp:674] Engine: New message connection
I1102 19:17:21.977086 IO-0/EL  message_connection.cpp:269] FuncWorkerConnection[1-86]: Handshake done
I1102 19:17:21.977097 Server/E engine.cpp:674] Engine: New message connection
I1102 19:17:21.977104 IO-0/EL  engine.cpp:277] Engine: Receive new handshake message from message connection
I1102 19:17:21.977109 IO-0/EL  worker_manager.cpp:60] WorkerManager: FuncWorker of func_id 1, client_id 87 connected
I1102 19:17:21.977116 Server/E engine.cpp:674] Engine: New message connection
I1102 19:17:21.977123 IO-0/EL  message_connection.cpp:269] FuncWorkerConnection[1-87]: Handshake done
I1102 19:17:21.977138 IO-0/EL  engine.cpp:277] Engine: Receive new handshake message from message connection
I1102 19:17:21.977138 Server/E engine.cpp:674] Engine: New message connection
I1102 19:17:21.977143 IO-0/EL  worker_manager.cpp:60] WorkerManager: FuncWorker of func_id 1, client_id 88 connected
I1102 19:17:21.977165 Server/E engine.cpp:674] Engine: New message connection
I1102 19:17:21.977185 Server/E engine.cpp:674] Engine: New message connection
I1102 19:17:21.977168 IO-0/EL  message_connection.cpp:269] FuncWorkerConnection[1-88]: Handshake done
I1102 19:17:21.977212 Server/E engine.cpp:674] Engine: New message connection
I1102 19:17:21.977224 IO-0/EL  engine.cpp:277] Engine: Receive new handshake message from message connection
I1102 19:17:21.977230 IO-0/EL  worker_manager.cpp:60] WorkerManager: FuncWorker of func_id 1, client_id 89 connected
I1102 19:17:21.977235 Server/E engine.cpp:674] Engine: New message connection
I1102 19:17:21.977244 IO-0/EL  message_connection.cpp:269] FuncWorkerConnection[1-89]: Handshake done
I1102 19:17:21.977253 Server/E engine.cpp:674] Engine: New message connection
I1102 19:17:21.977259 IO-0/EL  engine.cpp:277] Engine: Receive new handshake message from message connection
I1102 19:17:21.977263 IO-0/EL  worker_manager.cpp:60] WorkerManager: FuncWorker of func_id 1, client_id 90 connected
I1102 19:17:21.977276 Server/E engine.cpp:674] Engine: New message connection
I1102 19:17:21.977277 IO-0/EL  message_connection.cpp:269] FuncWorkerConnection[1-90]: Handshake done
I1102 19:17:21.977301 Server/E engine.cpp:674] Engine: New message connection
I1102 19:17:21.977308 IO-0/EL  engine.cpp:277] Engine: Receive new handshake message from message connection
I1102 19:17:21.977313 IO-0/EL  worker_manager.cpp:60] WorkerManager: FuncWorker of func_id 1, client_id 91 connected
I1102 19:17:21.977319 Server/E engine.cpp:674] Engine: New message connection
I1102 19:17:21.977331 IO-0/EL  message_connection.cpp:269] FuncWorkerConnection[1-91]: Handshake done
I1102 19:17:21.977341 Server/E engine.cpp:674] Engine: New message connection
I1102 19:17:21.977344 IO-0/EL  engine.cpp:277] Engine: Receive new handshake message from message connection
I1102 19:17:21.977356 IO-0/EL  worker_manager.cpp:60] WorkerManager: FuncWorker of func_id 1, client_id 92 connected
I1102 19:17:21.977364 Server/E engine.cpp:674] Engine: New message connection
I1102 19:17:21.977370 IO-0/EL  message_connection.cpp:269] FuncWorkerConnection[1-92]: Handshake done
I1102 19:17:21.977389 IO-0/EL  engine.cpp:277] Engine: Receive new handshake message from message connection
I1102 19:17:21.977389 Server/E engine.cpp:674] Engine: New message connection
I1102 19:17:21.977393 IO-0/EL  worker_manager.cpp:60] WorkerManager: FuncWorker of func_id 1, client_id 93 connected
I1102 19:17:21.977421 Server/E engine.cpp:674] Engine: New message connection
I1102 19:17:21.977425 IO-0/EL  message_connection.cpp:269] FuncWorkerConnection[1-93]: Handshake done
I1102 19:17:21.977443 IO-0/EL  engine.cpp:277] Engine: Receive new handshake message from message connection
I1102 19:17:21.977443 Server/E engine.cpp:674] Engine: New message connection
I1102 19:17:21.977448 IO-0/EL  worker_manager.cpp:60] WorkerManager: FuncWorker of func_id 1, client_id 94 connected
I1102 19:17:21.977471 IO-0/EL  message_connection.cpp:269] FuncWorkerConnection[1-94]: Handshake done
I1102 19:17:21.977478 Server/E engine.cpp:674] Engine: New message connection
I1102 19:17:21.977496 IO-0/EL  engine.cpp:277] Engine: Receive new handshake message from message connection
I1102 19:17:21.977501 IO-0/EL  worker_manager.cpp:60] WorkerManager: FuncWorker of func_id 1, client_id 95 connected
I1102 19:17:21.977502 Server/E engine.cpp:674] Engine: New message connection
I1102 19:17:21.977515 IO-0/EL  message_connection.cpp:269] FuncWorkerConnection[1-95]: Handshake done
I1102 19:17:21.977523 Server/E engine.cpp:674] Engine: New message connection
I1102 19:17:21.977530 IO-0/EL  engine.cpp:277] Engine: Receive new handshake message from message connection
I1102 19:17:21.977534 IO-0/EL  worker_manager.cpp:60] WorkerManager: FuncWorker of func_id 1, client_id 96 connected
I1102 19:17:21.977545 Server/E engine.cpp:674] Engine: New message connection
I1102 19:17:21.977550 IO-0/EL  message_connection.cpp:269] FuncWorkerConnection[1-96]: Handshake done
I1102 19:17:21.977580 IO-0/EL  engine.cpp:277] Engine: Receive new handshake message from message connection
I1102 19:17:21.977585 IO-0/EL  worker_manager.cpp:60] WorkerManager: FuncWorker of func_id 1, client_id 97 connected
I1102 19:17:21.977599 IO-0/EL  message_connection.cpp:269] FuncWorkerConnection[1-97]: Handshake done
I1102 19:17:21.977612 IO-0/EL  engine.cpp:277] Engine: Receive new handshake message from message connection
I1102 19:17:21.977617 IO-0/EL  worker_manager.cpp:60] WorkerManager: FuncWorker of func_id 1, client_id 98 connected
I1102 19:17:21.977630 IO-0/EL  message_connection.cpp:269] FuncWorkerConnection[1-98]: Handshake done
I1102 19:17:21.977647 IO-0/EL  engine.cpp:277] Engine: Receive new handshake message from message connection
I1102 19:17:21.977652 IO-0/EL  worker_manager.cpp:60] WorkerManager: FuncWorker of func_id 1, client_id 99 connected
I1102 19:17:21.977665 IO-0/EL  message_connection.cpp:269] FuncWorkerConnection[1-99]: Handshake done
I1102 19:17:21.977680 IO-0/EL  engine.cpp:277] Engine: Receive new handshake message from message connection
I1102 19:17:21.977686 IO-0/EL  worker_manager.cpp:60] WorkerManager: FuncWorker of func_id 1, client_id 100 connected
I1102 19:17:21.977722 IO-0/EL  message_connection.cpp:269] FuncWorkerConnection[1-100]: Handshake done
I1102 19:17:21.977745 IO-0/EL  engine.cpp:277] Engine: Receive new handshake message from message connection
I1102 19:17:21.977752 IO-0/EL  worker_manager.cpp:60] WorkerManager: FuncWorker of func_id 1, client_id 101 connected
I1102 19:17:21.977772 IO-0/EL  message_connection.cpp:269] FuncWorkerConnection[1-101]: Handshake done
I1102 19:17:21.977775 Server/E engine.cpp:674] Engine: New message connection
I1102 19:17:21.977798 IO-0/EL  engine.cpp:277] Engine: Receive new handshake message from message connection
I1102 19:17:21.977805 IO-0/EL  worker_manager.cpp:60] WorkerManager: FuncWorker of func_id 1, client_id 102 connected
I1102 19:17:21.977826 IO-0/EL  message_connection.cpp:269] FuncWorkerConnection[1-102]: Handshake done
I1102 19:17:21.977848 IO-0/EL  engine.cpp:277] Engine: Receive new handshake message from message connection
I1102 19:17:21.977854 IO-0/EL  worker_manager.cpp:60] WorkerManager: FuncWorker of func_id 1, client_id 103 connected
I1102 19:17:21.977875 IO-0/EL  message_connection.cpp:269] FuncWorkerConnection[1-103]: Handshake done
I1102 19:17:21.977899 IO-0/EL  engine.cpp:277] Engine: Receive new handshake message from message connection
I1102 19:17:21.977906 IO-0/EL  worker_manager.cpp:60] WorkerManager: FuncWorker of func_id 1, client_id 104 connected
I1102 19:17:21.977926 IO-0/EL  message_connection.cpp:269] FuncWorkerConnection[1-104]: Handshake done
I1102 19:17:21.977946 IO-0/EL  engine.cpp:277] Engine: Receive new handshake message from message connection
I1102 19:17:21.977952 IO-0/EL  worker_manager.cpp:60] WorkerManager: FuncWorker of func_id 1, client_id 105 connected
I1102 19:17:21.977971 IO-0/EL  message_connection.cpp:269] FuncWorkerConnection[1-105]: Handshake done
I1102 19:17:21.977994 IO-0/EL  engine.cpp:277] Engine: Receive new handshake message from message connection
I1102 19:17:21.978011 IO-0/EL  worker_manager.cpp:60] WorkerManager: FuncWorker of func_id 1, client_id 106 connected
I1102 19:17:21.978030 IO-0/EL  message_connection.cpp:269] FuncWorkerConnection[1-106]: Handshake done
I1102 19:17:21.978052 IO-0/EL  engine.cpp:277] Engine: Receive new handshake message from message connection
I1102 19:17:21.978059 IO-0/EL  worker_manager.cpp:60] WorkerManager: FuncWorker of func_id 1, client_id 107 connected
I1102 19:17:21.978079 IO-0/EL  message_connection.cpp:269] FuncWorkerConnection[1-107]: Handshake done
I1102 19:17:21.978103 IO-0/EL  engine.cpp:277] Engine: Receive new handshake message from message connection
I1102 19:17:21.978110 IO-0/EL  worker_manager.cpp:60] WorkerManager: FuncWorker of func_id 1, client_id 108 connected
I1102 19:17:21.978131 IO-0/EL  message_connection.cpp:269] FuncWorkerConnection[1-108]: Handshake done
I1102 19:17:21.978148 IO-0/EL  engine.cpp:277] Engine: Receive new handshake message from message connection
I1102 19:17:21.978154 IO-0/EL  worker_manager.cpp:60] WorkerManager: FuncWorker of func_id 1, client_id 109 connected
I1102 19:17:21.978175 IO-0/EL  message_connection.cpp:269] FuncWorkerConnection[1-109]: Handshake done
I1102 19:17:21.978197 IO-0/EL  engine.cpp:277] Engine: Receive new handshake message from message connection
I1102 19:17:21.978204 IO-0/EL  worker_manager.cpp:60] WorkerManager: FuncWorker of func_id 1, client_id 110 connected
I1102 19:17:21.978224 IO-0/EL  message_connection.cpp:269] FuncWorkerConnection[1-110]: Handshake done
I1102 19:17:21.978251 IO-0/EL  engine.cpp:277] Engine: Receive new handshake message from message connection
I1102 19:17:21.978258 IO-0/EL  worker_manager.cpp:60] WorkerManager: FuncWorker of func_id 1, client_id 111 connected
I1102 19:17:21.978280 IO-0/EL  message_connection.cpp:269] FuncWorkerConnection[1-111]: Handshake done
I1102 19:17:21.978307 IO-0/EL  engine.cpp:277] Engine: Receive new handshake message from message connection
I1102 19:17:21.978315 IO-0/EL  worker_manager.cpp:60] WorkerManager: FuncWorker of func_id 1, client_id 112 connected
I1102 19:17:21.978343 IO-0/EL  message_connection.cpp:269] FuncWorkerConnection[1-112]: Handshake done
I1102 19:17:21.978364 IO-0/EL  engine.cpp:277] Engine: Receive new handshake message from message connection
I1102 19:17:21.978371 IO-0/EL  worker_manager.cpp:60] WorkerManager: FuncWorker of func_id 1, client_id 113 connected
I1102 19:17:21.978375 Server/E engine.cpp:674] Engine: New message connection
I1102 19:17:21.978414 IO-0/EL  message_connection.cpp:269] FuncWorkerConnection[1-113]: Handshake done
I1102 19:17:21.978440 IO-0/EL  engine.cpp:277] Engine: Receive new handshake message from message connection
I1102 19:17:21.978446 IO-0/EL  worker_manager.cpp:60] WorkerManager: FuncWorker of func_id 1, client_id 114 connected
I1102 19:17:21.978468 IO-0/EL  message_connection.cpp:269] FuncWorkerConnection[1-114]: Handshake done
I1102 19:17:21.978492 IO-0/EL  engine.cpp:277] Engine: Receive new handshake message from message connection
I1102 19:17:21.978498 IO-0/EL  worker_manager.cpp:60] WorkerManager: FuncWorker of func_id 1, client_id 115 connected
I1102 19:17:21.978518 IO-0/EL  message_connection.cpp:269] FuncWorkerConnection[1-115]: Handshake done
I1102 19:17:21.978540 IO-0/EL  engine.cpp:277] Engine: Receive new handshake message from message connection
I1102 19:17:21.978547 IO-0/EL  worker_manager.cpp:60] WorkerManager: FuncWorker of func_id 1, client_id 116 connected
I1102 19:17:21.978567 IO-0/EL  message_connection.cpp:269] FuncWorkerConnection[1-116]: Handshake done
I1102 19:17:21.978594 IO-0/EL  engine.cpp:277] Engine: Receive new handshake message from message connection
I1102 19:17:21.978600 IO-0/EL  worker_manager.cpp:60] WorkerManager: FuncWorker of func_id 1, client_id 117 connected
I1102 19:17:21.978620 IO-0/EL  message_connection.cpp:269] FuncWorkerConnection[1-117]: Handshake done
I1102 19:17:21.978640 IO-0/EL  engine.cpp:277] Engine: Receive new handshake message from message connection
I1102 19:17:21.978646 IO-0/EL  worker_manager.cpp:60] WorkerManager: FuncWorker of func_id 1, client_id 118 connected
I1102 19:17:21.978687 IO-0/EL  message_connection.cpp:269] FuncWorkerConnection[1-118]: Handshake done
I1102 19:17:21.979122 Server/E engine.cpp:674] Engine: New message connection
I1102 19:17:21.979199 IO-0/EL  engine.cpp:277] Engine: Receive new handshake message from message connection
I1102 19:17:21.979211 IO-0/EL  worker_manager.cpp:60] WorkerManager: FuncWorker of func_id 1, client_id 119 connected
I1102 19:17:21.979239 IO-0/EL  message_connection.cpp:269] FuncWorkerConnection[1-119]: Handshake done
I1102 19:17:21.994688 Server/E engine.cpp:674] Engine: New message connection
I1102 19:17:21.994750 IO-0/EL  engine.cpp:277] Engine: Receive new handshake message from message connection
I1102 19:17:21.994764 IO-0/EL  worker_manager.cpp:60] WorkerManager: FuncWorker of func_id 1, client_id 120 connected
I1102 19:17:21.994794 IO-0/EL  message_connection.cpp:269] FuncWorkerConnection[1-120]: Handshake done
I1102 19:17:21.995193 Server/E engine.cpp:674] Engine: New message connection
I1102 19:17:21.995238 IO-0/EL  engine.cpp:277] Engine: Receive new handshake message from message connection
I1102 19:17:21.995242 IO-0/EL  worker_manager.cpp:60] WorkerManager: FuncWorker of func_id 1, client_id 121 connected
I1102 19:17:21.995256 IO-0/EL  message_connection.cpp:269] FuncWorkerConnection[1-121]: Handshake done
I1102 19:17:21.995700 Server/E engine.cpp:674] Engine: New message connection
I1102 19:17:21.995731 IO-0/EL  engine.cpp:277] Engine: Receive new handshake message from message connection
I1102 19:17:21.995736 IO-0/EL  worker_manager.cpp:60] WorkerManager: FuncWorker of func_id 1, client_id 122 connected
I1102 19:17:21.995754 IO-0/EL  message_connection.cpp:269] FuncWorkerConnection[1-122]: Handshake done
I1102 19:17:21.996253 Server/E engine.cpp:674] Engine: New message connection
I1102 19:17:21.996296 IO-0/EL  engine.cpp:277] Engine: Receive new handshake message from message connection
I1102 19:17:21.996300 IO-0/EL  worker_manager.cpp:60] WorkerManager: FuncWorker of func_id 1, client_id 123 connected
I1102 19:17:21.996314 IO-0/EL  message_connection.cpp:269] FuncWorkerConnection[1-123]: Handshake done
I1102 19:17:21.996648 Server/E engine.cpp:674] Engine: New message connection
I1102 19:17:21.996689 IO-0/EL  engine.cpp:277] Engine: Receive new handshake message from message connection
I1102 19:17:21.996694 IO-0/EL  worker_manager.cpp:60] WorkerManager: FuncWorker of func_id 1, client_id 124 connected
I1102 19:17:21.996707 IO-0/EL  message_connection.cpp:269] FuncWorkerConnection[1-124]: Handshake done
I1102 19:17:21.997167 Server/E engine.cpp:674] Engine: New message connection
I1102 19:17:21.997213 IO-0/EL  engine.cpp:277] Engine: Receive new handshake message from message connection
I1102 19:17:21.997218 IO-0/EL  worker_manager.cpp:60] WorkerManager: FuncWorker of func_id 1, client_id 125 connected
I1102 19:17:21.997231 IO-0/EL  message_connection.cpp:269] FuncWorkerConnection[1-125]: Handshake done
I1102 19:17:21.997961 Server/E engine.cpp:674] Engine: New message connection
I1102 19:17:21.998009 IO-0/EL  engine.cpp:277] Engine: Receive new handshake message from message connection
I1102 19:17:21.998014 IO-0/EL  worker_manager.cpp:60] WorkerManager: FuncWorker of func_id 1, client_id 126 connected
I1102 19:17:21.998028 IO-0/EL  message_connection.cpp:269] FuncWorkerConnection[1-126]: Handshake done
I1102 19:17:21.998189 Server/E engine.cpp:674] Engine: New message connection
I1102 19:17:21.998215 IO-0/EL  engine.cpp:277] Engine: Receive new handshake message from message connection
I1102 19:17:21.998220 IO-0/EL  worker_manager.cpp:60] WorkerManager: FuncWorker of func_id 1, client_id 127 connected
I1102 19:17:21.998237 IO-0/EL  message_connection.cpp:269] FuncWorkerConnection[1-127]: Handshake done
I1102 19:17:21.998739 Server/E engine.cpp:674] Engine: New message connection
I1102 19:17:21.998763 IO-0/EL  engine.cpp:277] Engine: Receive new handshake message from message connection
I1102 19:17:21.998768 IO-0/EL  worker_manager.cpp:60] WorkerManager: FuncWorker of func_id 1, client_id 128 connected
I1102 19:17:21.998796 IO-0/EL  message_connection.cpp:269] FuncWorkerConnection[1-128]: Handshake done
I1102 19:17:21.999322 Server/E engine.cpp:674] Engine: New message connection
I1102 19:17:21.999348 IO-0/EL  engine.cpp:277] Engine: Receive new handshake message from message connection
I1102 19:17:21.999353 IO-0/EL  worker_manager.cpp:60] WorkerManager: FuncWorker of func_id 1, client_id 129 connected
I1102 19:17:21.999367 IO-0/EL  message_connection.cpp:269] FuncWorkerConnection[1-129]: Handshake done
I1102 19:17:21.999943 Server/E engine.cpp:674] Engine: New message connection
I1102 19:17:21.999989 IO-0/EL  engine.cpp:277] Engine: Receive new handshake message from message connection
I1102 19:17:21.999993 IO-0/EL  worker_manager.cpp:60] WorkerManager: FuncWorker of func_id 1, client_id 130 connected
I1102 19:17:22.000006 IO-0/EL  message_connection.cpp:269] FuncWorkerConnection[1-130]: Handshake done
I1102 19:17:22.000373 Server/E engine.cpp:674] Engine: New message connection
I1102 19:17:22.000414 IO-0/EL  engine.cpp:277] Engine: Receive new handshake message from message connection
I1102 19:17:22.000418 IO-0/EL  worker_manager.cpp:60] WorkerManager: FuncWorker of func_id 1, client_id 131 connected
I1102 19:17:22.000432 IO-0/EL  message_connection.cpp:269] FuncWorkerConnection[1-131]: Handshake done
I1102 19:17:22.000939 Server/E engine.cpp:674] Engine: New message connection
I1102 19:17:22.000974 IO-0/EL  engine.cpp:277] Engine: Receive new handshake message from message connection
I1102 19:17:22.000979 IO-0/EL  worker_manager.cpp:60] WorkerManager: FuncWorker of func_id 1, client_id 132 connected
I1102 19:17:22.000992 IO-0/EL  message_connection.cpp:269] FuncWorkerConnection[1-132]: Handshake done
I1102 19:17:22.001661 Server/E engine.cpp:674] Engine: New message connection
I1102 19:17:22.001695 IO-0/EL  engine.cpp:277] Engine: Receive new handshake message from message connection
I1102 19:17:22.001700 IO-0/EL  worker_manager.cpp:60] WorkerManager: FuncWorker of func_id 1, client_id 133 connected
I1102 19:17:22.001721 IO-0/EL  message_connection.cpp:269] FuncWorkerConnection[1-133]: Handshake done
I1102 19:17:22.002494 Server/E engine.cpp:674] Engine: New message connection
I1102 19:17:22.002526 IO-0/EL  engine.cpp:277] Engine: Receive new handshake message from message connection
I1102 19:17:22.002531 IO-0/EL  worker_manager.cpp:60] WorkerManager: FuncWorker of func_id 1, client_id 135 connected
I1102 19:17:22.002545 IO-0/EL  message_connection.cpp:269] FuncWorkerConnection[1-135]: Handshake done
I1102 19:17:22.002557 Server/E engine.cpp:674] Engine: New message connection
I1102 19:17:22.002586 IO-0/EL  engine.cpp:277] Engine: Receive new handshake message from message connection
I1102 19:17:22.002591 IO-0/EL  worker_manager.cpp:60] WorkerManager: FuncWorker of func_id 1, client_id 134 connected
I1102 19:17:22.002604 IO-0/EL  message_connection.cpp:269] FuncWorkerConnection[1-134]: Handshake done
I1102 19:17:22.003004 Server/E engine.cpp:674] Engine: New message connection
I1102 19:17:22.003035 IO-0/EL  engine.cpp:277] Engine: Receive new handshake message from message connection
I1102 19:17:22.003040 IO-0/EL  worker_manager.cpp:60] WorkerManager: FuncWorker of func_id 1, client_id 136 connected
I1102 19:17:22.003053 IO-0/EL  message_connection.cpp:269] FuncWorkerConnection[1-136]: Handshake done
I1102 19:17:22.003486 Server/E engine.cpp:674] Engine: New message connection
I1102 19:17:22.003525 IO-0/EL  engine.cpp:277] Engine: Receive new handshake message from message connection
I1102 19:17:22.003530 IO-0/EL  worker_manager.cpp:60] WorkerManager: FuncWorker of func_id 1, client_id 137 connected
I1102 19:17:22.003542 IO-0/EL  message_connection.cpp:269] FuncWorkerConnection[1-137]: Handshake done
I1102 19:17:22.003942 Server/E engine.cpp:674] Engine: New message connection
I1102 19:17:22.003974 IO-0/EL  engine.cpp:277] Engine: Receive new handshake message from message connection
I1102 19:17:22.003979 IO-0/EL  worker_manager.cpp:60] WorkerManager: FuncWorker of func_id 1, client_id 138 connected
I1102 19:17:22.004005 IO-0/EL  message_connection.cpp:269] FuncWorkerConnection[1-138]: Handshake done
I1102 19:17:22.004470 Server/E engine.cpp:674] Engine: New message connection
I1102 19:17:22.004507 IO-0/EL  engine.cpp:277] Engine: Receive new handshake message from message connection
I1102 19:17:22.004511 IO-0/EL  worker_manager.cpp:60] WorkerManager: FuncWorker of func_id 1, client_id 139 connected
I1102 19:17:22.004525 IO-0/EL  message_connection.cpp:269] FuncWorkerConnection[1-139]: Handshake done
I1102 19:17:22.004946 Server/E engine.cpp:674] Engine: New message connection
I1102 19:17:22.004992 IO-0/EL  engine.cpp:277] Engine: Receive new handshake message from message connection
I1102 19:17:22.004997 IO-0/EL  worker_manager.cpp:60] WorkerManager: FuncWorker of func_id 1, client_id 140 connected
I1102 19:17:22.005017 IO-0/EL  message_connection.cpp:269] FuncWorkerConnection[1-140]: Handshake done
I1102 19:17:22.005452 Server/E engine.cpp:674] Engine: New message connection
I1102 19:17:22.005485 IO-0/EL  engine.cpp:277] Engine: Receive new handshake message from message connection
I1102 19:17:22.005489 IO-0/EL  worker_manager.cpp:60] WorkerManager: FuncWorker of func_id 1, client_id 141 connected
I1102 19:17:22.005502 IO-0/EL  message_connection.cpp:269] FuncWorkerConnection[1-141]: Handshake done
I1102 19:17:22.006062 Server/E engine.cpp:674] Engine: New message connection
I1102 19:17:22.006104 IO-0/EL  engine.cpp:277] Engine: Receive new handshake message from message connection
I1102 19:17:22.006109 IO-0/EL  worker_manager.cpp:60] WorkerManager: FuncWorker of func_id 1, client_id 142 connected
I1102 19:17:22.006122 IO-0/EL  message_connection.cpp:269] FuncWorkerConnection[1-142]: Handshake done
I1102 19:17:22.006469 Server/E engine.cpp:674] Engine: New message connection
I1102 19:17:22.006497 IO-0/EL  engine.cpp:277] Engine: Receive new handshake message from message connection
I1102 19:17:22.006502 IO-0/EL  worker_manager.cpp:60] WorkerManager: FuncWorker of func_id 1, client_id 143 connected
I1102 19:17:22.006514 IO-0/EL  message_connection.cpp:269] FuncWorkerConnection[1-143]: Handshake done
I1102 19:17:22.007069 Server/E engine.cpp:674] Engine: New message connection
I1102 19:17:22.007098 IO-0/EL  engine.cpp:277] Engine: Receive new handshake message from message connection
I1102 19:17:22.007102 IO-0/EL  worker_manager.cpp:60] WorkerManager: FuncWorker of func_id 1, client_id 144 connected
I1102 19:17:22.007118 IO-0/EL  message_connection.cpp:269] FuncWorkerConnection[1-144]: Handshake done
I1102 19:17:22.007562 Server/E engine.cpp:674] Engine: New message connection
I1102 19:17:22.007583 IO-0/EL  engine.cpp:277] Engine: Receive new handshake message from message connection
I1102 19:17:22.007587 IO-0/EL  worker_manager.cpp:60] WorkerManager: FuncWorker of func_id 1, client_id 145 connected
I1102 19:17:22.007600 IO-0/EL  message_connection.cpp:269] FuncWorkerConnection[1-145]: Handshake done
I1102 19:17:22.008033 Server/E engine.cpp:674] Engine: New message connection
I1102 19:17:22.008071 IO-0/EL  engine.cpp:277] Engine: Receive new handshake message from message connection
I1102 19:17:22.008076 IO-0/EL  worker_manager.cpp:60] WorkerManager: FuncWorker of func_id 1, client_id 146 connected
I1102 19:17:22.008089 IO-0/EL  message_connection.cpp:269] FuncWorkerConnection[1-146]: Handshake done
I1102 19:17:22.008495 Server/E engine.cpp:674] Engine: New message connection
I1102 19:17:22.008526 IO-0/EL  engine.cpp:277] Engine: Receive new handshake message from message connection
I1102 19:17:22.008530 IO-0/EL  worker_manager.cpp:60] WorkerManager: FuncWorker of func_id 1, client_id 147 connected
I1102 19:17:22.008543 IO-0/EL  message_connection.cpp:269] FuncWorkerConnection[1-147]: Handshake done
I1102 19:17:22.009027 Server/E engine.cpp:674] Engine: New message connection
I1102 19:17:22.009063 IO-0/EL  engine.cpp:277] Engine: Receive new handshake message from message connection
I1102 19:17:22.009067 IO-0/EL  worker_manager.cpp:60] WorkerManager: FuncWorker of func_id 1, client_id 148 connected
I1102 19:17:22.009087 IO-0/EL  message_connection.cpp:269] FuncWorkerConnection[1-148]: Handshake done
I1102 19:17:22.009526 Server/E engine.cpp:674] Engine: New message connection
I1102 19:17:22.009562 IO-0/EL  engine.cpp:277] Engine: Receive new handshake message from message connection
I1102 19:17:22.009567 IO-0/EL  worker_manager.cpp:60] WorkerManager: FuncWorker of func_id 1, client_id 149 connected
I1102 19:17:22.009579 IO-0/EL  message_connection.cpp:269] FuncWorkerConnection[1-149]: Handshake done
I1102 19:17:22.010091 Server/E engine.cpp:674] Engine: New message connection
I1102 19:17:22.010129 IO-0/EL  engine.cpp:277] Engine: Receive new handshake message from message connection
I1102 19:17:22.010134 IO-0/EL  worker_manager.cpp:60] WorkerManager: FuncWorker of func_id 1, client_id 150 connected
I1102 19:17:22.010147 IO-0/EL  message_connection.cpp:269] FuncWorkerConnection[1-150]: Handshake done
I1102 19:17:22.010545 Server/E engine.cpp:674] Engine: New message connection
I1102 19:17:22.010579 IO-0/EL  engine.cpp:277] Engine: Receive new handshake message from message connection
I1102 19:17:22.010583 IO-0/EL  worker_manager.cpp:60] WorkerManager: FuncWorker of func_id 1, client_id 151 connected
I1102 19:17:22.010596 IO-0/EL  message_connection.cpp:269] FuncWorkerConnection[1-151]: Handshake done
I1102 19:17:22.011090 Server/E engine.cpp:674] Engine: New message connection
I1102 19:17:22.011128 IO-0/EL  engine.cpp:277] Engine: Receive new handshake message from message connection
I1102 19:17:22.011133 IO-0/EL  worker_manager.cpp:60] WorkerManager: FuncWorker of func_id 1, client_id 152 connected
I1102 19:17:22.011146 IO-0/EL  message_connection.cpp:269] FuncWorkerConnection[1-152]: Handshake done
I1102 19:17:22.011697 Server/E engine.cpp:674] Engine: New message connection
I1102 19:17:22.011744 IO-0/EL  engine.cpp:277] Engine: Receive new handshake message from message connection
I1102 19:17:22.011749 IO-0/EL  worker_manager.cpp:60] WorkerManager: FuncWorker of func_id 1, client_id 153 connected
I1102 19:17:22.011762 IO-0/EL  message_connection.cpp:269] FuncWorkerConnection[1-153]: Handshake done
I1102 19:17:22.012154 Server/E engine.cpp:674] Engine: New message connection
I1102 19:17:22.012186 IO-0/EL  engine.cpp:277] Engine: Receive new handshake message from message connection
I1102 19:17:22.012191 IO-0/EL  worker_manager.cpp:60] WorkerManager: FuncWorker of func_id 1, client_id 154 connected
I1102 19:17:22.012204 IO-0/EL  message_connection.cpp:269] FuncWorkerConnection[1-154]: Handshake done
I1102 19:17:22.012684 Server/E engine.cpp:674] Engine: New message connection
I1102 19:17:22.012725 IO-0/EL  engine.cpp:277] Engine: Receive new handshake message from message connection
I1102 19:17:22.012730 IO-0/EL  worker_manager.cpp:60] WorkerManager: FuncWorker of func_id 1, client_id 155 connected
I1102 19:17:22.012747 IO-0/EL  message_connection.cpp:269] FuncWorkerConnection[1-155]: Handshake done
I1102 19:17:22.013225 Server/E engine.cpp:674] Engine: New message connection
I1102 19:17:22.013257 IO-0/EL  engine.cpp:277] Engine: Receive new handshake message from message connection
I1102 19:17:22.013261 IO-0/EL  worker_manager.cpp:60] WorkerManager: FuncWorker of func_id 1, client_id 156 connected
I1102 19:17:22.013274 IO-0/EL  message_connection.cpp:269] FuncWorkerConnection[1-156]: Handshake done
I1102 19:17:22.013708 Server/E engine.cpp:674] Engine: New message connection
I1102 19:17:22.013742 IO-0/EL  engine.cpp:277] Engine: Receive new handshake message from message connection
I1102 19:17:22.013747 IO-0/EL  worker_manager.cpp:60] WorkerManager: FuncWorker of func_id 1, client_id 157 connected
I1102 19:17:22.013760 IO-0/EL  message_connection.cpp:269] FuncWorkerConnection[1-157]: Handshake done
I1102 19:17:22.014272 Server/E engine.cpp:674] Engine: New message connection
I1102 19:17:22.014306 IO-0/EL  engine.cpp:277] Engine: Receive new handshake message from message connection
I1102 19:17:22.014311 IO-0/EL  worker_manager.cpp:60] WorkerManager: FuncWorker of func_id 1, client_id 158 connected
I1102 19:17:22.014329 IO-0/EL  message_connection.cpp:269] FuncWorkerConnection[1-158]: Handshake done
I1102 19:17:22.014770 Server/E engine.cpp:674] Engine: New message connection
I1102 19:17:22.014808 IO-0/EL  engine.cpp:277] Engine: Receive new handshake message from message connection
I1102 19:17:22.014813 IO-0/EL  worker_manager.cpp:60] WorkerManager: FuncWorker of func_id 1, client_id 159 connected
I1102 19:17:22.014826 IO-0/EL  message_connection.cpp:269] FuncWorkerConnection[1-159]: Handshake done
I1102 19:17:22.015268 Server/E engine.cpp:674] Engine: New message connection
I1102 19:17:22.015289 IO-0/EL  engine.cpp:277] Engine: Receive new handshake message from message connection
I1102 19:17:22.015293 IO-0/EL  worker_manager.cpp:60] WorkerManager: FuncWorker of func_id 1, client_id 160 connected
I1102 19:17:22.015308 IO-0/EL  message_connection.cpp:269] FuncWorkerConnection[1-160]: Handshake done
I1102 19:17:22.015777 Server/E engine.cpp:674] Engine: New message connection
I1102 19:17:22.015814 IO-0/EL  engine.cpp:277] Engine: Receive new handshake message from message connection
I1102 19:17:22.015819 IO-0/EL  worker_manager.cpp:60] WorkerManager: FuncWorker of func_id 1, client_id 161 connected
I1102 19:17:22.015832 IO-0/EL  message_connection.cpp:269] FuncWorkerConnection[1-161]: Handshake done
I1102 19:17:22.016258 Server/E engine.cpp:674] Engine: New message connection
I1102 19:17:22.016290 IO-0/EL  engine.cpp:277] Engine: Receive new handshake message from message connection
I1102 19:17:22.016294 IO-0/EL  worker_manager.cpp:60] WorkerManager: FuncWorker of func_id 1, client_id 162 connected
I1102 19:17:22.016308 IO-0/EL  message_connection.cpp:269] FuncWorkerConnection[1-162]: Handshake done
I1102 19:17:22.016731 Server/E engine.cpp:674] Engine: New message connection
I1102 19:17:22.016771 IO-0/EL  engine.cpp:277] Engine: Receive new handshake message from message connection
I1102 19:17:22.016776 IO-0/EL  worker_manager.cpp:60] WorkerManager: FuncWorker of func_id 1, client_id 163 connected
I1102 19:17:22.016789 IO-0/EL  message_connection.cpp:269] FuncWorkerConnection[1-163]: Handshake done
I1102 19:17:22.017268 Server/E engine.cpp:674] Engine: New message connection
I1102 19:17:22.029736 Server/E engine.cpp:674] Engine: New message connection
I1102 19:17:22.029769 Server/E engine.cpp:674] Engine: New message connection
I1102 19:17:22.029783 Server/E engine.cpp:674] Engine: New message connection
I1102 19:17:22.029780 IO-0/EL  engine.cpp:277] Engine: Receive new handshake message from message connection
I1102 19:17:22.029797 Server/E engine.cpp:674] Engine: New message connection
I1102 19:17:22.029799 IO-0/EL  worker_manager.cpp:60] WorkerManager: FuncWorker of func_id 1, client_id 164 connected
I1102 19:17:22.029810 Server/E engine.cpp:674] Engine: New message connection
I1102 19:17:22.029824 IO-0/EL  message_connection.cpp:269] FuncWorkerConnection[1-164]: Handshake done
I1102 19:17:22.029827 Server/E engine.cpp:674] Engine: New message connection
I1102 19:17:22.029841 Server/E engine.cpp:674] Engine: New message connection
I1102 19:17:22.029855 IO-0/EL  engine.cpp:277] Engine: Receive new handshake message from message connection
I1102 19:17:22.029856 Server/E engine.cpp:674] Engine: New message connection
I1102 19:17:22.029861 IO-0/EL  worker_manager.cpp:60] WorkerManager: FuncWorker of func_id 1, client_id 165 connected
I1102 19:17:22.029878 Server/E engine.cpp:674] Engine: New message connection
I1102 19:17:22.029887 IO-0/EL  message_connection.cpp:269] FuncWorkerConnection[1-165]: Handshake done
I1102 19:17:22.029891 Server/E engine.cpp:674] Engine: New message connection
I1102 19:17:22.029902 IO-0/EL  engine.cpp:277] Engine: Receive new handshake message from message connection
I1102 19:17:22.029906 IO-0/EL  worker_manager.cpp:60] WorkerManager: FuncWorker of func_id 1, client_id 166 connected
I1102 19:17:22.029908 Server/E engine.cpp:674] Engine: New message connection
I1102 19:17:22.029920 IO-0/EL  message_connection.cpp:269] FuncWorkerConnection[1-166]: Handshake done
I1102 19:17:22.029929 Server/E engine.cpp:674] Engine: New message connection
I1102 19:17:22.029956 IO-0/EL  engine.cpp:277] Engine: Receive new handshake message from message connection
I1102 19:17:22.029962 IO-0/EL  worker_manager.cpp:60] WorkerManager: FuncWorker of func_id 1, client_id 167 connected
I1102 19:17:22.029972 Server/E engine.cpp:674] Engine: New message connection
I1102 19:17:22.029976 IO-0/EL  message_connection.cpp:269] FuncWorkerConnection[1-167]: Handshake done
I1102 19:17:22.029997 Server/E engine.cpp:674] Engine: New message connection
I1102 19:17:22.030001 IO-0/EL  engine.cpp:277] Engine: Receive new handshake message from message connection
I1102 19:17:22.030014 IO-0/EL  worker_manager.cpp:60] WorkerManager: FuncWorker of func_id 1, client_id 168 connected
I1102 19:17:22.030023 Server/E engine.cpp:674] Engine: New message connection
I1102 19:17:22.030028 IO-0/EL  message_connection.cpp:269] FuncWorkerConnection[1-168]: Handshake done
I1102 19:17:22.030048 Server/E engine.cpp:674] Engine: New message connection
I1102 19:17:22.030054 IO-0/EL  engine.cpp:277] Engine: Receive new handshake message from message connection
I1102 19:17:22.030059 IO-0/EL  worker_manager.cpp:60] WorkerManager: FuncWorker of func_id 1, client_id 169 connected
I1102 19:17:22.030070 Server/E engine.cpp:674] Engine: New message connection
I1102 19:17:22.030073 IO-0/EL  message_connection.cpp:269] FuncWorkerConnection[1-169]: Handshake done
I1102 19:17:22.030091 Server/E engine.cpp:674] Engine: New message connection
I1102 19:17:22.030096 IO-0/EL  engine.cpp:277] Engine: Receive new handshake message from message connection
I1102 19:17:22.030102 IO-0/EL  worker_manager.cpp:60] WorkerManager: FuncWorker of func_id 1, client_id 170 connected
I1102 19:17:22.030113 Server/E engine.cpp:674] Engine: New message connection
I1102 19:17:22.030121 IO-0/EL  message_connection.cpp:269] FuncWorkerConnection[1-170]: Handshake done
I1102 19:17:22.030132 Server/E engine.cpp:674] Engine: New message connection
I1102 19:17:22.030135 IO-0/EL  engine.cpp:277] Engine: Receive new handshake message from message connection
I1102 19:17:22.030147 IO-0/EL  worker_manager.cpp:60] WorkerManager: FuncWorker of func_id 1, client_id 171 connected
I1102 19:17:22.030156 Server/E engine.cpp:674] Engine: New message connection
I1102 19:17:22.030161 IO-0/EL  message_connection.cpp:269] FuncWorkerConnection[1-171]: Handshake done
I1102 19:17:22.030176 Server/E engine.cpp:674] Engine: New message connection
I1102 19:17:22.030180 IO-0/EL  engine.cpp:277] Engine: Receive new handshake message from message connection
I1102 19:17:22.030192 IO-0/EL  worker_manager.cpp:60] WorkerManager: FuncWorker of func_id 1, client_id 172 connected
I1102 19:17:22.030196 Server/E engine.cpp:674] Engine: New message connection
I1102 19:17:22.030205 IO-0/EL  message_connection.cpp:269] FuncWorkerConnection[1-172]: Handshake done
I1102 19:17:22.030220 IO-0/EL  engine.cpp:277] Engine: Receive new handshake message from message connection
I1102 19:17:22.030220 Server/E engine.cpp:674] Engine: New message connection
I1102 19:17:22.030224 IO-0/EL  worker_manager.cpp:60] WorkerManager: FuncWorker of func_id 1, client_id 173 connected
I1102 19:17:22.030243 Server/E engine.cpp:674] Engine: New message connection
I1102 19:17:22.030249 IO-0/EL  message_connection.cpp:269] FuncWorkerConnection[1-173]: Handshake done
I1102 19:17:22.030265 Server/E engine.cpp:674] Engine: New message connection
I1102 19:17:22.030268 IO-0/EL  engine.cpp:277] Engine: Receive new handshake message from message connection
I1102 19:17:22.030285 IO-0/EL  worker_manager.cpp:60] WorkerManager: FuncWorker of func_id 1, client_id 174 connected
I1102 19:17:22.030299 IO-0/EL  message_connection.cpp:269] FuncWorkerConnection[1-174]: Handshake done
I1102 19:17:22.030316 IO-0/EL  engine.cpp:277] Engine: Receive new handshake message from message connection
I1102 19:17:22.030321 IO-0/EL  worker_manager.cpp:60] WorkerManager: FuncWorker of func_id 1, client_id 175 connected
I1102 19:17:22.030334 IO-0/EL  message_connection.cpp:269] FuncWorkerConnection[1-175]: Handshake done
I1102 19:17:22.030358 IO-0/EL  engine.cpp:277] Engine: Receive new handshake message from message connection
I1102 19:17:22.030363 IO-0/EL  worker_manager.cpp:60] WorkerManager: FuncWorker of func_id 1, client_id 176 connected
I1102 19:17:22.030377 IO-0/EL  message_connection.cpp:269] FuncWorkerConnection[1-176]: Handshake done
I1102 19:17:22.030391 IO-0/EL  engine.cpp:277] Engine: Receive new handshake message from message connection
I1102 19:17:22.030395 IO-0/EL  worker_manager.cpp:60] WorkerManager: FuncWorker of func_id 1, client_id 177 connected
I1102 19:17:22.030408 IO-0/EL  message_connection.cpp:269] FuncWorkerConnection[1-177]: Handshake done
I1102 19:17:22.030425 IO-0/EL  engine.cpp:277] Engine: Receive new handshake message from message connection
I1102 19:17:22.030429 IO-0/EL  worker_manager.cpp:60] WorkerManager: FuncWorker of func_id 1, client_id 178 connected
I1102 19:17:22.030442 IO-0/EL  message_connection.cpp:269] FuncWorkerConnection[1-178]: Handshake done
I1102 19:17:22.030455 IO-0/EL  engine.cpp:277] Engine: Receive new handshake message from message connection
I1102 19:17:22.030459 IO-0/EL  worker_manager.cpp:60] WorkerManager: FuncWorker of func_id 1, client_id 179 connected
I1102 19:17:22.030475 IO-0/EL  message_connection.cpp:269] FuncWorkerConnection[1-179]: Handshake done
I1102 19:17:22.030492 IO-0/EL  engine.cpp:277] Engine: Receive new handshake message from message connection
I1102 19:17:22.030497 IO-0/EL  worker_manager.cpp:60] WorkerManager: FuncWorker of func_id 1, client_id 180 connected
I1102 19:17:22.030509 IO-0/EL  message_connection.cpp:269] FuncWorkerConnection[1-180]: Handshake done
I1102 19:17:22.030525 IO-0/EL  engine.cpp:277] Engine: Receive new handshake message from message connection
I1102 19:17:22.030529 IO-0/EL  worker_manager.cpp:60] WorkerManager: FuncWorker of func_id 1, client_id 181 connected
I1102 19:17:22.030543 IO-0/EL  message_connection.cpp:269] FuncWorkerConnection[1-181]: Handshake done
I1102 19:17:22.030560 IO-0/EL  engine.cpp:277] Engine: Receive new handshake message from message connection
I1102 19:17:22.030565 IO-0/EL  worker_manager.cpp:60] WorkerManager: FuncWorker of func_id 1, client_id 182 connected
I1102 19:17:22.030578 IO-0/EL  message_connection.cpp:269] FuncWorkerConnection[1-182]: Handshake done
I1102 19:17:22.030595 IO-0/EL  engine.cpp:277] Engine: Receive new handshake message from message connection
I1102 19:17:22.030600 IO-0/EL  worker_manager.cpp:60] WorkerManager: FuncWorker of func_id 1, client_id 183 connected
I1102 19:17:22.030618 IO-0/EL  message_connection.cpp:269] FuncWorkerConnection[1-183]: Handshake done
I1102 19:17:22.030626 Server/E engine.cpp:674] Engine: New message connection
I1102 19:17:22.030645 IO-0/EL  engine.cpp:277] Engine: Receive new handshake message from message connection
I1102 19:17:22.030654 IO-0/EL  worker_manager.cpp:60] WorkerManager: FuncWorker of func_id 1, client_id 184 connected
I1102 19:17:22.030673 IO-0/EL  message_connection.cpp:269] FuncWorkerConnection[1-184]: Handshake done
I1102 19:17:22.030698 IO-0/EL  engine.cpp:277] Engine: Receive new handshake message from message connection
I1102 19:17:22.030705 IO-0/EL  worker_manager.cpp:60] WorkerManager: FuncWorker of func_id 1, client_id 185 connected
I1102 19:17:22.030751 IO-0/EL  message_connection.cpp:269] FuncWorkerConnection[1-185]: Handshake done
I1102 19:17:22.030781 IO-0/EL  engine.cpp:277] Engine: Receive new handshake message from message connection
I1102 19:17:22.030788 IO-0/EL  worker_manager.cpp:60] WorkerManager: FuncWorker of func_id 1, client_id 186 connected
I1102 19:17:22.030809 IO-0/EL  message_connection.cpp:269] FuncWorkerConnection[1-186]: Handshake done
I1102 19:17:22.030832 IO-0/EL  engine.cpp:277] Engine: Receive new handshake message from message connection
I1102 19:17:22.030839 IO-0/EL  worker_manager.cpp:60] WorkerManager: FuncWorker of func_id 1, client_id 187 connected
I1102 19:17:22.030867 IO-0/EL  message_connection.cpp:269] FuncWorkerConnection[1-187]: Handshake done
I1102 19:17:22.030942 IO-0/EL  engine.cpp:277] Engine: Receive new handshake message from message connection
I1102 19:17:22.030950 IO-0/EL  worker_manager.cpp:60] WorkerManager: FuncWorker of func_id 1, client_id 188 connected
I1102 19:17:22.030973 IO-0/EL  message_connection.cpp:269] FuncWorkerConnection[1-188]: Handshake done
I1102 19:17:22.031004 IO-0/EL  engine.cpp:277] Engine: Receive new handshake message from message connection
I1102 19:17:22.031011 IO-0/EL  worker_manager.cpp:60] WorkerManager: FuncWorker of func_id 1, client_id 189 connected
I1102 19:17:22.031033 IO-0/EL  message_connection.cpp:269] FuncWorkerConnection[1-189]: Handshake done
I1102 19:17:22.031052 IO-0/EL  engine.cpp:277] Engine: Receive new handshake message from message connection
I1102 19:17:22.031058 IO-0/EL  worker_manager.cpp:60] WorkerManager: FuncWorker of func_id 1, client_id 190 connected
I1102 19:17:22.031079 IO-0/EL  message_connection.cpp:269] FuncWorkerConnection[1-190]: Handshake done
I1102 19:17:22.031102 IO-0/EL  engine.cpp:277] Engine: Receive new handshake message from message connection
I1102 19:17:22.031109 IO-0/EL  worker_manager.cpp:60] WorkerManager: FuncWorker of func_id 1, client_id 191 connected
I1102 19:17:22.031128 IO-0/EL  message_connection.cpp:269] FuncWorkerConnection[1-191]: Handshake done
I1102 19:17:22.031387 Server/E engine.cpp:674] Engine: New message connection
I1102 19:17:22.031441 IO-0/EL  engine.cpp:277] Engine: Receive new handshake message from message connection
I1102 19:17:22.031451 IO-0/EL  worker_manager.cpp:60] WorkerManager: FuncWorker of func_id 1, client_id 192 connected
I1102 19:17:22.031480 IO-0/EL  message_connection.cpp:269] FuncWorkerConnection[1-192]: Handshake done
I1102 19:17:22.032574 Server/E engine.cpp:674] Engine: New message connection
I1102 19:17:22.032628 IO-0/EL  engine.cpp:277] Engine: Receive new handshake message from message connection
I1102 19:17:22.032640 IO-0/EL  worker_manager.cpp:60] WorkerManager: FuncWorker of func_id 1, client_id 193 connected
I1102 19:17:22.032660 IO-0/EL  message_connection.cpp:269] FuncWorkerConnection[1-193]: Handshake done
I1102 19:17:22.032669 Server/E engine.cpp:674] Engine: New message connection
I1102 19:17:22.032697 IO-0/EL  engine.cpp:277] Engine: Receive new handshake message from message connection
I1102 19:17:22.032703 IO-0/EL  worker_manager.cpp:60] WorkerManager: FuncWorker of func_id 1, client_id 194 connected
I1102 19:17:22.032731 IO-0/EL  message_connection.cpp:269] FuncWorkerConnection[1-194]: Handshake done
I1102 19:17:22.033503 Server/E engine.cpp:674] Engine: New message connection
I1102 19:17:22.033575 IO-0/EL  engine.cpp:277] Engine: Receive new handshake message from message connection
I1102 19:17:22.033591 IO-0/EL  worker_manager.cpp:60] WorkerManager: FuncWorker of func_id 1, client_id 195 connected
I1102 19:17:22.033621 IO-0/EL  message_connection.cpp:269] FuncWorkerConnection[1-195]: Handshake done
I1102 19:17:22.034104 Server/E engine.cpp:674] Engine: New message connection
I1102 19:17:22.034148 IO-0/EL  engine.cpp:277] Engine: Receive new handshake message from message connection
I1102 19:17:22.034161 IO-0/EL  worker_manager.cpp:60] WorkerManager: FuncWorker of func_id 1, client_id 196 connected
I1102 19:17:22.034188 IO-0/EL  message_connection.cpp:269] FuncWorkerConnection[1-196]: Handshake done
I1102 19:17:22.034644 Server/E engine.cpp:674] Engine: New message connection
I1102 19:17:22.034681 IO-0/EL  engine.cpp:277] Engine: Receive new handshake message from message connection
I1102 19:17:22.034687 IO-0/EL  worker_manager.cpp:60] WorkerManager: FuncWorker of func_id 1, client_id 197 connected
I1102 19:17:22.034703 IO-0/EL  message_connection.cpp:269] FuncWorkerConnection[1-197]: Handshake done
I1102 19:17:22.035507 Server/E engine.cpp:674] Engine: New message connection
I1102 19:17:22.035532 IO-0/EL  engine.cpp:277] Engine: Receive new handshake message from message connection
I1102 19:17:22.035537 IO-0/EL  worker_manager.cpp:60] WorkerManager: FuncWorker of func_id 1, client_id 198 connected
I1102 19:17:22.035551 IO-0/EL  message_connection.cpp:269] FuncWorkerConnection[1-198]: Handshake done
I1102 19:17:22.035947 Server/E engine.cpp:674] Engine: New message connection
I1102 19:17:22.035975 IO-0/EL  engine.cpp:277] Engine: Receive new handshake message from message connection
I1102 19:17:22.035981 IO-0/EL  worker_manager.cpp:60] WorkerManager: FuncWorker of func_id 1, client_id 199 connected
I1102 19:17:22.035996 IO-0/EL  message_connection.cpp:269] FuncWorkerConnection[1-199]: Handshake done
I1102 19:17:22.036417 Server/E engine.cpp:674] Engine: New message connection
I1102 19:17:22.036439 IO-0/EL  engine.cpp:277] Engine: Receive new handshake message from message connection
I1102 19:17:22.036443 IO-0/EL  worker_manager.cpp:60] WorkerManager: FuncWorker of func_id 1, client_id 200 connected
I1102 19:17:22.036456 IO-0/EL  message_connection.cpp:269] FuncWorkerConnection[1-200]: Handshake done
I1102 19:17:22.036998 Server/E engine.cpp:674] Engine: New message connection
I1102 19:17:22.037046 IO-0/EL  engine.cpp:277] Engine: Receive new handshake message from message connection
I1102 19:17:22.037051 IO-0/EL  worker_manager.cpp:60] WorkerManager: FuncWorker of func_id 1, client_id 201 connected
I1102 19:17:22.037065 IO-0/EL  message_connection.cpp:269] FuncWorkerConnection[1-201]: Handshake done
I1102 19:17:22.037551 Server/E engine.cpp:674] Engine: New message connection
I1102 19:17:22.037577 IO-0/EL  engine.cpp:277] Engine: Receive new handshake message from message connection
I1102 19:17:22.037581 IO-0/EL  worker_manager.cpp:60] WorkerManager: FuncWorker of func_id 1, client_id 202 connected
I1102 19:17:22.037596 IO-0/EL  message_connection.cpp:269] FuncWorkerConnection[1-202]: Handshake done
I1102 19:17:22.038066 Server/E engine.cpp:674] Engine: New message connection
I1102 19:17:22.038096 IO-0/EL  engine.cpp:277] Engine: Receive new handshake message from message connection
I1102 19:17:22.038101 IO-0/EL  worker_manager.cpp:60] WorkerManager: FuncWorker of func_id 1, client_id 203 connected
I1102 19:17:22.038114 IO-0/EL  message_connection.cpp:269] FuncWorkerConnection[1-203]: Handshake done
I1102 19:17:22.038538 Server/E engine.cpp:674] Engine: New message connection
I1102 19:17:22.038561 IO-0/EL  engine.cpp:277] Engine: Receive new handshake message from message connection
I1102 19:17:22.038565 IO-0/EL  worker_manager.cpp:60] WorkerManager: FuncWorker of func_id 1, client_id 204 connected
I1102 19:17:22.038582 IO-0/EL  message_connection.cpp:269] FuncWorkerConnection[1-204]: Handshake done
I1102 19:17:22.039315 Server/E engine.cpp:674] Engine: New message connection
I1102 19:17:22.039342 IO-0/EL  engine.cpp:277] Engine: Receive new handshake message from message connection
I1102 19:17:22.039347 IO-0/EL  worker_manager.cpp:60] WorkerManager: FuncWorker of func_id 1, client_id 205 connected
I1102 19:17:22.039361 IO-0/EL  message_connection.cpp:269] FuncWorkerConnection[1-205]: Handshake done
I1102 19:17:22.039679 Server/E engine.cpp:674] Engine: New message connection
I1102 19:17:22.039706 IO-0/EL  engine.cpp:277] Engine: Receive new handshake message from message connection
I1102 19:17:22.039718 IO-0/EL  worker_manager.cpp:60] WorkerManager: FuncWorker of func_id 1, client_id 206 connected
I1102 19:17:22.039733 IO-0/EL  message_connection.cpp:269] FuncWorkerConnection[1-206]: Handshake done
I1102 19:17:22.040362 Server/E engine.cpp:674] Engine: New message connection
I1102 19:17:22.040389 IO-0/EL  engine.cpp:277] Engine: Receive new handshake message from message connection
I1102 19:17:22.040393 IO-0/EL  worker_manager.cpp:60] WorkerManager: FuncWorker of func_id 1, client_id 207 connected
I1102 19:17:22.040406 IO-0/EL  message_connection.cpp:269] FuncWorkerConnection[1-207]: Handshake done
I1102 19:17:22.040884 Server/E engine.cpp:674] Engine: New message connection
I1102 19:17:22.040917 IO-0/EL  engine.cpp:277] Engine: Receive new handshake message from message connection
I1102 19:17:22.040922 IO-0/EL  worker_manager.cpp:60] WorkerManager: FuncWorker of func_id 1, client_id 208 connected
I1102 19:17:22.040935 IO-0/EL  message_connection.cpp:269] FuncWorkerConnection[1-208]: Handshake done
I1102 19:17:22.041499 Server/E engine.cpp:674] Engine: New message connection
I1102 19:17:22.041524 IO-0/EL  engine.cpp:277] Engine: Receive new handshake message from message connection
I1102 19:17:22.041529 IO-0/EL  worker_manager.cpp:60] WorkerManager: FuncWorker of func_id 1, client_id 209 connected
I1102 19:17:22.041541 IO-0/EL  message_connection.cpp:269] FuncWorkerConnection[1-209]: Handshake done
I1102 19:17:22.041873 Server/E engine.cpp:674] Engine: New message connection
I1102 19:17:22.041908 IO-0/EL  engine.cpp:277] Engine: Receive new handshake message from message connection
I1102 19:17:22.041914 IO-0/EL  worker_manager.cpp:60] WorkerManager: FuncWorker of func_id 1, client_id 210 connected
I1102 19:17:22.041929 IO-0/EL  message_connection.cpp:269] FuncWorkerConnection[1-210]: Handshake done
I1102 19:17:22.042565 Server/E engine.cpp:674] Engine: New message connection
I1102 19:17:22.042589 IO-0/EL  engine.cpp:277] Engine: Receive new handshake message from message connection
I1102 19:17:22.042594 IO-0/EL  worker_manager.cpp:60] WorkerManager: FuncWorker of func_id 1, client_id 211 connected
I1102 19:17:22.042609 IO-0/EL  message_connection.cpp:269] FuncWorkerConnection[1-211]: Handshake done
I1102 19:17:22.042942 Server/E engine.cpp:674] Engine: New message connection
I1102 19:17:22.042974 IO-0/EL  engine.cpp:277] Engine: Receive new handshake message from message connection
I1102 19:17:22.042979 IO-0/EL  worker_manager.cpp:60] WorkerManager: FuncWorker of func_id 1, client_id 212 connected
I1102 19:17:22.042993 IO-0/EL  message_connection.cpp:269] FuncWorkerConnection[1-212]: Handshake done
I1102 19:17:22.043461 Server/E engine.cpp:674] Engine: New message connection
I1102 19:17:22.043488 IO-0/EL  engine.cpp:277] Engine: Receive new handshake message from message connection
I1102 19:17:22.043493 IO-0/EL  worker_manager.cpp:60] WorkerManager: FuncWorker of func_id 1, client_id 213 connected
I1102 19:17:22.043505 IO-0/EL  message_connection.cpp:269] FuncWorkerConnection[1-213]: Handshake done
I1102 19:17:22.043959 Server/E engine.cpp:674] Engine: New message connection
I1102 19:17:22.043991 IO-0/EL  engine.cpp:277] Engine: Receive new handshake message from message connection
I1102 19:17:22.043997 IO-0/EL  worker_manager.cpp:60] WorkerManager: FuncWorker of func_id 1, client_id 214 connected
I1102 19:17:22.044010 IO-0/EL  message_connection.cpp:269] FuncWorkerConnection[1-214]: Handshake done
I1102 19:17:22.044403 Server/E engine.cpp:674] Engine: New message connection
I1102 19:17:22.044429 IO-0/EL  engine.cpp:277] Engine: Receive new handshake message from message connection
I1102 19:17:22.044433 IO-0/EL  worker_manager.cpp:60] WorkerManager: FuncWorker of func_id 1, client_id 215 connected
I1102 19:17:22.044446 IO-0/EL  message_connection.cpp:269] FuncWorkerConnection[1-215]: Handshake done
I1102 19:17:22.044968 Server/E engine.cpp:674] Engine: New message connection
I1102 19:17:22.045000 IO-0/EL  engine.cpp:277] Engine: Receive new handshake message from message connection
I1102 19:17:22.045006 IO-0/EL  worker_manager.cpp:60] WorkerManager: FuncWorker of func_id 1, client_id 216 connected
I1102 19:17:22.045020 IO-0/EL  message_connection.cpp:269] FuncWorkerConnection[1-216]: Handshake done
I1102 19:17:22.045475 Server/E engine.cpp:674] Engine: New message connection
I1102 19:17:22.045499 IO-0/EL  engine.cpp:277] Engine: Receive new handshake message from message connection
I1102 19:17:22.045504 IO-0/EL  worker_manager.cpp:60] WorkerManager: FuncWorker of func_id 1, client_id 217 connected
I1102 19:17:22.045519 IO-0/EL  message_connection.cpp:269] FuncWorkerConnection[1-217]: Handshake done
I1102 19:17:22.046029 Server/E engine.cpp:674] Engine: New message connection
I1102 19:17:22.046068 IO-0/EL  engine.cpp:277] Engine: Receive new handshake message from message connection
I1102 19:17:22.046077 IO-0/EL  worker_manager.cpp:60] WorkerManager: FuncWorker of func_id 1, client_id 218 connected
I1102 19:17:22.046101 IO-0/EL  message_connection.cpp:269] FuncWorkerConnection[1-218]: Handshake done
I1102 19:17:22.046491 Server/E engine.cpp:674] Engine: New message connection
I1102 19:17:22.046516 IO-0/EL  engine.cpp:277] Engine: Receive new handshake message from message connection
I1102 19:17:22.046521 IO-0/EL  worker_manager.cpp:60] WorkerManager: FuncWorker of func_id 1, client_id 219 connected
I1102 19:17:22.046537 IO-0/EL  message_connection.cpp:269] FuncWorkerConnection[1-219]: Handshake done
I1102 19:17:22.046970 Server/E engine.cpp:674] Engine: New message connection
I1102 19:17:22.047006 IO-0/EL  engine.cpp:277] Engine: Receive new handshake message from message connection
I1102 19:17:22.047012 IO-0/EL  worker_manager.cpp:60] WorkerManager: FuncWorker of func_id 1, client_id 220 connected
I1102 19:17:22.047026 IO-0/EL  message_connection.cpp:269] FuncWorkerConnection[1-220]: Handshake done
I1102 19:17:22.047553 Server/E engine.cpp:674] Engine: New message connection
I1102 19:17:22.047579 IO-0/EL  engine.cpp:277] Engine: Receive new handshake message from message connection
I1102 19:17:22.047583 IO-0/EL  worker_manager.cpp:60] WorkerManager: FuncWorker of func_id 1, client_id 221 connected
I1102 19:17:22.047599 IO-0/EL  message_connection.cpp:269] FuncWorkerConnection[1-221]: Handshake done
I1102 19:17:22.048031 Server/E engine.cpp:674] Engine: New message connection
I1102 19:17:22.048058 IO-0/EL  engine.cpp:277] Engine: Receive new handshake message from message connection
I1102 19:17:22.048063 IO-0/EL  worker_manager.cpp:60] WorkerManager: FuncWorker of func_id 1, client_id 222 connected
I1102 19:17:22.048076 IO-0/EL  message_connection.cpp:269] FuncWorkerConnection[1-222]: Handshake done
I1102 19:17:22.048555 Server/E engine.cpp:674] Engine: New message connection
I1102 19:17:22.048588 IO-0/EL  engine.cpp:277] Engine: Receive new handshake message from message connection
I1102 19:17:22.048593 IO-0/EL  worker_manager.cpp:60] WorkerManager: FuncWorker of func_id 1, client_id 223 connected
I1102 19:17:22.048606 IO-0/EL  message_connection.cpp:269] FuncWorkerConnection[1-223]: Handshake done
I1102 19:17:22.049051 Server/E engine.cpp:674] Engine: New message connection
I1102 19:17:22.049087 IO-0/EL  engine.cpp:277] Engine: Receive new handshake message from message connection
I1102 19:17:22.049093 IO-0/EL  worker_manager.cpp:60] WorkerManager: FuncWorker of func_id 1, client_id 224 connected
I1102 19:17:22.049107 IO-0/EL  message_connection.cpp:269] FuncWorkerConnection[1-224]: Handshake done
I1102 19:17:22.049581 Server/E engine.cpp:674] Engine: New message connection
I1102 19:17:22.049605 IO-0/EL  engine.cpp:277] Engine: Receive new handshake message from message connection
I1102 19:17:22.049610 IO-0/EL  worker_manager.cpp:60] WorkerManager: FuncWorker of func_id 1, client_id 225 connected
I1102 19:17:22.049646 IO-0/EL  message_connection.cpp:269] FuncWorkerConnection[1-225]: Handshake done
I1102 19:17:22.050119 Server/E engine.cpp:674] Engine: New message connection
I1102 19:17:22.050148 IO-0/EL  engine.cpp:277] Engine: Receive new handshake message from message connection
I1102 19:17:22.050154 IO-0/EL  worker_manager.cpp:60] WorkerManager: FuncWorker of func_id 1, client_id 226 connected
I1102 19:17:22.050168 IO-0/EL  message_connection.cpp:269] FuncWorkerConnection[1-226]: Handshake done
I1102 19:17:22.050623 Server/E engine.cpp:674] Engine: New message connection
I1102 19:17:22.050646 IO-0/EL  engine.cpp:277] Engine: Receive new handshake message from message connection
I1102 19:17:22.050651 IO-0/EL  worker_manager.cpp:60] WorkerManager: FuncWorker of func_id 1, client_id 227 connected
I1102 19:17:22.050667 IO-0/EL  message_connection.cpp:269] FuncWorkerConnection[1-227]: Handshake done
I1102 19:17:22.051138 Server/E engine.cpp:674] Engine: New message connection
I1102 19:17:22.051170 IO-0/EL  engine.cpp:277] Engine: Receive new handshake message from message connection
I1102 19:17:22.051175 IO-0/EL  worker_manager.cpp:60] WorkerManager: FuncWorker of func_id 1, client_id 228 connected
I1102 19:17:22.051189 IO-0/EL  message_connection.cpp:269] FuncWorkerConnection[1-228]: Handshake done
I1102 19:17:22.051761 Server/E engine.cpp:674] Engine: New message connection
I1102 19:17:22.051792 IO-0/EL  engine.cpp:277] Engine: Receive new handshake message from message connection
I1102 19:17:22.051798 IO-0/EL  worker_manager.cpp:60] WorkerManager: FuncWorker of func_id 1, client_id 229 connected
I1102 19:17:22.051813 IO-0/EL  message_connection.cpp:269] FuncWorkerConnection[1-229]: Handshake done
I1102 19:17:22.052236 Server/E engine.cpp:674] Engine: New message connection
I1102 19:17:22.052260 IO-0/EL  engine.cpp:277] Engine: Receive new handshake message from message connection
I1102 19:17:22.052265 IO-0/EL  worker_manager.cpp:60] WorkerManager: FuncWorker of func_id 1, client_id 230 connected
I1102 19:17:22.052278 IO-0/EL  message_connection.cpp:269] FuncWorkerConnection[1-230]: Handshake done
I1102 19:17:22.052816 Server/E engine.cpp:674] Engine: New message connection
I1102 19:17:22.052843 IO-0/EL  engine.cpp:277] Engine: Receive new handshake message from message connection
I1102 19:17:22.052848 IO-0/EL  worker_manager.cpp:60] WorkerManager: FuncWorker of func_id 1, client_id 231 connected
I1102 19:17:22.052862 IO-0/EL  message_connection.cpp:269] FuncWorkerConnection[1-231]: Handshake done
I1102 19:17:22.053284 Server/E engine.cpp:674] Engine: New message connection
I1102 19:17:22.053316 IO-0/EL  engine.cpp:277] Engine: Receive new handshake message from message connection
I1102 19:17:22.053323 IO-0/EL  worker_manager.cpp:60] WorkerManager: FuncWorker of func_id 1, client_id 232 connected
I1102 19:17:22.053337 IO-0/EL  message_connection.cpp:269] FuncWorkerConnection[1-232]: Handshake done
I1102 19:17:22.053794 Server/E engine.cpp:674] Engine: New message connection
I1102 19:17:22.053822 IO-0/EL  engine.cpp:277] Engine: Receive new handshake message from message connection
I1102 19:17:22.053828 IO-0/EL  worker_manager.cpp:60] WorkerManager: FuncWorker of func_id 1, client_id 233 connected
I1102 19:17:22.053842 IO-0/EL  message_connection.cpp:269] FuncWorkerConnection[1-233]: Handshake done
I1102 19:17:22.054295 Server/E engine.cpp:674] Engine: New message connection
I1102 19:17:22.054326 IO-0/EL  engine.cpp:277] Engine: Receive new handshake message from message connection
I1102 19:17:22.054331 IO-0/EL  worker_manager.cpp:60] WorkerManager: FuncWorker of func_id 1, client_id 234 connected
I1102 19:17:22.054345 IO-0/EL  message_connection.cpp:269] FuncWorkerConnection[1-234]: Handshake done
I1102 19:17:22.054867 Server/E engine.cpp:674] Engine: New message connection
I1102 19:17:22.054893 IO-0/EL  engine.cpp:277] Engine: Receive new handshake message from message connection
I1102 19:17:22.054899 IO-0/EL  worker_manager.cpp:60] WorkerManager: FuncWorker of func_id 1, client_id 235 connected
I1102 19:17:22.054913 IO-0/EL  message_connection.cpp:269] FuncWorkerConnection[1-235]: Handshake done
I1102 19:17:22.055296 Server/E engine.cpp:674] Engine: New message connection
I1102 19:17:22.055326 IO-0/EL  engine.cpp:277] Engine: Receive new handshake message from message connection
I1102 19:17:22.055331 IO-0/EL  worker_manager.cpp:60] WorkerManager: FuncWorker of func_id 1, client_id 236 connected
I1102 19:17:22.055344 IO-0/EL  message_connection.cpp:269] FuncWorkerConnection[1-236]: Handshake done
I1102 19:17:22.055843 Server/E engine.cpp:674] Engine: New message connection
I1102 19:17:22.055872 IO-0/EL  engine.cpp:277] Engine: Receive new handshake message from message connection
I1102 19:17:22.055878 IO-0/EL  worker_manager.cpp:60] WorkerManager: FuncWorker of func_id 1, client_id 237 connected
I1102 19:17:22.055896 IO-0/EL  message_connection.cpp:269] FuncWorkerConnection[1-237]: Handshake done
I1102 19:17:22.056338 Server/E engine.cpp:674] Engine: New message connection
I1102 19:17:22.056364 IO-0/EL  engine.cpp:277] Engine: Receive new handshake message from message connection
I1102 19:17:22.056369 IO-0/EL  worker_manager.cpp:60] WorkerManager: FuncWorker of func_id 1, client_id 238 connected
I1102 19:17:22.056383 IO-0/EL  message_connection.cpp:269] FuncWorkerConnection[1-238]: Handshake done
I1102 19:17:22.056904 Server/E engine.cpp:674] Engine: New message connection
I1102 19:17:22.056938 IO-0/EL  engine.cpp:277] Engine: Receive new handshake message from message connection
I1102 19:17:22.056944 IO-0/EL  worker_manager.cpp:60] WorkerManager: FuncWorker of func_id 1, client_id 239 connected
I1102 19:17:22.056958 IO-0/EL  message_connection.cpp:269] FuncWorkerConnection[1-239]: Handshake done
I1102 19:17:22.057327 Server/E engine.cpp:674] Engine: New message connection
I1102 19:17:22.057350 IO-0/EL  engine.cpp:277] Engine: Receive new handshake message from message connection
I1102 19:17:22.057356 IO-0/EL  worker_manager.cpp:60] WorkerManager: FuncWorker of func_id 1, client_id 240 connected
I1102 19:17:22.057369 IO-0/EL  message_connection.cpp:269] FuncWorkerConnection[1-240]: Handshake done
I1102 19:17:22.057831 Server/E engine.cpp:674] Engine: New message connection
I1102 19:17:22.057865 IO-0/EL  engine.cpp:277] Engine: Receive new handshake message from message connection
I1102 19:17:22.057871 IO-0/EL  worker_manager.cpp:60] WorkerManager: FuncWorker of func_id 1, client_id 241 connected
I1102 19:17:22.057885 IO-0/EL  message_connection.cpp:269] FuncWorkerConnection[1-241]: Handshake done
I1102 19:17:22.058444 Server/E engine.cpp:674] Engine: New message connection
I1102 19:17:22.058469 IO-0/EL  engine.cpp:277] Engine: Receive new handshake message from message connection
I1102 19:17:22.058473 IO-0/EL  worker_manager.cpp:60] WorkerManager: FuncWorker of func_id 1, client_id 242 connected
I1102 19:17:22.058486 IO-0/EL  message_connection.cpp:269] FuncWorkerConnection[1-242]: Handshake done
I1102 19:17:22.058929 Server/E engine.cpp:674] Engine: New message connection
I1102 19:17:22.058959 IO-0/EL  engine.cpp:277] Engine: Receive new handshake message from message connection
I1102 19:17:22.058964 IO-0/EL  worker_manager.cpp:60] WorkerManager: FuncWorker of func_id 1, client_id 243 connected
I1102 19:17:22.058978 IO-0/EL  message_connection.cpp:269] FuncWorkerConnection[1-243]: Handshake done
I1102 19:17:22.059487 Server/E engine.cpp:674] Engine: New message connection
I1102 19:17:22.059512 IO-0/EL  engine.cpp:277] Engine: Receive new handshake message from message connection
I1102 19:17:22.059516 IO-0/EL  worker_manager.cpp:60] WorkerManager: FuncWorker of func_id 1, client_id 244 connected
I1102 19:17:22.059530 IO-0/EL  message_connection.cpp:269] FuncWorkerConnection[1-244]: Handshake done
I1102 19:17:22.059936 Server/E engine.cpp:674] Engine: New message connection
I1102 19:17:22.059966 IO-0/EL  engine.cpp:277] Engine: Receive new handshake message from message connection
I1102 19:17:22.059970 IO-0/EL  worker_manager.cpp:60] WorkerManager: FuncWorker of func_id 1, client_id 245 connected
I1102 19:17:22.059984 IO-0/EL  message_connection.cpp:269] FuncWorkerConnection[1-245]: Handshake done
I1102 19:17:22.060453 Server/E engine.cpp:674] Engine: New message connection
I1102 19:17:22.060480 IO-0/EL  engine.cpp:277] Engine: Receive new handshake message from message connection
I1102 19:17:22.060484 IO-0/EL  worker_manager.cpp:60] WorkerManager: FuncWorker of func_id 1, client_id 246 connected
I1102 19:17:22.060497 IO-0/EL  message_connection.cpp:269] FuncWorkerConnection[1-246]: Handshake done
I1102 19:17:22.060982 Server/E engine.cpp:674] Engine: New message connection
I1102 19:17:22.061014 IO-0/EL  engine.cpp:277] Engine: Receive new handshake message from message connection
I1102 19:17:22.061019 IO-0/EL  worker_manager.cpp:60] WorkerManager: FuncWorker of func_id 1, client_id 247 connected
I1102 19:17:22.061033 IO-0/EL  message_connection.cpp:269] FuncWorkerConnection[1-247]: Handshake done
I1102 19:17:22.082297 Server/E engine.cpp:674] Engine: New message connection
I1102 19:17:22.082331 IO-0/EL  engine.cpp:277] Engine: Receive new handshake message from message connection
I1102 19:17:22.082338 IO-0/EL  worker_manager.cpp:60] WorkerManager: FuncWorker of func_id 1, client_id 249 connected
I1102 19:17:22.082353 IO-0/EL  message_connection.cpp:269] FuncWorkerConnection[1-249]: Handshake done
I1102 19:17:22.082569 Server/E engine.cpp:674] Engine: New message connection
I1102 19:17:22.082599 IO-0/EL  engine.cpp:277] Engine: Receive new handshake message from message connection
I1102 19:17:22.082604 IO-0/EL  worker_manager.cpp:60] WorkerManager: FuncWorker of func_id 1, client_id 250 connected
I1102 19:17:22.082622 IO-0/EL  message_connection.cpp:269] FuncWorkerConnection[1-250]: Handshake done
I1102 19:17:22.082925 Server/E engine.cpp:674] Engine: New message connection
I1102 19:17:22.082952 IO-0/EL  engine.cpp:277] Engine: Receive new handshake message from message connection
I1102 19:17:22.082957 IO-0/EL  worker_manager.cpp:60] WorkerManager: FuncWorker of func_id 1, client_id 248 connected
I1102 19:17:22.082971 IO-0/EL  message_connection.cpp:269] FuncWorkerConnection[1-248]: Handshake done
I1102 19:17:22.083088 Server/E engine.cpp:674] Engine: New message connection
I1102 19:17:22.083117 IO-0/EL  engine.cpp:277] Engine: Receive new handshake message from message connection
I1102 19:17:22.083122 IO-0/EL  worker_manager.cpp:60] WorkerManager: FuncWorker of func_id 1, client_id 251 connected
I1102 19:17:22.083135 IO-0/EL  message_connection.cpp:269] FuncWorkerConnection[1-251]: Handshake done
I1102 19:17:22.083877 Server/E engine.cpp:674] Engine: New message connection
I1102 19:17:22.083905 IO-0/EL  engine.cpp:277] Engine: Receive new handshake message from message connection
I1102 19:17:22.083912 IO-0/EL  worker_manager.cpp:60] WorkerManager: FuncWorker of func_id 1, client_id 252 connected
I1102 19:17:22.083930 IO-0/EL  message_connection.cpp:269] FuncWorkerConnection[1-252]: Handshake done
I1102 19:17:22.084168 Server/E engine.cpp:674] Engine: New message connection
I1102 19:17:22.084193 IO-0/EL  engine.cpp:277] Engine: Receive new handshake message from message connection
I1102 19:17:22.084199 IO-0/EL  worker_manager.cpp:60] WorkerManager: FuncWorker of func_id 1, client_id 253 connected
I1102 19:17:22.084213 IO-0/EL  message_connection.cpp:269] FuncWorkerConnection[1-253]: Handshake done
I1102 19:17:22.085325 Server/E engine.cpp:674] Engine: New message connection
I1102 19:17:22.085360 IO-0/EL  engine.cpp:277] Engine: Receive new handshake message from message connection
I1102 19:17:22.085366 IO-0/EL  worker_manager.cpp:60] WorkerManager: FuncWorker of func_id 1, client_id 254 connected
I1102 19:17:22.085381 IO-0/EL  message_connection.cpp:269] FuncWorkerConnection[1-254]: Handshake done
I1102 19:17:22.085405 Server/E engine.cpp:674] Engine: New message connection
I1102 19:17:22.085427 IO-0/EL  engine.cpp:277] Engine: Receive new handshake message from message connection
I1102 19:17:22.085431 IO-0/EL  worker_manager.cpp:60] WorkerManager: FuncWorker of func_id 1, client_id 255 connected
I1102 19:17:22.085443 IO-0/EL  message_connection.cpp:269] FuncWorkerConnection[1-255]: Handshake done
I1102 19:17:22.085693 Server/E engine.cpp:674] Engine: New message connection
I1102 19:17:22.085728 IO-0/EL  engine.cpp:277] Engine: Receive new handshake message from message connection
I1102 19:17:22.085734 IO-0/EL  worker_manager.cpp:60] WorkerManager: FuncWorker of func_id 1, client_id 256 connected
I1102 19:17:22.085752 IO-0/EL  message_connection.cpp:269] FuncWorkerConnection[1-256]: Handshake done
I1102 19:17:24.441470 IO-0/EL  buffer_pool.h:25] BufferPool[IO-0_Write]: Allocate new buffer, current buffer count is 5
I1102 19:17:24.441498 IO-0/EL  buffer_pool.h:25] BufferPool[IO-0_Write]: Allocate new buffer, current buffer count is 6
I1102 19:17:24.441510 IO-0/EL  buffer_pool.h:25] BufferPool[IO-0_Write]: Allocate new buffer, current buffer count is 7
I1102 19:17:24.441518 IO-0/EL  buffer_pool.h:25] BufferPool[IO-0_Write]: Allocate new buffer, current buffer count is 8
I1102 19:17:24.441529 IO-0/EL  buffer_pool.h:25] BufferPool[IO-0_Write]: Allocate new buffer, current buffer count is 9
I1102 19:17:24.441536 IO-0/EL  buffer_pool.h:25] BufferPool[IO-0_Write]: Allocate new buffer, current buffer count is 10
I1102 19:17:24.441548 IO-0/EL  buffer_pool.h:25] BufferPool[IO-0_Write]: Allocate new buffer, current buffer count is 11
I1102 19:17:24.441572 IO-0/EL  buffer_pool.h:25] BufferPool[IO-0_Write]: Allocate new buffer, current buffer count is 12
I1102 19:17:24.441587 IO-0/EL  buffer_pool.h:25] BufferPool[IO-0_Write]: Allocate new buffer, current buffer count is 13
I1102 19:17:24.441600 IO-0/EL  buffer_pool.h:25] BufferPool[IO-0_Write]: Allocate new buffer, current buffer count is 14
I1102 19:17:24.441615 IO-0/EL  buffer_pool.h:25] BufferPool[IO-0_Write]: Allocate new buffer, current buffer count is 15
I1102 19:17:24.441623 IO-0/EL  buffer_pool.h:25] BufferPool[IO-0_Write]: Allocate new buffer, current buffer count is 16
I1102 19:17:24.441636 IO-0/EL  buffer_pool.h:25] BufferPool[IO-0_Write]: Allocate new buffer, current buffer count is 17
I1102 19:17:24.441646 IO-0/EL  buffer_pool.h:25] BufferPool[IO-0_Write]: Allocate new buffer, current buffer count is 18
I1102 19:17:24.441658 IO-0/EL  buffer_pool.h:25] BufferPool[IO-0_Write]: Allocate new buffer, current buffer count is 19
I1102 19:17:24.441669 IO-0/EL  buffer_pool.h:25] BufferPool[IO-0_Write]: Allocate new buffer, current buffer count is 20
I1102 19:17:24.441684 IO-0/EL  buffer_pool.h:25] BufferPool[IO-0_Write]: Allocate new buffer, current buffer count is 21
I1102 19:17:24.441699 IO-0/EL  buffer_pool.h:25] BufferPool[IO-0_Write]: Allocate new buffer, current buffer count is 22
I1102 19:17:24.441717 IO-0/EL  buffer_pool.h:25] BufferPool[IO-0_Write]: Allocate new buffer, current buffer count is 23
I1102 19:17:24.441739 IO-0/EL  buffer_pool.h:25] BufferPool[IO-0_Write]: Allocate new buffer, current buffer count is 24
I1102 19:17:24.441760 IO-0/EL  buffer_pool.h:25] BufferPool[IO-0_Write]: Allocate new buffer, current buffer count is 25
I1102 19:17:24.441781 IO-0/EL  buffer_pool.h:25] BufferPool[IO-0_Write]: Allocate new buffer, current buffer count is 26
I1102 19:17:24.441795 IO-0/EL  buffer_pool.h:25] BufferPool[IO-0_Write]: Allocate new buffer, current buffer count is 27
I1102 19:17:24.441815 IO-0/EL  buffer_pool.h:25] BufferPool[IO-0_Write]: Allocate new buffer, current buffer count is 28
I1102 19:17:24.441834 IO-0/EL  buffer_pool.h:25] BufferPool[IO-0_Write]: Allocate new buffer, current buffer count is 29
I1102 19:17:24.441855 IO-0/EL  buffer_pool.h:25] BufferPool[IO-0_Write]: Allocate new buffer, current buffer count is 30
I1102 19:17:24.441878 IO-0/EL  buffer_pool.h:25] BufferPool[IO-0_Write]: Allocate new buffer, current buffer count is 31
I1102 19:17:24.441896 IO-0/EL  buffer_pool.h:25] BufferPool[IO-0_Write]: Allocate new buffer, current buffer count is 32
I1102 19:17:24.441926 IO-0/EL  buffer_pool.h:25] BufferPool[IO-0_Write]: Allocate new buffer, current buffer count is 33
I1102 19:17:24.441946 IO-0/EL  buffer_pool.h:25] BufferPool[IO-0_Write]: Allocate new buffer, current buffer count is 34
I1102 19:17:24.441961 IO-0/EL  buffer_pool.h:25] BufferPool[IO-0_Write]: Allocate new buffer, current buffer count is 35
I1102 19:17:24.441980 IO-0/EL  buffer_pool.h:25] BufferPool[IO-0_Write]: Allocate new buffer, current buffer count is 36
I1102 19:17:24.442000 IO-0/EL  buffer_pool.h:25] BufferPool[IO-0_Write]: Allocate new buffer, current buffer count is 37
I1102 19:17:24.442018 IO-0/EL  buffer_pool.h:25] BufferPool[IO-0_Write]: Allocate new buffer, current buffer count is 38
I1102 19:17:24.442036 IO-0/EL  buffer_pool.h:25] BufferPool[IO-0_Write]: Allocate new buffer, current buffer count is 39
I1102 19:17:24.442047 IO-0/EL  buffer_pool.h:25] BufferPool[IO-0_Write]: Allocate new buffer, current buffer count is 40
I1102 19:17:24.442062 IO-0/EL  buffer_pool.h:25] BufferPool[IO-0_Write]: Allocate new buffer, current buffer count is 41
I1102 19:17:24.442074 IO-0/EL  buffer_pool.h:25] BufferPool[IO-0_Write]: Allocate new buffer, current buffer count is 42
I1102 19:17:24.442093 IO-0/EL  buffer_pool.h:25] BufferPool[IO-0_Write]: Allocate new buffer, current buffer count is 43
I1102 19:17:24.442108 IO-0/EL  buffer_pool.h:25] BufferPool[IO-0_Write]: Allocate new buffer, current buffer count is 44
I1102 19:17:24.442130 IO-0/EL  buffer_pool.h:25] BufferPool[IO-0_Write]: Allocate new buffer, current buffer count is 45
I1102 19:17:24.442158 IO-0/EL  buffer_pool.h:25] BufferPool[IO-0_Write]: Allocate new buffer, current buffer count is 46
I1102 19:17:24.442176 IO-0/EL  buffer_pool.h:25] BufferPool[IO-0_Write]: Allocate new buffer, current buffer count is 47
I1102 19:17:24.442195 IO-0/EL  buffer_pool.h:25] BufferPool[IO-0_Write]: Allocate new buffer, current buffer count is 48
I1102 19:17:24.442211 IO-0/EL  buffer_pool.h:25] BufferPool[IO-0_Write]: Allocate new buffer, current buffer count is 49
I1102 19:17:24.442229 IO-0/EL  buffer_pool.h:25] BufferPool[IO-0_Write]: Allocate new buffer, current buffer count is 50
I1102 19:17:24.442242 IO-0/EL  buffer_pool.h:25] BufferPool[IO-0_Write]: Allocate new buffer, current buffer count is 51
I1102 19:17:24.442255 IO-0/EL  buffer_pool.h:25] BufferPool[IO-0_Write]: Allocate new buffer, current buffer count is 52
I1102 19:17:24.442267 IO-0/EL  buffer_pool.h:25] BufferPool[IO-0_Write]: Allocate new buffer, current buffer count is 53
I1102 19:17:24.442281 IO-0/EL  buffer_pool.h:25] BufferPool[IO-0_Write]: Allocate new buffer, current buffer count is 54
I1102 19:17:24.442290 IO-0/EL  buffer_pool.h:25] BufferPool[IO-0_Write]: Allocate new buffer, current buffer count is 55
I1102 19:17:24.442319 IO-0/EL  buffer_pool.h:25] BufferPool[IO-0_Write]: Allocate new buffer, current buffer count is 56
I1102 19:17:24.442332 IO-0/EL  buffer_pool.h:25] BufferPool[IO-0_Write]: Allocate new buffer, current buffer count is 57
I1102 19:17:24.442344 IO-0/EL  buffer_pool.h:25] BufferPool[IO-0_Write]: Allocate new buffer, current buffer count is 58
I1102 19:17:24.442353 IO-0/EL  buffer_pool.h:25] BufferPool[IO-0_Write]: Allocate new buffer, current buffer count is 59
I1102 19:17:24.442362 IO-0/EL  buffer_pool.h:25] BufferPool[IO-0_Write]: Allocate new buffer, current buffer count is 60
I1102 19:17:24.442378 IO-0/EL  buffer_pool.h:25] BufferPool[IO-0_Write]: Allocate new buffer, current buffer count is 61
I1102 19:17:24.442389 IO-0/EL  buffer_pool.h:25] BufferPool[IO-0_Write]: Allocate new buffer, current buffer count is 62
I1102 19:17:24.442400 IO-0/EL  buffer_pool.h:25] BufferPool[IO-0_Write]: Allocate new buffer, current buffer count is 63
I1102 19:17:24.442411 IO-0/EL  buffer_pool.h:25] BufferPool[IO-0_Write]: Allocate new buffer, current buffer count is 64
I1102 19:17:24.442424 IO-0/EL  buffer_pool.h:25] BufferPool[IO-0_Write]: Allocate new buffer, current buffer count is 65
I1102 19:17:24.442436 IO-0/EL  buffer_pool.h:25] BufferPool[IO-0_Write]: Allocate new buffer, current buffer count is 66
I1102 19:17:24.442448 IO-0/EL  buffer_pool.h:25] BufferPool[IO-0_Write]: Allocate new buffer, current buffer count is 67
I1102 19:17:24.442459 IO-0/EL  buffer_pool.h:25] BufferPool[IO-0_Write]: Allocate new buffer, current buffer count is 68
I1102 19:17:24.442472 IO-0/EL  buffer_pool.h:25] BufferPool[IO-0_Write]: Allocate new buffer, current buffer count is 69
I1102 19:17:24.442484 IO-0/EL  buffer_pool.h:25] BufferPool[IO-0_Write]: Allocate new buffer, current buffer count is 70
I1102 19:17:24.442498 IO-0/EL  buffer_pool.h:25] BufferPool[IO-0_Write]: Allocate new buffer, current buffer count is 71
I1102 19:17:24.442510 IO-0/EL  buffer_pool.h:25] BufferPool[IO-0_Write]: Allocate new buffer, current buffer count is 72
I1102 19:17:24.442526 IO-0/EL  buffer_pool.h:25] BufferPool[IO-0_Write]: Allocate new buffer, current buffer count is 73
I1102 19:17:24.442553 IO-0/EL  buffer_pool.h:25] BufferPool[IO-0_Write]: Allocate new buffer, current buffer count is 74
I1102 19:17:24.442568 IO-0/EL  buffer_pool.h:25] BufferPool[IO-0_Write]: Allocate new buffer, current buffer count is 75
I1102 19:17:24.442587 IO-0/EL  buffer_pool.h:25] BufferPool[IO-0_Write]: Allocate new buffer, current buffer count is 76
I1102 19:17:24.442600 IO-0/EL  buffer_pool.h:25] BufferPool[IO-0_Write]: Allocate new buffer, current buffer count is 77
I1102 19:17:24.442620 IO-0/EL  buffer_pool.h:25] BufferPool[IO-0_Write]: Allocate new buffer, current buffer count is 78
I1102 19:17:24.442638 IO-0/EL  buffer_pool.h:25] BufferPool[IO-0_Write]: Allocate new buffer, current buffer count is 79
I1102 19:17:24.442662 IO-0/EL  buffer_pool.h:25] BufferPool[IO-0_Write]: Allocate new buffer, current buffer count is 80
I1102 19:17:24.442673 IO-0/EL  buffer_pool.h:25] BufferPool[IO-0_Write]: Allocate new buffer, current buffer count is 81
I1102 19:17:24.442685 IO-0/EL  buffer_pool.h:25] BufferPool[IO-0_Write]: Allocate new buffer, current buffer count is 82
I1102 19:17:24.442694 IO-0/EL  buffer_pool.h:25] BufferPool[IO-0_Write]: Allocate new buffer, current buffer count is 83
I1102 19:17:24.442705 IO-0/EL  buffer_pool.h:25] BufferPool[IO-0_Write]: Allocate new buffer, current buffer count is 84
I1102 19:17:24.442724 IO-0/EL  buffer_pool.h:25] BufferPool[IO-0_Write]: Allocate new buffer, current buffer count is 85
I1102 19:17:24.442735 IO-0/EL  buffer_pool.h:25] BufferPool[IO-0_Write]: Allocate new buffer, current buffer count is 86
I1102 19:17:24.442749 IO-0/EL  buffer_pool.h:25] BufferPool[IO-0_Write]: Allocate new buffer, current buffer count is 87
I1102 19:17:24.442758 IO-0/EL  buffer_pool.h:25] BufferPool[IO-0_Write]: Allocate new buffer, current buffer count is 88
I1102 19:17:24.442771 IO-0/EL  buffer_pool.h:25] BufferPool[IO-0_Write]: Allocate new buffer, current buffer count is 89
I1102 19:17:24.442782 IO-0/EL  buffer_pool.h:25] BufferPool[IO-0_Write]: Allocate new buffer, current buffer count is 90
I1102 19:17:24.442794 IO-0/EL  buffer_pool.h:25] BufferPool[IO-0_Write]: Allocate new buffer, current buffer count is 91
I1102 19:17:24.442805 IO-0/EL  buffer_pool.h:25] BufferPool[IO-0_Write]: Allocate new buffer, current buffer count is 92
I1102 19:17:24.442819 IO-0/EL  buffer_pool.h:25] BufferPool[IO-0_Write]: Allocate new buffer, current buffer count is 93
I1102 19:17:24.442828 IO-0/EL  buffer_pool.h:25] BufferPool[IO-0_Write]: Allocate new buffer, current buffer count is 94
I1102 19:17:24.442838 IO-0/EL  buffer_pool.h:25] BufferPool[IO-0_Write]: Allocate new buffer, current buffer count is 95
I1102 19:17:24.442852 IO-0/EL  buffer_pool.h:25] BufferPool[IO-0_Write]: Allocate new buffer, current buffer count is 96
I1102 19:17:24.442864 IO-0/EL  buffer_pool.h:25] BufferPool[IO-0_Write]: Allocate new buffer, current buffer count is 97
I1102 19:17:24.442881 IO-0/EL  buffer_pool.h:25] BufferPool[IO-0_Write]: Allocate new buffer, current buffer count is 98
I1102 19:17:24.442895 IO-0/EL  buffer_pool.h:25] BufferPool[IO-0_Write]: Allocate new buffer, current buffer count is 99
I1102 19:17:24.442916 IO-0/EL  buffer_pool.h:25] BufferPool[IO-0_Write]: Allocate new buffer, current buffer count is 100
I1102 19:17:24.442934 IO-0/EL  buffer_pool.h:25] BufferPool[IO-0_Write]: Allocate new buffer, current buffer count is 101
I1102 19:17:24.442952 IO-0/EL  buffer_pool.h:25] BufferPool[IO-0_Write]: Allocate new buffer, current buffer count is 102
I1102 19:17:24.442966 IO-0/EL  buffer_pool.h:25] BufferPool[IO-0_Write]: Allocate new buffer, current buffer count is 103
I1102 19:17:24.442982 IO-0/EL  buffer_pool.h:25] BufferPool[IO-0_Write]: Allocate new buffer, current buffer count is 104
I1102 19:17:24.442998 IO-0/EL  buffer_pool.h:25] BufferPool[IO-0_Write]: Allocate new buffer, current buffer count is 105
I1102 19:17:24.443015 IO-0/EL  buffer_pool.h:25] BufferPool[IO-0_Write]: Allocate new buffer, current buffer count is 106
I1102 19:17:24.443030 IO-0/EL  buffer_pool.h:25] BufferPool[IO-0_Write]: Allocate new buffer, current buffer count is 107
I1102 19:17:24.443042 IO-0/EL  buffer_pool.h:25] BufferPool[IO-0_Write]: Allocate new buffer, current buffer count is 108
I1102 19:17:24.443056 IO-0/EL  buffer_pool.h:25] BufferPool[IO-0_Write]: Allocate new buffer, current buffer count is 109
I1102 19:17:24.443067 IO-0/EL  buffer_pool.h:25] BufferPool[IO-0_Write]: Allocate new buffer, current buffer count is 110
I1102 19:17:24.443079 IO-0/EL  buffer_pool.h:25] BufferPool[IO-0_Write]: Allocate new buffer, current buffer count is 111
I1102 19:17:24.443088 IO-0/EL  buffer_pool.h:25] BufferPool[IO-0_Write]: Allocate new buffer, current buffer count is 112
I1102 19:17:24.443104 IO-0/EL  buffer_pool.h:25] BufferPool[IO-0_Write]: Allocate new buffer, current buffer count is 113
I1102 19:17:24.443127 IO-0/EL  buffer_pool.h:25] BufferPool[IO-0_Write]: Allocate new buffer, current buffer count is 114
I1102 19:17:24.443140 IO-0/EL  buffer_pool.h:25] BufferPool[IO-0_Write]: Allocate new buffer, current buffer count is 115
I1102 19:17:24.443154 IO-0/EL  buffer_pool.h:25] BufferPool[IO-0_Write]: Allocate new buffer, current buffer count is 116
I1102 19:17:24.443163 IO-0/EL  buffer_pool.h:25] BufferPool[IO-0_Write]: Allocate new buffer, current buffer count is 117
I1102 19:17:24.443175 IO-0/EL  buffer_pool.h:25] BufferPool[IO-0_Write]: Allocate new buffer, current buffer count is 118
I1102 19:17:24.443186 IO-0/EL  buffer_pool.h:25] BufferPool[IO-0_Write]: Allocate new buffer, current buffer count is 119
I1102 19:17:24.443204 IO-0/EL  buffer_pool.h:25] BufferPool[IO-0_Write]: Allocate new buffer, current buffer count is 120
I1102 19:17:24.443220 IO-0/EL  buffer_pool.h:25] BufferPool[IO-0_Write]: Allocate new buffer, current buffer count is 121
I1102 19:17:24.443238 IO-0/EL  buffer_pool.h:25] BufferPool[IO-0_Write]: Allocate new buffer, current buffer count is 122
I1102 19:17:24.443259 IO-0/EL  buffer_pool.h:25] BufferPool[IO-0_Write]: Allocate new buffer, current buffer count is 123
I1102 19:17:24.443273 IO-0/EL  buffer_pool.h:25] BufferPool[IO-0_Write]: Allocate new buffer, current buffer count is 124
I1102 19:17:24.443294 IO-0/EL  buffer_pool.h:25] BufferPool[IO-0_Write]: Allocate new buffer, current buffer count is 125
I1102 19:17:24.443309 IO-0/EL  buffer_pool.h:25] BufferPool[IO-0_Write]: Allocate new buffer, current buffer count is 126
I1102 19:17:24.443331 IO-0/EL  buffer_pool.h:25] BufferPool[IO-0_Write]: Allocate new buffer, current buffer count is 127
I1102 19:17:24.443346 IO-0/EL  buffer_pool.h:25] BufferPool[IO-0_Write]: Allocate new buffer, current buffer count is 128
I1102 19:17:24.443370 IO-0/EL  buffer_pool.h:25] BufferPool[IO-0_Write]: Allocate new buffer, current buffer count is 129
I1102 19:17:24.443389 IO-0/EL  buffer_pool.h:25] BufferPool[IO-0_Write]: Allocate new buffer, current buffer count is 130
I1102 19:17:24.443409 IO-0/EL  buffer_pool.h:25] BufferPool[IO-0_Write]: Allocate new buffer, current buffer count is 131
I1102 19:17:24.443424 IO-0/EL  buffer_pool.h:25] BufferPool[IO-0_Write]: Allocate new buffer, current buffer count is 132
I1102 19:17:24.443439 IO-0/EL  buffer_pool.h:25] BufferPool[IO-0_Write]: Allocate new buffer, current buffer count is 133
I1102 19:17:24.443458 IO-0/EL  buffer_pool.h:25] BufferPool[IO-0_Write]: Allocate new buffer, current buffer count is 134
I1102 19:17:24.443473 IO-0/EL  buffer_pool.h:25] BufferPool[IO-0_Write]: Allocate new buffer, current buffer count is 135
I1102 19:17:24.443491 IO-0/EL  buffer_pool.h:25] BufferPool[IO-0_Write]: Allocate new buffer, current buffer count is 136
I1102 19:17:24.443505 IO-0/EL  buffer_pool.h:25] BufferPool[IO-0_Write]: Allocate new buffer, current buffer count is 137
I1102 19:17:24.443528 IO-0/EL  buffer_pool.h:25] BufferPool[IO-0_Write]: Allocate new buffer, current buffer count is 138
I1102 19:17:24.443544 IO-0/EL  buffer_pool.h:25] BufferPool[IO-0_Write]: Allocate new buffer, current buffer count is 139
I1102 19:17:24.443565 IO-0/EL  buffer_pool.h:25] BufferPool[IO-0_Write]: Allocate new buffer, current buffer count is 140
I1102 19:17:24.443579 IO-0/EL  buffer_pool.h:25] BufferPool[IO-0_Write]: Allocate new buffer, current buffer count is 141
I1102 19:17:24.443595 IO-0/EL  buffer_pool.h:25] BufferPool[IO-0_Write]: Allocate new buffer, current buffer count is 142
I1102 19:17:24.443612 IO-0/EL  buffer_pool.h:25] BufferPool[IO-0_Write]: Allocate new buffer, current buffer count is 143
I1102 19:17:24.443626 IO-0/EL  buffer_pool.h:25] BufferPool[IO-0_Write]: Allocate new buffer, current buffer count is 144
I1102 19:17:24.443650 IO-0/EL  buffer_pool.h:25] BufferPool[IO-0_Write]: Allocate new buffer, current buffer count is 145
I1102 19:17:24.443662 IO-0/EL  buffer_pool.h:25] BufferPool[IO-0_Write]: Allocate new buffer, current buffer count is 146
I1102 19:17:24.443683 IO-0/EL  buffer_pool.h:25] BufferPool[IO-0_Write]: Allocate new buffer, current buffer count is 147
I1102 19:17:24.443694 IO-0/EL  buffer_pool.h:25] BufferPool[IO-0_Write]: Allocate new buffer, current buffer count is 148
I1102 19:17:24.443713 IO-0/EL  buffer_pool.h:25] BufferPool[IO-0_Write]: Allocate new buffer, current buffer count is 149
I1102 19:17:24.443726 IO-0/EL  buffer_pool.h:25] BufferPool[IO-0_Write]: Allocate new buffer, current buffer count is 150
I1102 19:17:24.443741 IO-0/EL  buffer_pool.h:25] BufferPool[IO-0_Write]: Allocate new buffer, current buffer count is 151
I1102 19:17:24.443755 IO-0/EL  buffer_pool.h:25] BufferPool[IO-0_Write]: Allocate new buffer, current buffer count is 152
I1102 19:17:24.443768 IO-0/EL  buffer_pool.h:25] BufferPool[IO-0_Write]: Allocate new buffer, current buffer count is 153
I1102 19:17:24.443779 IO-0/EL  buffer_pool.h:25] BufferPool[IO-0_Write]: Allocate new buffer, current buffer count is 154
I1102 19:17:24.443791 IO-0/EL  buffer_pool.h:25] BufferPool[IO-0_Write]: Allocate new buffer, current buffer count is 155
I1102 19:17:24.443802 IO-0/EL  buffer_pool.h:25] BufferPool[IO-0_Write]: Allocate new buffer, current buffer count is 156
I1102 19:17:24.443812 IO-0/EL  buffer_pool.h:25] BufferPool[IO-0_Write]: Allocate new buffer, current buffer count is 157
I1102 19:17:24.443825 IO-0/EL  buffer_pool.h:25] BufferPool[IO-0_Write]: Allocate new buffer, current buffer count is 158
I1102 19:17:24.443839 IO-0/EL  buffer_pool.h:25] BufferPool[IO-0_Write]: Allocate new buffer, current buffer count is 159
I1102 19:17:24.443856 IO-0/EL  buffer_pool.h:25] BufferPool[IO-0_Write]: Allocate new buffer, current buffer count is 160
I1102 19:17:24.443872 IO-0/EL  buffer_pool.h:25] BufferPool[IO-0_Write]: Allocate new buffer, current buffer count is 161
I1102 19:17:24.443892 IO-0/EL  buffer_pool.h:25] BufferPool[IO-0_Write]: Allocate new buffer, current buffer count is 162
I1102 19:17:24.443905 IO-0/EL  buffer_pool.h:25] BufferPool[IO-0_Write]: Allocate new buffer, current buffer count is 163
I1102 19:17:24.443924 IO-0/EL  buffer_pool.h:25] BufferPool[IO-0_Write]: Allocate new buffer, current buffer count is 164
I1102 19:17:24.443939 IO-0/EL  buffer_pool.h:25] BufferPool[IO-0_Write]: Allocate new buffer, current buffer count is 165
I1102 19:17:24.443957 IO-0/EL  buffer_pool.h:25] BufferPool[IO-0_Write]: Allocate new buffer, current buffer count is 166
I1102 19:17:24.443975 IO-0/EL  buffer_pool.h:25] BufferPool[IO-0_Write]: Allocate new buffer, current buffer count is 167
I1102 19:17:24.443985 IO-0/EL  buffer_pool.h:25] BufferPool[IO-0_Write]: Allocate new buffer, current buffer count is 168
I1102 19:17:24.443997 IO-0/EL  buffer_pool.h:25] BufferPool[IO-0_Write]: Allocate new buffer, current buffer count is 169
I1102 19:17:24.444008 IO-0/EL  buffer_pool.h:25] BufferPool[IO-0_Write]: Allocate new buffer, current buffer count is 170
I1102 19:17:24.444022 IO-0/EL  buffer_pool.h:25] BufferPool[IO-0_Write]: Allocate new buffer, current buffer count is 171
I1102 19:17:24.444030 IO-0/EL  buffer_pool.h:25] BufferPool[IO-0_Write]: Allocate new buffer, current buffer count is 172
I1102 19:17:24.444045 IO-0/EL  buffer_pool.h:25] BufferPool[IO-0_Write]: Allocate new buffer, current buffer count is 173
I1102 19:17:24.444056 IO-0/EL  buffer_pool.h:25] BufferPool[IO-0_Write]: Allocate new buffer, current buffer count is 174
I1102 19:17:24.444068 IO-0/EL  buffer_pool.h:25] BufferPool[IO-0_Write]: Allocate new buffer, current buffer count is 175
I1102 19:17:24.444079 IO-0/EL  buffer_pool.h:25] BufferPool[IO-0_Write]: Allocate new buffer, current buffer count is 176
I1102 19:17:24.444092 IO-0/EL  buffer_pool.h:25] BufferPool[IO-0_Write]: Allocate new buffer, current buffer count is 177
I1102 19:17:24.444102 IO-0/EL  buffer_pool.h:25] BufferPool[IO-0_Write]: Allocate new buffer, current buffer count is 178
I1102 19:17:24.444111 IO-0/EL  buffer_pool.h:25] BufferPool[IO-0_Write]: Allocate new buffer, current buffer count is 179
I1102 19:17:24.444124 IO-0/EL  buffer_pool.h:25] BufferPool[IO-0_Write]: Allocate new buffer, current buffer count is 180
I1102 19:17:24.444145 IO-0/EL  buffer_pool.h:25] BufferPool[IO-0_Write]: Allocate new buffer, current buffer count is 181
I1102 19:17:24.444159 IO-0/EL  buffer_pool.h:25] BufferPool[IO-0_Write]: Allocate new buffer, current buffer count is 182
I1102 19:17:24.444169 IO-0/EL  buffer_pool.h:25] BufferPool[IO-0_Write]: Allocate new buffer, current buffer count is 183
I1102 19:17:24.444183 IO-0/EL  buffer_pool.h:25] BufferPool[IO-0_Write]: Allocate new buffer, current buffer count is 184
I1102 19:17:24.444194 IO-0/EL  buffer_pool.h:25] BufferPool[IO-0_Write]: Allocate new buffer, current buffer count is 185
I1102 19:17:24.444214 IO-0/EL  buffer_pool.h:25] BufferPool[IO-0_Write]: Allocate new buffer, current buffer count is 186
I1102 19:17:24.444231 IO-0/EL  buffer_pool.h:25] BufferPool[IO-0_Write]: Allocate new buffer, current buffer count is 187
I1102 19:17:24.444251 IO-0/EL  buffer_pool.h:25] BufferPool[IO-0_Write]: Allocate new buffer, current buffer count is 188
I1102 19:17:24.444267 IO-0/EL  buffer_pool.h:25] BufferPool[IO-0_Write]: Allocate new buffer, current buffer count is 189
I1102 19:17:24.444284 IO-0/EL  buffer_pool.h:25] BufferPool[IO-0_Write]: Allocate new buffer, current buffer count is 190
I1102 19:17:24.444299 IO-0/EL  buffer_pool.h:25] BufferPool[IO-0_Write]: Allocate new buffer, current buffer count is 191
I1102 19:17:24.444315 IO-0/EL  buffer_pool.h:25] BufferPool[IO-0_Write]: Allocate new buffer, current buffer count is 192
I1102 19:17:24.444336 IO-0/EL  buffer_pool.h:25] BufferPool[IO-0_Write]: Allocate new buffer, current buffer count is 193
I1102 19:17:24.444351 IO-0/EL  buffer_pool.h:25] BufferPool[IO-0_Write]: Allocate new buffer, current buffer count is 194
I1102 19:17:24.444368 IO-0/EL  buffer_pool.h:25] BufferPool[IO-0_Write]: Allocate new buffer, current buffer count is 195
I1102 19:17:24.444385 IO-0/EL  buffer_pool.h:25] BufferPool[IO-0_Write]: Allocate new buffer, current buffer count is 196
I1102 19:17:24.444408 IO-0/EL  buffer_pool.h:25] BufferPool[IO-0_Write]: Allocate new buffer, current buffer count is 197
I1102 19:17:24.444422 IO-0/EL  buffer_pool.h:25] BufferPool[IO-0_Write]: Allocate new buffer, current buffer count is 198
I1102 19:17:24.444441 IO-0/EL  buffer_pool.h:25] BufferPool[IO-0_Write]: Allocate new buffer, current buffer count is 199
I1102 19:17:24.444453 IO-0/EL  buffer_pool.h:25] BufferPool[IO-0_Write]: Allocate new buffer, current buffer count is 200
I1102 19:17:24.444473 IO-0/EL  buffer_pool.h:25] BufferPool[IO-0_Write]: Allocate new buffer, current buffer count is 201
I1102 19:17:24.444489 IO-0/EL  buffer_pool.h:25] BufferPool[IO-0_Write]: Allocate new buffer, current buffer count is 202
I1102 19:17:24.444500 IO-0/EL  buffer_pool.h:25] BufferPool[IO-0_Write]: Allocate new buffer, current buffer count is 203
I1102 19:17:24.444521 IO-0/EL  buffer_pool.h:25] BufferPool[IO-0_Write]: Allocate new buffer, current buffer count is 204
I1102 19:17:24.444539 IO-0/EL  buffer_pool.h:25] BufferPool[IO-0_Write]: Allocate new buffer, current buffer count is 205
I1102 19:17:24.444562 IO-0/EL  buffer_pool.h:25] BufferPool[IO-0_Write]: Allocate new buffer, current buffer count is 206
I1102 19:17:24.444576 IO-0/EL  buffer_pool.h:25] BufferPool[IO-0_Write]: Allocate new buffer, current buffer count is 207
I1102 19:17:24.444595 IO-0/EL  buffer_pool.h:25] BufferPool[IO-0_Write]: Allocate new buffer, current buffer count is 208
I1102 19:17:24.444611 IO-0/EL  buffer_pool.h:25] BufferPool[IO-0_Write]: Allocate new buffer, current buffer count is 209
I1102 19:17:24.444628 IO-0/EL  buffer_pool.h:25] BufferPool[IO-0_Write]: Allocate new buffer, current buffer count is 210
I1102 19:17:24.444644 IO-0/EL  buffer_pool.h:25] BufferPool[IO-0_Write]: Allocate new buffer, current buffer count is 211
I1102 19:17:24.444662 IO-0/EL  buffer_pool.h:25] BufferPool[IO-0_Write]: Allocate new buffer, current buffer count is 212
I1102 19:17:24.444677 IO-0/EL  buffer_pool.h:25] BufferPool[IO-0_Write]: Allocate new buffer, current buffer count is 213
I1102 19:17:24.444697 IO-0/EL  buffer_pool.h:25] BufferPool[IO-0_Write]: Allocate new buffer, current buffer count is 214
I1102 19:17:24.444729 IO-0/EL  buffer_pool.h:25] BufferPool[IO-0_Write]: Allocate new buffer, current buffer count is 215
I1102 19:17:24.444745 IO-0/EL  buffer_pool.h:25] BufferPool[IO-0_Write]: Allocate new buffer, current buffer count is 216
I1102 19:17:24.444763 IO-0/EL  buffer_pool.h:25] BufferPool[IO-0_Write]: Allocate new buffer, current buffer count is 217
I1102 19:17:24.444778 IO-0/EL  buffer_pool.h:25] BufferPool[IO-0_Write]: Allocate new buffer, current buffer count is 218
I1102 19:17:24.444799 IO-0/EL  buffer_pool.h:25] BufferPool[IO-0_Write]: Allocate new buffer, current buffer count is 219
I1102 19:17:24.444809 IO-0/EL  buffer_pool.h:25] BufferPool[IO-0_Write]: Allocate new buffer, current buffer count is 220
I1102 19:17:24.444820 IO-0/EL  buffer_pool.h:25] BufferPool[IO-0_Write]: Allocate new buffer, current buffer count is 221
I1102 19:17:24.444832 IO-0/EL  buffer_pool.h:25] BufferPool[IO-0_Write]: Allocate new buffer, current buffer count is 222
I1102 19:17:24.444846 IO-0/EL  buffer_pool.h:25] BufferPool[IO-0_Write]: Allocate new buffer, current buffer count is 223
I1102 19:17:24.444858 IO-0/EL  buffer_pool.h:25] BufferPool[IO-0_Write]: Allocate new buffer, current buffer count is 224
I1102 19:17:24.444891 IO-0/EL  buffer_pool.h:25] BufferPool[IO-0_Write]: Allocate new buffer, current buffer count is 225
I1102 19:17:24.444911 IO-0/EL  buffer_pool.h:25] BufferPool[IO-0_Write]: Allocate new buffer, current buffer count is 226
I1102 19:17:24.444930 IO-0/EL  buffer_pool.h:25] BufferPool[IO-0_Write]: Allocate new buffer, current buffer count is 227
I1102 19:17:24.444945 IO-0/EL  buffer_pool.h:25] BufferPool[IO-0_Write]: Allocate new buffer, current buffer count is 228
I1102 19:17:24.444961 IO-0/EL  buffer_pool.h:25] BufferPool[IO-0_Write]: Allocate new buffer, current buffer count is 229
I1102 19:17:24.444978 IO-0/EL  buffer_pool.h:25] BufferPool[IO-0_Write]: Allocate new buffer, current buffer count is 230
I1102 19:17:24.444989 IO-0/EL  buffer_pool.h:25] BufferPool[IO-0_Write]: Allocate new buffer, current buffer count is 231
I1102 19:17:24.445003 IO-0/EL  buffer_pool.h:25] BufferPool[IO-0_Write]: Allocate new buffer, current buffer count is 232
I1102 19:17:24.445017 IO-0/EL  buffer_pool.h:25] BufferPool[IO-0_Write]: Allocate new buffer, current buffer count is 233
I1102 19:17:24.445031 IO-0/EL  buffer_pool.h:25] BufferPool[IO-0_Write]: Allocate new buffer, current buffer count is 234
I1102 19:17:24.445041 IO-0/EL  buffer_pool.h:25] BufferPool[IO-0_Write]: Allocate new buffer, current buffer count is 235
I1102 19:17:24.445056 IO-0/EL  buffer_pool.h:25] BufferPool[IO-0_Write]: Allocate new buffer, current buffer count is 236
I1102 19:17:24.445069 IO-0/EL  buffer_pool.h:25] BufferPool[IO-0_Write]: Allocate new buffer, current buffer count is 237
I1102 19:17:24.445081 IO-0/EL  buffer_pool.h:25] BufferPool[IO-0_Write]: Allocate new buffer, current buffer count is 238
I1102 19:17:24.445091 IO-0/EL  buffer_pool.h:25] BufferPool[IO-0_Write]: Allocate new buffer, current buffer count is 239
I1102 19:17:24.445103 IO-0/EL  buffer_pool.h:25] BufferPool[IO-0_Write]: Allocate new buffer, current buffer count is 240
I1102 19:17:24.445114 IO-0/EL  buffer_pool.h:25] BufferPool[IO-0_Write]: Allocate new buffer, current buffer count is 241
I1102 19:17:24.445123 IO-0/EL  buffer_pool.h:25] BufferPool[IO-0_Write]: Allocate new buffer, current buffer count is 242
I1102 19:17:24.445137 IO-0/EL  buffer_pool.h:25] BufferPool[IO-0_Write]: Allocate new buffer, current buffer count is 243
I1102 19:17:24.445152 IO-0/EL  buffer_pool.h:25] BufferPool[IO-0_Write]: Allocate new buffer, current buffer count is 244
I1102 19:17:24.445174 IO-0/EL  buffer_pool.h:25] BufferPool[IO-0_Write]: Allocate new buffer, current buffer count is 245
I1102 19:17:24.445192 IO-0/EL  buffer_pool.h:25] BufferPool[IO-0_Write]: Allocate new buffer, current buffer count is 246
I1102 19:17:24.445215 IO-0/EL  buffer_pool.h:25] BufferPool[IO-0_Write]: Allocate new buffer, current buffer count is 247
I1102 19:17:24.445238 IO-0/EL  buffer_pool.h:25] BufferPool[IO-0_Write]: Allocate new buffer, current buffer count is 248
I1102 19:17:24.445256 IO-0/EL  buffer_pool.h:25] BufferPool[IO-0_Write]: Allocate new buffer, current buffer count is 249
I1102 19:17:24.445272 IO-0/EL  buffer_pool.h:25] BufferPool[IO-0_Write]: Allocate new buffer, current buffer count is 250
I1102 19:17:24.445287 IO-0/EL  buffer_pool.h:25] BufferPool[IO-0_Write]: Allocate new buffer, current buffer count is 251
I1102 19:17:24.445296 IO-0/EL  buffer_pool.h:25] BufferPool[IO-0_Write]: Allocate new buffer, current buffer count is 252
I1102 19:17:24.445311 IO-0/EL  buffer_pool.h:25] BufferPool[IO-0_Write]: Allocate new buffer, current buffer count is 253
I1102 19:17:24.445322 IO-0/EL  buffer_pool.h:25] BufferPool[IO-0_Write]: Allocate new buffer, current buffer count is 254
I1102 19:17:24.445335 IO-0/EL  buffer_pool.h:25] BufferPool[IO-0_Write]: Allocate new buffer, current buffer count is 255
I1102 19:17:24.445349 IO-0/EL  buffer_pool.h:25] BufferPool[IO-0_Write]: Allocate new buffer, current buffer count is 256
I1102 19:17:24.446955 IO-0/EL  buffer_pool.h:25] BufferPool[IO-0_Write]: Allocate new buffer, current buffer count is 257
I1102 19:17:24.446979 IO-0/EL  buffer_pool.h:25] BufferPool[IO-0_Write]: Allocate new buffer, current buffer count is 258
I1102 19:17:24.446995 IO-0/EL  buffer_pool.h:25] BufferPool[IO-0_Write]: Allocate new buffer, current buffer count is 259
I1102 19:17:24.447014 IO-0/EL  buffer_pool.h:25] BufferPool[IO-0_Write]: Allocate new buffer, current buffer count is 260
I1102 19:17:24.447029 IO-0/EL  buffer_pool.h:25] BufferPool[IO-0_Write]: Allocate new buffer, current buffer count is 261
I1102 19:17:24.447043 IO-0/EL  buffer_pool.h:25] BufferPool[IO-0_Write]: Allocate new buffer, current buffer count is 262
I1102 19:17:24.447059 IO-0/EL  buffer_pool.h:25] BufferPool[IO-0_Write]: Allocate new buffer, current buffer count is 263
I1102 19:17:24.447070 IO-0/EL  buffer_pool.h:25] BufferPool[IO-0_Write]: Allocate new buffer, current buffer count is 264
I1102 19:17:24.447081 IO-0/EL  buffer_pool.h:25] BufferPool[IO-0_Write]: Allocate new buffer, current buffer count is 265
I1102 19:17:24.447092 IO-0/EL  buffer_pool.h:25] BufferPool[IO-0_Write]: Allocate new buffer, current buffer count is 266
I1102 19:17:24.447102 IO-0/EL  buffer_pool.h:25] BufferPool[IO-0_Write]: Allocate new buffer, current buffer count is 267
I1102 19:17:24.447112 IO-0/EL  buffer_pool.h:25] BufferPool[IO-0_Write]: Allocate new buffer, current buffer count is 268
I1102 19:17:24.447125 IO-0/EL  buffer_pool.h:25] BufferPool[IO-0_Write]: Allocate new buffer, current buffer count is 269
I1102 19:17:24.447139 IO-0/EL  buffer_pool.h:25] BufferPool[IO-0_Write]: Allocate new buffer, current buffer count is 270
I1102 19:17:24.447156 IO-0/EL  buffer_pool.h:25] BufferPool[IO-0_Write]: Allocate new buffer, current buffer count is 271
I1102 19:17:24.447171 IO-0/EL  buffer_pool.h:25] BufferPool[IO-0_Write]: Allocate new buffer, current buffer count is 272
I1102 19:17:24.447187 IO-0/EL  buffer_pool.h:25] BufferPool[IO-0_Write]: Allocate new buffer, current buffer count is 273
I1102 19:17:24.447202 IO-0/EL  buffer_pool.h:25] BufferPool[IO-0_Write]: Allocate new buffer, current buffer count is 274
I1102 19:17:24.447212 IO-0/EL  buffer_pool.h:25] BufferPool[IO-0_Write]: Allocate new buffer, current buffer count is 275
I1102 19:17:24.447223 IO-0/EL  buffer_pool.h:25] BufferPool[IO-0_Write]: Allocate new buffer, current buffer count is 276
I1102 19:17:24.447235 IO-0/EL  buffer_pool.h:25] BufferPool[IO-0_Write]: Allocate new buffer, current buffer count is 277
I1102 19:17:24.447246 IO-0/EL  buffer_pool.h:25] BufferPool[IO-0_Write]: Allocate new buffer, current buffer count is 278
I1102 19:17:24.447257 IO-0/EL  buffer_pool.h:25] BufferPool[IO-0_Write]: Allocate new buffer, current buffer count is 279
I1102 19:17:24.447270 IO-0/EL  buffer_pool.h:25] BufferPool[IO-0_Write]: Allocate new buffer, current buffer count is 280
I1102 19:17:24.447280 IO-0/EL  buffer_pool.h:25] BufferPool[IO-0_Write]: Allocate new buffer, current buffer count is 281
I1102 19:17:24.447298 IO-0/EL  buffer_pool.h:25] BufferPool[IO-0_Write]: Allocate new buffer, current buffer count is 282
I1102 19:17:24.447309 IO-0/EL  buffer_pool.h:25] BufferPool[IO-0_Write]: Allocate new buffer, current buffer count is 283
I1102 19:17:24.447319 IO-0/EL  buffer_pool.h:25] BufferPool[IO-0_Write]: Allocate new buffer, current buffer count is 284
I1102 19:17:24.447328 IO-0/EL  buffer_pool.h:25] BufferPool[IO-0_Write]: Allocate new buffer, current buffer count is 285
I1102 19:17:24.447339 IO-0/EL  buffer_pool.h:25] BufferPool[IO-0_Write]: Allocate new buffer, current buffer count is 286
I1102 19:17:24.447350 IO-0/EL  buffer_pool.h:25] BufferPool[IO-0_Write]: Allocate new buffer, current buffer count is 287
I1102 19:17:24.447360 IO-0/EL  buffer_pool.h:25] BufferPool[IO-0_Write]: Allocate new buffer, current buffer count is 288
I1102 19:17:24.447370 IO-0/EL  buffer_pool.h:25] BufferPool[IO-0_Write]: Allocate new buffer, current buffer count is 289
I1102 19:17:24.447383 IO-0/EL  buffer_pool.h:25] BufferPool[IO-0_Write]: Allocate new buffer, current buffer count is 290
I1102 19:17:24.447396 IO-0/EL  buffer_pool.h:25] BufferPool[IO-0_Write]: Allocate new buffer, current buffer count is 291
I1102 19:17:24.447413 IO-0/EL  buffer_pool.h:25] BufferPool[IO-0_Write]: Allocate new buffer, current buffer count is 292
I1102 19:17:24.447429 IO-0/EL  buffer_pool.h:25] BufferPool[IO-0_Write]: Allocate new buffer, current buffer count is 293
I1102 19:17:24.447446 IO-0/EL  buffer_pool.h:25] BufferPool[IO-0_Write]: Allocate new buffer, current buffer count is 294
I1102 19:17:24.447461 IO-0/EL  buffer_pool.h:25] BufferPool[IO-0_Write]: Allocate new buffer, current buffer count is 295
I1102 19:17:24.447473 IO-0/EL  buffer_pool.h:25] BufferPool[IO-0_Write]: Allocate new buffer, current buffer count is 296
I1102 19:17:24.447484 IO-0/EL  buffer_pool.h:25] BufferPool[IO-0_Write]: Allocate new buffer, current buffer count is 297
I1102 19:17:24.447498 IO-0/EL  buffer_pool.h:25] BufferPool[IO-0_Write]: Allocate new buffer, current buffer count is 298
I1102 19:17:24.447509 IO-0/EL  buffer_pool.h:25] BufferPool[IO-0_Write]: Allocate new buffer, current buffer count is 299
I1102 19:17:24.447519 IO-0/EL  buffer_pool.h:25] BufferPool[IO-0_Write]: Allocate new buffer, current buffer count is 300
I1102 19:17:24.447528 IO-0/EL  buffer_pool.h:25] BufferPool[IO-0_Write]: Allocate new buffer, current buffer count is 301
I1102 19:17:24.447538 IO-0/EL  buffer_pool.h:25] BufferPool[IO-0_Write]: Allocate new buffer, current buffer count is 302
I1102 19:17:24.447547 IO-0/EL  buffer_pool.h:25] BufferPool[IO-0_Write]: Allocate new buffer, current buffer count is 303
I1102 19:17:24.447557 IO-0/EL  buffer_pool.h:25] BufferPool[IO-0_Write]: Allocate new buffer, current buffer count is 304
I1102 19:17:24.447567 IO-0/EL  buffer_pool.h:25] BufferPool[IO-0_Write]: Allocate new buffer, current buffer count is 305
I1102 19:17:24.447579 IO-0/EL  buffer_pool.h:25] BufferPool[IO-0_Write]: Allocate new buffer, current buffer count is 306
I1102 19:17:24.447589 IO-0/EL  buffer_pool.h:25] BufferPool[IO-0_Write]: Allocate new buffer, current buffer count is 307
I1102 19:17:24.447600 IO-0/EL  buffer_pool.h:25] BufferPool[IO-0_Write]: Allocate new buffer, current buffer count is 308
I1102 19:17:24.447611 IO-0/EL  buffer_pool.h:25] BufferPool[IO-0_Write]: Allocate new buffer, current buffer count is 309
I1102 19:17:24.447622 IO-0/EL  buffer_pool.h:25] BufferPool[IO-0_Write]: Allocate new buffer, current buffer count is 310
I1102 19:17:24.447631 IO-0/EL  buffer_pool.h:25] BufferPool[IO-0_Write]: Allocate new buffer, current buffer count is 311
I1102 19:17:24.447643 IO-0/EL  buffer_pool.h:25] BufferPool[IO-0_Write]: Allocate new buffer, current buffer count is 312
I1102 19:17:24.447654 IO-0/EL  buffer_pool.h:25] BufferPool[IO-0_Write]: Allocate new buffer, current buffer count is 313
I1102 19:17:24.447665 IO-0/EL  buffer_pool.h:25] BufferPool[IO-0_Write]: Allocate new buffer, current buffer count is 314
I1102 19:17:24.447683 IO-0/EL  buffer_pool.h:25] BufferPool[IO-0_Write]: Allocate new buffer, current buffer count is 315
I1102 19:17:24.447699 IO-0/EL  buffer_pool.h:25] BufferPool[IO-0_Write]: Allocate new buffer, current buffer count is 316
I1102 19:17:24.447713 IO-0/EL  buffer_pool.h:25] BufferPool[IO-0_Write]: Allocate new buffer, current buffer count is 317
I1102 19:17:24.447724 IO-0/EL  buffer_pool.h:25] BufferPool[IO-0_Write]: Allocate new buffer, current buffer count is 318
I1102 19:17:24.447739 IO-0/EL  buffer_pool.h:25] BufferPool[IO-0_Write]: Allocate new buffer, current buffer count is 319
I1102 19:17:24.447753 IO-0/EL  buffer_pool.h:25] BufferPool[IO-0_Write]: Allocate new buffer, current buffer count is 320
I1102 19:17:24.447772 IO-0/EL  buffer_pool.h:25] BufferPool[IO-0_Write]: Allocate new buffer, current buffer count is 321
I1102 19:17:24.447788 IO-0/EL  buffer_pool.h:25] BufferPool[IO-0_Write]: Allocate new buffer, current buffer count is 322
I1102 19:17:24.447804 IO-0/EL  buffer_pool.h:25] BufferPool[IO-0_Write]: Allocate new buffer, current buffer count is 323
I1102 19:17:24.447818 IO-0/EL  buffer_pool.h:25] BufferPool[IO-0_Write]: Allocate new buffer, current buffer count is 324
I1102 19:17:24.447827 IO-0/EL  buffer_pool.h:25] BufferPool[IO-0_Write]: Allocate new buffer, current buffer count is 325
I1102 19:17:24.447837 IO-0/EL  buffer_pool.h:25] BufferPool[IO-0_Write]: Allocate new buffer, current buffer count is 326
I1102 19:17:24.447846 IO-0/EL  buffer_pool.h:25] BufferPool[IO-0_Write]: Allocate new buffer, current buffer count is 327
I1102 19:17:24.447856 IO-0/EL  buffer_pool.h:25] BufferPool[IO-0_Write]: Allocate new buffer, current buffer count is 328
I1102 19:17:24.447866 IO-0/EL  buffer_pool.h:25] BufferPool[IO-0_Write]: Allocate new buffer, current buffer count is 329
I1102 19:17:24.447876 IO-0/EL  buffer_pool.h:25] BufferPool[IO-0_Write]: Allocate new buffer, current buffer count is 330
I1102 19:17:24.447888 IO-0/EL  buffer_pool.h:25] BufferPool[IO-0_Write]: Allocate new buffer, current buffer count is 331
I1102 19:17:24.447900 IO-0/EL  buffer_pool.h:25] BufferPool[IO-0_Write]: Allocate new buffer, current buffer count is 332
I1102 19:17:24.447912 IO-0/EL  buffer_pool.h:25] BufferPool[IO-0_Write]: Allocate new buffer, current buffer count is 333
I1102 19:17:24.447924 IO-0/EL  buffer_pool.h:25] BufferPool[IO-0_Write]: Allocate new buffer, current buffer count is 334
I1102 19:17:24.447936 IO-0/EL  buffer_pool.h:25] BufferPool[IO-0_Write]: Allocate new buffer, current buffer count is 335
I1102 19:17:24.447946 IO-0/EL  buffer_pool.h:25] BufferPool[IO-0_Write]: Allocate new buffer, current buffer count is 336
I1102 19:17:24.447957 IO-0/EL  buffer_pool.h:25] BufferPool[IO-0_Write]: Allocate new buffer, current buffer count is 337
I1102 19:17:24.447967 IO-0/EL  buffer_pool.h:25] BufferPool[IO-0_Write]: Allocate new buffer, current buffer count is 338
I1102 19:17:24.447979 IO-0/EL  buffer_pool.h:25] BufferPool[IO-0_Write]: Allocate new buffer, current buffer count is 339
I1102 19:17:24.447994 IO-0/EL  buffer_pool.h:25] BufferPool[IO-0_Write]: Allocate new buffer, current buffer count is 340
I1102 19:17:24.448011 IO-0/EL  buffer_pool.h:25] BufferPool[IO-0_Write]: Allocate new buffer, current buffer count is 341
I1102 19:17:24.448027 IO-0/EL  buffer_pool.h:25] BufferPool[IO-0_Write]: Allocate new buffer, current buffer count is 342
I1102 19:17:24.448043 IO-0/EL  buffer_pool.h:25] BufferPool[IO-0_Write]: Allocate new buffer, current buffer count is 343
I1102 19:17:24.448059 IO-0/EL  buffer_pool.h:25] BufferPool[IO-0_Write]: Allocate new buffer, current buffer count is 344
I1102 19:17:24.448070 IO-0/EL  buffer_pool.h:25] BufferPool[IO-0_Write]: Allocate new buffer, current buffer count is 345
I1102 19:17:24.448080 IO-0/EL  buffer_pool.h:25] BufferPool[IO-0_Write]: Allocate new buffer, current buffer count is 346
I1102 19:17:24.448089 IO-0/EL  buffer_pool.h:25] BufferPool[IO-0_Write]: Allocate new buffer, current buffer count is 347
I1102 19:17:24.448099 IO-0/EL  buffer_pool.h:25] BufferPool[IO-0_Write]: Allocate new buffer, current buffer count is 348
I1102 19:17:24.448119 IO-0/EL  buffer_pool.h:25] BufferPool[IO-0_Write]: Allocate new buffer, current buffer count is 349
I1102 19:17:24.448130 IO-0/EL  buffer_pool.h:25] BufferPool[IO-0_Write]: Allocate new buffer, current buffer count is 350
I1102 19:17:24.448141 IO-0/EL  buffer_pool.h:25] BufferPool[IO-0_Write]: Allocate new buffer, current buffer count is 351
I1102 19:17:24.448152 IO-0/EL  buffer_pool.h:25] BufferPool[IO-0_Write]: Allocate new buffer, current buffer count is 352
I1102 19:17:24.448166 IO-0/EL  buffer_pool.h:25] BufferPool[IO-0_Write]: Allocate new buffer, current buffer count is 353
I1102 19:17:24.448176 IO-0/EL  buffer_pool.h:25] BufferPool[IO-0_Write]: Allocate new buffer, current buffer count is 354
I1102 19:17:24.448186 IO-0/EL  buffer_pool.h:25] BufferPool[IO-0_Write]: Allocate new buffer, current buffer count is 355
I1102 19:17:24.448196 IO-0/EL  buffer_pool.h:25] BufferPool[IO-0_Write]: Allocate new buffer, current buffer count is 356
I1102 19:17:24.448205 IO-0/EL  buffer_pool.h:25] BufferPool[IO-0_Write]: Allocate new buffer, current buffer count is 357
I1102 19:17:24.448215 IO-0/EL  buffer_pool.h:25] BufferPool[IO-0_Write]: Allocate new buffer, current buffer count is 358
I1102 19:17:24.448225 IO-0/EL  buffer_pool.h:25] BufferPool[IO-0_Write]: Allocate new buffer, current buffer count is 359
I1102 19:17:24.448236 IO-0/EL  buffer_pool.h:25] BufferPool[IO-0_Write]: Allocate new buffer, current buffer count is 360
I1102 19:17:24.448246 IO-0/EL  buffer_pool.h:25] BufferPool[IO-0_Write]: Allocate new buffer, current buffer count is 361
I1102 19:17:24.448256 IO-0/EL  buffer_pool.h:25] BufferPool[IO-0_Write]: Allocate new buffer, current buffer count is 362
I1102 19:17:24.448269 IO-0/EL  buffer_pool.h:25] BufferPool[IO-0_Write]: Allocate new buffer, current buffer count is 363
I1102 19:17:24.448283 IO-0/EL  buffer_pool.h:25] BufferPool[IO-0_Write]: Allocate new buffer, current buffer count is 364
I1102 19:17:24.448299 IO-0/EL  buffer_pool.h:25] BufferPool[IO-0_Write]: Allocate new buffer, current buffer count is 365
I1102 19:17:24.448317 IO-0/EL  buffer_pool.h:25] BufferPool[IO-0_Write]: Allocate new buffer, current buffer count is 366
I1102 19:17:24.448332 IO-0/EL  buffer_pool.h:25] BufferPool[IO-0_Write]: Allocate new buffer, current buffer count is 367
I1102 19:17:24.448347 IO-0/EL  buffer_pool.h:25] BufferPool[IO-0_Write]: Allocate new buffer, current buffer count is 368
I1102 19:17:24.448359 IO-0/EL  buffer_pool.h:25] BufferPool[IO-0_Write]: Allocate new buffer, current buffer count is 369
I1102 19:17:24.448370 IO-0/EL  buffer_pool.h:25] BufferPool[IO-0_Write]: Allocate new buffer, current buffer count is 370
I1102 19:17:24.448383 IO-0/EL  buffer_pool.h:25] BufferPool[IO-0_Write]: Allocate new buffer, current buffer count is 371
I1102 19:17:24.448393 IO-0/EL  buffer_pool.h:25] BufferPool[IO-0_Write]: Allocate new buffer, current buffer count is 372
I1102 19:17:24.448403 IO-0/EL  buffer_pool.h:25] BufferPool[IO-0_Write]: Allocate new buffer, current buffer count is 373
I1102 19:17:24.448413 IO-0/EL  buffer_pool.h:25] BufferPool[IO-0_Write]: Allocate new buffer, current buffer count is 374
I1102 19:17:24.448426 IO-0/EL  buffer_pool.h:25] BufferPool[IO-0_Write]: Allocate new buffer, current buffer count is 375
I1102 19:17:24.448442 IO-0/EL  buffer_pool.h:25] BufferPool[IO-0_Write]: Allocate new buffer, current buffer count is 376
I1102 19:17:24.448459 IO-0/EL  buffer_pool.h:25] BufferPool[IO-0_Write]: Allocate new buffer, current buffer count is 377
I1102 19:17:24.448475 IO-0/EL  buffer_pool.h:25] BufferPool[IO-0_Write]: Allocate new buffer, current buffer count is 378
I1102 19:17:24.448489 IO-0/EL  buffer_pool.h:25] BufferPool[IO-0_Write]: Allocate new buffer, current buffer count is 379
I1102 19:17:24.448506 IO-0/EL  buffer_pool.h:25] BufferPool[IO-0_Write]: Allocate new buffer, current buffer count is 380
I1102 19:17:24.448517 IO-0/EL  buffer_pool.h:25] BufferPool[IO-0_Write]: Allocate new buffer, current buffer count is 381
I1102 19:17:24.448535 IO-0/EL  buffer_pool.h:25] BufferPool[IO-0_Write]: Allocate new buffer, current buffer count is 382
I1102 19:17:24.448545 IO-0/EL  buffer_pool.h:25] BufferPool[IO-0_Write]: Allocate new buffer, current buffer count is 383
I1102 19:17:24.448559 IO-0/EL  buffer_pool.h:25] BufferPool[IO-0_Write]: Allocate new buffer, current buffer count is 384
I1102 19:17:24.448573 IO-0/EL  buffer_pool.h:25] BufferPool[IO-0_Write]: Allocate new buffer, current buffer count is 385
I1102 19:17:24.448595 IO-0/EL  buffer_pool.h:25] BufferPool[IO-0_Write]: Allocate new buffer, current buffer count is 386
I1102 19:17:24.448612 IO-0/EL  buffer_pool.h:25] BufferPool[IO-0_Write]: Allocate new buffer, current buffer count is 387
I1102 19:17:24.448628 IO-0/EL  buffer_pool.h:25] BufferPool[IO-0_Write]: Allocate new buffer, current buffer count is 388
I1102 19:17:24.448642 IO-0/EL  buffer_pool.h:25] BufferPool[IO-0_Write]: Allocate new buffer, current buffer count is 389
I1102 19:17:24.448652 IO-0/EL  buffer_pool.h:25] BufferPool[IO-0_Write]: Allocate new buffer, current buffer count is 390
I1102 19:17:24.448663 IO-0/EL  buffer_pool.h:25] BufferPool[IO-0_Write]: Allocate new buffer, current buffer count is 391
I1102 19:17:24.448672 IO-0/EL  buffer_pool.h:25] BufferPool[IO-0_Write]: Allocate new buffer, current buffer count is 392
I1102 19:17:24.448682 IO-0/EL  buffer_pool.h:25] BufferPool[IO-0_Write]: Allocate new buffer, current buffer count is 393
I1102 19:17:24.448692 IO-0/EL  buffer_pool.h:25] BufferPool[IO-0_Write]: Allocate new buffer, current buffer count is 394
I1102 19:17:24.448703 IO-0/EL  buffer_pool.h:25] BufferPool[IO-0_Write]: Allocate new buffer, current buffer count is 395
I1102 19:17:24.448719 IO-0/EL  buffer_pool.h:25] BufferPool[IO-0_Write]: Allocate new buffer, current buffer count is 396
I1102 19:17:24.448731 IO-0/EL  buffer_pool.h:25] BufferPool[IO-0_Write]: Allocate new buffer, current buffer count is 397
I1102 19:17:24.448743 IO-0/EL  buffer_pool.h:25] BufferPool[IO-0_Write]: Allocate new buffer, current buffer count is 398
I1102 19:17:24.448755 IO-0/EL  buffer_pool.h:25] BufferPool[IO-0_Write]: Allocate new buffer, current buffer count is 399
I1102 19:17:24.448765 IO-0/EL  buffer_pool.h:25] BufferPool[IO-0_Write]: Allocate new buffer, current buffer count is 400
I1102 19:17:24.448775 IO-0/EL  buffer_pool.h:25] BufferPool[IO-0_Write]: Allocate new buffer, current buffer count is 401
I1102 19:17:24.448784 IO-0/EL  buffer_pool.h:25] BufferPool[IO-0_Write]: Allocate new buffer, current buffer count is 402
I1102 19:17:24.448797 IO-0/EL  buffer_pool.h:25] BufferPool[IO-0_Write]: Allocate new buffer, current buffer count is 403
I1102 19:17:24.448812 IO-0/EL  buffer_pool.h:25] BufferPool[IO-0_Write]: Allocate new buffer, current buffer count is 404
I1102 19:17:24.448829 IO-0/EL  buffer_pool.h:25] BufferPool[IO-0_Write]: Allocate new buffer, current buffer count is 405
I1102 19:17:24.448846 IO-0/EL  buffer_pool.h:25] BufferPool[IO-0_Write]: Allocate new buffer, current buffer count is 406
I1102 19:17:24.448862 IO-0/EL  buffer_pool.h:25] BufferPool[IO-0_Write]: Allocate new buffer, current buffer count is 407
I1102 19:17:24.448877 IO-0/EL  buffer_pool.h:25] BufferPool[IO-0_Write]: Allocate new buffer, current buffer count is 408
I1102 19:17:24.448887 IO-0/EL  buffer_pool.h:25] BufferPool[IO-0_Write]: Allocate new buffer, current buffer count is 409
I1102 19:17:24.448897 IO-0/EL  buffer_pool.h:25] BufferPool[IO-0_Write]: Allocate new buffer, current buffer count is 410
I1102 19:17:24.448907 IO-0/EL  buffer_pool.h:25] BufferPool[IO-0_Write]: Allocate new buffer, current buffer count is 411
I1102 19:17:24.448917 IO-0/EL  buffer_pool.h:25] BufferPool[IO-0_Write]: Allocate new buffer, current buffer count is 412
I1102 19:17:24.448930 IO-0/EL  buffer_pool.h:25] BufferPool[IO-0_Write]: Allocate new buffer, current buffer count is 413
I1102 19:17:24.448941 IO-0/EL  buffer_pool.h:25] BufferPool[IO-0_Write]: Allocate new buffer, current buffer count is 414
I1102 19:17:24.448953 IO-0/EL  buffer_pool.h:25] BufferPool[IO-0_Write]: Allocate new buffer, current buffer count is 415
I1102 19:17:24.448972 IO-0/EL  buffer_pool.h:25] BufferPool[IO-0_Write]: Allocate new buffer, current buffer count is 416
I1102 19:17:24.448986 IO-0/EL  buffer_pool.h:25] BufferPool[IO-0_Write]: Allocate new buffer, current buffer count is 417
I1102 19:17:24.448996 IO-0/EL  buffer_pool.h:25] BufferPool[IO-0_Write]: Allocate new buffer, current buffer count is 418
I1102 19:17:24.449005 IO-0/EL  buffer_pool.h:25] BufferPool[IO-0_Write]: Allocate new buffer, current buffer count is 419
I1102 19:17:24.449015 IO-0/EL  buffer_pool.h:25] BufferPool[IO-0_Write]: Allocate new buffer, current buffer count is 420
I1102 19:17:24.449026 IO-0/EL  buffer_pool.h:25] BufferPool[IO-0_Write]: Allocate new buffer, current buffer count is 421
I1102 19:17:24.449036 IO-0/EL  buffer_pool.h:25] BufferPool[IO-0_Write]: Allocate new buffer, current buffer count is 422
I1102 19:17:24.449046 IO-0/EL  buffer_pool.h:25] BufferPool[IO-0_Write]: Allocate new buffer, current buffer count is 423
I1102 19:17:24.449056 IO-0/EL  buffer_pool.h:25] BufferPool[IO-0_Write]: Allocate new buffer, current buffer count is 424
I1102 19:17:24.449066 IO-0/EL  buffer_pool.h:25] BufferPool[IO-0_Write]: Allocate new buffer, current buffer count is 425
I1102 19:17:24.449076 IO-0/EL  buffer_pool.h:25] BufferPool[IO-0_Write]: Allocate new buffer, current buffer count is 426
I1102 19:17:24.449086 IO-0/EL  buffer_pool.h:25] BufferPool[IO-0_Write]: Allocate new buffer, current buffer count is 427
I1102 19:17:24.449097 IO-0/EL  buffer_pool.h:25] BufferPool[IO-0_Write]: Allocate new buffer, current buffer count is 428
I1102 19:17:24.449107 IO-0/EL  buffer_pool.h:25] BufferPool[IO-0_Write]: Allocate new buffer, current buffer count is 429
I1102 19:17:24.449117 IO-0/EL  buffer_pool.h:25] BufferPool[IO-0_Write]: Allocate new buffer, current buffer count is 430
I1102 19:17:24.449130 IO-0/EL  buffer_pool.h:25] BufferPool[IO-0_Write]: Allocate new buffer, current buffer count is 431
I1102 19:17:24.449147 IO-0/EL  buffer_pool.h:25] BufferPool[IO-0_Write]: Allocate new buffer, current buffer count is 432
I1102 19:17:24.449166 IO-0/EL  buffer_pool.h:25] BufferPool[IO-0_Write]: Allocate new buffer, current buffer count is 433
I1102 19:17:24.449185 IO-0/EL  buffer_pool.h:25] BufferPool[IO-0_Write]: Allocate new buffer, current buffer count is 434
I1102 19:17:24.449205 IO-0/EL  buffer_pool.h:25] BufferPool[IO-0_Write]: Allocate new buffer, current buffer count is 435
I1102 19:17:24.449216 IO-0/EL  buffer_pool.h:25] BufferPool[IO-0_Write]: Allocate new buffer, current buffer count is 436
I1102 19:17:24.449226 IO-0/EL  buffer_pool.h:25] BufferPool[IO-0_Write]: Allocate new buffer, current buffer count is 437
I1102 19:17:24.449236 IO-0/EL  buffer_pool.h:25] BufferPool[IO-0_Write]: Allocate new buffer, current buffer count is 438
I1102 19:17:24.449246 IO-0/EL  buffer_pool.h:25] BufferPool[IO-0_Write]: Allocate new buffer, current buffer count is 439
I1102 19:17:24.449257 IO-0/EL  buffer_pool.h:25] BufferPool[IO-0_Write]: Allocate new buffer, current buffer count is 440
I1102 19:17:24.449268 IO-0/EL  buffer_pool.h:25] BufferPool[IO-0_Write]: Allocate new buffer, current buffer count is 441
I1102 19:17:24.449281 IO-0/EL  buffer_pool.h:25] BufferPool[IO-0_Write]: Allocate new buffer, current buffer count is 442
I1102 19:17:24.449294 IO-0/EL  buffer_pool.h:25] BufferPool[IO-0_Write]: Allocate new buffer, current buffer count is 443
I1102 19:17:24.449314 IO-0/EL  buffer_pool.h:25] BufferPool[IO-0_Write]: Allocate new buffer, current buffer count is 444
I1102 19:17:24.449329 IO-0/EL  buffer_pool.h:25] BufferPool[IO-0_Write]: Allocate new buffer, current buffer count is 445
I1102 19:17:24.449346 IO-0/EL  buffer_pool.h:25] BufferPool[IO-0_Write]: Allocate new buffer, current buffer count is 446
I1102 19:17:24.449360 IO-0/EL  buffer_pool.h:25] BufferPool[IO-0_Write]: Allocate new buffer, current buffer count is 447
I1102 19:17:24.449370 IO-0/EL  buffer_pool.h:25] BufferPool[IO-0_Write]: Allocate new buffer, current buffer count is 448
I1102 19:17:24.449380 IO-0/EL  buffer_pool.h:25] BufferPool[IO-0_Write]: Allocate new buffer, current buffer count is 449
I1102 19:17:24.449399 IO-0/EL  buffer_pool.h:25] BufferPool[IO-0_Write]: Allocate new buffer, current buffer count is 450
I1102 19:17:24.449410 IO-0/EL  buffer_pool.h:25] BufferPool[IO-0_Write]: Allocate new buffer, current buffer count is 451
I1102 19:17:24.449421 IO-0/EL  buffer_pool.h:25] BufferPool[IO-0_Write]: Allocate new buffer, current buffer count is 452
I1102 19:17:24.449434 IO-0/EL  buffer_pool.h:25] BufferPool[IO-0_Write]: Allocate new buffer, current buffer count is 453
I1102 19:17:24.449446 IO-0/EL  buffer_pool.h:25] BufferPool[IO-0_Write]: Allocate new buffer, current buffer count is 454
I1102 19:17:24.449463 IO-0/EL  buffer_pool.h:25] BufferPool[IO-0_Write]: Allocate new buffer, current buffer count is 455
I1102 19:17:24.449480 IO-0/EL  buffer_pool.h:25] BufferPool[IO-0_Write]: Allocate new buffer, current buffer count is 456
I1102 19:17:24.449496 IO-0/EL  buffer_pool.h:25] BufferPool[IO-0_Write]: Allocate new buffer, current buffer count is 457
I1102 19:17:24.449511 IO-0/EL  buffer_pool.h:25] BufferPool[IO-0_Write]: Allocate new buffer, current buffer count is 458
I1102 19:17:24.449526 IO-0/EL  buffer_pool.h:25] BufferPool[IO-0_Write]: Allocate new buffer, current buffer count is 459
I1102 19:17:24.449536 IO-0/EL  buffer_pool.h:25] BufferPool[IO-0_Write]: Allocate new buffer, current buffer count is 460
I1102 19:17:24.449548 IO-0/EL  buffer_pool.h:25] BufferPool[IO-0_Write]: Allocate new buffer, current buffer count is 461
I1102 19:17:24.449562 IO-0/EL  buffer_pool.h:25] BufferPool[IO-0_Write]: Allocate new buffer, current buffer count is 462
I1102 19:17:24.449579 IO-0/EL  buffer_pool.h:25] BufferPool[IO-0_Write]: Allocate new buffer, current buffer count is 463
I1102 19:17:24.449596 IO-0/EL  buffer_pool.h:25] BufferPool[IO-0_Write]: Allocate new buffer, current buffer count is 464
I1102 19:17:24.449610 IO-0/EL  buffer_pool.h:25] BufferPool[IO-0_Write]: Allocate new buffer, current buffer count is 465
I1102 19:17:24.449625 IO-0/EL  buffer_pool.h:25] BufferPool[IO-0_Write]: Allocate new buffer, current buffer count is 466
I1102 19:17:24.449635 IO-0/EL  buffer_pool.h:25] BufferPool[IO-0_Write]: Allocate new buffer, current buffer count is 467
I1102 19:17:24.449646 IO-0/EL  buffer_pool.h:25] BufferPool[IO-0_Write]: Allocate new buffer, current buffer count is 468
I1102 19:17:24.449658 IO-0/EL  buffer_pool.h:25] BufferPool[IO-0_Write]: Allocate new buffer, current buffer count is 469
I1102 19:17:24.449669 IO-0/EL  buffer_pool.h:25] BufferPool[IO-0_Write]: Allocate new buffer, current buffer count is 470
I1102 19:17:24.449682 IO-0/EL  buffer_pool.h:25] BufferPool[IO-0_Write]: Allocate new buffer, current buffer count is 471
I1102 19:17:24.449698 IO-0/EL  buffer_pool.h:25] BufferPool[IO-0_Write]: Allocate new buffer, current buffer count is 472
I1102 19:17:24.449718 IO-0/EL  buffer_pool.h:25] BufferPool[IO-0_Write]: Allocate new buffer, current buffer count is 473
I1102 19:17:24.449737 IO-0/EL  buffer_pool.h:25] BufferPool[IO-0_Write]: Allocate new buffer, current buffer count is 474
I1102 19:17:24.449756 IO-0/EL  buffer_pool.h:25] BufferPool[IO-0_Write]: Allocate new buffer, current buffer count is 475
I1102 19:17:24.449771 IO-0/EL  buffer_pool.h:25] BufferPool[IO-0_Write]: Allocate new buffer, current buffer count is 476
I1102 19:17:24.449784 IO-0/EL  buffer_pool.h:25] BufferPool[IO-0_Write]: Allocate new buffer, current buffer count is 477
I1102 19:17:24.449794 IO-0/EL  buffer_pool.h:25] BufferPool[IO-0_Write]: Allocate new buffer, current buffer count is 478
I1102 19:17:24.449805 IO-0/EL  buffer_pool.h:25] BufferPool[IO-0_Write]: Allocate new buffer, current buffer count is 479
I1102 19:17:24.449814 IO-0/EL  buffer_pool.h:25] BufferPool[IO-0_Write]: Allocate new buffer, current buffer count is 480
I1102 19:17:24.449824 IO-0/EL  buffer_pool.h:25] BufferPool[IO-0_Write]: Allocate new buffer, current buffer count is 481
I1102 19:17:24.449834 IO-0/EL  buffer_pool.h:25] BufferPool[IO-0_Write]: Allocate new buffer, current buffer count is 482
I1102 19:17:24.449852 IO-0/EL  buffer_pool.h:25] BufferPool[IO-0_Write]: Allocate new buffer, current buffer count is 483
I1102 19:17:24.449863 IO-0/EL  buffer_pool.h:25] BufferPool[IO-0_Write]: Allocate new buffer, current buffer count is 484
I1102 19:17:24.449872 IO-0/EL  buffer_pool.h:25] BufferPool[IO-0_Write]: Allocate new buffer, current buffer count is 485
I1102 19:17:24.449883 IO-0/EL  buffer_pool.h:25] BufferPool[IO-0_Write]: Allocate new buffer, current buffer count is 486
I1102 19:17:24.449893 IO-0/EL  buffer_pool.h:25] BufferPool[IO-0_Write]: Allocate new buffer, current buffer count is 487
I1102 19:17:24.449904 IO-0/EL  buffer_pool.h:25] BufferPool[IO-0_Write]: Allocate new buffer, current buffer count is 488
I1102 19:17:24.449915 IO-0/EL  buffer_pool.h:25] BufferPool[IO-0_Write]: Allocate new buffer, current buffer count is 489
I1102 19:17:24.449930 IO-0/EL  buffer_pool.h:25] BufferPool[IO-0_Write]: Allocate new buffer, current buffer count is 490
I1102 19:17:24.449945 IO-0/EL  buffer_pool.h:25] BufferPool[IO-0_Write]: Allocate new buffer, current buffer count is 491
I1102 19:17:24.449969 IO-0/EL  buffer_pool.h:25] BufferPool[IO-0_Write]: Allocate new buffer, current buffer count is 492
I1102 19:17:24.449985 IO-0/EL  buffer_pool.h:25] BufferPool[IO-0_Write]: Allocate new buffer, current buffer count is 493
I1102 19:17:24.450001 IO-0/EL  buffer_pool.h:25] BufferPool[IO-0_Write]: Allocate new buffer, current buffer count is 494
I1102 19:17:24.450011 IO-0/EL  buffer_pool.h:25] BufferPool[IO-0_Write]: Allocate new buffer, current buffer count is 495
I1102 19:17:24.450021 IO-0/EL  buffer_pool.h:25] BufferPool[IO-0_Write]: Allocate new buffer, current buffer count is 496
I1102 19:17:24.450031 IO-0/EL  buffer_pool.h:25] BufferPool[IO-0_Write]: Allocate new buffer, current buffer count is 497
I1102 19:17:24.450041 IO-0/EL  buffer_pool.h:25] BufferPool[IO-0_Write]: Allocate new buffer, current buffer count is 498
I1102 19:17:24.450051 IO-0/EL  buffer_pool.h:25] BufferPool[IO-0_Write]: Allocate new buffer, current buffer count is 499
I1102 19:17:24.450060 IO-0/EL  buffer_pool.h:25] BufferPool[IO-0_Write]: Allocate new buffer, current buffer count is 500
I1102 19:17:24.450070 IO-0/EL  buffer_pool.h:25] BufferPool[IO-0_Write]: Allocate new buffer, current buffer count is 501
I1102 19:17:24.450081 IO-0/EL  buffer_pool.h:25] BufferPool[IO-0_Write]: Allocate new buffer, current buffer count is 502
I1102 19:17:24.450091 IO-0/EL  buffer_pool.h:25] BufferPool[IO-0_Write]: Allocate new buffer, current buffer count is 503
I1102 19:17:24.450103 IO-0/EL  buffer_pool.h:25] BufferPool[IO-0_Write]: Allocate new buffer, current buffer count is 504
I1102 19:17:24.450113 IO-0/EL  buffer_pool.h:25] BufferPool[IO-0_Write]: Allocate new buffer, current buffer count is 505
I1102 19:17:24.450123 IO-0/EL  buffer_pool.h:25] BufferPool[IO-0_Write]: Allocate new buffer, current buffer count is 506
I1102 19:17:24.450135 IO-0/EL  buffer_pool.h:25] BufferPool[IO-0_Write]: Allocate new buffer, current buffer count is 507
I1102 19:17:24.450147 IO-0/EL  buffer_pool.h:25] BufferPool[IO-0_Write]: Allocate new buffer, current buffer count is 508
I1102 19:17:24.450158 IO-0/EL  buffer_pool.h:25] BufferPool[IO-0_Write]: Allocate new buffer, current buffer count is 509
I1102 19:17:24.450171 IO-0/EL  buffer_pool.h:25] BufferPool[IO-0_Write]: Allocate new buffer, current buffer count is 510
I1102 19:17:24.450181 IO-0/EL  buffer_pool.h:25] BufferPool[IO-0_Write]: Allocate new buffer, current buffer count is 511
I1102 19:17:24.450192 IO-0/EL  buffer_pool.h:25] BufferPool[IO-0_Write]: Allocate new buffer, current buffer count is 512
I1102 19:17:29.508566 Main     server_base.cpp:35] Server: Scheduled to stop
I1102 19:17:29.508635 Server/E server_base.cpp:109] Server: Start stopping process
I1102 19:17:29.508714 Server/E server_base.cpp:55] Server: Event loop finishes
