I1102 18:25:11.902590 Main     thread.cpp:100] Register main thread: tid=1377558
E1102 18:25:11.903751 Main     docker.cpp:59] Cannot find docker's cgroup in /proc/self/cgroup
I1102 18:25:11.903812 Main     func_config.cpp:135] Load configuration for function Noop[1]
I1102 18:25:11.903823 Main     engine.cpp:109] Engine: Start 1 IO workers
I1102 18:25:11.907053 IO-0/EL  thread.cpp:40] Start thread: IO-0/EL
I1102 18:25:11.907103 IO-0/EL  io_worker.cpp:192] IO-0: Event loop starts
Checking for file descriptor...
Got a file descriptor!
I1102 18:25:13.357135 Main     engine.cpp:180] Engine: Created 1 Machnet connections to Gateway at 10.10.1.2:10007
I1102 18:25:13.357248 Main     engine.cpp:208] Engine: Listen on /dev/shm/faas_ipc/engine.sock for IPC connections
I1102 18:25:13.357596 Server/E thread.cpp:40] Start thread: Server/EL
I1102 18:25:13.357643 Server/E server_base.cpp:50] Server: Event loop starts
I1102 18:25:13.904698 Server/E engine.cpp:674] Engine: New message connection
I1102 18:25:13.908014 IO-0/EL  buffer_pool.h:25] BufferPool[IO-0_Read]: Allocate new buffer, current buffer count is 1
I1102 18:25:13.908040 IO-0/EL  engine.cpp:277] Engine: Receive new handshake message from message connection
I1102 18:25:13.908044 IO-0/EL  worker_manager.cpp:23] WorkerManager: Launcher of func_id 1 connected
I1102 18:25:13.908048 IO-0/EL  worker_manager.cpp:131] WorkerManager: Request new FuncWorker for func_id 1 with client_id 1
I1102 18:25:13.908065 IO-0/EL  worker_manager.cpp:131] WorkerManager: Request new FuncWorker for func_id 1 with client_id 2
I1102 18:25:13.908074 IO-0/EL  worker_manager.cpp:131] WorkerManager: Request new FuncWorker for func_id 1 with client_id 3
I1102 18:25:13.908081 IO-0/EL  worker_manager.cpp:131] WorkerManager: Request new FuncWorker for func_id 1 with client_id 4
I1102 18:25:13.908088 IO-0/EL  worker_manager.cpp:131] WorkerManager: Request new FuncWorker for func_id 1 with client_id 5
I1102 18:25:13.908095 IO-0/EL  worker_manager.cpp:131] WorkerManager: Request new FuncWorker for func_id 1 with client_id 6
I1102 18:25:13.908104 IO-0/EL  worker_manager.cpp:131] WorkerManager: Request new FuncWorker for func_id 1 with client_id 7
I1102 18:25:13.908111 IO-0/EL  worker_manager.cpp:131] WorkerManager: Request new FuncWorker for func_id 1 with client_id 8
I1102 18:25:13.908120 IO-0/EL  worker_manager.cpp:131] WorkerManager: Request new FuncWorker for func_id 1 with client_id 9
I1102 18:25:13.908128 IO-0/EL  worker_manager.cpp:131] WorkerManager: Request new FuncWorker for func_id 1 with client_id 10
I1102 18:25:13.908136 IO-0/EL  worker_manager.cpp:131] WorkerManager: Request new FuncWorker for func_id 1 with client_id 11
I1102 18:25:13.908143 IO-0/EL  worker_manager.cpp:131] WorkerManager: Request new FuncWorker for func_id 1 with client_id 12
I1102 18:25:13.908152 IO-0/EL  worker_manager.cpp:131] WorkerManager: Request new FuncWorker for func_id 1 with client_id 13
I1102 18:25:13.908159 IO-0/EL  worker_manager.cpp:131] WorkerManager: Request new FuncWorker for func_id 1 with client_id 14
I1102 18:25:13.908166 IO-0/EL  worker_manager.cpp:131] WorkerManager: Request new FuncWorker for func_id 1 with client_id 15
I1102 18:25:13.908174 IO-0/EL  worker_manager.cpp:131] WorkerManager: Request new FuncWorker for func_id 1 with client_id 16
I1102 18:25:13.908181 IO-0/EL  worker_manager.cpp:131] WorkerManager: Request new FuncWorker for func_id 1 with client_id 17
I1102 18:25:13.908196 IO-0/EL  worker_manager.cpp:131] WorkerManager: Request new FuncWorker for func_id 1 with client_id 18
I1102 18:25:13.908203 IO-0/EL  worker_manager.cpp:131] WorkerManager: Request new FuncWorker for func_id 1 with client_id 19
I1102 18:25:13.908211 IO-0/EL  worker_manager.cpp:131] WorkerManager: Request new FuncWorker for func_id 1 with client_id 20
I1102 18:25:13.908219 IO-0/EL  worker_manager.cpp:131] WorkerManager: Request new FuncWorker for func_id 1 with client_id 21
I1102 18:25:13.908227 IO-0/EL  worker_manager.cpp:131] WorkerManager: Request new FuncWorker for func_id 1 with client_id 22
I1102 18:25:13.908234 IO-0/EL  worker_manager.cpp:131] WorkerManager: Request new FuncWorker for func_id 1 with client_id 23
I1102 18:25:13.908253 IO-0/EL  worker_manager.cpp:131] WorkerManager: Request new FuncWorker for func_id 1 with client_id 24
I1102 18:25:13.908261 IO-0/EL  worker_manager.cpp:131] WorkerManager: Request new FuncWorker for func_id 1 with client_id 25
I1102 18:25:13.908268 IO-0/EL  worker_manager.cpp:131] WorkerManager: Request new FuncWorker for func_id 1 with client_id 26
I1102 18:25:13.908275 IO-0/EL  worker_manager.cpp:131] WorkerManager: Request new FuncWorker for func_id 1 with client_id 27
I1102 18:25:13.908284 IO-0/EL  worker_manager.cpp:131] WorkerManager: Request new FuncWorker for func_id 1 with client_id 28
I1102 18:25:13.908292 IO-0/EL  worker_manager.cpp:131] WorkerManager: Request new FuncWorker for func_id 1 with client_id 29
I1102 18:25:13.908298 IO-0/EL  worker_manager.cpp:131] WorkerManager: Request new FuncWorker for func_id 1 with client_id 30
I1102 18:25:13.908306 IO-0/EL  worker_manager.cpp:131] WorkerManager: Request new FuncWorker for func_id 1 with client_id 31
I1102 18:25:13.908313 IO-0/EL  worker_manager.cpp:131] WorkerManager: Request new FuncWorker for func_id 1 with client_id 32
I1102 18:25:13.908320 IO-0/EL  worker_manager.cpp:131] WorkerManager: Request new FuncWorker for func_id 1 with client_id 33
I1102 18:25:13.908344 IO-0/EL  worker_manager.cpp:131] WorkerManager: Request new FuncWorker for func_id 1 with client_id 34
I1102 18:25:13.908352 IO-0/EL  worker_manager.cpp:131] WorkerManager: Request new FuncWorker for func_id 1 with client_id 35
I1102 18:25:13.908361 IO-0/EL  worker_manager.cpp:131] WorkerManager: Request new FuncWorker for func_id 1 with client_id 36
I1102 18:25:13.908368 IO-0/EL  worker_manager.cpp:131] WorkerManager: Request new FuncWorker for func_id 1 with client_id 37
I1102 18:25:13.908375 IO-0/EL  worker_manager.cpp:131] WorkerManager: Request new FuncWorker for func_id 1 with client_id 38
I1102 18:25:13.908384 IO-0/EL  worker_manager.cpp:131] WorkerManager: Request new FuncWorker for func_id 1 with client_id 39
I1102 18:25:13.908392 IO-0/EL  worker_manager.cpp:131] WorkerManager: Request new FuncWorker for func_id 1 with client_id 40
I1102 18:25:13.908399 IO-0/EL  worker_manager.cpp:131] WorkerManager: Request new FuncWorker for func_id 1 with client_id 41
I1102 18:25:13.908406 IO-0/EL  worker_manager.cpp:131] WorkerManager: Request new FuncWorker for func_id 1 with client_id 42
I1102 18:25:13.908414 IO-0/EL  worker_manager.cpp:131] WorkerManager: Request new FuncWorker for func_id 1 with client_id 43
I1102 18:25:13.908423 IO-0/EL  worker_manager.cpp:131] WorkerManager: Request new FuncWorker for func_id 1 with client_id 44
I1102 18:25:13.908430 IO-0/EL  worker_manager.cpp:131] WorkerManager: Request new FuncWorker for func_id 1 with client_id 45
I1102 18:25:13.908437 IO-0/EL  worker_manager.cpp:131] WorkerManager: Request new FuncWorker for func_id 1 with client_id 46
I1102 18:25:13.908444 IO-0/EL  worker_manager.cpp:131] WorkerManager: Request new FuncWorker for func_id 1 with client_id 47
I1102 18:25:13.908453 IO-0/EL  worker_manager.cpp:131] WorkerManager: Request new FuncWorker for func_id 1 with client_id 48
I1102 18:25:13.908459 IO-0/EL  worker_manager.cpp:131] WorkerManager: Request new FuncWorker for func_id 1 with client_id 49
I1102 18:25:13.908466 IO-0/EL  worker_manager.cpp:131] WorkerManager: Request new FuncWorker for func_id 1 with client_id 50
I1102 18:25:13.908474 IO-0/EL  worker_manager.cpp:131] WorkerManager: Request new FuncWorker for func_id 1 with client_id 51
I1102 18:25:13.908482 IO-0/EL  worker_manager.cpp:131] WorkerManager: Request new FuncWorker for func_id 1 with client_id 52
I1102 18:25:13.908489 IO-0/EL  worker_manager.cpp:131] WorkerManager: Request new FuncWorker for func_id 1 with client_id 53
I1102 18:25:13.908497 IO-0/EL  worker_manager.cpp:131] WorkerManager: Request new FuncWorker for func_id 1 with client_id 54
I1102 18:25:13.908504 IO-0/EL  worker_manager.cpp:131] WorkerManager: Request new FuncWorker for func_id 1 with client_id 55
I1102 18:25:13.908512 IO-0/EL  worker_manager.cpp:131] WorkerManager: Request new FuncWorker for func_id 1 with client_id 56
I1102 18:25:13.908523 IO-0/EL  worker_manager.cpp:131] WorkerManager: Request new FuncWorker for func_id 1 with client_id 57
I1102 18:25:13.908531 IO-0/EL  worker_manager.cpp:131] WorkerManager: Request new FuncWorker for func_id 1 with client_id 58
I1102 18:25:13.908538 IO-0/EL  worker_manager.cpp:131] WorkerManager: Request new FuncWorker for func_id 1 with client_id 59
I1102 18:25:13.908546 IO-0/EL  worker_manager.cpp:131] WorkerManager: Request new FuncWorker for func_id 1 with client_id 60
I1102 18:25:13.908554 IO-0/EL  worker_manager.cpp:131] WorkerManager: Request new FuncWorker for func_id 1 with client_id 61
I1102 18:25:13.908561 IO-0/EL  worker_manager.cpp:131] WorkerManager: Request new FuncWorker for func_id 1 with client_id 62
I1102 18:25:13.908568 IO-0/EL  worker_manager.cpp:131] WorkerManager: Request new FuncWorker for func_id 1 with client_id 63
I1102 18:25:13.908575 IO-0/EL  worker_manager.cpp:131] WorkerManager: Request new FuncWorker for func_id 1 with client_id 64
I1102 18:25:13.908582 IO-0/EL  worker_manager.cpp:131] WorkerManager: Request new FuncWorker for func_id 1 with client_id 65
I1102 18:25:13.908620 IO-0/EL  worker_manager.cpp:131] WorkerManager: Request new FuncWorker for func_id 1 with client_id 66
I1102 18:25:13.908628 IO-0/EL  worker_manager.cpp:131] WorkerManager: Request new FuncWorker for func_id 1 with client_id 67
I1102 18:25:13.908635 IO-0/EL  worker_manager.cpp:131] WorkerManager: Request new FuncWorker for func_id 1 with client_id 68
I1102 18:25:13.908645 IO-0/EL  worker_manager.cpp:131] WorkerManager: Request new FuncWorker for func_id 1 with client_id 69
I1102 18:25:13.908652 IO-0/EL  worker_manager.cpp:131] WorkerManager: Request new FuncWorker for func_id 1 with client_id 70
I1102 18:25:13.908659 IO-0/EL  worker_manager.cpp:131] WorkerManager: Request new FuncWorker for func_id 1 with client_id 71
I1102 18:25:13.908666 IO-0/EL  worker_manager.cpp:131] WorkerManager: Request new FuncWorker for func_id 1 with client_id 72
I1102 18:25:13.908676 IO-0/EL  worker_manager.cpp:131] WorkerManager: Request new FuncWorker for func_id 1 with client_id 73
I1102 18:25:13.908684 IO-0/EL  worker_manager.cpp:131] WorkerManager: Request new FuncWorker for func_id 1 with client_id 74
I1102 18:25:13.908690 IO-0/EL  worker_manager.cpp:131] WorkerManager: Request new FuncWorker for func_id 1 with client_id 75
I1102 18:25:13.908699 IO-0/EL  worker_manager.cpp:131] WorkerManager: Request new FuncWorker for func_id 1 with client_id 76
I1102 18:25:13.908707 IO-0/EL  worker_manager.cpp:131] WorkerManager: Request new FuncWorker for func_id 1 with client_id 77
I1102 18:25:13.908719 IO-0/EL  worker_manager.cpp:131] WorkerManager: Request new FuncWorker for func_id 1 with client_id 78
I1102 18:25:13.908725 IO-0/EL  worker_manager.cpp:131] WorkerManager: Request new FuncWorker for func_id 1 with client_id 79
I1102 18:25:13.908733 IO-0/EL  worker_manager.cpp:131] WorkerManager: Request new FuncWorker for func_id 1 with client_id 80
I1102 18:25:13.908744 IO-0/EL  worker_manager.cpp:131] WorkerManager: Request new FuncWorker for func_id 1 with client_id 81
I1102 18:25:13.908751 IO-0/EL  worker_manager.cpp:131] WorkerManager: Request new FuncWorker for func_id 1 with client_id 82
I1102 18:25:13.908758 IO-0/EL  worker_manager.cpp:131] WorkerManager: Request new FuncWorker for func_id 1 with client_id 83
I1102 18:25:13.908767 IO-0/EL  worker_manager.cpp:131] WorkerManager: Request new FuncWorker for func_id 1 with client_id 84
I1102 18:25:13.908777 IO-0/EL  worker_manager.cpp:131] WorkerManager: Request new FuncWorker for func_id 1 with client_id 85
I1102 18:25:13.908784 IO-0/EL  worker_manager.cpp:131] WorkerManager: Request new FuncWorker for func_id 1 with client_id 86
I1102 18:25:13.908791 IO-0/EL  worker_manager.cpp:131] WorkerManager: Request new FuncWorker for func_id 1 with client_id 87
I1102 18:25:13.908799 IO-0/EL  worker_manager.cpp:131] WorkerManager: Request new FuncWorker for func_id 1 with client_id 88
I1102 18:25:13.908811 IO-0/EL  worker_manager.cpp:131] WorkerManager: Request new FuncWorker for func_id 1 with client_id 89
I1102 18:25:13.908819 IO-0/EL  worker_manager.cpp:131] WorkerManager: Request new FuncWorker for func_id 1 with client_id 90
I1102 18:25:13.908826 IO-0/EL  worker_manager.cpp:131] WorkerManager: Request new FuncWorker for func_id 1 with client_id 91
I1102 18:25:13.908833 IO-0/EL  worker_manager.cpp:131] WorkerManager: Request new FuncWorker for func_id 1 with client_id 92
I1102 18:25:13.908842 IO-0/EL  worker_manager.cpp:131] WorkerManager: Request new FuncWorker for func_id 1 with client_id 93
I1102 18:25:13.908848 IO-0/EL  worker_manager.cpp:131] WorkerManager: Request new FuncWorker for func_id 1 with client_id 94
I1102 18:25:13.908855 IO-0/EL  worker_manager.cpp:131] WorkerManager: Request new FuncWorker for func_id 1 with client_id 95
I1102 18:25:13.908863 IO-0/EL  worker_manager.cpp:131] WorkerManager: Request new FuncWorker for func_id 1 with client_id 96
I1102 18:25:13.908871 IO-0/EL  worker_manager.cpp:131] WorkerManager: Request new FuncWorker for func_id 1 with client_id 97
I1102 18:25:13.908879 IO-0/EL  worker_manager.cpp:131] WorkerManager: Request new FuncWorker for func_id 1 with client_id 98
I1102 18:25:13.908887 IO-0/EL  worker_manager.cpp:131] WorkerManager: Request new FuncWorker for func_id 1 with client_id 99
I1102 18:25:13.908894 IO-0/EL  worker_manager.cpp:131] WorkerManager: Request new FuncWorker for func_id 1 with client_id 100
I1102 18:25:13.908903 IO-0/EL  worker_manager.cpp:131] WorkerManager: Request new FuncWorker for func_id 1 with client_id 101
I1102 18:25:13.908910 IO-0/EL  worker_manager.cpp:131] WorkerManager: Request new FuncWorker for func_id 1 with client_id 102
I1102 18:25:13.908918 IO-0/EL  worker_manager.cpp:131] WorkerManager: Request new FuncWorker for func_id 1 with client_id 103
I1102 18:25:13.908925 IO-0/EL  worker_manager.cpp:131] WorkerManager: Request new FuncWorker for func_id 1 with client_id 104
I1102 18:25:13.908934 IO-0/EL  worker_manager.cpp:131] WorkerManager: Request new FuncWorker for func_id 1 with client_id 105
I1102 18:25:13.908942 IO-0/EL  worker_manager.cpp:131] WorkerManager: Request new FuncWorker for func_id 1 with client_id 106
I1102 18:25:13.908949 IO-0/EL  worker_manager.cpp:131] WorkerManager: Request new FuncWorker for func_id 1 with client_id 107
I1102 18:25:13.908956 IO-0/EL  worker_manager.cpp:131] WorkerManager: Request new FuncWorker for func_id 1 with client_id 108
I1102 18:25:13.908964 IO-0/EL  worker_manager.cpp:131] WorkerManager: Request new FuncWorker for func_id 1 with client_id 109
I1102 18:25:13.908972 IO-0/EL  worker_manager.cpp:131] WorkerManager: Request new FuncWorker for func_id 1 with client_id 110
I1102 18:25:13.908980 IO-0/EL  worker_manager.cpp:131] WorkerManager: Request new FuncWorker for func_id 1 with client_id 111
I1102 18:25:13.908987 IO-0/EL  worker_manager.cpp:131] WorkerManager: Request new FuncWorker for func_id 1 with client_id 112
I1102 18:25:13.908996 IO-0/EL  worker_manager.cpp:131] WorkerManager: Request new FuncWorker for func_id 1 with client_id 113
I1102 18:25:13.909004 IO-0/EL  worker_manager.cpp:131] WorkerManager: Request new FuncWorker for func_id 1 with client_id 114
I1102 18:25:13.909011 IO-0/EL  worker_manager.cpp:131] WorkerManager: Request new FuncWorker for func_id 1 with client_id 115
I1102 18:25:13.909018 IO-0/EL  worker_manager.cpp:131] WorkerManager: Request new FuncWorker for func_id 1 with client_id 116
I1102 18:25:13.909026 IO-0/EL  worker_manager.cpp:131] WorkerManager: Request new FuncWorker for func_id 1 with client_id 117
I1102 18:25:13.909034 IO-0/EL  worker_manager.cpp:131] WorkerManager: Request new FuncWorker for func_id 1 with client_id 118
I1102 18:25:13.909042 IO-0/EL  worker_manager.cpp:131] WorkerManager: Request new FuncWorker for func_id 1 with client_id 119
I1102 18:25:13.909049 IO-0/EL  worker_manager.cpp:131] WorkerManager: Request new FuncWorker for func_id 1 with client_id 120
I1102 18:25:13.909059 IO-0/EL  worker_manager.cpp:131] WorkerManager: Request new FuncWorker for func_id 1 with client_id 121
I1102 18:25:13.909071 IO-0/EL  worker_manager.cpp:131] WorkerManager: Request new FuncWorker for func_id 1 with client_id 122
I1102 18:25:13.909079 IO-0/EL  worker_manager.cpp:131] WorkerManager: Request new FuncWorker for func_id 1 with client_id 123
I1102 18:25:13.909086 IO-0/EL  worker_manager.cpp:131] WorkerManager: Request new FuncWorker for func_id 1 with client_id 124
I1102 18:25:13.909094 IO-0/EL  worker_manager.cpp:131] WorkerManager: Request new FuncWorker for func_id 1 with client_id 125
I1102 18:25:13.909102 IO-0/EL  worker_manager.cpp:131] WorkerManager: Request new FuncWorker for func_id 1 with client_id 126
I1102 18:25:13.909109 IO-0/EL  worker_manager.cpp:131] WorkerManager: Request new FuncWorker for func_id 1 with client_id 127
I1102 18:25:13.909116 IO-0/EL  worker_manager.cpp:131] WorkerManager: Request new FuncWorker for func_id 1 with client_id 128
I1102 18:25:13.909199 IO-0/EL  buffer_pool.h:25] BufferPool[IO-0_Write]: Allocate new buffer, current buffer count is 1
I1102 18:25:13.909224 IO-0/EL  buffer_pool.h:25] BufferPool[IO-0_Write]: Allocate new buffer, current buffer count is 2
I1102 18:25:13.909248 IO-0/EL  message_connection.cpp:269] LauncherConnection[1]: Handshake done
I1102 18:25:13.912481 Server/E engine.cpp:674] Engine: New message connection
I1102 18:25:13.912513 IO-0/EL  engine.cpp:277] Engine: Receive new handshake message from message connection
I1102 18:25:13.912518 IO-0/EL  worker_manager.cpp:60] WorkerManager: FuncWorker of func_id 1, client_id 1 connected
I1102 18:25:13.912527 IO-0/EL  dispatcher.cpp:47] Dispatcher[1]: min_workers=128
I1102 18:25:13.912530 IO-0/EL  dispatcher.cpp:51] Dispatcher[1]: max_workers=128
I1102 18:25:13.912546 IO-0/EL  message_connection.cpp:269] FuncWorkerConnection[1-1]: Handshake done
I1102 18:25:13.913537 Server/E engine.cpp:674] Engine: New message connection
I1102 18:25:13.913561 IO-0/EL  engine.cpp:277] Engine: Receive new handshake message from message connection
I1102 18:25:13.913565 IO-0/EL  worker_manager.cpp:60] WorkerManager: FuncWorker of func_id 1, client_id 2 connected
I1102 18:25:13.913576 IO-0/EL  message_connection.cpp:269] FuncWorkerConnection[1-2]: Handshake done
I1102 18:25:13.914373 Server/E engine.cpp:674] Engine: New message connection
I1102 18:25:13.914396 IO-0/EL  engine.cpp:277] Engine: Receive new handshake message from message connection
I1102 18:25:13.914400 IO-0/EL  worker_manager.cpp:60] WorkerManager: FuncWorker of func_id 1, client_id 3 connected
I1102 18:25:13.914412 IO-0/EL  message_connection.cpp:269] FuncWorkerConnection[1-3]: Handshake done
I1102 18:25:13.916718 Server/E engine.cpp:674] Engine: New message connection
I1102 18:25:13.916743 IO-0/EL  engine.cpp:277] Engine: Receive new handshake message from message connection
I1102 18:25:13.916748 IO-0/EL  worker_manager.cpp:60] WorkerManager: FuncWorker of func_id 1, client_id 4 connected
I1102 18:25:13.916760 IO-0/EL  message_connection.cpp:269] FuncWorkerConnection[1-4]: Handshake done
I1102 18:25:13.917115 Server/E engine.cpp:674] Engine: New message connection
I1102 18:25:13.917135 IO-0/EL  engine.cpp:277] Engine: Receive new handshake message from message connection
I1102 18:25:13.917138 IO-0/EL  worker_manager.cpp:60] WorkerManager: FuncWorker of func_id 1, client_id 5 connected
I1102 18:25:13.917149 IO-0/EL  message_connection.cpp:269] FuncWorkerConnection[1-5]: Handshake done
I1102 18:25:13.917515 Server/E engine.cpp:674] Engine: New message connection
I1102 18:25:13.917545 IO-0/EL  engine.cpp:277] Engine: Receive new handshake message from message connection
I1102 18:25:13.917549 IO-0/EL  worker_manager.cpp:60] WorkerManager: FuncWorker of func_id 1, client_id 6 connected
I1102 18:25:13.917560 IO-0/EL  message_connection.cpp:269] FuncWorkerConnection[1-6]: Handshake done
I1102 18:25:13.918400 Server/E engine.cpp:674] Engine: New message connection
I1102 18:25:13.918423 IO-0/EL  engine.cpp:277] Engine: Receive new handshake message from message connection
I1102 18:25:13.918427 IO-0/EL  worker_manager.cpp:60] WorkerManager: FuncWorker of func_id 1, client_id 7 connected
I1102 18:25:13.918446 IO-0/EL  message_connection.cpp:269] FuncWorkerConnection[1-7]: Handshake done
I1102 18:25:13.920782 Server/E engine.cpp:674] Engine: New message connection
I1102 18:25:13.920839 IO-0/EL  engine.cpp:277] Engine: Receive new handshake message from message connection
I1102 18:25:13.920844 IO-0/EL  worker_manager.cpp:60] WorkerManager: FuncWorker of func_id 1, client_id 8 connected
I1102 18:25:13.920856 IO-0/EL  message_connection.cpp:269] FuncWorkerConnection[1-8]: Handshake done
I1102 18:25:13.921174 Server/E engine.cpp:674] Engine: New message connection
I1102 18:25:13.921194 Server/E engine.cpp:674] Engine: New message connection
I1102 18:25:13.921203 IO-0/EL  engine.cpp:277] Engine: Receive new handshake message from message connection
I1102 18:25:13.921207 IO-0/EL  worker_manager.cpp:60] WorkerManager: FuncWorker of func_id 1, client_id 10 connected
I1102 18:25:13.921220 IO-0/EL  message_connection.cpp:269] FuncWorkerConnection[1-10]: Handshake done
I1102 18:25:13.921232 IO-0/EL  engine.cpp:277] Engine: Receive new handshake message from message connection
I1102 18:25:13.921235 IO-0/EL  worker_manager.cpp:60] WorkerManager: FuncWorker of func_id 1, client_id 9 connected
I1102 18:25:13.921246 IO-0/EL  message_connection.cpp:269] FuncWorkerConnection[1-9]: Handshake done
I1102 18:25:13.922339 Server/E engine.cpp:674] Engine: New message connection
I1102 18:25:13.922389 IO-0/EL  engine.cpp:277] Engine: Receive new handshake message from message connection
I1102 18:25:13.922394 IO-0/EL  worker_manager.cpp:60] WorkerManager: FuncWorker of func_id 1, client_id 12 connected
I1102 18:25:13.922406 IO-0/EL  message_connection.cpp:269] FuncWorkerConnection[1-12]: Handshake done
I1102 18:25:13.922836 Server/E engine.cpp:674] Engine: New message connection
I1102 18:25:13.922886 IO-0/EL  engine.cpp:277] Engine: Receive new handshake message from message connection
I1102 18:25:13.922890 IO-0/EL  worker_manager.cpp:60] WorkerManager: FuncWorker of func_id 1, client_id 13 connected
I1102 18:25:13.922902 IO-0/EL  message_connection.cpp:269] FuncWorkerConnection[1-13]: Handshake done
I1102 18:25:13.922899 Server/E engine.cpp:674] Engine: New message connection
I1102 18:25:13.922942 IO-0/EL  engine.cpp:277] Engine: Receive new handshake message from message connection
I1102 18:25:13.922947 IO-0/EL  worker_manager.cpp:60] WorkerManager: FuncWorker of func_id 1, client_id 11 connected
I1102 18:25:13.922958 IO-0/EL  message_connection.cpp:269] FuncWorkerConnection[1-11]: Handshake done
I1102 18:25:13.923196 Server/E engine.cpp:674] Engine: New message connection
I1102 18:25:13.923231 IO-0/EL  engine.cpp:277] Engine: Receive new handshake message from message connection
I1102 18:25:13.923235 IO-0/EL  worker_manager.cpp:60] WorkerManager: FuncWorker of func_id 1, client_id 14 connected
I1102 18:25:13.923245 IO-0/EL  message_connection.cpp:269] FuncWorkerConnection[1-14]: Handshake done
I1102 18:25:13.924556 Server/E engine.cpp:674] Engine: New message connection
I1102 18:25:13.924583 IO-0/EL  engine.cpp:277] Engine: Receive new handshake message from message connection
I1102 18:25:13.924587 IO-0/EL  worker_manager.cpp:60] WorkerManager: FuncWorker of func_id 1, client_id 16 connected
I1102 18:25:13.924599 IO-0/EL  message_connection.cpp:269] FuncWorkerConnection[1-16]: Handshake done
I1102 18:25:13.924939 Server/E engine.cpp:674] Engine: New message connection
I1102 18:25:13.924980 IO-0/EL  engine.cpp:277] Engine: Receive new handshake message from message connection
I1102 18:25:13.924984 IO-0/EL  worker_manager.cpp:60] WorkerManager: FuncWorker of func_id 1, client_id 15 connected
I1102 18:25:13.924995 IO-0/EL  message_connection.cpp:269] FuncWorkerConnection[1-15]: Handshake done
I1102 18:25:13.925030 Server/E engine.cpp:674] Engine: New message connection
I1102 18:25:13.925052 IO-0/EL  engine.cpp:277] Engine: Receive new handshake message from message connection
I1102 18:25:13.925055 IO-0/EL  worker_manager.cpp:60] WorkerManager: FuncWorker of func_id 1, client_id 17 connected
I1102 18:25:13.925076 IO-0/EL  message_connection.cpp:269] FuncWorkerConnection[1-17]: Handshake done
I1102 18:25:13.926230 Server/E engine.cpp:674] Engine: New message connection
I1102 18:25:13.926254 IO-0/EL  engine.cpp:277] Engine: Receive new handshake message from message connection
I1102 18:25:13.926258 IO-0/EL  worker_manager.cpp:60] WorkerManager: FuncWorker of func_id 1, client_id 18 connected
I1102 18:25:13.926269 IO-0/EL  message_connection.cpp:269] FuncWorkerConnection[1-18]: Handshake done
I1102 18:25:13.926495 Server/E engine.cpp:674] Engine: New message connection
I1102 18:25:13.926516 IO-0/EL  engine.cpp:277] Engine: Receive new handshake message from message connection
I1102 18:25:13.926520 IO-0/EL  worker_manager.cpp:60] WorkerManager: FuncWorker of func_id 1, client_id 19 connected
I1102 18:25:13.926531 IO-0/EL  message_connection.cpp:269] FuncWorkerConnection[1-19]: Handshake done
I1102 18:25:13.926819 Server/E engine.cpp:674] Engine: New message connection
I1102 18:25:13.926842 IO-0/EL  engine.cpp:277] Engine: Receive new handshake message from message connection
I1102 18:25:13.926846 IO-0/EL  worker_manager.cpp:60] WorkerManager: FuncWorker of func_id 1, client_id 20 connected
I1102 18:25:13.926857 IO-0/EL  message_connection.cpp:269] FuncWorkerConnection[1-20]: Handshake done
I1102 18:25:13.927315 Server/E engine.cpp:674] Engine: New message connection
I1102 18:25:13.927337 IO-0/EL  engine.cpp:277] Engine: Receive new handshake message from message connection
I1102 18:25:13.927341 IO-0/EL  worker_manager.cpp:60] WorkerManager: FuncWorker of func_id 1, client_id 21 connected
I1102 18:25:13.927352 IO-0/EL  message_connection.cpp:269] FuncWorkerConnection[1-21]: Handshake done
I1102 18:25:13.927774 Server/E engine.cpp:674] Engine: New message connection
I1102 18:25:13.927796 IO-0/EL  engine.cpp:277] Engine: Receive new handshake message from message connection
I1102 18:25:13.927800 IO-0/EL  worker_manager.cpp:60] WorkerManager: FuncWorker of func_id 1, client_id 22 connected
I1102 18:25:13.927811 IO-0/EL  message_connection.cpp:269] FuncWorkerConnection[1-22]: Handshake done
I1102 18:25:13.928290 Server/E engine.cpp:674] Engine: New message connection
I1102 18:25:13.928338 IO-0/EL  engine.cpp:277] Engine: Receive new handshake message from message connection
I1102 18:25:13.928342 IO-0/EL  worker_manager.cpp:60] WorkerManager: FuncWorker of func_id 1, client_id 23 connected
I1102 18:25:13.928354 IO-0/EL  message_connection.cpp:269] FuncWorkerConnection[1-23]: Handshake done
I1102 18:25:13.928628 Server/E engine.cpp:674] Engine: New message connection
I1102 18:25:13.928659 IO-0/EL  engine.cpp:277] Engine: Receive new handshake message from message connection
I1102 18:25:13.928663 IO-0/EL  worker_manager.cpp:60] WorkerManager: FuncWorker of func_id 1, client_id 24 connected
I1102 18:25:13.928674 IO-0/EL  message_connection.cpp:269] FuncWorkerConnection[1-24]: Handshake done
I1102 18:25:13.929041 Server/E engine.cpp:674] Engine: New message connection
I1102 18:25:13.929067 IO-0/EL  engine.cpp:277] Engine: Receive new handshake message from message connection
I1102 18:25:13.929071 IO-0/EL  worker_manager.cpp:60] WorkerManager: FuncWorker of func_id 1, client_id 25 connected
I1102 18:25:13.929082 IO-0/EL  message_connection.cpp:269] FuncWorkerConnection[1-25]: Handshake done
I1102 18:25:13.929478 Server/E engine.cpp:674] Engine: New message connection
I1102 18:25:13.929511 IO-0/EL  engine.cpp:277] Engine: Receive new handshake message from message connection
I1102 18:25:13.929515 IO-0/EL  worker_manager.cpp:60] WorkerManager: FuncWorker of func_id 1, client_id 26 connected
I1102 18:25:13.929525 IO-0/EL  message_connection.cpp:269] FuncWorkerConnection[1-26]: Handshake done
I1102 18:25:13.929901 Server/E engine.cpp:674] Engine: New message connection
I1102 18:25:13.929927 IO-0/EL  engine.cpp:277] Engine: Receive new handshake message from message connection
I1102 18:25:13.929931 IO-0/EL  worker_manager.cpp:60] WorkerManager: FuncWorker of func_id 1, client_id 27 connected
I1102 18:25:13.929948 IO-0/EL  message_connection.cpp:269] FuncWorkerConnection[1-27]: Handshake done
I1102 18:25:13.930340 Server/E engine.cpp:674] Engine: New message connection
I1102 18:25:13.930367 IO-0/EL  engine.cpp:277] Engine: Receive new handshake message from message connection
I1102 18:25:13.930371 IO-0/EL  worker_manager.cpp:60] WorkerManager: FuncWorker of func_id 1, client_id 28 connected
I1102 18:25:13.930383 IO-0/EL  message_connection.cpp:269] FuncWorkerConnection[1-28]: Handshake done
I1102 18:25:13.931468 Server/E engine.cpp:674] Engine: New message connection
I1102 18:25:13.931494 IO-0/EL  engine.cpp:277] Engine: Receive new handshake message from message connection
I1102 18:25:13.931498 IO-0/EL  worker_manager.cpp:60] WorkerManager: FuncWorker of func_id 1, client_id 29 connected
I1102 18:25:13.931513 IO-0/EL  message_connection.cpp:269] FuncWorkerConnection[1-29]: Handshake done
I1102 18:25:13.931746 Server/E engine.cpp:674] Engine: New message connection
I1102 18:25:13.931772 IO-0/EL  engine.cpp:277] Engine: Receive new handshake message from message connection
I1102 18:25:13.931777 IO-0/EL  worker_manager.cpp:60] WorkerManager: FuncWorker of func_id 1, client_id 30 connected
I1102 18:25:13.931787 IO-0/EL  message_connection.cpp:269] FuncWorkerConnection[1-30]: Handshake done
I1102 18:25:13.932126 Server/E engine.cpp:674] Engine: New message connection
I1102 18:25:13.932148 IO-0/EL  engine.cpp:277] Engine: Receive new handshake message from message connection
I1102 18:25:13.932151 IO-0/EL  worker_manager.cpp:60] WorkerManager: FuncWorker of func_id 1, client_id 31 connected
I1102 18:25:13.932163 IO-0/EL  message_connection.cpp:269] FuncWorkerConnection[1-31]: Handshake done
I1102 18:25:13.932569 Server/E engine.cpp:674] Engine: New message connection
I1102 18:25:13.932594 IO-0/EL  engine.cpp:277] Engine: Receive new handshake message from message connection
I1102 18:25:13.932598 IO-0/EL  worker_manager.cpp:60] WorkerManager: FuncWorker of func_id 1, client_id 32 connected
I1102 18:25:13.932609 IO-0/EL  message_connection.cpp:269] FuncWorkerConnection[1-32]: Handshake done
I1102 18:25:13.933004 Server/E engine.cpp:674] Engine: New message connection
I1102 18:25:13.933028 IO-0/EL  engine.cpp:277] Engine: Receive new handshake message from message connection
I1102 18:25:13.933032 IO-0/EL  worker_manager.cpp:60] WorkerManager: FuncWorker of func_id 1, client_id 33 connected
I1102 18:25:13.933043 IO-0/EL  message_connection.cpp:269] FuncWorkerConnection[1-33]: Handshake done
I1102 18:25:13.933455 Server/E engine.cpp:674] Engine: New message connection
I1102 18:25:13.933489 IO-0/EL  engine.cpp:277] Engine: Receive new handshake message from message connection
I1102 18:25:13.933493 IO-0/EL  worker_manager.cpp:60] WorkerManager: FuncWorker of func_id 1, client_id 34 connected
I1102 18:25:13.933504 IO-0/EL  message_connection.cpp:269] FuncWorkerConnection[1-34]: Handshake done
I1102 18:25:13.933903 Server/E engine.cpp:674] Engine: New message connection
I1102 18:25:13.933926 IO-0/EL  engine.cpp:277] Engine: Receive new handshake message from message connection
I1102 18:25:13.933930 IO-0/EL  worker_manager.cpp:60] WorkerManager: FuncWorker of func_id 1, client_id 35 connected
I1102 18:25:13.933940 IO-0/EL  message_connection.cpp:269] FuncWorkerConnection[1-35]: Handshake done
I1102 18:25:13.934337 Server/E engine.cpp:674] Engine: New message connection
I1102 18:25:13.934359 IO-0/EL  engine.cpp:277] Engine: Receive new handshake message from message connection
I1102 18:25:13.934363 IO-0/EL  worker_manager.cpp:60] WorkerManager: FuncWorker of func_id 1, client_id 36 connected
I1102 18:25:13.934374 IO-0/EL  message_connection.cpp:269] FuncWorkerConnection[1-36]: Handshake done
I1102 18:25:13.935318 Server/E engine.cpp:674] Engine: New message connection
I1102 18:25:13.935357 IO-0/EL  engine.cpp:277] Engine: Receive new handshake message from message connection
I1102 18:25:13.935362 IO-0/EL  worker_manager.cpp:60] WorkerManager: FuncWorker of func_id 1, client_id 38 connected
I1102 18:25:13.935373 IO-0/EL  message_connection.cpp:269] FuncWorkerConnection[1-38]: Handshake done
I1102 18:25:13.935869 Server/E engine.cpp:674] Engine: New message connection
I1102 18:25:13.935901 Server/E engine.cpp:674] Engine: New message connection
I1102 18:25:13.935908 IO-0/EL  engine.cpp:277] Engine: Receive new handshake message from message connection
I1102 18:25:13.935912 IO-0/EL  worker_manager.cpp:60] WorkerManager: FuncWorker of func_id 1, client_id 39 connected
I1102 18:25:13.935924 IO-0/EL  message_connection.cpp:269] FuncWorkerConnection[1-39]: Handshake done
I1102 18:25:13.935936 IO-0/EL  engine.cpp:277] Engine: Receive new handshake message from message connection
I1102 18:25:13.935939 IO-0/EL  worker_manager.cpp:60] WorkerManager: FuncWorker of func_id 1, client_id 37 connected
I1102 18:25:13.935951 IO-0/EL  message_connection.cpp:269] FuncWorkerConnection[1-37]: Handshake done
I1102 18:25:13.936270 Server/E engine.cpp:674] Engine: New message connection
I1102 18:25:13.936293 IO-0/EL  engine.cpp:277] Engine: Receive new handshake message from message connection
I1102 18:25:13.936297 IO-0/EL  worker_manager.cpp:60] WorkerManager: FuncWorker of func_id 1, client_id 40 connected
I1102 18:25:13.936309 IO-0/EL  message_connection.cpp:269] FuncWorkerConnection[1-40]: Handshake done
I1102 18:25:13.936627 Server/E engine.cpp:674] Engine: New message connection
I1102 18:25:13.936646 IO-0/EL  engine.cpp:277] Engine: Receive new handshake message from message connection
I1102 18:25:13.936650 IO-0/EL  worker_manager.cpp:60] WorkerManager: FuncWorker of func_id 1, client_id 41 connected
I1102 18:25:13.936662 IO-0/EL  message_connection.cpp:269] FuncWorkerConnection[1-41]: Handshake done
I1102 18:25:13.937116 Server/E engine.cpp:674] Engine: New message connection
I1102 18:25:13.937139 IO-0/EL  engine.cpp:277] Engine: Receive new handshake message from message connection
I1102 18:25:13.937143 IO-0/EL  worker_manager.cpp:60] WorkerManager: FuncWorker of func_id 1, client_id 42 connected
I1102 18:25:13.937154 IO-0/EL  message_connection.cpp:269] FuncWorkerConnection[1-42]: Handshake done
I1102 18:25:13.937551 Server/E engine.cpp:674] Engine: New message connection
I1102 18:25:13.937569 IO-0/EL  engine.cpp:277] Engine: Receive new handshake message from message connection
I1102 18:25:13.937574 IO-0/EL  worker_manager.cpp:60] WorkerManager: FuncWorker of func_id 1, client_id 43 connected
I1102 18:25:13.937589 IO-0/EL  message_connection.cpp:269] FuncWorkerConnection[1-43]: Handshake done
I1102 18:25:13.938595 Server/E engine.cpp:674] Engine: New message connection
I1102 18:25:13.938618 IO-0/EL  engine.cpp:277] Engine: Receive new handshake message from message connection
I1102 18:25:13.938622 IO-0/EL  worker_manager.cpp:60] WorkerManager: FuncWorker of func_id 1, client_id 45 connected
I1102 18:25:13.938633 IO-0/EL  message_connection.cpp:269] FuncWorkerConnection[1-45]: Handshake done
I1102 18:25:13.938994 Server/E engine.cpp:674] Engine: New message connection
I1102 18:25:13.939022 IO-0/EL  engine.cpp:277] Engine: Receive new handshake message from message connection
I1102 18:25:13.939026 IO-0/EL  worker_manager.cpp:60] WorkerManager: FuncWorker of func_id 1, client_id 44 connected
I1102 18:25:13.939037 IO-0/EL  message_connection.cpp:269] FuncWorkerConnection[1-44]: Handshake done
I1102 18:25:13.939150 Server/E engine.cpp:674] Engine: New message connection
I1102 18:25:13.939169 IO-0/EL  engine.cpp:277] Engine: Receive new handshake message from message connection
I1102 18:25:13.939173 IO-0/EL  worker_manager.cpp:60] WorkerManager: FuncWorker of func_id 1, client_id 46 connected
I1102 18:25:13.939183 IO-0/EL  message_connection.cpp:269] FuncWorkerConnection[1-46]: Handshake done
I1102 18:25:13.939604 Server/E engine.cpp:674] Engine: New message connection
I1102 18:25:13.939628 IO-0/EL  engine.cpp:277] Engine: Receive new handshake message from message connection
I1102 18:25:13.939632 IO-0/EL  worker_manager.cpp:60] WorkerManager: FuncWorker of func_id 1, client_id 47 connected
I1102 18:25:13.939643 IO-0/EL  message_connection.cpp:269] FuncWorkerConnection[1-47]: Handshake done
I1102 18:25:13.940004 Server/E engine.cpp:674] Engine: New message connection
I1102 18:25:13.940027 IO-0/EL  engine.cpp:277] Engine: Receive new handshake message from message connection
I1102 18:25:13.940031 IO-0/EL  worker_manager.cpp:60] WorkerManager: FuncWorker of func_id 1, client_id 48 connected
I1102 18:25:13.940042 IO-0/EL  message_connection.cpp:269] FuncWorkerConnection[1-48]: Handshake done
I1102 18:25:13.940500 Server/E engine.cpp:674] Engine: New message connection
I1102 18:25:13.940521 IO-0/EL  engine.cpp:277] Engine: Receive new handshake message from message connection
I1102 18:25:13.940525 IO-0/EL  worker_manager.cpp:60] WorkerManager: FuncWorker of func_id 1, client_id 49 connected
I1102 18:25:13.940536 IO-0/EL  message_connection.cpp:269] FuncWorkerConnection[1-49]: Handshake done
I1102 18:25:13.941115 Server/E engine.cpp:674] Engine: New message connection
I1102 18:25:13.941138 IO-0/EL  engine.cpp:277] Engine: Receive new handshake message from message connection
I1102 18:25:13.941142 IO-0/EL  worker_manager.cpp:60] WorkerManager: FuncWorker of func_id 1, client_id 50 connected
I1102 18:25:13.941152 IO-0/EL  message_connection.cpp:269] FuncWorkerConnection[1-50]: Handshake done
I1102 18:25:13.941364 Server/E engine.cpp:674] Engine: New message connection
I1102 18:25:13.941386 IO-0/EL  engine.cpp:277] Engine: Receive new handshake message from message connection
I1102 18:25:13.941390 IO-0/EL  worker_manager.cpp:60] WorkerManager: FuncWorker of func_id 1, client_id 51 connected
I1102 18:25:13.941401 IO-0/EL  message_connection.cpp:269] FuncWorkerConnection[1-51]: Handshake done
I1102 18:25:13.941819 Server/E engine.cpp:674] Engine: New message connection
I1102 18:25:13.941839 IO-0/EL  engine.cpp:277] Engine: Receive new handshake message from message connection
I1102 18:25:13.941844 IO-0/EL  worker_manager.cpp:60] WorkerManager: FuncWorker of func_id 1, client_id 52 connected
I1102 18:25:13.941854 IO-0/EL  message_connection.cpp:269] FuncWorkerConnection[1-52]: Handshake done
I1102 18:25:13.942345 Server/E engine.cpp:674] Engine: New message connection
I1102 18:25:13.942368 IO-0/EL  engine.cpp:277] Engine: Receive new handshake message from message connection
I1102 18:25:13.942372 IO-0/EL  worker_manager.cpp:60] WorkerManager: FuncWorker of func_id 1, client_id 53 connected
I1102 18:25:13.942383 IO-0/EL  message_connection.cpp:269] FuncWorkerConnection[1-53]: Handshake done
I1102 18:25:13.942848 Server/E engine.cpp:674] Engine: New message connection
I1102 18:25:13.942868 IO-0/EL  engine.cpp:277] Engine: Receive new handshake message from message connection
I1102 18:25:13.942872 IO-0/EL  worker_manager.cpp:60] WorkerManager: FuncWorker of func_id 1, client_id 54 connected
I1102 18:25:13.942883 IO-0/EL  message_connection.cpp:269] FuncWorkerConnection[1-54]: Handshake done
I1102 18:25:13.943206 Server/E engine.cpp:674] Engine: New message connection
I1102 18:25:13.943232 IO-0/EL  engine.cpp:277] Engine: Receive new handshake message from message connection
I1102 18:25:13.943236 IO-0/EL  worker_manager.cpp:60] WorkerManager: FuncWorker of func_id 1, client_id 55 connected
I1102 18:25:13.943248 IO-0/EL  message_connection.cpp:269] FuncWorkerConnection[1-55]: Handshake done
I1102 18:25:13.943781 Server/E engine.cpp:674] Engine: New message connection
I1102 18:25:13.943806 IO-0/EL  engine.cpp:277] Engine: Receive new handshake message from message connection
I1102 18:25:13.943810 IO-0/EL  worker_manager.cpp:60] WorkerManager: FuncWorker of func_id 1, client_id 56 connected
I1102 18:25:13.943822 IO-0/EL  message_connection.cpp:269] FuncWorkerConnection[1-56]: Handshake done
I1102 18:25:13.944228 Server/E engine.cpp:674] Engine: New message connection
I1102 18:25:13.944249 IO-0/EL  engine.cpp:277] Engine: Receive new handshake message from message connection
I1102 18:25:13.944253 IO-0/EL  worker_manager.cpp:60] WorkerManager: FuncWorker of func_id 1, client_id 57 connected
I1102 18:25:13.944270 IO-0/EL  message_connection.cpp:269] FuncWorkerConnection[1-57]: Handshake done
I1102 18:25:13.944659 Server/E engine.cpp:674] Engine: New message connection
I1102 18:25:13.944692 IO-0/EL  engine.cpp:277] Engine: Receive new handshake message from message connection
I1102 18:25:13.944696 IO-0/EL  worker_manager.cpp:60] WorkerManager: FuncWorker of func_id 1, client_id 58 connected
I1102 18:25:13.944707 IO-0/EL  message_connection.cpp:269] FuncWorkerConnection[1-58]: Handshake done
I1102 18:25:13.945117 Server/E engine.cpp:674] Engine: New message connection
I1102 18:25:13.945139 IO-0/EL  engine.cpp:277] Engine: Receive new handshake message from message connection
I1102 18:25:13.945143 IO-0/EL  worker_manager.cpp:60] WorkerManager: FuncWorker of func_id 1, client_id 59 connected
I1102 18:25:13.945154 IO-0/EL  message_connection.cpp:269] FuncWorkerConnection[1-59]: Handshake done
I1102 18:25:13.945495 Server/E engine.cpp:674] Engine: New message connection
I1102 18:25:13.945521 IO-0/EL  engine.cpp:277] Engine: Receive new handshake message from message connection
I1102 18:25:13.945525 IO-0/EL  worker_manager.cpp:60] WorkerManager: FuncWorker of func_id 1, client_id 60 connected
I1102 18:25:13.945535 IO-0/EL  message_connection.cpp:269] FuncWorkerConnection[1-60]: Handshake done
I1102 18:25:13.945974 Server/E engine.cpp:674] Engine: New message connection
I1102 18:25:13.945996 IO-0/EL  engine.cpp:277] Engine: Receive new handshake message from message connection
I1102 18:25:13.946001 IO-0/EL  worker_manager.cpp:60] WorkerManager: FuncWorker of func_id 1, client_id 61 connected
I1102 18:25:13.946011 IO-0/EL  message_connection.cpp:269] FuncWorkerConnection[1-61]: Handshake done
I1102 18:25:13.946453 Server/E engine.cpp:674] Engine: New message connection
I1102 18:25:13.946477 IO-0/EL  engine.cpp:277] Engine: Receive new handshake message from message connection
I1102 18:25:13.946481 IO-0/EL  worker_manager.cpp:60] WorkerManager: FuncWorker of func_id 1, client_id 62 connected
I1102 18:25:13.946494 IO-0/EL  message_connection.cpp:269] FuncWorkerConnection[1-62]: Handshake done
I1102 18:25:13.946908 Server/E engine.cpp:674] Engine: New message connection
I1102 18:25:13.946931 IO-0/EL  engine.cpp:277] Engine: Receive new handshake message from message connection
I1102 18:25:13.946935 IO-0/EL  worker_manager.cpp:60] WorkerManager: FuncWorker of func_id 1, client_id 63 connected
I1102 18:25:13.946947 IO-0/EL  message_connection.cpp:269] FuncWorkerConnection[1-63]: Handshake done
I1102 18:25:13.947348 Server/E engine.cpp:674] Engine: New message connection
I1102 18:25:13.947371 IO-0/EL  engine.cpp:277] Engine: Receive new handshake message from message connection
I1102 18:25:13.947375 IO-0/EL  worker_manager.cpp:60] WorkerManager: FuncWorker of func_id 1, client_id 64 connected
I1102 18:25:13.947387 IO-0/EL  message_connection.cpp:269] FuncWorkerConnection[1-64]: Handshake done
I1102 18:25:13.947875 Server/E engine.cpp:674] Engine: New message connection
I1102 18:25:13.947904 IO-0/EL  engine.cpp:277] Engine: Receive new handshake message from message connection
I1102 18:25:13.947908 IO-0/EL  worker_manager.cpp:60] WorkerManager: FuncWorker of func_id 1, client_id 65 connected
I1102 18:25:13.947920 IO-0/EL  message_connection.cpp:269] FuncWorkerConnection[1-65]: Handshake done
I1102 18:25:13.948912 Server/E engine.cpp:674] Engine: New message connection
I1102 18:25:13.948935 IO-0/EL  engine.cpp:277] Engine: Receive new handshake message from message connection
I1102 18:25:13.948939 IO-0/EL  worker_manager.cpp:60] WorkerManager: FuncWorker of func_id 1, client_id 66 connected
I1102 18:25:13.948951 IO-0/EL  message_connection.cpp:269] FuncWorkerConnection[1-66]: Handshake done
I1102 18:25:13.949084 Server/E engine.cpp:674] Engine: New message connection
I1102 18:25:13.949108 IO-0/EL  engine.cpp:277] Engine: Receive new handshake message from message connection
I1102 18:25:13.949112 IO-0/EL  worker_manager.cpp:60] WorkerManager: FuncWorker of func_id 1, client_id 67 connected
I1102 18:25:13.949123 IO-0/EL  message_connection.cpp:269] FuncWorkerConnection[1-67]: Handshake done
I1102 18:25:13.949491 Server/E engine.cpp:674] Engine: New message connection
I1102 18:25:13.949523 IO-0/EL  engine.cpp:277] Engine: Receive new handshake message from message connection
I1102 18:25:13.949527 IO-0/EL  worker_manager.cpp:60] WorkerManager: FuncWorker of func_id 1, client_id 68 connected
I1102 18:25:13.949538 IO-0/EL  message_connection.cpp:269] FuncWorkerConnection[1-68]: Handshake done
I1102 18:25:13.949940 Server/E engine.cpp:674] Engine: New message connection
I1102 18:25:13.949965 IO-0/EL  engine.cpp:277] Engine: Receive new handshake message from message connection
I1102 18:25:13.949969 IO-0/EL  worker_manager.cpp:60] WorkerManager: FuncWorker of func_id 1, client_id 69 connected
I1102 18:25:13.949980 IO-0/EL  message_connection.cpp:269] FuncWorkerConnection[1-69]: Handshake done
I1102 18:25:13.950411 Server/E engine.cpp:674] Engine: New message connection
I1102 18:25:13.950433 IO-0/EL  engine.cpp:277] Engine: Receive new handshake message from message connection
I1102 18:25:13.950437 IO-0/EL  worker_manager.cpp:60] WorkerManager: FuncWorker of func_id 1, client_id 70 connected
I1102 18:25:13.950448 IO-0/EL  message_connection.cpp:269] FuncWorkerConnection[1-70]: Handshake done
I1102 18:25:13.950894 Server/E engine.cpp:674] Engine: New message connection
I1102 18:25:13.950918 IO-0/EL  engine.cpp:277] Engine: Receive new handshake message from message connection
I1102 18:25:13.950922 IO-0/EL  worker_manager.cpp:60] WorkerManager: FuncWorker of func_id 1, client_id 71 connected
I1102 18:25:13.950933 IO-0/EL  message_connection.cpp:269] FuncWorkerConnection[1-71]: Handshake done
I1102 18:25:13.951341 Server/E engine.cpp:674] Engine: New message connection
I1102 18:25:13.951363 IO-0/EL  engine.cpp:277] Engine: Receive new handshake message from message connection
I1102 18:25:13.951367 IO-0/EL  worker_manager.cpp:60] WorkerManager: FuncWorker of func_id 1, client_id 72 connected
I1102 18:25:13.951381 IO-0/EL  message_connection.cpp:269] FuncWorkerConnection[1-72]: Handshake done
I1102 18:25:13.951756 Server/E engine.cpp:674] Engine: New message connection
I1102 18:25:13.951779 IO-0/EL  engine.cpp:277] Engine: Receive new handshake message from message connection
I1102 18:25:13.951783 IO-0/EL  worker_manager.cpp:60] WorkerManager: FuncWorker of func_id 1, client_id 73 connected
I1102 18:25:13.951794 IO-0/EL  message_connection.cpp:269] FuncWorkerConnection[1-73]: Handshake done
I1102 18:25:13.952198 Server/E engine.cpp:674] Engine: New message connection
I1102 18:25:13.952222 IO-0/EL  engine.cpp:277] Engine: Receive new handshake message from message connection
I1102 18:25:13.952226 IO-0/EL  worker_manager.cpp:60] WorkerManager: FuncWorker of func_id 1, client_id 74 connected
I1102 18:25:13.952237 IO-0/EL  message_connection.cpp:269] FuncWorkerConnection[1-74]: Handshake done
I1102 18:25:13.952619 Server/E engine.cpp:674] Engine: New message connection
I1102 18:25:13.952640 IO-0/EL  engine.cpp:277] Engine: Receive new handshake message from message connection
I1102 18:25:13.952644 IO-0/EL  worker_manager.cpp:60] WorkerManager: FuncWorker of func_id 1, client_id 75 connected
I1102 18:25:13.952655 IO-0/EL  message_connection.cpp:269] FuncWorkerConnection[1-75]: Handshake done
I1102 18:25:13.953088 Server/E engine.cpp:674] Engine: New message connection
I1102 18:25:13.953112 IO-0/EL  engine.cpp:277] Engine: Receive new handshake message from message connection
I1102 18:25:13.953116 IO-0/EL  worker_manager.cpp:60] WorkerManager: FuncWorker of func_id 1, client_id 76 connected
I1102 18:25:13.953128 IO-0/EL  message_connection.cpp:269] FuncWorkerConnection[1-76]: Handshake done
I1102 18:25:13.953512 Server/E engine.cpp:674] Engine: New message connection
I1102 18:25:13.953534 IO-0/EL  engine.cpp:277] Engine: Receive new handshake message from message connection
I1102 18:25:13.953538 IO-0/EL  worker_manager.cpp:60] WorkerManager: FuncWorker of func_id 1, client_id 77 connected
I1102 18:25:13.953549 IO-0/EL  message_connection.cpp:269] FuncWorkerConnection[1-77]: Handshake done
I1102 18:25:13.953994 Server/E engine.cpp:674] Engine: New message connection
I1102 18:25:13.954077 IO-0/EL  engine.cpp:277] Engine: Receive new handshake message from message connection
I1102 18:25:13.954082 IO-0/EL  worker_manager.cpp:60] WorkerManager: FuncWorker of func_id 1, client_id 78 connected
I1102 18:25:13.954097 IO-0/EL  message_connection.cpp:269] FuncWorkerConnection[1-78]: Handshake done
I1102 18:25:13.971734 Server/E engine.cpp:674] Engine: New message connection
I1102 18:25:13.971772 Server/E engine.cpp:674] Engine: New message connection
I1102 18:25:13.971778 IO-0/EL  engine.cpp:277] Engine: Receive new handshake message from message connection
I1102 18:25:13.971783 IO-0/EL  worker_manager.cpp:60] WorkerManager: FuncWorker of func_id 1, client_id 79 connected
I1102 18:25:13.971788 Server/E engine.cpp:674] Engine: New message connection
I1102 18:25:13.971795 IO-0/EL  message_connection.cpp:269] FuncWorkerConnection[1-79]: Handshake done
I1102 18:25:13.971803 Server/E engine.cpp:674] Engine: New message connection
I1102 18:25:13.971812 IO-0/EL  engine.cpp:277] Engine: Receive new handshake message from message connection
I1102 18:25:13.971816 Server/E engine.cpp:674] Engine: New message connection
I1102 18:25:13.971817 IO-0/EL  worker_manager.cpp:60] WorkerManager: FuncWorker of func_id 1, client_id 80 connected
I1102 18:25:13.971830 Server/E engine.cpp:674] Engine: New message connection
I1102 18:25:13.971834 IO-0/EL  message_connection.cpp:269] FuncWorkerConnection[1-80]: Handshake done
I1102 18:25:13.971843 Server/E engine.cpp:674] Engine: New message connection
I1102 18:25:13.971848 IO-0/EL  engine.cpp:277] Engine: Receive new handshake message from message connection
I1102 18:25:13.971851 IO-0/EL  worker_manager.cpp:60] WorkerManager: FuncWorker of func_id 1, client_id 81 connected
I1102 18:25:13.971860 Server/E engine.cpp:674] Engine: New message connection
I1102 18:25:13.971863 IO-0/EL  message_connection.cpp:269] FuncWorkerConnection[1-81]: Handshake done
I1102 18:25:13.971874 Server/E engine.cpp:674] Engine: New message connection
I1102 18:25:13.971879 IO-0/EL  engine.cpp:277] Engine: Receive new handshake message from message connection
I1102 18:25:13.971883 IO-0/EL  worker_manager.cpp:60] WorkerManager: FuncWorker of func_id 1, client_id 82 connected
I1102 18:25:13.971887 Server/E engine.cpp:674] Engine: New message connection
I1102 18:25:13.971894 IO-0/EL  message_connection.cpp:269] FuncWorkerConnection[1-82]: Handshake done
I1102 18:25:13.971901 Server/E engine.cpp:674] Engine: New message connection
I1102 18:25:13.971906 IO-0/EL  engine.cpp:277] Engine: Receive new handshake message from message connection
I1102 18:25:13.971909 IO-0/EL  worker_manager.cpp:60] WorkerManager: FuncWorker of func_id 1, client_id 83 connected
I1102 18:25:13.971915 Server/E engine.cpp:674] Engine: New message connection
I1102 18:25:13.971921 IO-0/EL  message_connection.cpp:269] FuncWorkerConnection[1-83]: Handshake done
I1102 18:25:13.971930 Server/E engine.cpp:674] Engine: New message connection
I1102 18:25:13.971935 IO-0/EL  engine.cpp:277] Engine: Receive new handshake message from message connection
I1102 18:25:13.971939 IO-0/EL  worker_manager.cpp:60] WorkerManager: FuncWorker of func_id 1, client_id 84 connected
I1102 18:25:13.971942 Server/E engine.cpp:674] Engine: New message connection
I1102 18:25:13.971950 IO-0/EL  message_connection.cpp:269] FuncWorkerConnection[1-84]: Handshake done
I1102 18:25:13.971957 Server/E engine.cpp:674] Engine: New message connection
I1102 18:25:13.971962 IO-0/EL  engine.cpp:277] Engine: Receive new handshake message from message connection
I1102 18:25:13.971966 IO-0/EL  worker_manager.cpp:60] WorkerManager: FuncWorker of func_id 1, client_id 85 connected
I1102 18:25:13.971969 Server/E engine.cpp:674] Engine: New message connection
I1102 18:25:13.971980 IO-0/EL  message_connection.cpp:269] FuncWorkerConnection[1-85]: Handshake done
I1102 18:25:13.971982 Server/E engine.cpp:674] Engine: New message connection
I1102 18:25:13.971994 IO-0/EL  engine.cpp:277] Engine: Receive new handshake message from message connection
I1102 18:25:13.971998 Server/E engine.cpp:674] Engine: New message connection
I1102 18:25:13.972026 Server/E engine.cpp:674] Engine: New message connection
I1102 18:25:13.971998 IO-0/EL  worker_manager.cpp:60] WorkerManager: FuncWorker of func_id 1, client_id 86 connected
I1102 18:25:13.972038 Server/E engine.cpp:674] Engine: New message connection
I1102 18:25:13.972054 Server/E engine.cpp:674] Engine: New message connection
I1102 18:25:13.972057 IO-0/EL  message_connection.cpp:269] FuncWorkerConnection[1-86]: Handshake done
I1102 18:25:13.972067 Server/E engine.cpp:674] Engine: New message connection
I1102 18:25:13.972074 IO-0/EL  engine.cpp:277] Engine: Receive new handshake message from message connection
I1102 18:25:13.972079 Server/E engine.cpp:674] Engine: New message connection
I1102 18:25:13.972080 IO-0/EL  worker_manager.cpp:60] WorkerManager: FuncWorker of func_id 1, client_id 87 connected
I1102 18:25:13.972094 Server/E engine.cpp:674] Engine: New message connection
I1102 18:25:13.972103 IO-0/EL  message_connection.cpp:269] FuncWorkerConnection[1-87]: Handshake done
I1102 18:25:13.972109 Server/E engine.cpp:674] Engine: New message connection
I1102 18:25:13.972115 IO-0/EL  engine.cpp:277] Engine: Receive new handshake message from message connection
I1102 18:25:13.972119 IO-0/EL  worker_manager.cpp:60] WorkerManager: FuncWorker of func_id 1, client_id 88 connected
I1102 18:25:13.972123 Server/E engine.cpp:674] Engine: New message connection
I1102 18:25:13.972130 IO-0/EL  message_connection.cpp:269] FuncWorkerConnection[1-88]: Handshake done
I1102 18:25:13.972137 Server/E engine.cpp:674] Engine: New message connection
I1102 18:25:13.972145 IO-0/EL  engine.cpp:277] Engine: Receive new handshake message from message connection
I1102 18:25:13.972148 IO-0/EL  worker_manager.cpp:60] WorkerManager: FuncWorker of func_id 1, client_id 90 connected
I1102 18:25:13.972152 Server/E engine.cpp:674] Engine: New message connection
I1102 18:25:13.972161 IO-0/EL  message_connection.cpp:269] FuncWorkerConnection[1-90]: Handshake done
I1102 18:25:13.972164 Server/E engine.cpp:674] Engine: New message connection
I1102 18:25:13.972173 IO-0/EL  engine.cpp:277] Engine: Receive new handshake message from message connection
I1102 18:25:13.972177 IO-0/EL  worker_manager.cpp:60] WorkerManager: FuncWorker of func_id 1, client_id 89 connected
I1102 18:25:13.972181 Server/E engine.cpp:674] Engine: New message connection
I1102 18:25:13.972188 IO-0/EL  message_connection.cpp:269] FuncWorkerConnection[1-89]: Handshake done
I1102 18:25:13.972203 IO-0/EL  engine.cpp:277] Engine: Receive new handshake message from message connection
I1102 18:25:13.972203 Server/E engine.cpp:674] Engine: New message connection
I1102 18:25:13.972207 IO-0/EL  worker_manager.cpp:60] WorkerManager: FuncWorker of func_id 1, client_id 91 connected
I1102 18:25:13.972230 Server/E engine.cpp:674] Engine: New message connection
I1102 18:25:13.972233 IO-0/EL  message_connection.cpp:269] FuncWorkerConnection[1-91]: Handshake done
I1102 18:25:13.972245 Server/E engine.cpp:674] Engine: New message connection
I1102 18:25:13.972251 IO-0/EL  engine.cpp:277] Engine: Receive new handshake message from message connection
I1102 18:25:13.972255 IO-0/EL  worker_manager.cpp:60] WorkerManager: FuncWorker of func_id 1, client_id 92 connected
I1102 18:25:13.972260 Server/E engine.cpp:674] Engine: New message connection
I1102 18:25:13.972267 IO-0/EL  message_connection.cpp:269] FuncWorkerConnection[1-92]: Handshake done
I1102 18:25:13.972280 Server/E engine.cpp:674] Engine: New message connection
I1102 18:25:13.972281 IO-0/EL  engine.cpp:277] Engine: Receive new handshake message from message connection
I1102 18:25:13.972293 IO-0/EL  worker_manager.cpp:60] WorkerManager: FuncWorker of func_id 1, client_id 93 connected
I1102 18:25:13.972298 Server/E engine.cpp:674] Engine: New message connection
I1102 18:25:13.972304 IO-0/EL  message_connection.cpp:269] FuncWorkerConnection[1-93]: Handshake done
I1102 18:25:13.972310 Server/E engine.cpp:674] Engine: New message connection
I1102 18:25:13.972316 IO-0/EL  engine.cpp:277] Engine: Receive new handshake message from message connection
I1102 18:25:13.972329 IO-0/EL  worker_manager.cpp:60] WorkerManager: FuncWorker of func_id 1, client_id 94 connected
I1102 18:25:13.972342 IO-0/EL  message_connection.cpp:269] FuncWorkerConnection[1-94]: Handshake done
I1102 18:25:13.972357 IO-0/EL  engine.cpp:277] Engine: Receive new handshake message from message connection
I1102 18:25:13.972361 IO-0/EL  worker_manager.cpp:60] WorkerManager: FuncWorker of func_id 1, client_id 95 connected
I1102 18:25:13.972372 IO-0/EL  message_connection.cpp:269] FuncWorkerConnection[1-95]: Handshake done
I1102 18:25:13.972383 IO-0/EL  engine.cpp:277] Engine: Receive new handshake message from message connection
I1102 18:25:13.972386 IO-0/EL  worker_manager.cpp:60] WorkerManager: FuncWorker of func_id 1, client_id 96 connected
I1102 18:25:13.972397 IO-0/EL  message_connection.cpp:269] FuncWorkerConnection[1-96]: Handshake done
I1102 18:25:13.972409 IO-0/EL  engine.cpp:277] Engine: Receive new handshake message from message connection
I1102 18:25:13.972413 IO-0/EL  worker_manager.cpp:60] WorkerManager: FuncWorker of func_id 1, client_id 97 connected
I1102 18:25:13.972424 IO-0/EL  message_connection.cpp:269] FuncWorkerConnection[1-97]: Handshake done
I1102 18:25:13.972434 IO-0/EL  engine.cpp:277] Engine: Receive new handshake message from message connection
I1102 18:25:13.972437 IO-0/EL  worker_manager.cpp:60] WorkerManager: FuncWorker of func_id 1, client_id 98 connected
I1102 18:25:13.972448 IO-0/EL  message_connection.cpp:269] FuncWorkerConnection[1-98]: Handshake done
I1102 18:25:13.972461 IO-0/EL  engine.cpp:277] Engine: Receive new handshake message from message connection
I1102 18:25:13.972464 IO-0/EL  worker_manager.cpp:60] WorkerManager: FuncWorker of func_id 1, client_id 99 connected
I1102 18:25:13.972476 IO-0/EL  message_connection.cpp:269] FuncWorkerConnection[1-99]: Handshake done
I1102 18:25:13.972486 IO-0/EL  engine.cpp:277] Engine: Receive new handshake message from message connection
I1102 18:25:13.972489 IO-0/EL  worker_manager.cpp:60] WorkerManager: FuncWorker of func_id 1, client_id 100 connected
I1102 18:25:13.972500 IO-0/EL  message_connection.cpp:269] FuncWorkerConnection[1-100]: Handshake done
I1102 18:25:13.972515 IO-0/EL  engine.cpp:277] Engine: Receive new handshake message from message connection
I1102 18:25:13.972518 IO-0/EL  worker_manager.cpp:60] WorkerManager: FuncWorker of func_id 1, client_id 101 connected
I1102 18:25:13.972529 IO-0/EL  message_connection.cpp:269] FuncWorkerConnection[1-101]: Handshake done
I1102 18:25:13.972540 IO-0/EL  engine.cpp:277] Engine: Receive new handshake message from message connection
I1102 18:25:13.972543 IO-0/EL  worker_manager.cpp:60] WorkerManager: FuncWorker of func_id 1, client_id 102 connected
I1102 18:25:13.972559 IO-0/EL  message_connection.cpp:269] FuncWorkerConnection[1-102]: Handshake done
I1102 18:25:13.972570 IO-0/EL  engine.cpp:277] Engine: Receive new handshake message from message connection
I1102 18:25:13.972574 IO-0/EL  worker_manager.cpp:60] WorkerManager: FuncWorker of func_id 1, client_id 103 connected
I1102 18:25:13.972584 IO-0/EL  message_connection.cpp:269] FuncWorkerConnection[1-103]: Handshake done
I1102 18:25:13.972597 IO-0/EL  engine.cpp:277] Engine: Receive new handshake message from message connection
I1102 18:25:13.972601 IO-0/EL  worker_manager.cpp:60] WorkerManager: FuncWorker of func_id 1, client_id 104 connected
I1102 18:25:13.972612 IO-0/EL  message_connection.cpp:269] FuncWorkerConnection[1-104]: Handshake done
I1102 18:25:13.972622 IO-0/EL  engine.cpp:277] Engine: Receive new handshake message from message connection
I1102 18:25:13.972625 IO-0/EL  worker_manager.cpp:60] WorkerManager: FuncWorker of func_id 1, client_id 105 connected
I1102 18:25:13.972636 IO-0/EL  message_connection.cpp:269] FuncWorkerConnection[1-105]: Handshake done
I1102 18:25:13.972649 IO-0/EL  engine.cpp:277] Engine: Receive new handshake message from message connection
I1102 18:25:13.972652 IO-0/EL  worker_manager.cpp:60] WorkerManager: FuncWorker of func_id 1, client_id 106 connected
I1102 18:25:13.972669 IO-0/EL  message_connection.cpp:269] FuncWorkerConnection[1-106]: Handshake done
I1102 18:25:13.972679 IO-0/EL  engine.cpp:277] Engine: Receive new handshake message from message connection
I1102 18:25:13.972683 IO-0/EL  worker_manager.cpp:60] WorkerManager: FuncWorker of func_id 1, client_id 107 connected
I1102 18:25:13.972693 IO-0/EL  message_connection.cpp:269] FuncWorkerConnection[1-107]: Handshake done
I1102 18:25:13.972706 IO-0/EL  engine.cpp:277] Engine: Receive new handshake message from message connection
I1102 18:25:13.972715 IO-0/EL  worker_manager.cpp:60] WorkerManager: FuncWorker of func_id 1, client_id 108 connected
I1102 18:25:13.972727 IO-0/EL  message_connection.cpp:269] FuncWorkerConnection[1-108]: Handshake done
I1102 18:25:13.972737 IO-0/EL  engine.cpp:277] Engine: Receive new handshake message from message connection
I1102 18:25:13.972740 IO-0/EL  worker_manager.cpp:60] WorkerManager: FuncWorker of func_id 1, client_id 109 connected
I1102 18:25:13.972751 IO-0/EL  message_connection.cpp:269] FuncWorkerConnection[1-109]: Handshake done
I1102 18:25:13.972765 IO-0/EL  engine.cpp:277] Engine: Receive new handshake message from message connection
I1102 18:25:13.972768 IO-0/EL  worker_manager.cpp:60] WorkerManager: FuncWorker of func_id 1, client_id 110 connected
I1102 18:25:13.972781 IO-0/EL  message_connection.cpp:269] FuncWorkerConnection[1-110]: Handshake done
I1102 18:25:13.972797 IO-0/EL  engine.cpp:277] Engine: Receive new handshake message from message connection
I1102 18:25:13.972801 IO-0/EL  worker_manager.cpp:60] WorkerManager: FuncWorker of func_id 1, client_id 112 connected
I1102 18:25:13.972812 IO-0/EL  message_connection.cpp:269] FuncWorkerConnection[1-112]: Handshake done
I1102 18:25:13.972810 Server/E engine.cpp:674] Engine: New message connection
I1102 18:25:13.972825 IO-0/EL  engine.cpp:277] Engine: Receive new handshake message from message connection
I1102 18:25:13.972829 IO-0/EL  worker_manager.cpp:60] WorkerManager: FuncWorker of func_id 1, client_id 111 connected
I1102 18:25:13.972841 IO-0/EL  message_connection.cpp:269] FuncWorkerConnection[1-111]: Handshake done
I1102 18:25:13.972851 IO-0/EL  engine.cpp:277] Engine: Receive new handshake message from message connection
I1102 18:25:13.972854 IO-0/EL  worker_manager.cpp:60] WorkerManager: FuncWorker of func_id 1, client_id 113 connected
I1102 18:25:13.972874 IO-0/EL  message_connection.cpp:269] FuncWorkerConnection[1-113]: Handshake done
I1102 18:25:13.972884 IO-0/EL  engine.cpp:277] Engine: Receive new handshake message from message connection
I1102 18:25:13.972888 IO-0/EL  worker_manager.cpp:60] WorkerManager: FuncWorker of func_id 1, client_id 114 connected
I1102 18:25:13.972898 IO-0/EL  message_connection.cpp:269] FuncWorkerConnection[1-114]: Handshake done
I1102 18:25:13.972908 IO-0/EL  engine.cpp:277] Engine: Receive new handshake message from message connection
I1102 18:25:13.972911 IO-0/EL  worker_manager.cpp:60] WorkerManager: FuncWorker of func_id 1, client_id 115 connected
I1102 18:25:13.972922 IO-0/EL  message_connection.cpp:269] FuncWorkerConnection[1-115]: Handshake done
I1102 18:25:13.972931 IO-0/EL  engine.cpp:277] Engine: Receive new handshake message from message connection
I1102 18:25:13.972934 IO-0/EL  worker_manager.cpp:60] WorkerManager: FuncWorker of func_id 1, client_id 117 connected
I1102 18:25:13.972944 IO-0/EL  message_connection.cpp:269] FuncWorkerConnection[1-117]: Handshake done
I1102 18:25:13.973178 Server/E engine.cpp:674] Engine: New message connection
I1102 18:25:13.973200 IO-0/EL  engine.cpp:277] Engine: Receive new handshake message from message connection
I1102 18:25:13.973204 IO-0/EL  worker_manager.cpp:60] WorkerManager: FuncWorker of func_id 1, client_id 116 connected
I1102 18:25:13.973215 IO-0/EL  message_connection.cpp:269] FuncWorkerConnection[1-116]: Handshake done
I1102 18:25:13.973389 Server/E engine.cpp:674] Engine: New message connection
I1102 18:25:13.973408 IO-0/EL  engine.cpp:277] Engine: Receive new handshake message from message connection
I1102 18:25:13.973426 IO-0/EL  worker_manager.cpp:60] WorkerManager: FuncWorker of func_id 1, client_id 118 connected
I1102 18:25:13.973437 IO-0/EL  message_connection.cpp:269] FuncWorkerConnection[1-118]: Handshake done
I1102 18:25:13.973811 Server/E engine.cpp:674] Engine: New message connection
I1102 18:25:13.973835 IO-0/EL  engine.cpp:277] Engine: Receive new handshake message from message connection
I1102 18:25:13.973839 IO-0/EL  worker_manager.cpp:60] WorkerManager: FuncWorker of func_id 1, client_id 119 connected
I1102 18:25:13.973850 IO-0/EL  message_connection.cpp:269] FuncWorkerConnection[1-119]: Handshake done
I1102 18:25:13.999353 Server/E engine.cpp:674] Engine: New message connection
I1102 18:25:13.999379 IO-0/EL  engine.cpp:277] Engine: Receive new handshake message from message connection
I1102 18:25:13.999383 IO-0/EL  worker_manager.cpp:60] WorkerManager: FuncWorker of func_id 1, client_id 120 connected
I1102 18:25:13.999394 IO-0/EL  message_connection.cpp:269] FuncWorkerConnection[1-120]: Handshake done
I1102 18:25:13.999492 Server/E engine.cpp:674] Engine: New message connection
I1102 18:25:13.999516 IO-0/EL  engine.cpp:277] Engine: Receive new handshake message from message connection
I1102 18:25:13.999520 IO-0/EL  worker_manager.cpp:60] WorkerManager: FuncWorker of func_id 1, client_id 121 connected
I1102 18:25:13.999532 IO-0/EL  message_connection.cpp:269] FuncWorkerConnection[1-121]: Handshake done
I1102 18:25:13.999999 Server/E engine.cpp:674] Engine: New message connection
I1102 18:25:14.000045 IO-0/EL  engine.cpp:277] Engine: Receive new handshake message from message connection
I1102 18:25:14.000049 IO-0/EL  worker_manager.cpp:60] WorkerManager: FuncWorker of func_id 1, client_id 122 connected
I1102 18:25:14.000068 IO-0/EL  message_connection.cpp:269] FuncWorkerConnection[1-122]: Handshake done
I1102 18:25:14.000443 Server/E engine.cpp:674] Engine: New message connection
I1102 18:25:14.000477 IO-0/EL  engine.cpp:277] Engine: Receive new handshake message from message connection
I1102 18:25:14.000482 IO-0/EL  worker_manager.cpp:60] WorkerManager: FuncWorker of func_id 1, client_id 123 connected
I1102 18:25:14.000493 IO-0/EL  message_connection.cpp:269] FuncWorkerConnection[1-123]: Handshake done
I1102 18:25:14.001294 Server/E engine.cpp:674] Engine: New message connection
I1102 18:25:14.001328 IO-0/EL  engine.cpp:277] Engine: Receive new handshake message from message connection
I1102 18:25:14.001332 IO-0/EL  worker_manager.cpp:60] WorkerManager: FuncWorker of func_id 1, client_id 124 connected
I1102 18:25:14.001347 IO-0/EL  message_connection.cpp:269] FuncWorkerConnection[1-124]: Handshake done
I1102 18:25:14.002071 Server/E engine.cpp:674] Engine: New message connection
I1102 18:25:14.002109 IO-0/EL  engine.cpp:277] Engine: Receive new handshake message from message connection
I1102 18:25:14.002113 IO-0/EL  worker_manager.cpp:60] WorkerManager: FuncWorker of func_id 1, client_id 126 connected
I1102 18:25:14.002125 IO-0/EL  message_connection.cpp:269] FuncWorkerConnection[1-126]: Handshake done
I1102 18:25:14.002845 Server/E engine.cpp:674] Engine: New message connection
I1102 18:25:14.002884 IO-0/EL  engine.cpp:277] Engine: Receive new handshake message from message connection
I1102 18:25:14.002889 IO-0/EL  worker_manager.cpp:60] WorkerManager: FuncWorker of func_id 1, client_id 127 connected
I1102 18:25:14.002902 IO-0/EL  message_connection.cpp:269] FuncWorkerConnection[1-127]: Handshake done
I1102 18:25:14.003677 Server/E engine.cpp:674] Engine: New message connection
I1102 18:25:14.003706 IO-0/EL  engine.cpp:277] Engine: Receive new handshake message from message connection
I1102 18:25:14.003713 IO-0/EL  worker_manager.cpp:60] WorkerManager: FuncWorker of func_id 1, client_id 128 connected
I1102 18:25:14.003727 IO-0/EL  message_connection.cpp:269] FuncWorkerConnection[1-128]: Handshake done
I1102 18:25:14.004026 Server/E engine.cpp:674] Engine: New message connection
I1102 18:25:14.004062 IO-0/EL  engine.cpp:277] Engine: Receive new handshake message from message connection
I1102 18:25:14.004066 IO-0/EL  worker_manager.cpp:60] WorkerManager: FuncWorker of func_id 1, client_id 125 connected
I1102 18:25:14.004085 IO-0/EL  message_connection.cpp:269] FuncWorkerConnection[1-125]: Handshake done
I1102 18:25:16.436638 IO-0/EL  buffer_pool.h:25] BufferPool[IO-0_Write]: Allocate new buffer, current buffer count is 3
I1102 18:25:16.436661 IO-0/EL  buffer_pool.h:25] BufferPool[IO-0_Write]: Allocate new buffer, current buffer count is 4
I1102 18:25:16.436675 IO-0/EL  buffer_pool.h:25] BufferPool[IO-0_Write]: Allocate new buffer, current buffer count is 5
I1102 18:25:16.436683 IO-0/EL  buffer_pool.h:25] BufferPool[IO-0_Write]: Allocate new buffer, current buffer count is 6
I1102 18:25:16.436694 IO-0/EL  buffer_pool.h:25] BufferPool[IO-0_Write]: Allocate new buffer, current buffer count is 7
I1102 18:25:16.436703 IO-0/EL  buffer_pool.h:25] BufferPool[IO-0_Write]: Allocate new buffer, current buffer count is 8
I1102 18:25:16.436715 IO-0/EL  buffer_pool.h:25] BufferPool[IO-0_Write]: Allocate new buffer, current buffer count is 9
I1102 18:25:16.436724 IO-0/EL  buffer_pool.h:25] BufferPool[IO-0_Write]: Allocate new buffer, current buffer count is 10
I1102 18:25:16.436734 IO-0/EL  buffer_pool.h:25] BufferPool[IO-0_Write]: Allocate new buffer, current buffer count is 11
I1102 18:25:16.436743 IO-0/EL  buffer_pool.h:25] BufferPool[IO-0_Write]: Allocate new buffer, current buffer count is 12
I1102 18:25:16.436753 IO-0/EL  buffer_pool.h:25] BufferPool[IO-0_Write]: Allocate new buffer, current buffer count is 13
I1102 18:25:16.436763 IO-0/EL  buffer_pool.h:25] BufferPool[IO-0_Write]: Allocate new buffer, current buffer count is 14
I1102 18:25:16.436780 IO-0/EL  buffer_pool.h:25] BufferPool[IO-0_Write]: Allocate new buffer, current buffer count is 15
I1102 18:25:16.436790 IO-0/EL  buffer_pool.h:25] BufferPool[IO-0_Write]: Allocate new buffer, current buffer count is 16
I1102 18:25:16.436802 IO-0/EL  buffer_pool.h:25] BufferPool[IO-0_Write]: Allocate new buffer, current buffer count is 17
I1102 18:25:16.436811 IO-0/EL  buffer_pool.h:25] BufferPool[IO-0_Write]: Allocate new buffer, current buffer count is 18
I1102 18:25:16.436822 IO-0/EL  buffer_pool.h:25] BufferPool[IO-0_Write]: Allocate new buffer, current buffer count is 19
I1102 18:25:16.436835 IO-0/EL  buffer_pool.h:25] BufferPool[IO-0_Write]: Allocate new buffer, current buffer count is 20
I1102 18:25:16.436847 IO-0/EL  buffer_pool.h:25] BufferPool[IO-0_Write]: Allocate new buffer, current buffer count is 21
I1102 18:25:16.436857 IO-0/EL  buffer_pool.h:25] BufferPool[IO-0_Write]: Allocate new buffer, current buffer count is 22
I1102 18:25:16.436868 IO-0/EL  buffer_pool.h:25] BufferPool[IO-0_Write]: Allocate new buffer, current buffer count is 23
I1102 18:25:16.436883 IO-0/EL  buffer_pool.h:25] BufferPool[IO-0_Write]: Allocate new buffer, current buffer count is 24
I1102 18:25:16.436894 IO-0/EL  buffer_pool.h:25] BufferPool[IO-0_Write]: Allocate new buffer, current buffer count is 25
I1102 18:25:16.436911 IO-0/EL  buffer_pool.h:25] BufferPool[IO-0_Write]: Allocate new buffer, current buffer count is 26
I1102 18:25:16.436922 IO-0/EL  buffer_pool.h:25] BufferPool[IO-0_Write]: Allocate new buffer, current buffer count is 27
I1102 18:25:16.436936 IO-0/EL  buffer_pool.h:25] BufferPool[IO-0_Write]: Allocate new buffer, current buffer count is 28
I1102 18:25:16.436951 IO-0/EL  buffer_pool.h:25] BufferPool[IO-0_Write]: Allocate new buffer, current buffer count is 29
I1102 18:25:16.436962 IO-0/EL  buffer_pool.h:25] BufferPool[IO-0_Write]: Allocate new buffer, current buffer count is 30
I1102 18:25:16.436979 IO-0/EL  buffer_pool.h:25] BufferPool[IO-0_Write]: Allocate new buffer, current buffer count is 31
I1102 18:25:16.436989 IO-0/EL  buffer_pool.h:25] BufferPool[IO-0_Write]: Allocate new buffer, current buffer count is 32
I1102 18:25:16.437002 IO-0/EL  buffer_pool.h:25] BufferPool[IO-0_Write]: Allocate new buffer, current buffer count is 33
I1102 18:25:16.437011 IO-0/EL  buffer_pool.h:25] BufferPool[IO-0_Write]: Allocate new buffer, current buffer count is 34
I1102 18:25:16.437024 IO-0/EL  buffer_pool.h:25] BufferPool[IO-0_Write]: Allocate new buffer, current buffer count is 35
I1102 18:25:16.437044 IO-0/EL  buffer_pool.h:25] BufferPool[IO-0_Write]: Allocate new buffer, current buffer count is 36
I1102 18:25:16.437058 IO-0/EL  buffer_pool.h:25] BufferPool[IO-0_Write]: Allocate new buffer, current buffer count is 37
I1102 18:25:16.437066 IO-0/EL  buffer_pool.h:25] BufferPool[IO-0_Write]: Allocate new buffer, current buffer count is 38
I1102 18:25:16.437080 IO-0/EL  buffer_pool.h:25] BufferPool[IO-0_Write]: Allocate new buffer, current buffer count is 39
I1102 18:25:16.437089 IO-0/EL  buffer_pool.h:25] BufferPool[IO-0_Write]: Allocate new buffer, current buffer count is 40
I1102 18:25:16.437101 IO-0/EL  buffer_pool.h:25] BufferPool[IO-0_Write]: Allocate new buffer, current buffer count is 41
I1102 18:25:16.437112 IO-0/EL  buffer_pool.h:25] BufferPool[IO-0_Write]: Allocate new buffer, current buffer count is 42
I1102 18:25:16.437124 IO-0/EL  buffer_pool.h:25] BufferPool[IO-0_Write]: Allocate new buffer, current buffer count is 43
I1102 18:25:16.437135 IO-0/EL  buffer_pool.h:25] BufferPool[IO-0_Write]: Allocate new buffer, current buffer count is 44
I1102 18:25:16.437146 IO-0/EL  buffer_pool.h:25] BufferPool[IO-0_Write]: Allocate new buffer, current buffer count is 45
I1102 18:25:16.437158 IO-0/EL  buffer_pool.h:25] BufferPool[IO-0_Write]: Allocate new buffer, current buffer count is 46
I1102 18:25:16.437168 IO-0/EL  buffer_pool.h:25] BufferPool[IO-0_Write]: Allocate new buffer, current buffer count is 47
I1102 18:25:16.437182 IO-0/EL  buffer_pool.h:25] BufferPool[IO-0_Write]: Allocate new buffer, current buffer count is 48
I1102 18:25:16.437191 IO-0/EL  buffer_pool.h:25] BufferPool[IO-0_Write]: Allocate new buffer, current buffer count is 49
I1102 18:25:16.437206 IO-0/EL  buffer_pool.h:25] BufferPool[IO-0_Write]: Allocate new buffer, current buffer count is 50
I1102 18:25:16.437216 IO-0/EL  buffer_pool.h:25] BufferPool[IO-0_Write]: Allocate new buffer, current buffer count is 51
I1102 18:25:16.437226 IO-0/EL  buffer_pool.h:25] BufferPool[IO-0_Write]: Allocate new buffer, current buffer count is 52
I1102 18:25:16.437237 IO-0/EL  buffer_pool.h:25] BufferPool[IO-0_Write]: Allocate new buffer, current buffer count is 53
I1102 18:25:16.437248 IO-0/EL  buffer_pool.h:25] BufferPool[IO-0_Write]: Allocate new buffer, current buffer count is 54
I1102 18:25:16.437257 IO-0/EL  buffer_pool.h:25] BufferPool[IO-0_Write]: Allocate new buffer, current buffer count is 55
I1102 18:25:16.437269 IO-0/EL  buffer_pool.h:25] BufferPool[IO-0_Write]: Allocate new buffer, current buffer count is 56
I1102 18:25:16.437284 IO-0/EL  buffer_pool.h:25] BufferPool[IO-0_Write]: Allocate new buffer, current buffer count is 57
I1102 18:25:16.437295 IO-0/EL  buffer_pool.h:25] BufferPool[IO-0_Write]: Allocate new buffer, current buffer count is 58
I1102 18:25:16.437310 IO-0/EL  buffer_pool.h:25] BufferPool[IO-0_Write]: Allocate new buffer, current buffer count is 59
I1102 18:25:16.437319 IO-0/EL  buffer_pool.h:25] BufferPool[IO-0_Write]: Allocate new buffer, current buffer count is 60
I1102 18:25:16.437331 IO-0/EL  buffer_pool.h:25] BufferPool[IO-0_Write]: Allocate new buffer, current buffer count is 61
I1102 18:25:16.437340 IO-0/EL  buffer_pool.h:25] BufferPool[IO-0_Write]: Allocate new buffer, current buffer count is 62
I1102 18:25:16.437352 IO-0/EL  buffer_pool.h:25] BufferPool[IO-0_Write]: Allocate new buffer, current buffer count is 63
I1102 18:25:16.437361 IO-0/EL  buffer_pool.h:25] BufferPool[IO-0_Write]: Allocate new buffer, current buffer count is 64
I1102 18:25:16.437372 IO-0/EL  buffer_pool.h:25] BufferPool[IO-0_Write]: Allocate new buffer, current buffer count is 65
I1102 18:25:16.437383 IO-0/EL  buffer_pool.h:25] BufferPool[IO-0_Write]: Allocate new buffer, current buffer count is 66
I1102 18:25:16.437395 IO-0/EL  buffer_pool.h:25] BufferPool[IO-0_Write]: Allocate new buffer, current buffer count is 67
I1102 18:25:16.437406 IO-0/EL  buffer_pool.h:25] BufferPool[IO-0_Write]: Allocate new buffer, current buffer count is 68
I1102 18:25:16.437423 IO-0/EL  buffer_pool.h:25] BufferPool[IO-0_Write]: Allocate new buffer, current buffer count is 69
I1102 18:25:16.437434 IO-0/EL  buffer_pool.h:25] BufferPool[IO-0_Write]: Allocate new buffer, current buffer count is 70
I1102 18:25:16.437444 IO-0/EL  buffer_pool.h:25] BufferPool[IO-0_Write]: Allocate new buffer, current buffer count is 71
I1102 18:25:16.437456 IO-0/EL  buffer_pool.h:25] BufferPool[IO-0_Write]: Allocate new buffer, current buffer count is 72
I1102 18:25:16.437467 IO-0/EL  buffer_pool.h:25] BufferPool[IO-0_Write]: Allocate new buffer, current buffer count is 73
I1102 18:25:16.437481 IO-0/EL  buffer_pool.h:25] BufferPool[IO-0_Write]: Allocate new buffer, current buffer count is 74
I1102 18:25:16.437490 IO-0/EL  buffer_pool.h:25] BufferPool[IO-0_Write]: Allocate new buffer, current buffer count is 75
I1102 18:25:16.437502 IO-0/EL  buffer_pool.h:25] BufferPool[IO-0_Write]: Allocate new buffer, current buffer count is 76
I1102 18:25:16.437511 IO-0/EL  buffer_pool.h:25] BufferPool[IO-0_Write]: Allocate new buffer, current buffer count is 77
I1102 18:25:16.437523 IO-0/EL  buffer_pool.h:25] BufferPool[IO-0_Write]: Allocate new buffer, current buffer count is 78
I1102 18:25:16.437533 IO-0/EL  buffer_pool.h:25] BufferPool[IO-0_Write]: Allocate new buffer, current buffer count is 79
I1102 18:25:16.437545 IO-0/EL  buffer_pool.h:25] BufferPool[IO-0_Write]: Allocate new buffer, current buffer count is 80
I1102 18:25:16.437555 IO-0/EL  buffer_pool.h:25] BufferPool[IO-0_Write]: Allocate new buffer, current buffer count is 81
I1102 18:25:16.437564 IO-0/EL  buffer_pool.h:25] BufferPool[IO-0_Write]: Allocate new buffer, current buffer count is 82
I1102 18:25:16.437580 IO-0/EL  buffer_pool.h:25] BufferPool[IO-0_Write]: Allocate new buffer, current buffer count is 83
I1102 18:25:16.437590 IO-0/EL  buffer_pool.h:25] BufferPool[IO-0_Write]: Allocate new buffer, current buffer count is 84
I1102 18:25:16.437603 IO-0/EL  buffer_pool.h:25] BufferPool[IO-0_Write]: Allocate new buffer, current buffer count is 85
I1102 18:25:16.437613 IO-0/EL  buffer_pool.h:25] BufferPool[IO-0_Write]: Allocate new buffer, current buffer count is 86
I1102 18:25:16.437627 IO-0/EL  buffer_pool.h:25] BufferPool[IO-0_Write]: Allocate new buffer, current buffer count is 87
I1102 18:25:16.437636 IO-0/EL  buffer_pool.h:25] BufferPool[IO-0_Write]: Allocate new buffer, current buffer count is 88
I1102 18:25:16.437648 IO-0/EL  buffer_pool.h:25] BufferPool[IO-0_Write]: Allocate new buffer, current buffer count is 89
I1102 18:25:16.437657 IO-0/EL  buffer_pool.h:25] BufferPool[IO-0_Write]: Allocate new buffer, current buffer count is 90
I1102 18:25:16.437670 IO-0/EL  buffer_pool.h:25] BufferPool[IO-0_Write]: Allocate new buffer, current buffer count is 91
I1102 18:25:16.437679 IO-0/EL  buffer_pool.h:25] BufferPool[IO-0_Write]: Allocate new buffer, current buffer count is 92
I1102 18:25:16.437688 IO-0/EL  buffer_pool.h:25] BufferPool[IO-0_Write]: Allocate new buffer, current buffer count is 93
I1102 18:25:16.437707 IO-0/EL  buffer_pool.h:25] BufferPool[IO-0_Write]: Allocate new buffer, current buffer count is 94
I1102 18:25:16.437721 IO-0/EL  buffer_pool.h:25] BufferPool[IO-0_Write]: Allocate new buffer, current buffer count is 95
I1102 18:25:16.437736 IO-0/EL  buffer_pool.h:25] BufferPool[IO-0_Write]: Allocate new buffer, current buffer count is 96
I1102 18:25:16.437752 IO-0/EL  buffer_pool.h:25] BufferPool[IO-0_Write]: Allocate new buffer, current buffer count is 97
I1102 18:25:16.437766 IO-0/EL  buffer_pool.h:25] BufferPool[IO-0_Write]: Allocate new buffer, current buffer count is 98
I1102 18:25:16.437776 IO-0/EL  buffer_pool.h:25] BufferPool[IO-0_Write]: Allocate new buffer, current buffer count is 99
I1102 18:25:16.437788 IO-0/EL  buffer_pool.h:25] BufferPool[IO-0_Write]: Allocate new buffer, current buffer count is 100
I1102 18:25:16.437797 IO-0/EL  buffer_pool.h:25] BufferPool[IO-0_Write]: Allocate new buffer, current buffer count is 101
I1102 18:25:16.437808 IO-0/EL  buffer_pool.h:25] BufferPool[IO-0_Write]: Allocate new buffer, current buffer count is 102
I1102 18:25:16.437822 IO-0/EL  buffer_pool.h:25] BufferPool[IO-0_Write]: Allocate new buffer, current buffer count is 103
I1102 18:25:16.437832 IO-0/EL  buffer_pool.h:25] BufferPool[IO-0_Write]: Allocate new buffer, current buffer count is 104
I1102 18:25:16.437847 IO-0/EL  buffer_pool.h:25] BufferPool[IO-0_Write]: Allocate new buffer, current buffer count is 105
I1102 18:25:16.437856 IO-0/EL  buffer_pool.h:25] BufferPool[IO-0_Write]: Allocate new buffer, current buffer count is 106
I1102 18:25:16.437868 IO-0/EL  buffer_pool.h:25] BufferPool[IO-0_Write]: Allocate new buffer, current buffer count is 107
I1102 18:25:16.437878 IO-0/EL  buffer_pool.h:25] BufferPool[IO-0_Write]: Allocate new buffer, current buffer count is 108
I1102 18:25:16.437890 IO-0/EL  buffer_pool.h:25] BufferPool[IO-0_Write]: Allocate new buffer, current buffer count is 109
I1102 18:25:16.437900 IO-0/EL  buffer_pool.h:25] BufferPool[IO-0_Write]: Allocate new buffer, current buffer count is 110
I1102 18:25:16.437911 IO-0/EL  buffer_pool.h:25] BufferPool[IO-0_Write]: Allocate new buffer, current buffer count is 111
I1102 18:25:16.437922 IO-0/EL  buffer_pool.h:25] BufferPool[IO-0_Write]: Allocate new buffer, current buffer count is 112
I1102 18:25:16.437939 IO-0/EL  buffer_pool.h:25] BufferPool[IO-0_Write]: Allocate new buffer, current buffer count is 113
I1102 18:25:16.437952 IO-0/EL  buffer_pool.h:25] BufferPool[IO-0_Write]: Allocate new buffer, current buffer count is 114
I1102 18:25:16.437961 IO-0/EL  buffer_pool.h:25] BufferPool[IO-0_Write]: Allocate new buffer, current buffer count is 115
I1102 18:25:16.437973 IO-0/EL  buffer_pool.h:25] BufferPool[IO-0_Write]: Allocate new buffer, current buffer count is 116
I1102 18:25:16.437982 IO-0/EL  buffer_pool.h:25] BufferPool[IO-0_Write]: Allocate new buffer, current buffer count is 117
I1102 18:25:16.437991 IO-0/EL  buffer_pool.h:25] BufferPool[IO-0_Write]: Allocate new buffer, current buffer count is 118
I1102 18:25:16.438005 IO-0/EL  buffer_pool.h:25] BufferPool[IO-0_Write]: Allocate new buffer, current buffer count is 119
I1102 18:25:16.438015 IO-0/EL  buffer_pool.h:25] BufferPool[IO-0_Write]: Allocate new buffer, current buffer count is 120
I1102 18:25:16.438027 IO-0/EL  buffer_pool.h:25] BufferPool[IO-0_Write]: Allocate new buffer, current buffer count is 121
I1102 18:25:16.438036 IO-0/EL  buffer_pool.h:25] BufferPool[IO-0_Write]: Allocate new buffer, current buffer count is 122
I1102 18:25:16.438049 IO-0/EL  buffer_pool.h:25] BufferPool[IO-0_Write]: Allocate new buffer, current buffer count is 123
I1102 18:25:16.438059 IO-0/EL  buffer_pool.h:25] BufferPool[IO-0_Write]: Allocate new buffer, current buffer count is 124
I1102 18:25:16.438070 IO-0/EL  buffer_pool.h:25] BufferPool[IO-0_Write]: Allocate new buffer, current buffer count is 125
I1102 18:25:16.438079 IO-0/EL  buffer_pool.h:25] BufferPool[IO-0_Write]: Allocate new buffer, current buffer count is 126
I1102 18:25:16.438093 IO-0/EL  buffer_pool.h:25] BufferPool[IO-0_Write]: Allocate new buffer, current buffer count is 127
I1102 18:25:16.438102 IO-0/EL  buffer_pool.h:25] BufferPool[IO-0_Write]: Allocate new buffer, current buffer count is 128
I1102 18:25:16.438239 IO-0/EL  buffer_pool.h:25] BufferPool[IO-0_Write]: Allocate new buffer, current buffer count is 129
I1102 18:25:16.438251 IO-0/EL  buffer_pool.h:25] BufferPool[IO-0_Write]: Allocate new buffer, current buffer count is 130
I1102 18:25:16.438261 IO-0/EL  buffer_pool.h:25] BufferPool[IO-0_Write]: Allocate new buffer, current buffer count is 131
I1102 18:25:16.438270 IO-0/EL  buffer_pool.h:25] BufferPool[IO-0_Write]: Allocate new buffer, current buffer count is 132
I1102 18:25:16.438280 IO-0/EL  buffer_pool.h:25] BufferPool[IO-0_Write]: Allocate new buffer, current buffer count is 133
I1102 18:25:16.438289 IO-0/EL  buffer_pool.h:25] BufferPool[IO-0_Write]: Allocate new buffer, current buffer count is 134
I1102 18:25:16.438298 IO-0/EL  buffer_pool.h:25] BufferPool[IO-0_Write]: Allocate new buffer, current buffer count is 135
I1102 18:25:16.438306 IO-0/EL  buffer_pool.h:25] BufferPool[IO-0_Write]: Allocate new buffer, current buffer count is 136
I1102 18:25:16.438321 IO-0/EL  buffer_pool.h:25] BufferPool[IO-0_Write]: Allocate new buffer, current buffer count is 137
I1102 18:25:16.438331 IO-0/EL  buffer_pool.h:25] BufferPool[IO-0_Write]: Allocate new buffer, current buffer count is 138
I1102 18:25:16.438340 IO-0/EL  buffer_pool.h:25] BufferPool[IO-0_Write]: Allocate new buffer, current buffer count is 139
I1102 18:25:16.438349 IO-0/EL  buffer_pool.h:25] BufferPool[IO-0_Write]: Allocate new buffer, current buffer count is 140
I1102 18:25:16.438358 IO-0/EL  buffer_pool.h:25] BufferPool[IO-0_Write]: Allocate new buffer, current buffer count is 141
I1102 18:25:16.438368 IO-0/EL  buffer_pool.h:25] BufferPool[IO-0_Write]: Allocate new buffer, current buffer count is 142
I1102 18:25:16.438378 IO-0/EL  buffer_pool.h:25] BufferPool[IO-0_Write]: Allocate new buffer, current buffer count is 143
I1102 18:25:16.438390 IO-0/EL  buffer_pool.h:25] BufferPool[IO-0_Write]: Allocate new buffer, current buffer count is 144
I1102 18:25:16.438401 IO-0/EL  buffer_pool.h:25] BufferPool[IO-0_Write]: Allocate new buffer, current buffer count is 145
I1102 18:25:16.438412 IO-0/EL  buffer_pool.h:25] BufferPool[IO-0_Write]: Allocate new buffer, current buffer count is 146
I1102 18:25:16.438425 IO-0/EL  buffer_pool.h:25] BufferPool[IO-0_Write]: Allocate new buffer, current buffer count is 147
I1102 18:25:16.438435 IO-0/EL  buffer_pool.h:25] BufferPool[IO-0_Write]: Allocate new buffer, current buffer count is 148
I1102 18:25:16.438444 IO-0/EL  buffer_pool.h:25] BufferPool[IO-0_Write]: Allocate new buffer, current buffer count is 149
I1102 18:25:16.438453 IO-0/EL  buffer_pool.h:25] BufferPool[IO-0_Write]: Allocate new buffer, current buffer count is 150
I1102 18:25:16.438462 IO-0/EL  buffer_pool.h:25] BufferPool[IO-0_Write]: Allocate new buffer, current buffer count is 151
I1102 18:25:16.438472 IO-0/EL  buffer_pool.h:25] BufferPool[IO-0_Write]: Allocate new buffer, current buffer count is 152
I1102 18:25:16.438481 IO-0/EL  buffer_pool.h:25] BufferPool[IO-0_Write]: Allocate new buffer, current buffer count is 153
I1102 18:25:16.438492 IO-0/EL  buffer_pool.h:25] BufferPool[IO-0_Write]: Allocate new buffer, current buffer count is 154
I1102 18:25:16.438501 IO-0/EL  buffer_pool.h:25] BufferPool[IO-0_Write]: Allocate new buffer, current buffer count is 155
I1102 18:25:16.438510 IO-0/EL  buffer_pool.h:25] BufferPool[IO-0_Write]: Allocate new buffer, current buffer count is 156
I1102 18:25:16.438519 IO-0/EL  buffer_pool.h:25] BufferPool[IO-0_Write]: Allocate new buffer, current buffer count is 157
I1102 18:25:16.438529 IO-0/EL  buffer_pool.h:25] BufferPool[IO-0_Write]: Allocate new buffer, current buffer count is 158
I1102 18:25:16.438538 IO-0/EL  buffer_pool.h:25] BufferPool[IO-0_Write]: Allocate new buffer, current buffer count is 159
I1102 18:25:16.438547 IO-0/EL  buffer_pool.h:25] BufferPool[IO-0_Write]: Allocate new buffer, current buffer count is 160
I1102 18:25:16.438556 IO-0/EL  buffer_pool.h:25] BufferPool[IO-0_Write]: Allocate new buffer, current buffer count is 161
I1102 18:25:16.438567 IO-0/EL  buffer_pool.h:25] BufferPool[IO-0_Write]: Allocate new buffer, current buffer count is 162
I1102 18:25:16.438577 IO-0/EL  buffer_pool.h:25] BufferPool[IO-0_Write]: Allocate new buffer, current buffer count is 163
I1102 18:25:16.438587 IO-0/EL  buffer_pool.h:25] BufferPool[IO-0_Write]: Allocate new buffer, current buffer count is 164
I1102 18:25:16.438600 IO-0/EL  buffer_pool.h:25] BufferPool[IO-0_Write]: Allocate new buffer, current buffer count is 165
I1102 18:25:16.438609 IO-0/EL  buffer_pool.h:25] BufferPool[IO-0_Write]: Allocate new buffer, current buffer count is 166
I1102 18:25:16.438618 IO-0/EL  buffer_pool.h:25] BufferPool[IO-0_Write]: Allocate new buffer, current buffer count is 167
I1102 18:25:16.438627 IO-0/EL  buffer_pool.h:25] BufferPool[IO-0_Write]: Allocate new buffer, current buffer count is 168
I1102 18:25:16.438636 IO-0/EL  buffer_pool.h:25] BufferPool[IO-0_Write]: Allocate new buffer, current buffer count is 169
I1102 18:25:16.438650 IO-0/EL  buffer_pool.h:25] BufferPool[IO-0_Write]: Allocate new buffer, current buffer count is 170
I1102 18:25:16.438659 IO-0/EL  buffer_pool.h:25] BufferPool[IO-0_Write]: Allocate new buffer, current buffer count is 171
I1102 18:25:16.438670 IO-0/EL  buffer_pool.h:25] BufferPool[IO-0_Write]: Allocate new buffer, current buffer count is 172
I1102 18:25:16.438680 IO-0/EL  buffer_pool.h:25] BufferPool[IO-0_Write]: Allocate new buffer, current buffer count is 173
I1102 18:25:16.438690 IO-0/EL  buffer_pool.h:25] BufferPool[IO-0_Write]: Allocate new buffer, current buffer count is 174
I1102 18:25:16.438699 IO-0/EL  buffer_pool.h:25] BufferPool[IO-0_Write]: Allocate new buffer, current buffer count is 175
I1102 18:25:16.438707 IO-0/EL  buffer_pool.h:25] BufferPool[IO-0_Write]: Allocate new buffer, current buffer count is 176
I1102 18:25:16.438721 IO-0/EL  buffer_pool.h:25] BufferPool[IO-0_Write]: Allocate new buffer, current buffer count is 177
I1102 18:25:16.438732 IO-0/EL  buffer_pool.h:25] BufferPool[IO-0_Write]: Allocate new buffer, current buffer count is 178
I1102 18:25:16.438741 IO-0/EL  buffer_pool.h:25] BufferPool[IO-0_Write]: Allocate new buffer, current buffer count is 179
I1102 18:25:16.438752 IO-0/EL  buffer_pool.h:25] BufferPool[IO-0_Write]: Allocate new buffer, current buffer count is 180
I1102 18:25:16.438763 IO-0/EL  buffer_pool.h:25] BufferPool[IO-0_Write]: Allocate new buffer, current buffer count is 181
I1102 18:25:16.438774 IO-0/EL  buffer_pool.h:25] BufferPool[IO-0_Write]: Allocate new buffer, current buffer count is 182
I1102 18:25:16.438785 IO-0/EL  buffer_pool.h:25] BufferPool[IO-0_Write]: Allocate new buffer, current buffer count is 183
I1102 18:25:16.438795 IO-0/EL  buffer_pool.h:25] BufferPool[IO-0_Write]: Allocate new buffer, current buffer count is 184
I1102 18:25:16.438804 IO-0/EL  buffer_pool.h:25] BufferPool[IO-0_Write]: Allocate new buffer, current buffer count is 185
I1102 18:25:16.438813 IO-0/EL  buffer_pool.h:25] BufferPool[IO-0_Write]: Allocate new buffer, current buffer count is 186
I1102 18:25:16.438822 IO-0/EL  buffer_pool.h:25] BufferPool[IO-0_Write]: Allocate new buffer, current buffer count is 187
I1102 18:25:16.438832 IO-0/EL  buffer_pool.h:25] BufferPool[IO-0_Write]: Allocate new buffer, current buffer count is 188
I1102 18:25:16.438842 IO-0/EL  buffer_pool.h:25] BufferPool[IO-0_Write]: Allocate new buffer, current buffer count is 189
I1102 18:25:16.438851 IO-0/EL  buffer_pool.h:25] BufferPool[IO-0_Write]: Allocate new buffer, current buffer count is 190
I1102 18:25:16.438861 IO-0/EL  buffer_pool.h:25] BufferPool[IO-0_Write]: Allocate new buffer, current buffer count is 191
I1102 18:25:16.438870 IO-0/EL  buffer_pool.h:25] BufferPool[IO-0_Write]: Allocate new buffer, current buffer count is 192
I1102 18:25:16.438880 IO-0/EL  buffer_pool.h:25] BufferPool[IO-0_Write]: Allocate new buffer, current buffer count is 193
I1102 18:25:16.438889 IO-0/EL  buffer_pool.h:25] BufferPool[IO-0_Write]: Allocate new buffer, current buffer count is 194
I1102 18:25:16.438899 IO-0/EL  buffer_pool.h:25] BufferPool[IO-0_Write]: Allocate new buffer, current buffer count is 195
I1102 18:25:16.438908 IO-0/EL  buffer_pool.h:25] BufferPool[IO-0_Write]: Allocate new buffer, current buffer count is 196
I1102 18:25:16.438917 IO-0/EL  buffer_pool.h:25] BufferPool[IO-0_Write]: Allocate new buffer, current buffer count is 197
I1102 18:25:16.438928 IO-0/EL  buffer_pool.h:25] BufferPool[IO-0_Write]: Allocate new buffer, current buffer count is 198
I1102 18:25:16.438938 IO-0/EL  buffer_pool.h:25] BufferPool[IO-0_Write]: Allocate new buffer, current buffer count is 199
I1102 18:25:16.438950 IO-0/EL  buffer_pool.h:25] BufferPool[IO-0_Write]: Allocate new buffer, current buffer count is 200
I1102 18:25:16.438960 IO-0/EL  buffer_pool.h:25] BufferPool[IO-0_Write]: Allocate new buffer, current buffer count is 201
I1102 18:25:16.438973 IO-0/EL  buffer_pool.h:25] BufferPool[IO-0_Write]: Allocate new buffer, current buffer count is 202
I1102 18:25:16.438982 IO-0/EL  buffer_pool.h:25] BufferPool[IO-0_Write]: Allocate new buffer, current buffer count is 203
I1102 18:25:20.642912 IO-0/EL  buffer_pool.h:25] BufferPool[IO-0_Write]: Allocate new buffer, current buffer count is 204
I1102 18:25:20.642943 IO-0/EL  buffer_pool.h:25] BufferPool[IO-0_Write]: Allocate new buffer, current buffer count is 205
I1102 18:25:20.642955 IO-0/EL  buffer_pool.h:25] BufferPool[IO-0_Write]: Allocate new buffer, current buffer count is 206
I1102 18:25:20.642967 IO-0/EL  buffer_pool.h:25] BufferPool[IO-0_Write]: Allocate new buffer, current buffer count is 207
I1102 18:25:20.642979 IO-0/EL  buffer_pool.h:25] BufferPool[IO-0_Write]: Allocate new buffer, current buffer count is 208
I1102 18:25:20.642990 IO-0/EL  buffer_pool.h:25] BufferPool[IO-0_Write]: Allocate new buffer, current buffer count is 209
I1102 18:25:20.643002 IO-0/EL  buffer_pool.h:25] BufferPool[IO-0_Write]: Allocate new buffer, current buffer count is 210
I1102 18:25:20.643015 IO-0/EL  buffer_pool.h:25] BufferPool[IO-0_Write]: Allocate new buffer, current buffer count is 211
I1102 18:25:20.643027 IO-0/EL  buffer_pool.h:25] BufferPool[IO-0_Write]: Allocate new buffer, current buffer count is 212
I1102 18:25:20.643044 IO-0/EL  buffer_pool.h:25] BufferPool[IO-0_Write]: Allocate new buffer, current buffer count is 213
I1102 18:25:20.643054 IO-0/EL  buffer_pool.h:25] BufferPool[IO-0_Write]: Allocate new buffer, current buffer count is 214
I1102 18:25:20.643065 IO-0/EL  buffer_pool.h:25] BufferPool[IO-0_Write]: Allocate new buffer, current buffer count is 215
I1102 18:25:20.643077 IO-0/EL  buffer_pool.h:25] BufferPool[IO-0_Write]: Allocate new buffer, current buffer count is 216
I1102 18:25:20.643087 IO-0/EL  buffer_pool.h:25] BufferPool[IO-0_Write]: Allocate new buffer, current buffer count is 217
I1102 18:25:20.643098 IO-0/EL  buffer_pool.h:25] BufferPool[IO-0_Write]: Allocate new buffer, current buffer count is 218
I1102 18:25:20.643109 IO-0/EL  buffer_pool.h:25] BufferPool[IO-0_Write]: Allocate new buffer, current buffer count is 219
I1102 18:25:20.643120 IO-0/EL  buffer_pool.h:25] BufferPool[IO-0_Write]: Allocate new buffer, current buffer count is 220
I1102 18:25:20.643131 IO-0/EL  buffer_pool.h:25] BufferPool[IO-0_Write]: Allocate new buffer, current buffer count is 221
I1102 18:25:20.643142 IO-0/EL  buffer_pool.h:25] BufferPool[IO-0_Write]: Allocate new buffer, current buffer count is 222
I1102 18:25:20.643153 IO-0/EL  buffer_pool.h:25] BufferPool[IO-0_Write]: Allocate new buffer, current buffer count is 223
I1102 18:25:20.643165 IO-0/EL  buffer_pool.h:25] BufferPool[IO-0_Write]: Allocate new buffer, current buffer count is 224
I1102 18:25:20.643176 IO-0/EL  buffer_pool.h:25] BufferPool[IO-0_Write]: Allocate new buffer, current buffer count is 225
I1102 18:25:20.643187 IO-0/EL  buffer_pool.h:25] BufferPool[IO-0_Write]: Allocate new buffer, current buffer count is 226
I1102 18:25:20.643201 IO-0/EL  buffer_pool.h:25] BufferPool[IO-0_Write]: Allocate new buffer, current buffer count is 227
I1102 18:25:20.643213 IO-0/EL  buffer_pool.h:25] BufferPool[IO-0_Write]: Allocate new buffer, current buffer count is 228
I1102 18:25:20.643225 IO-0/EL  buffer_pool.h:25] BufferPool[IO-0_Write]: Allocate new buffer, current buffer count is 229
I1102 18:25:20.643237 IO-0/EL  buffer_pool.h:25] BufferPool[IO-0_Write]: Allocate new buffer, current buffer count is 230
I1102 18:25:20.643252 IO-0/EL  buffer_pool.h:25] BufferPool[IO-0_Write]: Allocate new buffer, current buffer count is 231
I1102 18:25:20.643262 IO-0/EL  buffer_pool.h:25] BufferPool[IO-0_Write]: Allocate new buffer, current buffer count is 232
I1102 18:25:20.643273 IO-0/EL  buffer_pool.h:25] BufferPool[IO-0_Write]: Allocate new buffer, current buffer count is 233
I1102 18:25:20.643284 IO-0/EL  buffer_pool.h:25] BufferPool[IO-0_Write]: Allocate new buffer, current buffer count is 234
I1102 18:25:20.643294 IO-0/EL  buffer_pool.h:25] BufferPool[IO-0_Write]: Allocate new buffer, current buffer count is 235
I1102 18:25:20.643305 IO-0/EL  buffer_pool.h:25] BufferPool[IO-0_Write]: Allocate new buffer, current buffer count is 236
I1102 18:25:20.643317 IO-0/EL  buffer_pool.h:25] BufferPool[IO-0_Write]: Allocate new buffer, current buffer count is 237
I1102 18:25:20.643342 IO-0/EL  buffer_pool.h:25] BufferPool[IO-0_Write]: Allocate new buffer, current buffer count is 238
I1102 18:25:20.643378 IO-0/EL  buffer_pool.h:25] BufferPool[IO-0_Write]: Allocate new buffer, current buffer count is 239
I1102 18:25:20.643390 IO-0/EL  buffer_pool.h:25] BufferPool[IO-0_Write]: Allocate new buffer, current buffer count is 240
I1102 18:25:20.643400 IO-0/EL  buffer_pool.h:25] BufferPool[IO-0_Write]: Allocate new buffer, current buffer count is 241
I1102 18:25:20.643411 IO-0/EL  buffer_pool.h:25] BufferPool[IO-0_Write]: Allocate new buffer, current buffer count is 242
I1102 18:25:20.643422 IO-0/EL  buffer_pool.h:25] BufferPool[IO-0_Write]: Allocate new buffer, current buffer count is 243
I1102 18:25:20.643433 IO-0/EL  buffer_pool.h:25] BufferPool[IO-0_Write]: Allocate new buffer, current buffer count is 244
I1102 18:25:20.643444 IO-0/EL  buffer_pool.h:25] BufferPool[IO-0_Write]: Allocate new buffer, current buffer count is 245
I1102 18:25:20.643455 IO-0/EL  buffer_pool.h:25] BufferPool[IO-0_Write]: Allocate new buffer, current buffer count is 246
I1102 18:25:20.643466 IO-0/EL  buffer_pool.h:25] BufferPool[IO-0_Write]: Allocate new buffer, current buffer count is 247
I1102 18:25:20.643476 IO-0/EL  buffer_pool.h:25] BufferPool[IO-0_Write]: Allocate new buffer, current buffer count is 248
I1102 18:25:20.643487 IO-0/EL  buffer_pool.h:25] BufferPool[IO-0_Write]: Allocate new buffer, current buffer count is 249
I1102 18:25:20.643498 IO-0/EL  buffer_pool.h:25] BufferPool[IO-0_Write]: Allocate new buffer, current buffer count is 250
I1102 18:25:20.643509 IO-0/EL  buffer_pool.h:25] BufferPool[IO-0_Write]: Allocate new buffer, current buffer count is 251
I1102 18:25:20.643521 IO-0/EL  buffer_pool.h:25] BufferPool[IO-0_Write]: Allocate new buffer, current buffer count is 252
I1102 18:25:20.643532 IO-0/EL  buffer_pool.h:25] BufferPool[IO-0_Write]: Allocate new buffer, current buffer count is 253
I1102 18:25:20.643543 IO-0/EL  buffer_pool.h:25] BufferPool[IO-0_Write]: Allocate new buffer, current buffer count is 254
I1102 18:25:21.507473 Main     server_base.cpp:35] Server: Scheduled to stop
I1102 18:25:21.507514 IO-0/EL  message_connection.cpp:284] LauncherConnection[1]: Connection closed remotely
I1102 18:25:21.507649 Server/E server_base.cpp:109] Server: Start stopping process
I1102 18:25:21.507747 IO-0/EL  io_worker.cpp:206] IO-0: Start stopping process
I1102 18:25:21.507822 Server/E server_base.cpp:55] Server: Event loop finishes
