I1102 18:30:00.515520 Main     thread.cpp:100] Register main thread: tid=1382035
E1102 18:30:00.517641 Main     docker.cpp:59] Cannot find docker's cgroup in /proc/self/cgroup
I1102 18:30:00.517704 Main     func_config.cpp:135] Load configuration for function Noop[1]
I1102 18:30:00.517724 Main     engine.cpp:109] Engine: Start 1 IO workers
I1102 18:30:00.520985 IO-0/EL  thread.cpp:40] Start thread: IO-0/EL
I1102 18:30:00.521049 IO-0/EL  io_worker.cpp:192] IO-0: Event loop starts
Checking for file descriptor...
Got a file descriptor!
I1102 18:30:02.358305 Main     engine.cpp:180] Engine: Created 1 Machnet connections to Gateway at 10.10.1.2:10007
I1102 18:30:02.358355 Main     engine.cpp:208] Engine: Listen on /dev/shm/faas_ipc/engine.sock for IPC connections
I1102 18:30:02.358536 Server/E thread.cpp:40] Start thread: Server/EL
I1102 18:30:02.358675 Server/E server_base.cpp:50] Server: Event loop starts
I1102 18:30:02.518230 Server/E engine.cpp:674] Engine: New message connection
I1102 18:30:02.521417 IO-0/EL  buffer_pool.h:25] BufferPool[IO-0_Read]: Allocate new buffer, current buffer count is 1
I1102 18:30:02.521450 IO-0/EL  engine.cpp:277] Engine: Receive new handshake message from message connection
I1102 18:30:02.521455 IO-0/EL  worker_manager.cpp:23] WorkerManager: Launcher of func_id 1 connected
I1102 18:30:02.521460 IO-0/EL  worker_manager.cpp:131] WorkerManager: Request new FuncWorker for func_id 1 with client_id 1
I1102 18:30:02.521479 IO-0/EL  worker_manager.cpp:131] WorkerManager: Request new FuncWorker for func_id 1 with client_id 2
I1102 18:30:02.521492 IO-0/EL  worker_manager.cpp:131] WorkerManager: Request new FuncWorker for func_id 1 with client_id 3
I1102 18:30:02.521502 IO-0/EL  worker_manager.cpp:131] WorkerManager: Request new FuncWorker for func_id 1 with client_id 4
I1102 18:30:02.521511 IO-0/EL  worker_manager.cpp:131] WorkerManager: Request new FuncWorker for func_id 1 with client_id 5
I1102 18:30:02.521521 IO-0/EL  worker_manager.cpp:131] WorkerManager: Request new FuncWorker for func_id 1 with client_id 6
I1102 18:30:02.521531 IO-0/EL  worker_manager.cpp:131] WorkerManager: Request new FuncWorker for func_id 1 with client_id 7
I1102 18:30:02.521542 IO-0/EL  worker_manager.cpp:131] WorkerManager: Request new FuncWorker for func_id 1 with client_id 8
I1102 18:30:02.521554 IO-0/EL  worker_manager.cpp:131] WorkerManager: Request new FuncWorker for func_id 1 with client_id 9
I1102 18:30:02.521563 IO-0/EL  worker_manager.cpp:131] WorkerManager: Request new FuncWorker for func_id 1 with client_id 10
I1102 18:30:02.521575 IO-0/EL  worker_manager.cpp:131] WorkerManager: Request new FuncWorker for func_id 1 with client_id 11
I1102 18:30:02.521584 IO-0/EL  worker_manager.cpp:131] WorkerManager: Request new FuncWorker for func_id 1 with client_id 12
I1102 18:30:02.521596 IO-0/EL  worker_manager.cpp:131] WorkerManager: Request new FuncWorker for func_id 1 with client_id 13
I1102 18:30:02.521606 IO-0/EL  worker_manager.cpp:131] WorkerManager: Request new FuncWorker for func_id 1 with client_id 14
I1102 18:30:02.521615 IO-0/EL  worker_manager.cpp:131] WorkerManager: Request new FuncWorker for func_id 1 with client_id 15
I1102 18:30:02.521627 IO-0/EL  worker_manager.cpp:131] WorkerManager: Request new FuncWorker for func_id 1 with client_id 16
I1102 18:30:02.521636 IO-0/EL  worker_manager.cpp:131] WorkerManager: Request new FuncWorker for func_id 1 with client_id 17
I1102 18:30:02.521658 IO-0/EL  worker_manager.cpp:131] WorkerManager: Request new FuncWorker for func_id 1 with client_id 18
I1102 18:30:02.521668 IO-0/EL  worker_manager.cpp:131] WorkerManager: Request new FuncWorker for func_id 1 with client_id 19
I1102 18:30:02.521679 IO-0/EL  worker_manager.cpp:131] WorkerManager: Request new FuncWorker for func_id 1 with client_id 20
I1102 18:30:02.521689 IO-0/EL  worker_manager.cpp:131] WorkerManager: Request new FuncWorker for func_id 1 with client_id 21
I1102 18:30:02.521700 IO-0/EL  worker_manager.cpp:131] WorkerManager: Request new FuncWorker for func_id 1 with client_id 22
I1102 18:30:02.521713 IO-0/EL  worker_manager.cpp:131] WorkerManager: Request new FuncWorker for func_id 1 with client_id 23
I1102 18:30:02.521738 IO-0/EL  worker_manager.cpp:131] WorkerManager: Request new FuncWorker for func_id 1 with client_id 24
I1102 18:30:02.521749 IO-0/EL  worker_manager.cpp:131] WorkerManager: Request new FuncWorker for func_id 1 with client_id 25
I1102 18:30:02.521758 IO-0/EL  worker_manager.cpp:131] WorkerManager: Request new FuncWorker for func_id 1 with client_id 26
I1102 18:30:02.521768 IO-0/EL  worker_manager.cpp:131] WorkerManager: Request new FuncWorker for func_id 1 with client_id 27
I1102 18:30:02.521780 IO-0/EL  worker_manager.cpp:131] WorkerManager: Request new FuncWorker for func_id 1 with client_id 28
I1102 18:30:02.521790 IO-0/EL  worker_manager.cpp:131] WorkerManager: Request new FuncWorker for func_id 1 with client_id 29
I1102 18:30:02.521799 IO-0/EL  worker_manager.cpp:131] WorkerManager: Request new FuncWorker for func_id 1 with client_id 30
I1102 18:30:02.521810 IO-0/EL  worker_manager.cpp:131] WorkerManager: Request new FuncWorker for func_id 1 with client_id 31
I1102 18:30:02.521820 IO-0/EL  worker_manager.cpp:131] WorkerManager: Request new FuncWorker for func_id 1 with client_id 32
I1102 18:30:02.521829 IO-0/EL  worker_manager.cpp:131] WorkerManager: Request new FuncWorker for func_id 1 with client_id 33
I1102 18:30:02.521863 IO-0/EL  worker_manager.cpp:131] WorkerManager: Request new FuncWorker for func_id 1 with client_id 34
I1102 18:30:02.521873 IO-0/EL  worker_manager.cpp:131] WorkerManager: Request new FuncWorker for func_id 1 with client_id 35
I1102 18:30:02.521886 IO-0/EL  worker_manager.cpp:131] WorkerManager: Request new FuncWorker for func_id 1 with client_id 36
I1102 18:30:02.521895 IO-0/EL  worker_manager.cpp:131] WorkerManager: Request new FuncWorker for func_id 1 with client_id 37
I1102 18:30:02.521905 IO-0/EL  worker_manager.cpp:131] WorkerManager: Request new FuncWorker for func_id 1 with client_id 38
I1102 18:30:02.521916 IO-0/EL  worker_manager.cpp:131] WorkerManager: Request new FuncWorker for func_id 1 with client_id 39
I1102 18:30:02.521928 IO-0/EL  worker_manager.cpp:131] WorkerManager: Request new FuncWorker for func_id 1 with client_id 40
I1102 18:30:02.521937 IO-0/EL  worker_manager.cpp:131] WorkerManager: Request new FuncWorker for func_id 1 with client_id 41
I1102 18:30:02.521946 IO-0/EL  worker_manager.cpp:131] WorkerManager: Request new FuncWorker for func_id 1 with client_id 42
I1102 18:30:02.521957 IO-0/EL  worker_manager.cpp:131] WorkerManager: Request new FuncWorker for func_id 1 with client_id 43
I1102 18:30:02.521969 IO-0/EL  worker_manager.cpp:131] WorkerManager: Request new FuncWorker for func_id 1 with client_id 44
I1102 18:30:02.521978 IO-0/EL  worker_manager.cpp:131] WorkerManager: Request new FuncWorker for func_id 1 with client_id 45
I1102 18:30:02.521988 IO-0/EL  worker_manager.cpp:131] WorkerManager: Request new FuncWorker for func_id 1 with client_id 46
I1102 18:30:02.521998 IO-0/EL  worker_manager.cpp:131] WorkerManager: Request new FuncWorker for func_id 1 with client_id 47
I1102 18:30:02.522009 IO-0/EL  worker_manager.cpp:131] WorkerManager: Request new FuncWorker for func_id 1 with client_id 48
I1102 18:30:02.522019 IO-0/EL  worker_manager.cpp:131] WorkerManager: Request new FuncWorker for func_id 1 with client_id 49
I1102 18:30:02.522028 IO-0/EL  worker_manager.cpp:131] WorkerManager: Request new FuncWorker for func_id 1 with client_id 50
I1102 18:30:02.522040 IO-0/EL  worker_manager.cpp:131] WorkerManager: Request new FuncWorker for func_id 1 with client_id 51
I1102 18:30:02.522051 IO-0/EL  worker_manager.cpp:131] WorkerManager: Request new FuncWorker for func_id 1 with client_id 52
I1102 18:30:02.522060 IO-0/EL  worker_manager.cpp:131] WorkerManager: Request new FuncWorker for func_id 1 with client_id 53
I1102 18:30:02.522070 IO-0/EL  worker_manager.cpp:131] WorkerManager: Request new FuncWorker for func_id 1 with client_id 54
I1102 18:30:02.522080 IO-0/EL  worker_manager.cpp:131] WorkerManager: Request new FuncWorker for func_id 1 with client_id 55
I1102 18:30:02.522090 IO-0/EL  worker_manager.cpp:131] WorkerManager: Request new FuncWorker for func_id 1 with client_id 56
I1102 18:30:02.522106 IO-0/EL  worker_manager.cpp:131] WorkerManager: Request new FuncWorker for func_id 1 with client_id 57
I1102 18:30:02.522117 IO-0/EL  worker_manager.cpp:131] WorkerManager: Request new FuncWorker for func_id 1 with client_id 58
I1102 18:30:02.522127 IO-0/EL  worker_manager.cpp:131] WorkerManager: Request new FuncWorker for func_id 1 with client_id 59
I1102 18:30:02.522138 IO-0/EL  worker_manager.cpp:131] WorkerManager: Request new FuncWorker for func_id 1 with client_id 60
I1102 18:30:02.522149 IO-0/EL  worker_manager.cpp:131] WorkerManager: Request new FuncWorker for func_id 1 with client_id 61
I1102 18:30:02.522159 IO-0/EL  worker_manager.cpp:131] WorkerManager: Request new FuncWorker for func_id 1 with client_id 62
I1102 18:30:02.522169 IO-0/EL  worker_manager.cpp:131] WorkerManager: Request new FuncWorker for func_id 1 with client_id 63
I1102 18:30:02.522178 IO-0/EL  worker_manager.cpp:131] WorkerManager: Request new FuncWorker for func_id 1 with client_id 64
I1102 18:30:02.522188 IO-0/EL  worker_manager.cpp:131] WorkerManager: Request new FuncWorker for func_id 1 with client_id 65
I1102 18:30:02.522239 IO-0/EL  worker_manager.cpp:131] WorkerManager: Request new FuncWorker for func_id 1 with client_id 66
I1102 18:30:02.522250 IO-0/EL  worker_manager.cpp:131] WorkerManager: Request new FuncWorker for func_id 1 with client_id 67
I1102 18:30:02.522259 IO-0/EL  worker_manager.cpp:131] WorkerManager: Request new FuncWorker for func_id 1 with client_id 68
I1102 18:30:02.522273 IO-0/EL  worker_manager.cpp:131] WorkerManager: Request new FuncWorker for func_id 1 with client_id 69
I1102 18:30:02.522282 IO-0/EL  worker_manager.cpp:131] WorkerManager: Request new FuncWorker for func_id 1 with client_id 70
I1102 18:30:02.522291 IO-0/EL  worker_manager.cpp:131] WorkerManager: Request new FuncWorker for func_id 1 with client_id 71
I1102 18:30:02.522301 IO-0/EL  worker_manager.cpp:131] WorkerManager: Request new FuncWorker for func_id 1 with client_id 72
I1102 18:30:02.522314 IO-0/EL  worker_manager.cpp:131] WorkerManager: Request new FuncWorker for func_id 1 with client_id 73
I1102 18:30:02.522323 IO-0/EL  worker_manager.cpp:131] WorkerManager: Request new FuncWorker for func_id 1 with client_id 74
I1102 18:30:02.522333 IO-0/EL  worker_manager.cpp:131] WorkerManager: Request new FuncWorker for func_id 1 with client_id 75
I1102 18:30:02.522344 IO-0/EL  worker_manager.cpp:131] WorkerManager: Request new FuncWorker for func_id 1 with client_id 76
I1102 18:30:02.522356 IO-0/EL  worker_manager.cpp:131] WorkerManager: Request new FuncWorker for func_id 1 with client_id 77
I1102 18:30:02.522365 IO-0/EL  worker_manager.cpp:131] WorkerManager: Request new FuncWorker for func_id 1 with client_id 78
I1102 18:30:02.522374 IO-0/EL  worker_manager.cpp:131] WorkerManager: Request new FuncWorker for func_id 1 with client_id 79
I1102 18:30:02.522383 IO-0/EL  worker_manager.cpp:131] WorkerManager: Request new FuncWorker for func_id 1 with client_id 80
I1102 18:30:02.522399 IO-0/EL  worker_manager.cpp:131] WorkerManager: Request new FuncWorker for func_id 1 with client_id 81
I1102 18:30:02.522409 IO-0/EL  worker_manager.cpp:131] WorkerManager: Request new FuncWorker for func_id 1 with client_id 82
I1102 18:30:02.522418 IO-0/EL  worker_manager.cpp:131] WorkerManager: Request new FuncWorker for func_id 1 with client_id 83
I1102 18:30:02.522430 IO-0/EL  worker_manager.cpp:131] WorkerManager: Request new FuncWorker for func_id 1 with client_id 84
I1102 18:30:02.522441 IO-0/EL  worker_manager.cpp:131] WorkerManager: Request new FuncWorker for func_id 1 with client_id 85
I1102 18:30:02.522450 IO-0/EL  worker_manager.cpp:131] WorkerManager: Request new FuncWorker for func_id 1 with client_id 86
I1102 18:30:02.522461 IO-0/EL  worker_manager.cpp:131] WorkerManager: Request new FuncWorker for func_id 1 with client_id 87
I1102 18:30:02.522471 IO-0/EL  worker_manager.cpp:131] WorkerManager: Request new FuncWorker for func_id 1 with client_id 88
I1102 18:30:02.522488 IO-0/EL  worker_manager.cpp:131] WorkerManager: Request new FuncWorker for func_id 1 with client_id 89
I1102 18:30:02.522498 IO-0/EL  worker_manager.cpp:131] WorkerManager: Request new FuncWorker for func_id 1 with client_id 90
I1102 18:30:02.522510 IO-0/EL  worker_manager.cpp:131] WorkerManager: Request new FuncWorker for func_id 1 with client_id 91
I1102 18:30:02.522520 IO-0/EL  worker_manager.cpp:131] WorkerManager: Request new FuncWorker for func_id 1 with client_id 92
I1102 18:30:02.522531 IO-0/EL  worker_manager.cpp:131] WorkerManager: Request new FuncWorker for func_id 1 with client_id 93
I1102 18:30:02.522541 IO-0/EL  worker_manager.cpp:131] WorkerManager: Request new FuncWorker for func_id 1 with client_id 94
I1102 18:30:02.522550 IO-0/EL  worker_manager.cpp:131] WorkerManager: Request new FuncWorker for func_id 1 with client_id 95
I1102 18:30:02.522561 IO-0/EL  worker_manager.cpp:131] WorkerManager: Request new FuncWorker for func_id 1 with client_id 96
I1102 18:30:02.522573 IO-0/EL  worker_manager.cpp:131] WorkerManager: Request new FuncWorker for func_id 1 with client_id 97
I1102 18:30:02.522583 IO-0/EL  worker_manager.cpp:131] WorkerManager: Request new FuncWorker for func_id 1 with client_id 98
I1102 18:30:02.522594 IO-0/EL  worker_manager.cpp:131] WorkerManager: Request new FuncWorker for func_id 1 with client_id 99
I1102 18:30:02.522604 IO-0/EL  worker_manager.cpp:131] WorkerManager: Request new FuncWorker for func_id 1 with client_id 100
I1102 18:30:02.522616 IO-0/EL  worker_manager.cpp:131] WorkerManager: Request new FuncWorker for func_id 1 with client_id 101
I1102 18:30:02.522625 IO-0/EL  worker_manager.cpp:131] WorkerManager: Request new FuncWorker for func_id 1 with client_id 102
I1102 18:30:02.522636 IO-0/EL  worker_manager.cpp:131] WorkerManager: Request new FuncWorker for func_id 1 with client_id 103
I1102 18:30:02.522646 IO-0/EL  worker_manager.cpp:131] WorkerManager: Request new FuncWorker for func_id 1 with client_id 104
I1102 18:30:02.522657 IO-0/EL  worker_manager.cpp:131] WorkerManager: Request new FuncWorker for func_id 1 with client_id 105
I1102 18:30:02.522668 IO-0/EL  worker_manager.cpp:131] WorkerManager: Request new FuncWorker for func_id 1 with client_id 106
I1102 18:30:02.522678 IO-0/EL  worker_manager.cpp:131] WorkerManager: Request new FuncWorker for func_id 1 with client_id 107
I1102 18:30:02.522687 IO-0/EL  worker_manager.cpp:131] WorkerManager: Request new FuncWorker for func_id 1 with client_id 108
I1102 18:30:02.522698 IO-0/EL  worker_manager.cpp:131] WorkerManager: Request new FuncWorker for func_id 1 with client_id 109
I1102 18:30:02.522708 IO-0/EL  worker_manager.cpp:131] WorkerManager: Request new FuncWorker for func_id 1 with client_id 110
I1102 18:30:02.522724 IO-0/EL  worker_manager.cpp:131] WorkerManager: Request new FuncWorker for func_id 1 with client_id 111
I1102 18:30:02.522734 IO-0/EL  worker_manager.cpp:131] WorkerManager: Request new FuncWorker for func_id 1 with client_id 112
I1102 18:30:02.522745 IO-0/EL  worker_manager.cpp:131] WorkerManager: Request new FuncWorker for func_id 1 with client_id 113
I1102 18:30:02.522756 IO-0/EL  worker_manager.cpp:131] WorkerManager: Request new FuncWorker for func_id 1 with client_id 114
I1102 18:30:02.522766 IO-0/EL  worker_manager.cpp:131] WorkerManager: Request new FuncWorker for func_id 1 with client_id 115
I1102 18:30:02.522775 IO-0/EL  worker_manager.cpp:131] WorkerManager: Request new FuncWorker for func_id 1 with client_id 116
I1102 18:30:02.522786 IO-0/EL  worker_manager.cpp:131] WorkerManager: Request new FuncWorker for func_id 1 with client_id 117
I1102 18:30:02.522797 IO-0/EL  worker_manager.cpp:131] WorkerManager: Request new FuncWorker for func_id 1 with client_id 118
I1102 18:30:02.522808 IO-0/EL  worker_manager.cpp:131] WorkerManager: Request new FuncWorker for func_id 1 with client_id 119
I1102 18:30:02.522817 IO-0/EL  worker_manager.cpp:131] WorkerManager: Request new FuncWorker for func_id 1 with client_id 120
I1102 18:30:02.522831 IO-0/EL  worker_manager.cpp:131] WorkerManager: Request new FuncWorker for func_id 1 with client_id 121
I1102 18:30:02.522847 IO-0/EL  worker_manager.cpp:131] WorkerManager: Request new FuncWorker for func_id 1 with client_id 122
I1102 18:30:02.522857 IO-0/EL  worker_manager.cpp:131] WorkerManager: Request new FuncWorker for func_id 1 with client_id 123
I1102 18:30:02.522866 IO-0/EL  worker_manager.cpp:131] WorkerManager: Request new FuncWorker for func_id 1 with client_id 124
I1102 18:30:02.522878 IO-0/EL  worker_manager.cpp:131] WorkerManager: Request new FuncWorker for func_id 1 with client_id 125
I1102 18:30:02.522889 IO-0/EL  worker_manager.cpp:131] WorkerManager: Request new FuncWorker for func_id 1 with client_id 126
I1102 18:30:02.522898 IO-0/EL  worker_manager.cpp:131] WorkerManager: Request new FuncWorker for func_id 1 with client_id 127
I1102 18:30:02.522908 IO-0/EL  worker_manager.cpp:131] WorkerManager: Request new FuncWorker for func_id 1 with client_id 128
I1102 18:30:02.522922 IO-0/EL  worker_manager.cpp:131] WorkerManager: Request new FuncWorker for func_id 1 with client_id 129
I1102 18:30:02.523018 IO-0/EL  worker_manager.cpp:131] WorkerManager: Request new FuncWorker for func_id 1 with client_id 130
I1102 18:30:02.523030 IO-0/EL  worker_manager.cpp:131] WorkerManager: Request new FuncWorker for func_id 1 with client_id 131
I1102 18:30:02.523040 IO-0/EL  worker_manager.cpp:131] WorkerManager: Request new FuncWorker for func_id 1 with client_id 132
I1102 18:30:02.523053 IO-0/EL  worker_manager.cpp:131] WorkerManager: Request new FuncWorker for func_id 1 with client_id 133
I1102 18:30:02.523063 IO-0/EL  worker_manager.cpp:131] WorkerManager: Request new FuncWorker for func_id 1 with client_id 134
I1102 18:30:02.523073 IO-0/EL  worker_manager.cpp:131] WorkerManager: Request new FuncWorker for func_id 1 with client_id 135
I1102 18:30:02.523085 IO-0/EL  worker_manager.cpp:131] WorkerManager: Request new FuncWorker for func_id 1 with client_id 136
I1102 18:30:02.523096 IO-0/EL  worker_manager.cpp:131] WorkerManager: Request new FuncWorker for func_id 1 with client_id 137
I1102 18:30:02.523106 IO-0/EL  worker_manager.cpp:131] WorkerManager: Request new FuncWorker for func_id 1 with client_id 138
I1102 18:30:02.523115 IO-0/EL  worker_manager.cpp:131] WorkerManager: Request new FuncWorker for func_id 1 with client_id 139
I1102 18:30:02.523125 IO-0/EL  worker_manager.cpp:131] WorkerManager: Request new FuncWorker for func_id 1 with client_id 140
I1102 18:30:02.523137 IO-0/EL  worker_manager.cpp:131] WorkerManager: Request new FuncWorker for func_id 1 with client_id 141
I1102 18:30:02.523147 IO-0/EL  worker_manager.cpp:131] WorkerManager: Request new FuncWorker for func_id 1 with client_id 142
I1102 18:30:02.523156 IO-0/EL  worker_manager.cpp:131] WorkerManager: Request new FuncWorker for func_id 1 with client_id 143
I1102 18:30:02.523168 IO-0/EL  worker_manager.cpp:131] WorkerManager: Request new FuncWorker for func_id 1 with client_id 144
I1102 18:30:02.523180 IO-0/EL  worker_manager.cpp:131] WorkerManager: Request new FuncWorker for func_id 1 with client_id 145
I1102 18:30:02.523190 IO-0/EL  worker_manager.cpp:131] WorkerManager: Request new FuncWorker for func_id 1 with client_id 146
I1102 18:30:02.523200 IO-0/EL  worker_manager.cpp:131] WorkerManager: Request new FuncWorker for func_id 1 with client_id 147
I1102 18:30:02.523211 IO-0/EL  worker_manager.cpp:131] WorkerManager: Request new FuncWorker for func_id 1 with client_id 148
I1102 18:30:02.523223 IO-0/EL  worker_manager.cpp:131] WorkerManager: Request new FuncWorker for func_id 1 with client_id 149
I1102 18:30:02.523233 IO-0/EL  worker_manager.cpp:131] WorkerManager: Request new FuncWorker for func_id 1 with client_id 150
I1102 18:30:02.523245 IO-0/EL  worker_manager.cpp:131] WorkerManager: Request new FuncWorker for func_id 1 with client_id 151
I1102 18:30:02.523254 IO-0/EL  worker_manager.cpp:131] WorkerManager: Request new FuncWorker for func_id 1 with client_id 152
I1102 18:30:02.523265 IO-0/EL  worker_manager.cpp:131] WorkerManager: Request new FuncWorker for func_id 1 with client_id 153
I1102 18:30:02.523279 IO-0/EL  worker_manager.cpp:131] WorkerManager: Request new FuncWorker for func_id 1 with client_id 154
I1102 18:30:02.523289 IO-0/EL  worker_manager.cpp:131] WorkerManager: Request new FuncWorker for func_id 1 with client_id 155
I1102 18:30:02.523301 IO-0/EL  worker_manager.cpp:131] WorkerManager: Request new FuncWorker for func_id 1 with client_id 156
I1102 18:30:02.523312 IO-0/EL  worker_manager.cpp:131] WorkerManager: Request new FuncWorker for func_id 1 with client_id 157
I1102 18:30:02.523322 IO-0/EL  worker_manager.cpp:131] WorkerManager: Request new FuncWorker for func_id 1 with client_id 158
I1102 18:30:02.523334 IO-0/EL  worker_manager.cpp:131] WorkerManager: Request new FuncWorker for func_id 1 with client_id 159
I1102 18:30:02.523343 IO-0/EL  worker_manager.cpp:131] WorkerManager: Request new FuncWorker for func_id 1 with client_id 160
I1102 18:30:02.523354 IO-0/EL  worker_manager.cpp:131] WorkerManager: Request new FuncWorker for func_id 1 with client_id 161
I1102 18:30:02.523364 IO-0/EL  worker_manager.cpp:131] WorkerManager: Request new FuncWorker for func_id 1 with client_id 162
I1102 18:30:02.523376 IO-0/EL  worker_manager.cpp:131] WorkerManager: Request new FuncWorker for func_id 1 with client_id 163
I1102 18:30:02.523385 IO-0/EL  worker_manager.cpp:131] WorkerManager: Request new FuncWorker for func_id 1 with client_id 164
I1102 18:30:02.523396 IO-0/EL  worker_manager.cpp:131] WorkerManager: Request new FuncWorker for func_id 1 with client_id 165
I1102 18:30:02.523407 IO-0/EL  worker_manager.cpp:131] WorkerManager: Request new FuncWorker for func_id 1 with client_id 166
I1102 18:30:02.523417 IO-0/EL  worker_manager.cpp:131] WorkerManager: Request new FuncWorker for func_id 1 with client_id 167
I1102 18:30:02.523426 IO-0/EL  worker_manager.cpp:131] WorkerManager: Request new FuncWorker for func_id 1 with client_id 168
I1102 18:30:02.523437 IO-0/EL  worker_manager.cpp:131] WorkerManager: Request new FuncWorker for func_id 1 with client_id 169
I1102 18:30:02.523447 IO-0/EL  worker_manager.cpp:131] WorkerManager: Request new FuncWorker for func_id 1 with client_id 170
I1102 18:30:02.523459 IO-0/EL  worker_manager.cpp:131] WorkerManager: Request new FuncWorker for func_id 1 with client_id 171
I1102 18:30:02.523468 IO-0/EL  worker_manager.cpp:131] WorkerManager: Request new FuncWorker for func_id 1 with client_id 172
I1102 18:30:02.523479 IO-0/EL  worker_manager.cpp:131] WorkerManager: Request new FuncWorker for func_id 1 with client_id 173
I1102 18:30:02.523490 IO-0/EL  worker_manager.cpp:131] WorkerManager: Request new FuncWorker for func_id 1 with client_id 174
I1102 18:30:02.523500 IO-0/EL  worker_manager.cpp:131] WorkerManager: Request new FuncWorker for func_id 1 with client_id 175
I1102 18:30:02.523510 IO-0/EL  worker_manager.cpp:131] WorkerManager: Request new FuncWorker for func_id 1 with client_id 176
I1102 18:30:02.523521 IO-0/EL  worker_manager.cpp:131] WorkerManager: Request new FuncWorker for func_id 1 with client_id 177
I1102 18:30:02.523533 IO-0/EL  worker_manager.cpp:131] WorkerManager: Request new FuncWorker for func_id 1 with client_id 178
I1102 18:30:02.523543 IO-0/EL  worker_manager.cpp:131] WorkerManager: Request new FuncWorker for func_id 1 with client_id 179
I1102 18:30:02.523552 IO-0/EL  worker_manager.cpp:131] WorkerManager: Request new FuncWorker for func_id 1 with client_id 180
I1102 18:30:02.523565 IO-0/EL  worker_manager.cpp:131] WorkerManager: Request new FuncWorker for func_id 1 with client_id 181
I1102 18:30:02.523575 IO-0/EL  worker_manager.cpp:131] WorkerManager: Request new FuncWorker for func_id 1 with client_id 182
I1102 18:30:02.523585 IO-0/EL  worker_manager.cpp:131] WorkerManager: Request new FuncWorker for func_id 1 with client_id 183
I1102 18:30:02.523595 IO-0/EL  worker_manager.cpp:131] WorkerManager: Request new FuncWorker for func_id 1 with client_id 184
I1102 18:30:02.523607 IO-0/EL  worker_manager.cpp:131] WorkerManager: Request new FuncWorker for func_id 1 with client_id 185
I1102 18:30:02.523619 IO-0/EL  worker_manager.cpp:131] WorkerManager: Request new FuncWorker for func_id 1 with client_id 186
I1102 18:30:02.523632 IO-0/EL  worker_manager.cpp:131] WorkerManager: Request new FuncWorker for func_id 1 with client_id 187
I1102 18:30:02.523642 IO-0/EL  worker_manager.cpp:131] WorkerManager: Request new FuncWorker for func_id 1 with client_id 188
I1102 18:30:02.523656 IO-0/EL  worker_manager.cpp:131] WorkerManager: Request new FuncWorker for func_id 1 with client_id 189
I1102 18:30:02.523665 IO-0/EL  worker_manager.cpp:131] WorkerManager: Request new FuncWorker for func_id 1 with client_id 190
I1102 18:30:02.523674 IO-0/EL  worker_manager.cpp:131] WorkerManager: Request new FuncWorker for func_id 1 with client_id 191
I1102 18:30:02.523684 IO-0/EL  worker_manager.cpp:131] WorkerManager: Request new FuncWorker for func_id 1 with client_id 192
I1102 18:30:02.523697 IO-0/EL  worker_manager.cpp:131] WorkerManager: Request new FuncWorker for func_id 1 with client_id 193
I1102 18:30:02.523707 IO-0/EL  worker_manager.cpp:131] WorkerManager: Request new FuncWorker for func_id 1 with client_id 194
I1102 18:30:02.523722 IO-0/EL  worker_manager.cpp:131] WorkerManager: Request new FuncWorker for func_id 1 with client_id 195
I1102 18:30:02.523734 IO-0/EL  worker_manager.cpp:131] WorkerManager: Request new FuncWorker for func_id 1 with client_id 196
I1102 18:30:02.523745 IO-0/EL  worker_manager.cpp:131] WorkerManager: Request new FuncWorker for func_id 1 with client_id 197
I1102 18:30:02.523756 IO-0/EL  worker_manager.cpp:131] WorkerManager: Request new FuncWorker for func_id 1 with client_id 198
I1102 18:30:02.523765 IO-0/EL  worker_manager.cpp:131] WorkerManager: Request new FuncWorker for func_id 1 with client_id 199
I1102 18:30:02.523775 IO-0/EL  worker_manager.cpp:131] WorkerManager: Request new FuncWorker for func_id 1 with client_id 200
I1102 18:30:02.523788 IO-0/EL  worker_manager.cpp:131] WorkerManager: Request new FuncWorker for func_id 1 with client_id 201
I1102 18:30:02.523798 IO-0/EL  worker_manager.cpp:131] WorkerManager: Request new FuncWorker for func_id 1 with client_id 202
I1102 18:30:02.523807 IO-0/EL  worker_manager.cpp:131] WorkerManager: Request new FuncWorker for func_id 1 with client_id 203
I1102 18:30:02.523817 IO-0/EL  worker_manager.cpp:131] WorkerManager: Request new FuncWorker for func_id 1 with client_id 204
I1102 18:30:02.523829 IO-0/EL  worker_manager.cpp:131] WorkerManager: Request new FuncWorker for func_id 1 with client_id 205
I1102 18:30:02.523838 IO-0/EL  worker_manager.cpp:131] WorkerManager: Request new FuncWorker for func_id 1 with client_id 206
I1102 18:30:02.523848 IO-0/EL  worker_manager.cpp:131] WorkerManager: Request new FuncWorker for func_id 1 with client_id 207
I1102 18:30:02.523865 IO-0/EL  worker_manager.cpp:131] WorkerManager: Request new FuncWorker for func_id 1 with client_id 208
I1102 18:30:02.523876 IO-0/EL  worker_manager.cpp:131] WorkerManager: Request new FuncWorker for func_id 1 with client_id 209
I1102 18:30:02.523885 IO-0/EL  worker_manager.cpp:131] WorkerManager: Request new FuncWorker for func_id 1 with client_id 210
I1102 18:30:02.523897 IO-0/EL  worker_manager.cpp:131] WorkerManager: Request new FuncWorker for func_id 1 with client_id 211
I1102 18:30:02.523906 IO-0/EL  worker_manager.cpp:131] WorkerManager: Request new FuncWorker for func_id 1 with client_id 212
I1102 18:30:02.523917 IO-0/EL  worker_manager.cpp:131] WorkerManager: Request new FuncWorker for func_id 1 with client_id 213
I1102 18:30:02.523927 IO-0/EL  worker_manager.cpp:131] WorkerManager: Request new FuncWorker for func_id 1 with client_id 214
I1102 18:30:02.523936 IO-0/EL  worker_manager.cpp:131] WorkerManager: Request new FuncWorker for func_id 1 with client_id 215
I1102 18:30:02.523947 IO-0/EL  worker_manager.cpp:131] WorkerManager: Request new FuncWorker for func_id 1 with client_id 216
I1102 18:30:02.523958 IO-0/EL  worker_manager.cpp:131] WorkerManager: Request new FuncWorker for func_id 1 with client_id 217
I1102 18:30:02.523968 IO-0/EL  worker_manager.cpp:131] WorkerManager: Request new FuncWorker for func_id 1 with client_id 218
I1102 18:30:02.523983 IO-0/EL  worker_manager.cpp:131] WorkerManager: Request new FuncWorker for func_id 1 with client_id 219
I1102 18:30:02.523993 IO-0/EL  worker_manager.cpp:131] WorkerManager: Request new FuncWorker for func_id 1 with client_id 220
I1102 18:30:02.524004 IO-0/EL  worker_manager.cpp:131] WorkerManager: Request new FuncWorker for func_id 1 with client_id 221
I1102 18:30:02.524013 IO-0/EL  worker_manager.cpp:131] WorkerManager: Request new FuncWorker for func_id 1 with client_id 222
I1102 18:30:02.524024 IO-0/EL  worker_manager.cpp:131] WorkerManager: Request new FuncWorker for func_id 1 with client_id 223
I1102 18:30:02.524033 IO-0/EL  worker_manager.cpp:131] WorkerManager: Request new FuncWorker for func_id 1 with client_id 224
I1102 18:30:02.524044 IO-0/EL  worker_manager.cpp:131] WorkerManager: Request new FuncWorker for func_id 1 with client_id 225
I1102 18:30:02.524055 IO-0/EL  worker_manager.cpp:131] WorkerManager: Request new FuncWorker for func_id 1 with client_id 226
I1102 18:30:02.524064 IO-0/EL  worker_manager.cpp:131] WorkerManager: Request new FuncWorker for func_id 1 with client_id 227
I1102 18:30:02.524077 IO-0/EL  worker_manager.cpp:131] WorkerManager: Request new FuncWorker for func_id 1 with client_id 228
I1102 18:30:02.524088 IO-0/EL  worker_manager.cpp:131] WorkerManager: Request new FuncWorker for func_id 1 with client_id 229
I1102 18:30:02.524099 IO-0/EL  worker_manager.cpp:131] WorkerManager: Request new FuncWorker for func_id 1 with client_id 230
I1102 18:30:02.524109 IO-0/EL  worker_manager.cpp:131] WorkerManager: Request new FuncWorker for func_id 1 with client_id 231
I1102 18:30:02.524119 IO-0/EL  worker_manager.cpp:131] WorkerManager: Request new FuncWorker for func_id 1 with client_id 232
I1102 18:30:02.524130 IO-0/EL  worker_manager.cpp:131] WorkerManager: Request new FuncWorker for func_id 1 with client_id 233
I1102 18:30:02.524141 IO-0/EL  worker_manager.cpp:131] WorkerManager: Request new FuncWorker for func_id 1 with client_id 234
I1102 18:30:02.524150 IO-0/EL  worker_manager.cpp:131] WorkerManager: Request new FuncWorker for func_id 1 with client_id 235
I1102 18:30:02.524159 IO-0/EL  worker_manager.cpp:131] WorkerManager: Request new FuncWorker for func_id 1 with client_id 236
I1102 18:30:02.524172 IO-0/EL  worker_manager.cpp:131] WorkerManager: Request new FuncWorker for func_id 1 with client_id 237
I1102 18:30:02.524183 IO-0/EL  worker_manager.cpp:131] WorkerManager: Request new FuncWorker for func_id 1 with client_id 238
I1102 18:30:02.524192 IO-0/EL  worker_manager.cpp:131] WorkerManager: Request new FuncWorker for func_id 1 with client_id 239
I1102 18:30:02.524202 IO-0/EL  worker_manager.cpp:131] WorkerManager: Request new FuncWorker for func_id 1 with client_id 240
I1102 18:30:02.524214 IO-0/EL  worker_manager.cpp:131] WorkerManager: Request new FuncWorker for func_id 1 with client_id 241
I1102 18:30:02.524224 IO-0/EL  worker_manager.cpp:131] WorkerManager: Request new FuncWorker for func_id 1 with client_id 242
I1102 18:30:02.524233 IO-0/EL  worker_manager.cpp:131] WorkerManager: Request new FuncWorker for func_id 1 with client_id 243
I1102 18:30:02.524242 IO-0/EL  worker_manager.cpp:131] WorkerManager: Request new FuncWorker for func_id 1 with client_id 244
I1102 18:30:02.524253 IO-0/EL  worker_manager.cpp:131] WorkerManager: Request new FuncWorker for func_id 1 with client_id 245
I1102 18:30:02.524264 IO-0/EL  worker_manager.cpp:131] WorkerManager: Request new FuncWorker for func_id 1 with client_id 246
I1102 18:30:02.524274 IO-0/EL  worker_manager.cpp:131] WorkerManager: Request new FuncWorker for func_id 1 with client_id 247
I1102 18:30:02.524283 IO-0/EL  worker_manager.cpp:131] WorkerManager: Request new FuncWorker for func_id 1 with client_id 248
I1102 18:30:02.524301 IO-0/EL  worker_manager.cpp:131] WorkerManager: Request new FuncWorker for func_id 1 with client_id 249
I1102 18:30:02.524311 IO-0/EL  worker_manager.cpp:131] WorkerManager: Request new FuncWorker for func_id 1 with client_id 250
I1102 18:30:02.524320 IO-0/EL  worker_manager.cpp:131] WorkerManager: Request new FuncWorker for func_id 1 with client_id 251
I1102 18:30:02.524333 IO-0/EL  worker_manager.cpp:131] WorkerManager: Request new FuncWorker for func_id 1 with client_id 252
I1102 18:30:02.524347 IO-0/EL  worker_manager.cpp:131] WorkerManager: Request new FuncWorker for func_id 1 with client_id 253
I1102 18:30:02.524357 IO-0/EL  worker_manager.cpp:131] WorkerManager: Request new FuncWorker for func_id 1 with client_id 254
I1102 18:30:02.524366 IO-0/EL  worker_manager.cpp:131] WorkerManager: Request new FuncWorker for func_id 1 with client_id 255
I1102 18:30:02.524377 IO-0/EL  worker_manager.cpp:131] WorkerManager: Request new FuncWorker for func_id 1 with client_id 256
I1102 18:30:02.524551 IO-0/EL  buffer_pool.h:25] BufferPool[IO-0_Write]: Allocate new buffer, current buffer count is 1
I1102 18:30:02.524580 IO-0/EL  buffer_pool.h:25] BufferPool[IO-0_Write]: Allocate new buffer, current buffer count is 2
I1102 18:30:02.524614 IO-0/EL  buffer_pool.h:25] BufferPool[IO-0_Write]: Allocate new buffer, current buffer count is 3
I1102 18:30:02.524657 IO-0/EL  buffer_pool.h:25] BufferPool[IO-0_Write]: Allocate new buffer, current buffer count is 4
I1102 18:30:02.524695 IO-0/EL  message_connection.cpp:269] LauncherConnection[1]: Handshake done
I1102 18:30:02.527474 Server/E engine.cpp:674] Engine: New message connection
I1102 18:30:02.527511 IO-0/EL  engine.cpp:277] Engine: Receive new handshake message from message connection
I1102 18:30:02.527518 IO-0/EL  worker_manager.cpp:60] WorkerManager: FuncWorker of func_id 1, client_id 1 connected
I1102 18:30:02.527529 IO-0/EL  dispatcher.cpp:47] Dispatcher[1]: min_workers=256
I1102 18:30:02.527533 IO-0/EL  dispatcher.cpp:51] Dispatcher[1]: max_workers=256
I1102 18:30:02.527554 IO-0/EL  message_connection.cpp:269] FuncWorkerConnection[1-1]: Handshake done
I1102 18:30:02.529025 Server/E engine.cpp:674] Engine: New message connection
I1102 18:30:02.529051 IO-0/EL  engine.cpp:277] Engine: Receive new handshake message from message connection
I1102 18:30:02.529057 IO-0/EL  worker_manager.cpp:60] WorkerManager: FuncWorker of func_id 1, client_id 2 connected
I1102 18:30:02.529073 IO-0/EL  message_connection.cpp:269] FuncWorkerConnection[1-2]: Handshake done
I1102 18:30:02.529426 Server/E engine.cpp:674] Engine: New message connection
I1102 18:30:02.529447 IO-0/EL  engine.cpp:277] Engine: Receive new handshake message from message connection
I1102 18:30:02.529452 IO-0/EL  worker_manager.cpp:60] WorkerManager: FuncWorker of func_id 1, client_id 3 connected
I1102 18:30:02.529465 IO-0/EL  message_connection.cpp:269] FuncWorkerConnection[1-3]: Handshake done
I1102 18:30:02.530905 Server/E engine.cpp:674] Engine: New message connection
I1102 18:30:02.530931 IO-0/EL  engine.cpp:277] Engine: Receive new handshake message from message connection
I1102 18:30:02.530937 IO-0/EL  worker_manager.cpp:60] WorkerManager: FuncWorker of func_id 1, client_id 4 connected
I1102 18:30:02.530952 IO-0/EL  message_connection.cpp:269] FuncWorkerConnection[1-4]: Handshake done
I1102 18:30:02.532757 Server/E engine.cpp:674] Engine: New message connection
I1102 18:30:02.532778 IO-0/EL  engine.cpp:277] Engine: Receive new handshake message from message connection
I1102 18:30:02.532784 IO-0/EL  worker_manager.cpp:60] WorkerManager: FuncWorker of func_id 1, client_id 5 connected
I1102 18:30:02.532798 IO-0/EL  message_connection.cpp:269] FuncWorkerConnection[1-5]: Handshake done
I1102 18:30:02.533154 Server/E engine.cpp:674] Engine: New message connection
I1102 18:30:02.533187 IO-0/EL  engine.cpp:277] Engine: Receive new handshake message from message connection
I1102 18:30:02.533192 IO-0/EL  worker_manager.cpp:60] WorkerManager: FuncWorker of func_id 1, client_id 6 connected
I1102 18:30:02.533205 IO-0/EL  message_connection.cpp:269] FuncWorkerConnection[1-6]: Handshake done
I1102 18:30:02.533579 Server/E engine.cpp:674] Engine: New message connection
I1102 18:30:02.533601 IO-0/EL  engine.cpp:277] Engine: Receive new handshake message from message connection
I1102 18:30:02.533605 IO-0/EL  worker_manager.cpp:60] WorkerManager: FuncWorker of func_id 1, client_id 7 connected
I1102 18:30:02.533633 IO-0/EL  message_connection.cpp:269] FuncWorkerConnection[1-7]: Handshake done
I1102 18:30:02.536151 Server/E engine.cpp:674] Engine: New message connection
I1102 18:30:02.536194 IO-0/EL  engine.cpp:277] Engine: Receive new handshake message from message connection
I1102 18:30:02.536200 IO-0/EL  worker_manager.cpp:60] WorkerManager: FuncWorker of func_id 1, client_id 8 connected
I1102 18:30:02.536215 IO-0/EL  message_connection.cpp:269] FuncWorkerConnection[1-8]: Handshake done
I1102 18:30:02.536557 Server/E engine.cpp:674] Engine: New message connection
I1102 18:30:02.536592 IO-0/EL  engine.cpp:277] Engine: Receive new handshake message from message connection
I1102 18:30:02.536596 IO-0/EL  worker_manager.cpp:60] WorkerManager: FuncWorker of func_id 1, client_id 9 connected
I1102 18:30:02.536610 IO-0/EL  message_connection.cpp:269] FuncWorkerConnection[1-9]: Handshake done
I1102 18:30:02.537130 Server/E engine.cpp:674] Engine: New message connection
I1102 18:30:02.537165 IO-0/EL  engine.cpp:277] Engine: Receive new handshake message from message connection
I1102 18:30:02.537170 IO-0/EL  worker_manager.cpp:60] WorkerManager: FuncWorker of func_id 1, client_id 11 connected
I1102 18:30:02.537184 IO-0/EL  message_connection.cpp:269] FuncWorkerConnection[1-11]: Handshake done
I1102 18:30:02.537498 Server/E engine.cpp:674] Engine: New message connection
I1102 18:30:02.537530 IO-0/EL  engine.cpp:277] Engine: Receive new handshake message from message connection
I1102 18:30:02.537535 IO-0/EL  worker_manager.cpp:60] WorkerManager: FuncWorker of func_id 1, client_id 12 connected
I1102 18:30:02.537548 IO-0/EL  message_connection.cpp:269] FuncWorkerConnection[1-12]: Handshake done
I1102 18:30:02.537799 Server/E engine.cpp:674] Engine: New message connection
I1102 18:30:02.537835 IO-0/EL  engine.cpp:277] Engine: Receive new handshake message from message connection
I1102 18:30:02.537840 IO-0/EL  worker_manager.cpp:60] WorkerManager: FuncWorker of func_id 1, client_id 10 connected
I1102 18:30:02.537853 IO-0/EL  message_connection.cpp:269] FuncWorkerConnection[1-10]: Handshake done
I1102 18:30:02.537928 Server/E engine.cpp:674] Engine: New message connection
I1102 18:30:02.537952 IO-0/EL  engine.cpp:277] Engine: Receive new handshake message from message connection
I1102 18:30:02.537957 IO-0/EL  worker_manager.cpp:60] WorkerManager: FuncWorker of func_id 1, client_id 13 connected
I1102 18:30:02.537970 IO-0/EL  message_connection.cpp:269] FuncWorkerConnection[1-13]: Handshake done
I1102 18:30:02.538397 Server/E engine.cpp:674] Engine: New message connection
I1102 18:30:02.538427 IO-0/EL  engine.cpp:277] Engine: Receive new handshake message from message connection
I1102 18:30:02.538431 IO-0/EL  worker_manager.cpp:60] WorkerManager: FuncWorker of func_id 1, client_id 14 connected
I1102 18:30:02.538448 IO-0/EL  message_connection.cpp:269] FuncWorkerConnection[1-14]: Handshake done
I1102 18:30:02.538816 Server/E engine.cpp:674] Engine: New message connection
I1102 18:30:02.538846 IO-0/EL  engine.cpp:277] Engine: Receive new handshake message from message connection
I1102 18:30:02.538851 IO-0/EL  worker_manager.cpp:60] WorkerManager: FuncWorker of func_id 1, client_id 15 connected
I1102 18:30:02.538868 IO-0/EL  message_connection.cpp:269] FuncWorkerConnection[1-15]: Handshake done
I1102 18:30:02.539262 Server/E engine.cpp:674] Engine: New message connection
I1102 18:30:02.539289 IO-0/EL  engine.cpp:277] Engine: Receive new handshake message from message connection
I1102 18:30:02.539293 IO-0/EL  worker_manager.cpp:60] WorkerManager: FuncWorker of func_id 1, client_id 16 connected
I1102 18:30:02.539306 IO-0/EL  message_connection.cpp:269] FuncWorkerConnection[1-16]: Handshake done
I1102 18:30:02.539681 Server/E engine.cpp:674] Engine: New message connection
I1102 18:30:02.539718 IO-0/EL  engine.cpp:277] Engine: Receive new handshake message from message connection
I1102 18:30:02.539724 IO-0/EL  worker_manager.cpp:60] WorkerManager: FuncWorker of func_id 1, client_id 17 connected
I1102 18:30:02.539744 IO-0/EL  message_connection.cpp:269] FuncWorkerConnection[1-17]: Handshake done
I1102 18:30:02.540125 Server/E engine.cpp:674] Engine: New message connection
I1102 18:30:02.540149 IO-0/EL  engine.cpp:277] Engine: Receive new handshake message from message connection
I1102 18:30:02.540153 IO-0/EL  worker_manager.cpp:60] WorkerManager: FuncWorker of func_id 1, client_id 18 connected
I1102 18:30:02.540166 IO-0/EL  message_connection.cpp:269] FuncWorkerConnection[1-18]: Handshake done
I1102 18:30:02.540556 Server/E engine.cpp:674] Engine: New message connection
I1102 18:30:02.540587 IO-0/EL  engine.cpp:277] Engine: Receive new handshake message from message connection
I1102 18:30:02.540591 IO-0/EL  worker_manager.cpp:60] WorkerManager: FuncWorker of func_id 1, client_id 19 connected
I1102 18:30:02.540604 IO-0/EL  message_connection.cpp:269] FuncWorkerConnection[1-19]: Handshake done
I1102 18:30:02.541007 Server/E engine.cpp:674] Engine: New message connection
I1102 18:30:02.541037 IO-0/EL  engine.cpp:277] Engine: Receive new handshake message from message connection
I1102 18:30:02.541041 IO-0/EL  worker_manager.cpp:60] WorkerManager: FuncWorker of func_id 1, client_id 20 connected
I1102 18:30:02.541054 IO-0/EL  message_connection.cpp:269] FuncWorkerConnection[1-20]: Handshake done
I1102 18:30:02.541579 Server/E engine.cpp:674] Engine: New message connection
I1102 18:30:02.541610 IO-0/EL  engine.cpp:277] Engine: Receive new handshake message from message connection
I1102 18:30:02.541615 IO-0/EL  worker_manager.cpp:60] WorkerManager: FuncWorker of func_id 1, client_id 21 connected
I1102 18:30:02.541627 IO-0/EL  message_connection.cpp:269] FuncWorkerConnection[1-21]: Handshake done
I1102 18:30:02.542968 Server/E engine.cpp:674] Engine: New message connection
I1102 18:30:02.543001 IO-0/EL  engine.cpp:277] Engine: Receive new handshake message from message connection
I1102 18:30:02.543006 IO-0/EL  worker_manager.cpp:60] WorkerManager: FuncWorker of func_id 1, client_id 23 connected
I1102 18:30:02.543019 IO-0/EL  message_connection.cpp:269] FuncWorkerConnection[1-23]: Handshake done
I1102 18:30:02.543313 Server/E engine.cpp:674] Engine: New message connection
I1102 18:30:02.543346 IO-0/EL  engine.cpp:277] Engine: Receive new handshake message from message connection
I1102 18:30:02.543351 IO-0/EL  worker_manager.cpp:60] WorkerManager: FuncWorker of func_id 1, client_id 24 connected
I1102 18:30:02.543363 IO-0/EL  message_connection.cpp:269] FuncWorkerConnection[1-24]: Handshake done
I1102 18:30:02.543686 Server/E engine.cpp:674] Engine: New message connection
I1102 18:30:02.543716 IO-0/EL  engine.cpp:277] Engine: Receive new handshake message from message connection
I1102 18:30:02.543722 IO-0/EL  worker_manager.cpp:60] WorkerManager: FuncWorker of func_id 1, client_id 22 connected
I1102 18:30:02.543735 IO-0/EL  message_connection.cpp:269] FuncWorkerConnection[1-22]: Handshake done
I1102 18:30:02.543832 Server/E engine.cpp:674] Engine: New message connection
I1102 18:30:02.543860 IO-0/EL  engine.cpp:277] Engine: Receive new handshake message from message connection
I1102 18:30:02.543865 IO-0/EL  worker_manager.cpp:60] WorkerManager: FuncWorker of func_id 1, client_id 25 connected
I1102 18:30:02.543878 IO-0/EL  message_connection.cpp:269] FuncWorkerConnection[1-25]: Handshake done
I1102 18:30:02.544282 Server/E engine.cpp:674] Engine: New message connection
I1102 18:30:02.544310 IO-0/EL  engine.cpp:277] Engine: Receive new handshake message from message connection
I1102 18:30:02.544315 IO-0/EL  worker_manager.cpp:60] WorkerManager: FuncWorker of func_id 1, client_id 26 connected
I1102 18:30:02.544327 IO-0/EL  message_connection.cpp:269] FuncWorkerConnection[1-26]: Handshake done
I1102 18:30:02.544645 Server/E engine.cpp:674] Engine: New message connection
I1102 18:30:02.544674 IO-0/EL  engine.cpp:277] Engine: Receive new handshake message from message connection
I1102 18:30:02.544679 IO-0/EL  worker_manager.cpp:60] WorkerManager: FuncWorker of func_id 1, client_id 27 connected
I1102 18:30:02.544692 IO-0/EL  message_connection.cpp:269] FuncWorkerConnection[1-27]: Handshake done
I1102 18:30:02.545074 Server/E engine.cpp:674] Engine: New message connection
I1102 18:30:02.545112 IO-0/EL  engine.cpp:277] Engine: Receive new handshake message from message connection
I1102 18:30:02.545117 IO-0/EL  worker_manager.cpp:60] WorkerManager: FuncWorker of func_id 1, client_id 28 connected
I1102 18:30:02.545131 IO-0/EL  message_connection.cpp:269] FuncWorkerConnection[1-28]: Handshake done
I1102 18:30:02.545550 Server/E engine.cpp:674] Engine: New message connection
I1102 18:30:02.545578 IO-0/EL  engine.cpp:277] Engine: Receive new handshake message from message connection
I1102 18:30:02.545583 IO-0/EL  worker_manager.cpp:60] WorkerManager: FuncWorker of func_id 1, client_id 29 connected
I1102 18:30:02.545600 IO-0/EL  message_connection.cpp:269] FuncWorkerConnection[1-29]: Handshake done
I1102 18:30:02.545976 Server/E engine.cpp:674] Engine: New message connection
I1102 18:30:02.546009 IO-0/EL  engine.cpp:277] Engine: Receive new handshake message from message connection
I1102 18:30:02.546014 IO-0/EL  worker_manager.cpp:60] WorkerManager: FuncWorker of func_id 1, client_id 30 connected
I1102 18:30:02.546026 IO-0/EL  message_connection.cpp:269] FuncWorkerConnection[1-30]: Handshake done
I1102 18:30:02.546429 Server/E engine.cpp:674] Engine: New message connection
I1102 18:30:02.546457 IO-0/EL  engine.cpp:277] Engine: Receive new handshake message from message connection
I1102 18:30:02.546461 IO-0/EL  worker_manager.cpp:60] WorkerManager: FuncWorker of func_id 1, client_id 31 connected
I1102 18:30:02.546474 IO-0/EL  message_connection.cpp:269] FuncWorkerConnection[1-31]: Handshake done
I1102 18:30:02.546860 Server/E engine.cpp:674] Engine: New message connection
I1102 18:30:02.546894 IO-0/EL  engine.cpp:277] Engine: Receive new handshake message from message connection
I1102 18:30:02.546899 IO-0/EL  worker_manager.cpp:60] WorkerManager: FuncWorker of func_id 1, client_id 32 connected
I1102 18:30:02.546912 IO-0/EL  message_connection.cpp:269] FuncWorkerConnection[1-32]: Handshake done
I1102 18:30:02.547320 Server/E engine.cpp:674] Engine: New message connection
I1102 18:30:02.547347 IO-0/EL  engine.cpp:277] Engine: Receive new handshake message from message connection
I1102 18:30:02.547351 IO-0/EL  worker_manager.cpp:60] WorkerManager: FuncWorker of func_id 1, client_id 33 connected
I1102 18:30:02.547364 IO-0/EL  message_connection.cpp:269] FuncWorkerConnection[1-33]: Handshake done
I1102 18:30:02.547798 Server/E engine.cpp:674] Engine: New message connection
I1102 18:30:02.547831 IO-0/EL  engine.cpp:277] Engine: Receive new handshake message from message connection
I1102 18:30:02.547836 IO-0/EL  worker_manager.cpp:60] WorkerManager: FuncWorker of func_id 1, client_id 34 connected
I1102 18:30:02.547849 IO-0/EL  message_connection.cpp:269] FuncWorkerConnection[1-34]: Handshake done
I1102 18:30:02.548218 Server/E engine.cpp:674] Engine: New message connection
I1102 18:30:02.548244 IO-0/EL  engine.cpp:277] Engine: Receive new handshake message from message connection
I1102 18:30:02.548249 IO-0/EL  worker_manager.cpp:60] WorkerManager: FuncWorker of func_id 1, client_id 35 connected
I1102 18:30:02.548261 IO-0/EL  message_connection.cpp:269] FuncWorkerConnection[1-35]: Handshake done
I1102 18:30:02.548643 Server/E engine.cpp:674] Engine: New message connection
I1102 18:30:02.548678 IO-0/EL  engine.cpp:277] Engine: Receive new handshake message from message connection
I1102 18:30:02.548682 IO-0/EL  worker_manager.cpp:60] WorkerManager: FuncWorker of func_id 1, client_id 36 connected
I1102 18:30:02.548695 IO-0/EL  message_connection.cpp:269] FuncWorkerConnection[1-36]: Handshake done
I1102 18:30:02.549124 Server/E engine.cpp:674] Engine: New message connection
I1102 18:30:02.549153 IO-0/EL  engine.cpp:277] Engine: Receive new handshake message from message connection
I1102 18:30:02.549157 IO-0/EL  worker_manager.cpp:60] WorkerManager: FuncWorker of func_id 1, client_id 37 connected
I1102 18:30:02.549170 IO-0/EL  message_connection.cpp:269] FuncWorkerConnection[1-37]: Handshake done
I1102 18:30:02.549548 Server/E engine.cpp:674] Engine: New message connection
I1102 18:30:02.549580 IO-0/EL  engine.cpp:277] Engine: Receive new handshake message from message connection
I1102 18:30:02.549585 IO-0/EL  worker_manager.cpp:60] WorkerManager: FuncWorker of func_id 1, client_id 38 connected
I1102 18:30:02.549598 IO-0/EL  message_connection.cpp:269] FuncWorkerConnection[1-38]: Handshake done
I1102 18:30:02.550009 Server/E engine.cpp:674] Engine: New message connection
I1102 18:30:02.550039 IO-0/EL  engine.cpp:277] Engine: Receive new handshake message from message connection
I1102 18:30:02.550044 IO-0/EL  worker_manager.cpp:60] WorkerManager: FuncWorker of func_id 1, client_id 39 connected
I1102 18:30:02.550057 IO-0/EL  message_connection.cpp:269] FuncWorkerConnection[1-39]: Handshake done
I1102 18:30:02.550478 Server/E engine.cpp:674] Engine: New message connection
I1102 18:30:02.550509 IO-0/EL  engine.cpp:277] Engine: Receive new handshake message from message connection
I1102 18:30:02.550514 IO-0/EL  worker_manager.cpp:60] WorkerManager: FuncWorker of func_id 1, client_id 40 connected
I1102 18:30:02.550527 IO-0/EL  message_connection.cpp:269] FuncWorkerConnection[1-40]: Handshake done
I1102 18:30:02.550919 Server/E engine.cpp:674] Engine: New message connection
I1102 18:30:02.550948 IO-0/EL  engine.cpp:277] Engine: Receive new handshake message from message connection
I1102 18:30:02.550953 IO-0/EL  worker_manager.cpp:60] WorkerManager: FuncWorker of func_id 1, client_id 41 connected
I1102 18:30:02.550969 IO-0/EL  message_connection.cpp:269] FuncWorkerConnection[1-41]: Handshake done
I1102 18:30:02.551357 Server/E engine.cpp:674] Engine: New message connection
I1102 18:30:02.551385 IO-0/EL  engine.cpp:277] Engine: Receive new handshake message from message connection
I1102 18:30:02.551389 IO-0/EL  worker_manager.cpp:60] WorkerManager: FuncWorker of func_id 1, client_id 42 connected
I1102 18:30:02.551402 IO-0/EL  message_connection.cpp:269] FuncWorkerConnection[1-42]: Handshake done
I1102 18:30:02.551793 Server/E engine.cpp:674] Engine: New message connection
I1102 18:30:02.551828 IO-0/EL  engine.cpp:277] Engine: Receive new handshake message from message connection
I1102 18:30:02.551833 IO-0/EL  worker_manager.cpp:60] WorkerManager: FuncWorker of func_id 1, client_id 43 connected
I1102 18:30:02.551846 IO-0/EL  message_connection.cpp:269] FuncWorkerConnection[1-43]: Handshake done
I1102 18:30:02.552314 Server/E engine.cpp:674] Engine: New message connection
I1102 18:30:02.552343 IO-0/EL  engine.cpp:277] Engine: Receive new handshake message from message connection
I1102 18:30:02.552347 IO-0/EL  worker_manager.cpp:60] WorkerManager: FuncWorker of func_id 1, client_id 44 connected
I1102 18:30:02.552361 IO-0/EL  message_connection.cpp:269] FuncWorkerConnection[1-44]: Handshake done
I1102 18:30:02.552824 Server/E engine.cpp:674] Engine: New message connection
I1102 18:30:02.552860 IO-0/EL  engine.cpp:277] Engine: Receive new handshake message from message connection
I1102 18:30:02.552864 IO-0/EL  worker_manager.cpp:60] WorkerManager: FuncWorker of func_id 1, client_id 45 connected
I1102 18:30:02.552877 IO-0/EL  message_connection.cpp:269] FuncWorkerConnection[1-45]: Handshake done
I1102 18:30:02.553253 Server/E engine.cpp:674] Engine: New message connection
I1102 18:30:02.553279 IO-0/EL  engine.cpp:277] Engine: Receive new handshake message from message connection
I1102 18:30:02.553284 IO-0/EL  worker_manager.cpp:60] WorkerManager: FuncWorker of func_id 1, client_id 46 connected
I1102 18:30:02.553296 IO-0/EL  message_connection.cpp:269] FuncWorkerConnection[1-46]: Handshake done
I1102 18:30:02.553685 Server/E engine.cpp:674] Engine: New message connection
I1102 18:30:02.553720 IO-0/EL  engine.cpp:277] Engine: Receive new handshake message from message connection
I1102 18:30:02.553726 IO-0/EL  worker_manager.cpp:60] WorkerManager: FuncWorker of func_id 1, client_id 47 connected
I1102 18:30:02.553739 IO-0/EL  message_connection.cpp:269] FuncWorkerConnection[1-47]: Handshake done
I1102 18:30:02.554264 Server/E engine.cpp:674] Engine: New message connection
I1102 18:30:02.554291 IO-0/EL  engine.cpp:277] Engine: Receive new handshake message from message connection
I1102 18:30:02.554296 IO-0/EL  worker_manager.cpp:60] WorkerManager: FuncWorker of func_id 1, client_id 48 connected
I1102 18:30:02.554308 IO-0/EL  message_connection.cpp:269] FuncWorkerConnection[1-48]: Handshake done
I1102 18:30:02.554630 Server/E engine.cpp:674] Engine: New message connection
I1102 18:30:02.554661 IO-0/EL  engine.cpp:277] Engine: Receive new handshake message from message connection
I1102 18:30:02.554666 IO-0/EL  worker_manager.cpp:60] WorkerManager: FuncWorker of func_id 1, client_id 49 connected
I1102 18:30:02.554679 IO-0/EL  message_connection.cpp:269] FuncWorkerConnection[1-49]: Handshake done
I1102 18:30:02.555100 Server/E engine.cpp:674] Engine: New message connection
I1102 18:30:02.555130 IO-0/EL  engine.cpp:277] Engine: Receive new handshake message from message connection
I1102 18:30:02.555134 IO-0/EL  worker_manager.cpp:60] WorkerManager: FuncWorker of func_id 1, client_id 50 connected
I1102 18:30:02.555147 IO-0/EL  message_connection.cpp:269] FuncWorkerConnection[1-50]: Handshake done
I1102 18:30:02.555536 Server/E engine.cpp:674] Engine: New message connection
I1102 18:30:02.555568 IO-0/EL  engine.cpp:277] Engine: Receive new handshake message from message connection
I1102 18:30:02.555573 IO-0/EL  worker_manager.cpp:60] WorkerManager: FuncWorker of func_id 1, client_id 51 connected
I1102 18:30:02.555586 IO-0/EL  message_connection.cpp:269] FuncWorkerConnection[1-51]: Handshake done
I1102 18:30:02.556002 Server/E engine.cpp:674] Engine: New message connection
I1102 18:30:02.556038 IO-0/EL  engine.cpp:277] Engine: Receive new handshake message from message connection
I1102 18:30:02.556043 IO-0/EL  worker_manager.cpp:60] WorkerManager: FuncWorker of func_id 1, client_id 52 connected
I1102 18:30:02.556056 IO-0/EL  message_connection.cpp:269] FuncWorkerConnection[1-52]: Handshake done
I1102 18:30:02.556472 Server/E engine.cpp:674] Engine: New message connection
I1102 18:30:02.556503 IO-0/EL  engine.cpp:277] Engine: Receive new handshake message from message connection
I1102 18:30:02.556508 IO-0/EL  worker_manager.cpp:60] WorkerManager: FuncWorker of func_id 1, client_id 53 connected
I1102 18:30:02.556520 IO-0/EL  message_connection.cpp:269] FuncWorkerConnection[1-53]: Handshake done
I1102 18:30:02.556919 Server/E engine.cpp:674] Engine: New message connection
I1102 18:30:02.556950 IO-0/EL  engine.cpp:277] Engine: Receive new handshake message from message connection
I1102 18:30:02.556954 IO-0/EL  worker_manager.cpp:60] WorkerManager: FuncWorker of func_id 1, client_id 54 connected
I1102 18:30:02.556967 IO-0/EL  message_connection.cpp:269] FuncWorkerConnection[1-54]: Handshake done
I1102 18:30:02.557365 Server/E engine.cpp:674] Engine: New message connection
I1102 18:30:02.557398 IO-0/EL  engine.cpp:277] Engine: Receive new handshake message from message connection
I1102 18:30:02.557402 IO-0/EL  worker_manager.cpp:60] WorkerManager: FuncWorker of func_id 1, client_id 55 connected
I1102 18:30:02.557416 IO-0/EL  message_connection.cpp:269] FuncWorkerConnection[1-55]: Handshake done
I1102 18:30:02.557833 Server/E engine.cpp:674] Engine: New message connection
I1102 18:30:02.557865 IO-0/EL  engine.cpp:277] Engine: Receive new handshake message from message connection
I1102 18:30:02.557870 IO-0/EL  worker_manager.cpp:60] WorkerManager: FuncWorker of func_id 1, client_id 56 connected
I1102 18:30:02.557884 IO-0/EL  message_connection.cpp:269] FuncWorkerConnection[1-56]: Handshake done
I1102 18:30:02.558340 Server/E engine.cpp:674] Engine: New message connection
I1102 18:30:02.558368 IO-0/EL  engine.cpp:277] Engine: Receive new handshake message from message connection
I1102 18:30:02.558373 IO-0/EL  worker_manager.cpp:60] WorkerManager: FuncWorker of func_id 1, client_id 57 connected
I1102 18:30:02.558394 IO-0/EL  message_connection.cpp:269] FuncWorkerConnection[1-57]: Handshake done
I1102 18:30:02.558759 Server/E engine.cpp:674] Engine: New message connection
I1102 18:30:02.558801 IO-0/EL  engine.cpp:277] Engine: Receive new handshake message from message connection
I1102 18:30:02.558806 IO-0/EL  worker_manager.cpp:60] WorkerManager: FuncWorker of func_id 1, client_id 58 connected
I1102 18:30:02.558818 IO-0/EL  message_connection.cpp:269] FuncWorkerConnection[1-58]: Handshake done
I1102 18:30:02.559242 Server/E engine.cpp:674] Engine: New message connection
I1102 18:30:02.559271 IO-0/EL  engine.cpp:277] Engine: Receive new handshake message from message connection
I1102 18:30:02.559276 IO-0/EL  worker_manager.cpp:60] WorkerManager: FuncWorker of func_id 1, client_id 59 connected
I1102 18:30:02.559288 IO-0/EL  message_connection.cpp:269] FuncWorkerConnection[1-59]: Handshake done
I1102 18:30:02.559678 Server/E engine.cpp:674] Engine: New message connection
I1102 18:30:02.559720 IO-0/EL  engine.cpp:277] Engine: Receive new handshake message from message connection
I1102 18:30:02.559725 IO-0/EL  worker_manager.cpp:60] WorkerManager: FuncWorker of func_id 1, client_id 60 connected
I1102 18:30:02.559738 IO-0/EL  message_connection.cpp:269] FuncWorkerConnection[1-60]: Handshake done
I1102 18:30:02.560222 Server/E engine.cpp:674] Engine: New message connection
I1102 18:30:02.560255 IO-0/EL  engine.cpp:277] Engine: Receive new handshake message from message connection
I1102 18:30:02.560260 IO-0/EL  worker_manager.cpp:60] WorkerManager: FuncWorker of func_id 1, client_id 61 connected
I1102 18:30:02.560272 IO-0/EL  message_connection.cpp:269] FuncWorkerConnection[1-61]: Handshake done
I1102 18:30:02.560616 Server/E engine.cpp:674] Engine: New message connection
I1102 18:30:02.560657 IO-0/EL  engine.cpp:277] Engine: Receive new handshake message from message connection
I1102 18:30:02.560661 IO-0/EL  worker_manager.cpp:60] WorkerManager: FuncWorker of func_id 1, client_id 62 connected
I1102 18:30:02.560674 IO-0/EL  message_connection.cpp:269] FuncWorkerConnection[1-62]: Handshake done
I1102 18:30:02.561087 Server/E engine.cpp:674] Engine: New message connection
I1102 18:30:02.561118 IO-0/EL  engine.cpp:277] Engine: Receive new handshake message from message connection
I1102 18:30:02.561123 IO-0/EL  worker_manager.cpp:60] WorkerManager: FuncWorker of func_id 1, client_id 63 connected
I1102 18:30:02.561140 IO-0/EL  message_connection.cpp:269] FuncWorkerConnection[1-63]: Handshake done
I1102 18:30:02.561573 Server/E engine.cpp:674] Engine: New message connection
I1102 18:30:02.561608 IO-0/EL  engine.cpp:277] Engine: Receive new handshake message from message connection
I1102 18:30:02.561613 IO-0/EL  worker_manager.cpp:60] WorkerManager: FuncWorker of func_id 1, client_id 64 connected
I1102 18:30:02.561626 IO-0/EL  message_connection.cpp:269] FuncWorkerConnection[1-64]: Handshake done
I1102 18:30:02.562085 Server/E engine.cpp:674] Engine: New message connection
I1102 18:30:02.562125 IO-0/EL  engine.cpp:277] Engine: Receive new handshake message from message connection
I1102 18:30:02.562130 IO-0/EL  worker_manager.cpp:60] WorkerManager: FuncWorker of func_id 1, client_id 65 connected
I1102 18:30:02.562143 IO-0/EL  message_connection.cpp:269] FuncWorkerConnection[1-65]: Handshake done
I1102 18:30:02.562613 Server/E engine.cpp:674] Engine: New message connection
I1102 18:30:02.562646 IO-0/EL  engine.cpp:277] Engine: Receive new handshake message from message connection
I1102 18:30:02.562650 IO-0/EL  worker_manager.cpp:60] WorkerManager: FuncWorker of func_id 1, client_id 66 connected
I1102 18:30:02.562663 IO-0/EL  message_connection.cpp:269] FuncWorkerConnection[1-66]: Handshake done
I1102 18:30:02.563134 Server/E engine.cpp:674] Engine: New message connection
I1102 18:30:02.563172 IO-0/EL  engine.cpp:277] Engine: Receive new handshake message from message connection
I1102 18:30:02.563177 IO-0/EL  worker_manager.cpp:60] WorkerManager: FuncWorker of func_id 1, client_id 67 connected
I1102 18:30:02.563190 IO-0/EL  message_connection.cpp:269] FuncWorkerConnection[1-67]: Handshake done
I1102 18:30:02.563608 Server/E engine.cpp:674] Engine: New message connection
I1102 18:30:02.563657 IO-0/EL  engine.cpp:277] Engine: Receive new handshake message from message connection
I1102 18:30:02.563661 IO-0/EL  worker_manager.cpp:60] WorkerManager: FuncWorker of func_id 1, client_id 68 connected
I1102 18:30:02.563674 IO-0/EL  message_connection.cpp:269] FuncWorkerConnection[1-68]: Handshake done
I1102 18:30:02.564110 Server/E engine.cpp:674] Engine: New message connection
I1102 18:30:02.564146 IO-0/EL  engine.cpp:277] Engine: Receive new handshake message from message connection
I1102 18:30:02.564151 IO-0/EL  worker_manager.cpp:60] WorkerManager: FuncWorker of func_id 1, client_id 69 connected
I1102 18:30:02.564164 IO-0/EL  message_connection.cpp:269] FuncWorkerConnection[1-69]: Handshake done
I1102 18:30:02.564572 Server/E engine.cpp:674] Engine: New message connection
I1102 18:30:02.564603 IO-0/EL  engine.cpp:277] Engine: Receive new handshake message from message connection
I1102 18:30:02.564608 IO-0/EL  worker_manager.cpp:60] WorkerManager: FuncWorker of func_id 1, client_id 70 connected
I1102 18:30:02.564624 IO-0/EL  message_connection.cpp:269] FuncWorkerConnection[1-70]: Handshake done
I1102 18:30:02.565048 Server/E engine.cpp:674] Engine: New message connection
I1102 18:30:02.565078 IO-0/EL  engine.cpp:277] Engine: Receive new handshake message from message connection
I1102 18:30:02.565083 IO-0/EL  worker_manager.cpp:60] WorkerManager: FuncWorker of func_id 1, client_id 71 connected
I1102 18:30:02.565095 IO-0/EL  message_connection.cpp:269] FuncWorkerConnection[1-71]: Handshake done
I1102 18:30:02.565510 Server/E engine.cpp:674] Engine: New message connection
I1102 18:30:02.565541 IO-0/EL  engine.cpp:277] Engine: Receive new handshake message from message connection
I1102 18:30:02.565548 IO-0/EL  worker_manager.cpp:60] WorkerManager: FuncWorker of func_id 1, client_id 72 connected
I1102 18:30:02.565561 IO-0/EL  message_connection.cpp:269] FuncWorkerConnection[1-72]: Handshake done
I1102 18:30:02.565986 Server/E engine.cpp:674] Engine: New message connection
I1102 18:30:02.566017 IO-0/EL  engine.cpp:277] Engine: Receive new handshake message from message connection
I1102 18:30:02.566022 IO-0/EL  worker_manager.cpp:60] WorkerManager: FuncWorker of func_id 1, client_id 73 connected
I1102 18:30:02.566035 IO-0/EL  message_connection.cpp:269] FuncWorkerConnection[1-73]: Handshake done
I1102 18:30:02.566438 Server/E engine.cpp:674] Engine: New message connection
I1102 18:30:02.566469 IO-0/EL  engine.cpp:277] Engine: Receive new handshake message from message connection
I1102 18:30:02.566473 IO-0/EL  worker_manager.cpp:60] WorkerManager: FuncWorker of func_id 1, client_id 74 connected
I1102 18:30:02.566486 IO-0/EL  message_connection.cpp:269] FuncWorkerConnection[1-74]: Handshake done
I1102 18:30:02.566892 Server/E engine.cpp:674] Engine: New message connection
I1102 18:30:02.566923 IO-0/EL  engine.cpp:277] Engine: Receive new handshake message from message connection
I1102 18:30:02.566928 IO-0/EL  worker_manager.cpp:60] WorkerManager: FuncWorker of func_id 1, client_id 75 connected
I1102 18:30:02.566941 IO-0/EL  message_connection.cpp:269] FuncWorkerConnection[1-75]: Handshake done
I1102 18:30:02.567395 Server/E engine.cpp:674] Engine: New message connection
I1102 18:30:02.567432 IO-0/EL  engine.cpp:277] Engine: Receive new handshake message from message connection
I1102 18:30:02.567437 IO-0/EL  worker_manager.cpp:60] WorkerManager: FuncWorker of func_id 1, client_id 76 connected
I1102 18:30:02.567450 IO-0/EL  message_connection.cpp:269] FuncWorkerConnection[1-76]: Handshake done
I1102 18:30:02.567892 Server/E engine.cpp:674] Engine: New message connection
I1102 18:30:02.567928 IO-0/EL  engine.cpp:277] Engine: Receive new handshake message from message connection
I1102 18:30:02.567932 IO-0/EL  worker_manager.cpp:60] WorkerManager: FuncWorker of func_id 1, client_id 77 connected
I1102 18:30:02.567945 IO-0/EL  message_connection.cpp:269] FuncWorkerConnection[1-77]: Handshake done
I1102 18:30:02.568359 Server/E engine.cpp:674] Engine: New message connection
I1102 18:30:02.568400 IO-0/EL  engine.cpp:277] Engine: Receive new handshake message from message connection
I1102 18:30:02.568418 IO-0/EL  worker_manager.cpp:60] WorkerManager: FuncWorker of func_id 1, client_id 78 connected
I1102 18:30:02.568432 IO-0/EL  message_connection.cpp:269] FuncWorkerConnection[1-78]: Handshake done
I1102 18:30:02.583738 Server/E engine.cpp:674] Engine: New message connection
I1102 18:30:02.583771 Server/E engine.cpp:674] Engine: New message connection
I1102 18:30:02.583779 IO-0/EL  engine.cpp:277] Engine: Receive new handshake message from message connection
I1102 18:30:02.583785 IO-0/EL  worker_manager.cpp:60] WorkerManager: FuncWorker of func_id 1, client_id 79 connected
I1102 18:30:02.583799 IO-0/EL  message_connection.cpp:269] FuncWorkerConnection[1-79]: Handshake done
I1102 18:30:02.583798 Server/E engine.cpp:674] Engine: New message connection
I1102 18:30:02.583818 IO-0/EL  engine.cpp:277] Engine: Receive new handshake message from message connection
I1102 18:30:02.583823 IO-0/EL  worker_manager.cpp:60] WorkerManager: FuncWorker of func_id 1, client_id 80 connected
I1102 18:30:02.583824 Server/E engine.cpp:674] Engine: New message connection
I1102 18:30:02.583838 IO-0/EL  message_connection.cpp:269] FuncWorkerConnection[1-80]: Handshake done
I1102 18:30:02.583849 Server/E engine.cpp:674] Engine: New message connection
I1102 18:30:02.583856 IO-0/EL  engine.cpp:277] Engine: Receive new handshake message from message connection
I1102 18:30:02.583861 IO-0/EL  worker_manager.cpp:60] WorkerManager: FuncWorker of func_id 1, client_id 81 connected
I1102 18:30:02.583873 Server/E engine.cpp:674] Engine: New message connection
I1102 18:30:02.583874 IO-0/EL  message_connection.cpp:269] FuncWorkerConnection[1-81]: Handshake done
I1102 18:30:02.583899 Server/E engine.cpp:674] Engine: New message connection
I1102 18:30:02.583909 IO-0/EL  engine.cpp:277] Engine: Receive new handshake message from message connection
I1102 18:30:02.583914 IO-0/EL  worker_manager.cpp:60] WorkerManager: FuncWorker of func_id 1, client_id 82 connected
I1102 18:30:02.583923 Server/E engine.cpp:674] Engine: New message connection
I1102 18:30:02.583927 IO-0/EL  message_connection.cpp:269] FuncWorkerConnection[1-82]: Handshake done
I1102 18:30:02.583948 Server/E engine.cpp:674] Engine: New message connection
I1102 18:30:02.583949 IO-0/EL  engine.cpp:277] Engine: Receive new handshake message from message connection
I1102 18:30:02.583965 IO-0/EL  worker_manager.cpp:60] WorkerManager: FuncWorker of func_id 1, client_id 83 connected
I1102 18:30:02.583971 Server/E engine.cpp:674] Engine: New message connection
I1102 18:30:02.583979 IO-0/EL  message_connection.cpp:269] FuncWorkerConnection[1-83]: Handshake done
I1102 18:30:02.583995 Server/E engine.cpp:674] Engine: New message connection
I1102 18:30:02.583997 IO-0/EL  engine.cpp:277] Engine: Receive new handshake message from message connection
I1102 18:30:02.584011 IO-0/EL  worker_manager.cpp:60] WorkerManager: FuncWorker of func_id 1, client_id 84 connected
I1102 18:30:02.584023 Server/E engine.cpp:674] Engine: New message connection
I1102 18:30:02.584025 IO-0/EL  message_connection.cpp:269] FuncWorkerConnection[1-84]: Handshake done
I1102 18:30:02.584049 IO-0/EL  engine.cpp:277] Engine: Receive new handshake message from message connection
I1102 18:30:02.584050 Server/E engine.cpp:674] Engine: New message connection
I1102 18:30:02.584053 IO-0/EL  worker_manager.cpp:60] WorkerManager: FuncWorker of func_id 1, client_id 85 connected
I1102 18:30:02.584072 Server/E engine.cpp:674] Engine: New message connection
I1102 18:30:02.584087 Server/E engine.cpp:674] Engine: New message connection
I1102 18:30:02.584090 IO-0/EL  message_connection.cpp:269] FuncWorkerConnection[1-85]: Handshake done
I1102 18:30:02.584101 Server/E engine.cpp:674] Engine: New message connection
I1102 18:30:02.584106 IO-0/EL  engine.cpp:277] Engine: Receive new handshake message from message connection
I1102 18:30:02.584111 IO-0/EL  worker_manager.cpp:60] WorkerManager: FuncWorker of func_id 1, client_id 86 connected
I1102 18:30:02.584115 Server/E engine.cpp:674] Engine: New message connection
I1102 18:30:02.584125 IO-0/EL  message_connection.cpp:269] FuncWorkerConnection[1-86]: Handshake done
I1102 18:30:02.584142 Server/E engine.cpp:674] Engine: New message connection
I1102 18:30:02.584161 IO-0/EL  engine.cpp:277] Engine: Receive new handshake message from message connection
I1102 18:30:02.584162 Server/E engine.cpp:674] Engine: New message connection
I1102 18:30:02.584166 IO-0/EL  worker_manager.cpp:60] WorkerManager: FuncWorker of func_id 1, client_id 87 connected
I1102 18:30:02.584182 Server/E engine.cpp:674] Engine: New message connection
I1102 18:30:02.584196 IO-0/EL  message_connection.cpp:269] FuncWorkerConnection[1-87]: Handshake done
I1102 18:30:02.584202 Server/E engine.cpp:674] Engine: New message connection
I1102 18:30:02.584211 IO-0/EL  engine.cpp:277] Engine: Receive new handshake message from message connection
I1102 18:30:02.584215 IO-0/EL  worker_manager.cpp:60] WorkerManager: FuncWorker of func_id 1, client_id 88 connected
I1102 18:30:02.584228 IO-0/EL  message_connection.cpp:269] FuncWorkerConnection[1-88]: Handshake done
I1102 18:30:02.584228 Server/E engine.cpp:674] Engine: New message connection
I1102 18:30:02.584245 IO-0/EL  engine.cpp:277] Engine: Receive new handshake message from message connection
I1102 18:30:02.584250 IO-0/EL  worker_manager.cpp:60] WorkerManager: FuncWorker of func_id 1, client_id 89 connected
I1102 18:30:02.584252 Server/E engine.cpp:674] Engine: New message connection
I1102 18:30:02.584263 IO-0/EL  message_connection.cpp:269] FuncWorkerConnection[1-89]: Handshake done
I1102 18:30:02.584273 Server/E engine.cpp:674] Engine: New message connection
I1102 18:30:02.584277 IO-0/EL  engine.cpp:277] Engine: Receive new handshake message from message connection
I1102 18:30:02.584289 IO-0/EL  worker_manager.cpp:60] WorkerManager: FuncWorker of func_id 1, client_id 90 connected
I1102 18:30:02.584299 Server/E engine.cpp:674] Engine: New message connection
I1102 18:30:02.584302 IO-0/EL  message_connection.cpp:269] FuncWorkerConnection[1-90]: Handshake done
I1102 18:30:02.584318 Server/E engine.cpp:674] Engine: New message connection
I1102 18:30:02.584336 IO-0/EL  engine.cpp:277] Engine: Receive new handshake message from message connection
I1102 18:30:02.584341 IO-0/EL  worker_manager.cpp:60] WorkerManager: FuncWorker of func_id 1, client_id 91 connected
I1102 18:30:02.584344 Server/E engine.cpp:674] Engine: New message connection
I1102 18:30:02.584355 IO-0/EL  message_connection.cpp:269] FuncWorkerConnection[1-91]: Handshake done
I1102 18:30:02.584367 Server/E engine.cpp:674] Engine: New message connection
I1102 18:30:02.584369 IO-0/EL  engine.cpp:277] Engine: Receive new handshake message from message connection
I1102 18:30:02.584388 IO-0/EL  worker_manager.cpp:60] WorkerManager: FuncWorker of func_id 1, client_id 92 connected
I1102 18:30:02.584391 Server/E engine.cpp:674] Engine: New message connection
I1102 18:30:02.584403 IO-0/EL  message_connection.cpp:269] FuncWorkerConnection[1-92]: Handshake done
I1102 18:30:02.584418 Server/E engine.cpp:674] Engine: New message connection
I1102 18:30:02.584420 IO-0/EL  engine.cpp:277] Engine: Receive new handshake message from message connection
I1102 18:30:02.584434 IO-0/EL  worker_manager.cpp:60] WorkerManager: FuncWorker of func_id 1, client_id 93 connected
I1102 18:30:02.584443 Server/E engine.cpp:674] Engine: New message connection
I1102 18:30:02.584448 IO-0/EL  message_connection.cpp:269] FuncWorkerConnection[1-93]: Handshake done
I1102 18:30:02.584472 IO-0/EL  engine.cpp:277] Engine: Receive new handshake message from message connection
I1102 18:30:02.584472 Server/E engine.cpp:674] Engine: New message connection
I1102 18:30:02.584476 IO-0/EL  worker_manager.cpp:60] WorkerManager: FuncWorker of func_id 1, client_id 94 connected
I1102 18:30:02.584497 Server/E engine.cpp:674] Engine: New message connection
I1102 18:30:02.584499 IO-0/EL  message_connection.cpp:269] FuncWorkerConnection[1-94]: Handshake done
I1102 18:30:02.584521 Server/E engine.cpp:674] Engine: New message connection
I1102 18:30:02.584526 IO-0/EL  engine.cpp:277] Engine: Receive new handshake message from message connection
I1102 18:30:02.584548 IO-0/EL  worker_manager.cpp:60] WorkerManager: FuncWorker of func_id 1, client_id 95 connected
I1102 18:30:02.584562 IO-0/EL  message_connection.cpp:269] FuncWorkerConnection[1-95]: Handshake done
I1102 18:30:02.584575 IO-0/EL  engine.cpp:277] Engine: Receive new handshake message from message connection
I1102 18:30:02.584579 IO-0/EL  worker_manager.cpp:60] WorkerManager: FuncWorker of func_id 1, client_id 96 connected
I1102 18:30:02.584592 IO-0/EL  message_connection.cpp:269] FuncWorkerConnection[1-96]: Handshake done
I1102 18:30:02.584609 IO-0/EL  engine.cpp:277] Engine: Receive new handshake message from message connection
I1102 18:30:02.584613 IO-0/EL  worker_manager.cpp:60] WorkerManager: FuncWorker of func_id 1, client_id 97 connected
I1102 18:30:02.584627 IO-0/EL  message_connection.cpp:269] FuncWorkerConnection[1-97]: Handshake done
I1102 18:30:02.584639 IO-0/EL  engine.cpp:277] Engine: Receive new handshake message from message connection
I1102 18:30:02.584643 IO-0/EL  worker_manager.cpp:60] WorkerManager: FuncWorker of func_id 1, client_id 98 connected
I1102 18:30:02.584656 IO-0/EL  message_connection.cpp:269] FuncWorkerConnection[1-98]: Handshake done
I1102 18:30:02.584672 IO-0/EL  engine.cpp:277] Engine: Receive new handshake message from message connection
I1102 18:30:02.584676 IO-0/EL  worker_manager.cpp:60] WorkerManager: FuncWorker of func_id 1, client_id 99 connected
I1102 18:30:02.584691 IO-0/EL  message_connection.cpp:269] FuncWorkerConnection[1-99]: Handshake done
I1102 18:30:02.584705 IO-0/EL  engine.cpp:277] Engine: Receive new handshake message from message connection
I1102 18:30:02.584714 IO-0/EL  worker_manager.cpp:60] WorkerManager: FuncWorker of func_id 1, client_id 100 connected
I1102 18:30:02.584734 IO-0/EL  message_connection.cpp:269] FuncWorkerConnection[1-100]: Handshake done
I1102 18:30:02.584747 IO-0/EL  engine.cpp:277] Engine: Receive new handshake message from message connection
I1102 18:30:02.584750 IO-0/EL  worker_manager.cpp:60] WorkerManager: FuncWorker of func_id 1, client_id 101 connected
I1102 18:30:02.584763 IO-0/EL  message_connection.cpp:269] FuncWorkerConnection[1-101]: Handshake done
I1102 18:30:02.584779 IO-0/EL  engine.cpp:277] Engine: Receive new handshake message from message connection
I1102 18:30:02.584783 IO-0/EL  worker_manager.cpp:60] WorkerManager: FuncWorker of func_id 1, client_id 102 connected
I1102 18:30:02.584797 IO-0/EL  message_connection.cpp:269] FuncWorkerConnection[1-102]: Handshake done
I1102 18:30:02.584797 Server/E engine.cpp:674] Engine: New message connection
I1102 18:30:02.584809 IO-0/EL  engine.cpp:277] Engine: Receive new handshake message from message connection
I1102 18:30:02.584813 IO-0/EL  worker_manager.cpp:60] WorkerManager: FuncWorker of func_id 1, client_id 103 connected
I1102 18:30:02.584827 IO-0/EL  message_connection.cpp:269] FuncWorkerConnection[1-103]: Handshake done
I1102 18:30:02.584843 IO-0/EL  engine.cpp:277] Engine: Receive new handshake message from message connection
I1102 18:30:02.584847 IO-0/EL  worker_manager.cpp:60] WorkerManager: FuncWorker of func_id 1, client_id 104 connected
I1102 18:30:02.584859 IO-0/EL  message_connection.cpp:269] FuncWorkerConnection[1-104]: Handshake done
I1102 18:30:02.584871 IO-0/EL  engine.cpp:277] Engine: Receive new handshake message from message connection
I1102 18:30:02.584875 IO-0/EL  worker_manager.cpp:60] WorkerManager: FuncWorker of func_id 1, client_id 105 connected
I1102 18:30:02.584888 IO-0/EL  message_connection.cpp:269] FuncWorkerConnection[1-105]: Handshake done
I1102 18:30:02.584903 IO-0/EL  engine.cpp:277] Engine: Receive new handshake message from message connection
I1102 18:30:02.584907 IO-0/EL  worker_manager.cpp:60] WorkerManager: FuncWorker of func_id 1, client_id 106 connected
I1102 18:30:02.584919 IO-0/EL  message_connection.cpp:269] FuncWorkerConnection[1-106]: Handshake done
I1102 18:30:02.584931 IO-0/EL  engine.cpp:277] Engine: Receive new handshake message from message connection
I1102 18:30:02.584942 IO-0/EL  worker_manager.cpp:60] WorkerManager: FuncWorker of func_id 1, client_id 107 connected
I1102 18:30:02.584955 IO-0/EL  message_connection.cpp:269] FuncWorkerConnection[1-107]: Handshake done
I1102 18:30:02.584971 IO-0/EL  engine.cpp:277] Engine: Receive new handshake message from message connection
I1102 18:30:02.584975 IO-0/EL  worker_manager.cpp:60] WorkerManager: FuncWorker of func_id 1, client_id 108 connected
I1102 18:30:02.584988 IO-0/EL  message_connection.cpp:269] FuncWorkerConnection[1-108]: Handshake done
I1102 18:30:02.585000 IO-0/EL  engine.cpp:277] Engine: Receive new handshake message from message connection
I1102 18:30:02.585004 IO-0/EL  worker_manager.cpp:60] WorkerManager: FuncWorker of func_id 1, client_id 109 connected
I1102 18:30:02.585017 IO-0/EL  message_connection.cpp:269] FuncWorkerConnection[1-109]: Handshake done
I1102 18:30:02.585032 IO-0/EL  engine.cpp:277] Engine: Receive new handshake message from message connection
I1102 18:30:02.585036 IO-0/EL  worker_manager.cpp:60] WorkerManager: FuncWorker of func_id 1, client_id 110 connected
I1102 18:30:02.585049 IO-0/EL  message_connection.cpp:269] FuncWorkerConnection[1-110]: Handshake done
I1102 18:30:02.585067 IO-0/EL  engine.cpp:277] Engine: Receive new handshake message from message connection
I1102 18:30:02.585071 IO-0/EL  worker_manager.cpp:60] WorkerManager: FuncWorker of func_id 1, client_id 111 connected
I1102 18:30:02.585084 IO-0/EL  message_connection.cpp:269] FuncWorkerConnection[1-111]: Handshake done
I1102 18:30:02.585099 IO-0/EL  engine.cpp:277] Engine: Receive new handshake message from message connection
I1102 18:30:02.585104 IO-0/EL  worker_manager.cpp:60] WorkerManager: FuncWorker of func_id 1, client_id 112 connected
I1102 18:30:02.585118 IO-0/EL  message_connection.cpp:269] FuncWorkerConnection[1-112]: Handshake done
I1102 18:30:02.585127 IO-0/EL  engine.cpp:277] Engine: Receive new handshake message from message connection
I1102 18:30:02.585131 IO-0/EL  worker_manager.cpp:60] WorkerManager: FuncWorker of func_id 1, client_id 113 connected
I1102 18:30:02.585153 IO-0/EL  message_connection.cpp:269] FuncWorkerConnection[1-113]: Handshake done
I1102 18:30:02.585283 Server/E engine.cpp:674] Engine: New message connection
I1102 18:30:02.585310 IO-0/EL  engine.cpp:277] Engine: Receive new handshake message from message connection
I1102 18:30:02.585315 IO-0/EL  worker_manager.cpp:60] WorkerManager: FuncWorker of func_id 1, client_id 114 connected
I1102 18:30:02.585328 IO-0/EL  message_connection.cpp:269] FuncWorkerConnection[1-114]: Handshake done
I1102 18:30:02.585963 Server/E engine.cpp:674] Engine: New message connection
I1102 18:30:02.585997 IO-0/EL  engine.cpp:277] Engine: Receive new handshake message from message connection
I1102 18:30:02.586002 IO-0/EL  worker_manager.cpp:60] WorkerManager: FuncWorker of func_id 1, client_id 115 connected
I1102 18:30:02.586019 IO-0/EL  message_connection.cpp:269] FuncWorkerConnection[1-115]: Handshake done
I1102 18:30:02.586394 Server/E engine.cpp:674] Engine: New message connection
I1102 18:30:02.586415 IO-0/EL  engine.cpp:277] Engine: Receive new handshake message from message connection
I1102 18:30:02.586419 IO-0/EL  worker_manager.cpp:60] WorkerManager: FuncWorker of func_id 1, client_id 116 connected
I1102 18:30:02.586432 IO-0/EL  message_connection.cpp:269] FuncWorkerConnection[1-116]: Handshake done
I1102 18:30:02.586967 Server/E engine.cpp:674] Engine: New message connection
I1102 18:30:02.586993 IO-0/EL  engine.cpp:277] Engine: Receive new handshake message from message connection
I1102 18:30:02.586998 IO-0/EL  worker_manager.cpp:60] WorkerManager: FuncWorker of func_id 1, client_id 117 connected
I1102 18:30:02.587012 IO-0/EL  message_connection.cpp:269] FuncWorkerConnection[1-117]: Handshake done
I1102 18:30:02.587426 Server/E engine.cpp:674] Engine: New message connection
I1102 18:30:02.587446 IO-0/EL  engine.cpp:277] Engine: Receive new handshake message from message connection
I1102 18:30:02.587451 IO-0/EL  worker_manager.cpp:60] WorkerManager: FuncWorker of func_id 1, client_id 118 connected
I1102 18:30:02.587476 IO-0/EL  message_connection.cpp:269] FuncWorkerConnection[1-118]: Handshake done
I1102 18:30:02.587919 Server/E engine.cpp:674] Engine: New message connection
I1102 18:30:02.587944 IO-0/EL  engine.cpp:277] Engine: Receive new handshake message from message connection
I1102 18:30:02.587949 IO-0/EL  worker_manager.cpp:60] WorkerManager: FuncWorker of func_id 1, client_id 119 connected
I1102 18:30:02.587962 IO-0/EL  message_connection.cpp:269] FuncWorkerConnection[1-119]: Handshake done
I1102 18:30:02.610064 Server/E engine.cpp:674] Engine: New message connection
I1102 18:30:02.610153 IO-0/EL  engine.cpp:277] Engine: Receive new handshake message from message connection
I1102 18:30:02.610159 IO-0/EL  worker_manager.cpp:60] WorkerManager: FuncWorker of func_id 1, client_id 121 connected
I1102 18:30:02.610180 IO-0/EL  message_connection.cpp:269] FuncWorkerConnection[1-121]: Handshake done
I1102 18:30:02.610386 Server/E engine.cpp:674] Engine: New message connection
I1102 18:30:02.610413 IO-0/EL  engine.cpp:277] Engine: Receive new handshake message from message connection
I1102 18:30:02.610418 IO-0/EL  worker_manager.cpp:60] WorkerManager: FuncWorker of func_id 1, client_id 120 connected
I1102 18:30:02.610431 IO-0/EL  message_connection.cpp:269] FuncWorkerConnection[1-120]: Handshake done
I1102 18:30:02.610520 Server/E engine.cpp:674] Engine: New message connection
I1102 18:30:02.610540 IO-0/EL  engine.cpp:277] Engine: Receive new handshake message from message connection
I1102 18:30:02.610544 IO-0/EL  worker_manager.cpp:60] WorkerManager: FuncWorker of func_id 1, client_id 122 connected
I1102 18:30:02.610561 IO-0/EL  message_connection.cpp:269] FuncWorkerConnection[1-122]: Handshake done
I1102 18:30:02.611008 Server/E engine.cpp:674] Engine: New message connection
I1102 18:30:02.611038 IO-0/EL  engine.cpp:277] Engine: Receive new handshake message from message connection
I1102 18:30:02.611042 IO-0/EL  worker_manager.cpp:60] WorkerManager: FuncWorker of func_id 1, client_id 123 connected
I1102 18:30:02.611055 IO-0/EL  message_connection.cpp:269] FuncWorkerConnection[1-123]: Handshake done
I1102 18:30:02.611428 Server/E engine.cpp:674] Engine: New message connection
I1102 18:30:02.611460 IO-0/EL  engine.cpp:277] Engine: Receive new handshake message from message connection
I1102 18:30:02.611465 IO-0/EL  worker_manager.cpp:60] WorkerManager: FuncWorker of func_id 1, client_id 124 connected
I1102 18:30:02.611478 IO-0/EL  message_connection.cpp:269] FuncWorkerConnection[1-124]: Handshake done
I1102 18:30:02.611907 Server/E engine.cpp:674] Engine: New message connection
I1102 18:30:02.611943 IO-0/EL  engine.cpp:277] Engine: Receive new handshake message from message connection
I1102 18:30:02.611948 IO-0/EL  worker_manager.cpp:60] WorkerManager: FuncWorker of func_id 1, client_id 125 connected
I1102 18:30:02.611960 IO-0/EL  message_connection.cpp:269] FuncWorkerConnection[1-125]: Handshake done
I1102 18:30:02.612693 Server/E engine.cpp:674] Engine: New message connection
I1102 18:30:02.612735 IO-0/EL  engine.cpp:277] Engine: Receive new handshake message from message connection
I1102 18:30:02.612740 IO-0/EL  worker_manager.cpp:60] WorkerManager: FuncWorker of func_id 1, client_id 126 connected
I1102 18:30:02.612754 IO-0/EL  message_connection.cpp:269] FuncWorkerConnection[1-126]: Handshake done
I1102 18:30:02.613275 Server/E engine.cpp:674] Engine: New message connection
I1102 18:30:02.613307 IO-0/EL  engine.cpp:277] Engine: Receive new handshake message from message connection
I1102 18:30:02.613312 IO-0/EL  worker_manager.cpp:60] WorkerManager: FuncWorker of func_id 1, client_id 127 connected
I1102 18:30:02.613330 IO-0/EL  message_connection.cpp:269] FuncWorkerConnection[1-127]: Handshake done
I1102 18:30:02.613671 Server/E engine.cpp:674] Engine: New message connection
I1102 18:30:02.613696 IO-0/EL  engine.cpp:277] Engine: Receive new handshake message from message connection
I1102 18:30:02.613701 IO-0/EL  worker_manager.cpp:60] WorkerManager: FuncWorker of func_id 1, client_id 128 connected
I1102 18:30:02.613724 IO-0/EL  message_connection.cpp:269] FuncWorkerConnection[1-128]: Handshake done
I1102 18:30:02.614269 Server/E engine.cpp:674] Engine: New message connection
I1102 18:30:02.614307 IO-0/EL  engine.cpp:277] Engine: Receive new handshake message from message connection
I1102 18:30:02.614312 IO-0/EL  worker_manager.cpp:60] WorkerManager: FuncWorker of func_id 1, client_id 129 connected
I1102 18:30:02.614325 IO-0/EL  message_connection.cpp:269] FuncWorkerConnection[1-129]: Handshake done
I1102 18:30:02.614717 Server/E engine.cpp:674] Engine: New message connection
I1102 18:30:02.614744 IO-0/EL  engine.cpp:277] Engine: Receive new handshake message from message connection
I1102 18:30:02.614749 IO-0/EL  worker_manager.cpp:60] WorkerManager: FuncWorker of func_id 1, client_id 130 connected
I1102 18:30:02.614761 IO-0/EL  message_connection.cpp:269] FuncWorkerConnection[1-130]: Handshake done
I1102 18:30:02.616241 Server/E engine.cpp:674] Engine: New message connection
I1102 18:30:02.616281 IO-0/EL  engine.cpp:277] Engine: Receive new handshake message from message connection
I1102 18:30:02.616286 IO-0/EL  worker_manager.cpp:60] WorkerManager: FuncWorker of func_id 1, client_id 132 connected
I1102 18:30:02.616302 IO-0/EL  message_connection.cpp:269] FuncWorkerConnection[1-132]: Handshake done
I1102 18:30:02.616332 Server/E engine.cpp:674] Engine: New message connection
I1102 18:30:02.616355 IO-0/EL  engine.cpp:277] Engine: Receive new handshake message from message connection
I1102 18:30:02.616360 IO-0/EL  worker_manager.cpp:60] WorkerManager: FuncWorker of func_id 1, client_id 133 connected
I1102 18:30:02.616373 IO-0/EL  message_connection.cpp:269] FuncWorkerConnection[1-133]: Handshake done
I1102 18:30:02.616480 Server/E engine.cpp:674] Engine: New message connection
I1102 18:30:02.616507 IO-0/EL  engine.cpp:277] Engine: Receive new handshake message from message connection
I1102 18:30:02.616511 IO-0/EL  worker_manager.cpp:60] WorkerManager: FuncWorker of func_id 1, client_id 131 connected
I1102 18:30:02.616524 IO-0/EL  message_connection.cpp:269] FuncWorkerConnection[1-131]: Handshake done
I1102 18:30:02.616823 Server/E engine.cpp:674] Engine: New message connection
I1102 18:30:02.616850 IO-0/EL  engine.cpp:277] Engine: Receive new handshake message from message connection
I1102 18:30:02.616855 IO-0/EL  worker_manager.cpp:60] WorkerManager: FuncWorker of func_id 1, client_id 134 connected
I1102 18:30:02.616868 IO-0/EL  message_connection.cpp:269] FuncWorkerConnection[1-134]: Handshake done
I1102 18:30:02.617282 Server/E engine.cpp:674] Engine: New message connection
I1102 18:30:02.617310 IO-0/EL  engine.cpp:277] Engine: Receive new handshake message from message connection
I1102 18:30:02.617315 IO-0/EL  worker_manager.cpp:60] WorkerManager: FuncWorker of func_id 1, client_id 135 connected
I1102 18:30:02.617328 IO-0/EL  message_connection.cpp:269] FuncWorkerConnection[1-135]: Handshake done
I1102 18:30:02.617730 Server/E engine.cpp:674] Engine: New message connection
I1102 18:30:02.617758 IO-0/EL  engine.cpp:277] Engine: Receive new handshake message from message connection
I1102 18:30:02.617763 IO-0/EL  worker_manager.cpp:60] WorkerManager: FuncWorker of func_id 1, client_id 136 connected
I1102 18:30:02.617775 IO-0/EL  message_connection.cpp:269] FuncWorkerConnection[1-136]: Handshake done
I1102 18:30:02.618234 Server/E engine.cpp:674] Engine: New message connection
I1102 18:30:02.618263 IO-0/EL  engine.cpp:277] Engine: Receive new handshake message from message connection
I1102 18:30:02.618268 IO-0/EL  worker_manager.cpp:60] WorkerManager: FuncWorker of func_id 1, client_id 137 connected
I1102 18:30:02.618281 IO-0/EL  message_connection.cpp:269] FuncWorkerConnection[1-137]: Handshake done
I1102 18:30:02.618674 Server/E engine.cpp:674] Engine: New message connection
I1102 18:30:02.618700 IO-0/EL  engine.cpp:277] Engine: Receive new handshake message from message connection
I1102 18:30:02.618705 IO-0/EL  worker_manager.cpp:60] WorkerManager: FuncWorker of func_id 1, client_id 138 connected
I1102 18:30:02.618731 IO-0/EL  message_connection.cpp:269] FuncWorkerConnection[1-138]: Handshake done
I1102 18:30:02.619155 Server/E engine.cpp:674] Engine: New message connection
I1102 18:30:02.619182 IO-0/EL  engine.cpp:277] Engine: Receive new handshake message from message connection
I1102 18:30:02.619187 IO-0/EL  worker_manager.cpp:60] WorkerManager: FuncWorker of func_id 1, client_id 139 connected
I1102 18:30:02.619200 IO-0/EL  message_connection.cpp:269] FuncWorkerConnection[1-139]: Handshake done
I1102 18:30:02.619625 Server/E engine.cpp:674] Engine: New message connection
I1102 18:30:02.619651 IO-0/EL  engine.cpp:277] Engine: Receive new handshake message from message connection
I1102 18:30:02.619656 IO-0/EL  worker_manager.cpp:60] WorkerManager: FuncWorker of func_id 1, client_id 140 connected
I1102 18:30:02.619672 IO-0/EL  message_connection.cpp:269] FuncWorkerConnection[1-140]: Handshake done
I1102 18:30:02.620066 Server/E engine.cpp:674] Engine: New message connection
I1102 18:30:02.620099 IO-0/EL  engine.cpp:277] Engine: Receive new handshake message from message connection
I1102 18:30:02.620104 IO-0/EL  worker_manager.cpp:60] WorkerManager: FuncWorker of func_id 1, client_id 141 connected
I1102 18:30:02.620117 IO-0/EL  message_connection.cpp:269] FuncWorkerConnection[1-141]: Handshake done
I1102 18:30:02.620538 Server/E engine.cpp:674] Engine: New message connection
I1102 18:30:02.620567 IO-0/EL  engine.cpp:277] Engine: Receive new handshake message from message connection
I1102 18:30:02.620572 IO-0/EL  worker_manager.cpp:60] WorkerManager: FuncWorker of func_id 1, client_id 142 connected
I1102 18:30:02.620584 IO-0/EL  message_connection.cpp:269] FuncWorkerConnection[1-142]: Handshake done
I1102 18:30:02.621034 Server/E engine.cpp:674] Engine: New message connection
I1102 18:30:02.621064 IO-0/EL  engine.cpp:277] Engine: Receive new handshake message from message connection
I1102 18:30:02.621069 IO-0/EL  worker_manager.cpp:60] WorkerManager: FuncWorker of func_id 1, client_id 143 connected
I1102 18:30:02.621082 IO-0/EL  message_connection.cpp:269] FuncWorkerConnection[1-143]: Handshake done
I1102 18:30:02.621474 Server/E engine.cpp:674] Engine: New message connection
I1102 18:30:02.621506 IO-0/EL  engine.cpp:277] Engine: Receive new handshake message from message connection
I1102 18:30:02.621511 IO-0/EL  worker_manager.cpp:60] WorkerManager: FuncWorker of func_id 1, client_id 144 connected
I1102 18:30:02.621524 IO-0/EL  message_connection.cpp:269] FuncWorkerConnection[1-144]: Handshake done
I1102 18:30:02.621951 Server/E engine.cpp:674] Engine: New message connection
I1102 18:30:02.621979 IO-0/EL  engine.cpp:277] Engine: Receive new handshake message from message connection
I1102 18:30:02.621984 IO-0/EL  worker_manager.cpp:60] WorkerManager: FuncWorker of func_id 1, client_id 145 connected
I1102 18:30:02.621996 IO-0/EL  message_connection.cpp:269] FuncWorkerConnection[1-145]: Handshake done
I1102 18:30:02.622473 Server/E engine.cpp:674] Engine: New message connection
I1102 18:30:02.622505 IO-0/EL  engine.cpp:277] Engine: Receive new handshake message from message connection
I1102 18:30:02.622509 IO-0/EL  worker_manager.cpp:60] WorkerManager: FuncWorker of func_id 1, client_id 146 connected
I1102 18:30:02.622522 IO-0/EL  message_connection.cpp:269] FuncWorkerConnection[1-146]: Handshake done
I1102 18:30:02.622887 Server/E engine.cpp:674] Engine: New message connection
I1102 18:30:02.622917 IO-0/EL  engine.cpp:277] Engine: Receive new handshake message from message connection
I1102 18:30:02.622921 IO-0/EL  worker_manager.cpp:60] WorkerManager: FuncWorker of func_id 1, client_id 147 connected
I1102 18:30:02.622936 IO-0/EL  message_connection.cpp:269] FuncWorkerConnection[1-147]: Handshake done
I1102 18:30:02.623391 Server/E engine.cpp:674] Engine: New message connection
I1102 18:30:02.623422 IO-0/EL  engine.cpp:277] Engine: Receive new handshake message from message connection
I1102 18:30:02.623427 IO-0/EL  worker_manager.cpp:60] WorkerManager: FuncWorker of func_id 1, client_id 148 connected
I1102 18:30:02.623446 IO-0/EL  message_connection.cpp:269] FuncWorkerConnection[1-148]: Handshake done
I1102 18:30:02.623834 Server/E engine.cpp:674] Engine: New message connection
I1102 18:30:02.623863 IO-0/EL  engine.cpp:277] Engine: Receive new handshake message from message connection
I1102 18:30:02.623867 IO-0/EL  worker_manager.cpp:60] WorkerManager: FuncWorker of func_id 1, client_id 149 connected
I1102 18:30:02.623880 IO-0/EL  message_connection.cpp:269] FuncWorkerConnection[1-149]: Handshake done
I1102 18:30:02.624305 Server/E engine.cpp:674] Engine: New message connection
I1102 18:30:02.624334 IO-0/EL  engine.cpp:277] Engine: Receive new handshake message from message connection
I1102 18:30:02.624339 IO-0/EL  worker_manager.cpp:60] WorkerManager: FuncWorker of func_id 1, client_id 150 connected
I1102 18:30:02.624356 IO-0/EL  message_connection.cpp:269] FuncWorkerConnection[1-150]: Handshake done
I1102 18:30:02.624798 Server/E engine.cpp:674] Engine: New message connection
I1102 18:30:02.624826 IO-0/EL  engine.cpp:277] Engine: Receive new handshake message from message connection
I1102 18:30:02.624831 IO-0/EL  worker_manager.cpp:60] WorkerManager: FuncWorker of func_id 1, client_id 151 connected
I1102 18:30:02.624844 IO-0/EL  message_connection.cpp:269] FuncWorkerConnection[1-151]: Handshake done
I1102 18:30:02.625237 Server/E engine.cpp:674] Engine: New message connection
I1102 18:30:02.625268 IO-0/EL  engine.cpp:277] Engine: Receive new handshake message from message connection
I1102 18:30:02.625273 IO-0/EL  worker_manager.cpp:60] WorkerManager: FuncWorker of func_id 1, client_id 152 connected
I1102 18:30:02.625285 IO-0/EL  message_connection.cpp:269] FuncWorkerConnection[1-152]: Handshake done
I1102 18:30:02.625702 Server/E engine.cpp:674] Engine: New message connection
I1102 18:30:02.625736 IO-0/EL  engine.cpp:277] Engine: Receive new handshake message from message connection
I1102 18:30:02.625741 IO-0/EL  worker_manager.cpp:60] WorkerManager: FuncWorker of func_id 1, client_id 153 connected
I1102 18:30:02.625754 IO-0/EL  message_connection.cpp:269] FuncWorkerConnection[1-153]: Handshake done
I1102 18:30:02.626197 Server/E engine.cpp:674] Engine: New message connection
I1102 18:30:02.626229 IO-0/EL  engine.cpp:277] Engine: Receive new handshake message from message connection
I1102 18:30:02.626233 IO-0/EL  worker_manager.cpp:60] WorkerManager: FuncWorker of func_id 1, client_id 154 connected
I1102 18:30:02.626246 IO-0/EL  message_connection.cpp:269] FuncWorkerConnection[1-154]: Handshake done
I1102 18:30:02.626652 Server/E engine.cpp:674] Engine: New message connection
I1102 18:30:02.626678 IO-0/EL  engine.cpp:277] Engine: Receive new handshake message from message connection
I1102 18:30:02.626682 IO-0/EL  worker_manager.cpp:60] WorkerManager: FuncWorker of func_id 1, client_id 155 connected
I1102 18:30:02.626698 IO-0/EL  message_connection.cpp:269] FuncWorkerConnection[1-155]: Handshake done
I1102 18:30:02.627116 Server/E engine.cpp:674] Engine: New message connection
I1102 18:30:02.627145 IO-0/EL  engine.cpp:277] Engine: Receive new handshake message from message connection
I1102 18:30:02.627149 IO-0/EL  worker_manager.cpp:60] WorkerManager: FuncWorker of func_id 1, client_id 156 connected
I1102 18:30:02.627162 IO-0/EL  message_connection.cpp:269] FuncWorkerConnection[1-156]: Handshake done
I1102 18:30:02.627655 Server/E engine.cpp:674] Engine: New message connection
I1102 18:30:02.627685 IO-0/EL  engine.cpp:277] Engine: Receive new handshake message from message connection
I1102 18:30:02.627690 IO-0/EL  worker_manager.cpp:60] WorkerManager: FuncWorker of func_id 1, client_id 157 connected
I1102 18:30:02.627703 IO-0/EL  message_connection.cpp:269] FuncWorkerConnection[1-157]: Handshake done
I1102 18:30:02.628052 Server/E engine.cpp:674] Engine: New message connection
I1102 18:30:02.628079 IO-0/EL  engine.cpp:277] Engine: Receive new handshake message from message connection
I1102 18:30:02.628084 IO-0/EL  worker_manager.cpp:60] WorkerManager: FuncWorker of func_id 1, client_id 158 connected
I1102 18:30:02.628102 IO-0/EL  message_connection.cpp:269] FuncWorkerConnection[1-158]: Handshake done
I1102 18:30:02.628656 Server/E engine.cpp:674] Engine: New message connection
I1102 18:30:02.628687 IO-0/EL  engine.cpp:277] Engine: Receive new handshake message from message connection
I1102 18:30:02.628692 IO-0/EL  worker_manager.cpp:60] WorkerManager: FuncWorker of func_id 1, client_id 159 connected
I1102 18:30:02.628705 IO-0/EL  message_connection.cpp:269] FuncWorkerConnection[1-159]: Handshake done
I1102 18:30:02.628988 Server/E engine.cpp:674] Engine: New message connection
I1102 18:30:02.629015 IO-0/EL  engine.cpp:277] Engine: Receive new handshake message from message connection
I1102 18:30:02.629019 IO-0/EL  worker_manager.cpp:60] WorkerManager: FuncWorker of func_id 1, client_id 160 connected
I1102 18:30:02.629032 IO-0/EL  message_connection.cpp:269] FuncWorkerConnection[1-160]: Handshake done
I1102 18:30:02.629459 Server/E engine.cpp:674] Engine: New message connection
I1102 18:30:02.629495 IO-0/EL  engine.cpp:277] Engine: Receive new handshake message from message connection
I1102 18:30:02.629499 IO-0/EL  worker_manager.cpp:60] WorkerManager: FuncWorker of func_id 1, client_id 161 connected
I1102 18:30:02.629512 IO-0/EL  message_connection.cpp:269] FuncWorkerConnection[1-161]: Handshake done
I1102 18:30:02.629974 Server/E engine.cpp:674] Engine: New message connection
I1102 18:30:02.630005 IO-0/EL  engine.cpp:277] Engine: Receive new handshake message from message connection
I1102 18:30:02.630009 IO-0/EL  worker_manager.cpp:60] WorkerManager: FuncWorker of func_id 1, client_id 162 connected
I1102 18:30:02.630023 IO-0/EL  message_connection.cpp:269] FuncWorkerConnection[1-162]: Handshake done
I1102 18:30:02.630405 Server/E engine.cpp:674] Engine: New message connection
I1102 18:30:02.630440 IO-0/EL  engine.cpp:277] Engine: Receive new handshake message from message connection
I1102 18:30:02.630445 IO-0/EL  worker_manager.cpp:60] WorkerManager: FuncWorker of func_id 1, client_id 163 connected
I1102 18:30:02.630459 IO-0/EL  message_connection.cpp:269] FuncWorkerConnection[1-163]: Handshake done
I1102 18:30:02.630873 Server/E engine.cpp:674] Engine: New message connection
I1102 18:30:02.644745 Server/E engine.cpp:674] Engine: New message connection
I1102 18:30:02.644791 Server/E engine.cpp:674] Engine: New message connection
I1102 18:30:02.644793 IO-0/EL  engine.cpp:277] Engine: Receive new handshake message from message connection
I1102 18:30:02.644815 Server/E engine.cpp:674] Engine: New message connection
I1102 18:30:02.644816 IO-0/EL  worker_manager.cpp:60] WorkerManager: FuncWorker of func_id 1, client_id 164 connected
I1102 18:30:02.644836 Server/E engine.cpp:674] Engine: New message connection
I1102 18:30:02.644854 IO-0/EL  message_connection.cpp:269] FuncWorkerConnection[1-164]: Handshake done
I1102 18:30:02.644855 Server/E engine.cpp:674] Engine: New message connection
I1102 18:30:02.644898 Server/E engine.cpp:674] Engine: New message connection
I1102 18:30:02.644901 IO-0/EL  engine.cpp:277] Engine: Receive new handshake message from message connection
I1102 18:30:02.644911 IO-0/EL  worker_manager.cpp:60] WorkerManager: FuncWorker of func_id 1, client_id 165 connected
I1102 18:30:02.644919 Server/E engine.cpp:674] Engine: New message connection
I1102 18:30:02.644933 IO-0/EL  message_connection.cpp:269] FuncWorkerConnection[1-165]: Handshake done
I1102 18:30:02.644946 Server/E engine.cpp:674] Engine: New message connection
I1102 18:30:02.644955 IO-0/EL  engine.cpp:277] Engine: Receive new handshake message from message connection
I1102 18:30:02.644962 IO-0/EL  worker_manager.cpp:60] WorkerManager: FuncWorker of func_id 1, client_id 166 connected
I1102 18:30:02.644970 Server/E engine.cpp:674] Engine: New message connection
I1102 18:30:02.644986 IO-0/EL  message_connection.cpp:269] FuncWorkerConnection[1-166]: Handshake done
I1102 18:30:02.644990 Server/E engine.cpp:674] Engine: New message connection
I1102 18:30:02.645010 IO-0/EL  engine.cpp:277] Engine: Receive new handshake message from message connection
I1102 18:30:02.645033 IO-0/EL  worker_manager.cpp:60] WorkerManager: FuncWorker of func_id 1, client_id 167 connected
I1102 18:30:02.645012 Server/E engine.cpp:674] Engine: New message connection
I1102 18:30:02.645055 IO-0/EL  message_connection.cpp:269] FuncWorkerConnection[1-167]: Handshake done
I1102 18:30:02.645061 Server/E engine.cpp:674] Engine: New message connection
I1102 18:30:02.645077 IO-0/EL  engine.cpp:277] Engine: Receive new handshake message from message connection
I1102 18:30:02.645083 Server/E engine.cpp:674] Engine: New message connection
I1102 18:30:02.645083 IO-0/EL  worker_manager.cpp:60] WorkerManager: FuncWorker of func_id 1, client_id 168 connected
I1102 18:30:02.645114 Server/E engine.cpp:674] Engine: New message connection
I1102 18:30:02.645124 IO-0/EL  message_connection.cpp:269] FuncWorkerConnection[1-168]: Handshake done
I1102 18:30:02.645134 Server/E engine.cpp:674] Engine: New message connection
I1102 18:30:02.645150 IO-0/EL  engine.cpp:277] Engine: Receive new handshake message from message connection
I1102 18:30:02.645158 IO-0/EL  worker_manager.cpp:60] WorkerManager: FuncWorker of func_id 1, client_id 169 connected
I1102 18:30:02.645158 Server/E engine.cpp:674] Engine: New message connection
I1102 18:30:02.645180 IO-0/EL  message_connection.cpp:269] FuncWorkerConnection[1-169]: Handshake done
I1102 18:30:02.645187 Server/E engine.cpp:674] Engine: New message connection
I1102 18:30:02.645201 IO-0/EL  engine.cpp:277] Engine: Receive new handshake message from message connection
I1102 18:30:02.645207 Server/E engine.cpp:674] Engine: New message connection
I1102 18:30:02.645208 IO-0/EL  worker_manager.cpp:60] WorkerManager: FuncWorker of func_id 1, client_id 170 connected
I1102 18:30:02.645233 Server/E engine.cpp:674] Engine: New message connection
I1102 18:30:02.645248 IO-0/EL  message_connection.cpp:269] FuncWorkerConnection[1-170]: Handshake done
I1102 18:30:02.645253 Server/E engine.cpp:674] Engine: New message connection
I1102 18:30:02.645270 IO-0/EL  engine.cpp:277] Engine: Receive new handshake message from message connection
I1102 18:30:02.645274 Server/E engine.cpp:674] Engine: New message connection
I1102 18:30:02.645277 IO-0/EL  worker_manager.cpp:60] WorkerManager: FuncWorker of func_id 1, client_id 171 connected
I1102 18:30:02.645298 Server/E engine.cpp:674] Engine: New message connection
I1102 18:30:02.645303 IO-0/EL  message_connection.cpp:269] FuncWorkerConnection[1-171]: Handshake done
I1102 18:30:02.645315 Server/E engine.cpp:674] Engine: New message connection
I1102 18:30:02.645329 IO-0/EL  engine.cpp:277] Engine: Receive new handshake message from message connection
I1102 18:30:02.645337 IO-0/EL  worker_manager.cpp:60] WorkerManager: FuncWorker of func_id 1, client_id 172 connected
I1102 18:30:02.645337 Server/E engine.cpp:674] Engine: New message connection
I1102 18:30:02.645364 IO-0/EL  message_connection.cpp:269] FuncWorkerConnection[1-172]: Handshake done
I1102 18:30:02.645372 Server/E engine.cpp:674] Engine: New message connection
I1102 18:30:02.645384 IO-0/EL  engine.cpp:277] Engine: Receive new handshake message from message connection
I1102 18:30:02.645391 IO-0/EL  worker_manager.cpp:60] WorkerManager: FuncWorker of func_id 1, client_id 173 connected
I1102 18:30:02.645395 Server/E engine.cpp:674] Engine: New message connection
I1102 18:30:02.645411 IO-0/EL  message_connection.cpp:269] FuncWorkerConnection[1-173]: Handshake done
I1102 18:30:02.645418 Server/E engine.cpp:674] Engine: New message connection
I1102 18:30:02.645437 IO-0/EL  engine.cpp:277] Engine: Receive new handshake message from message connection
I1102 18:30:02.645440 Server/E engine.cpp:674] Engine: New message connection
I1102 18:30:02.645444 IO-0/EL  worker_manager.cpp:60] WorkerManager: FuncWorker of func_id 1, client_id 174 connected
I1102 18:30:02.645468 IO-0/EL  message_connection.cpp:269] FuncWorkerConnection[1-174]: Handshake done
I1102 18:30:02.645488 IO-0/EL  engine.cpp:277] Engine: Receive new handshake message from message connection
I1102 18:30:02.645505 IO-0/EL  worker_manager.cpp:60] WorkerManager: FuncWorker of func_id 1, client_id 176 connected
I1102 18:30:02.645526 IO-0/EL  message_connection.cpp:269] FuncWorkerConnection[1-176]: Handshake done
I1102 18:30:02.645551 IO-0/EL  engine.cpp:277] Engine: Receive new handshake message from message connection
I1102 18:30:02.645557 IO-0/EL  worker_manager.cpp:60] WorkerManager: FuncWorker of func_id 1, client_id 175 connected
I1102 18:30:02.645576 IO-0/EL  message_connection.cpp:269] FuncWorkerConnection[1-175]: Handshake done
I1102 18:30:02.645595 IO-0/EL  engine.cpp:277] Engine: Receive new handshake message from message connection
I1102 18:30:02.645602 IO-0/EL  worker_manager.cpp:60] WorkerManager: FuncWorker of func_id 1, client_id 177 connected
I1102 18:30:02.645622 IO-0/EL  message_connection.cpp:269] FuncWorkerConnection[1-177]: Handshake done
I1102 18:30:02.645646 IO-0/EL  engine.cpp:277] Engine: Receive new handshake message from message connection
I1102 18:30:02.645653 IO-0/EL  worker_manager.cpp:60] WorkerManager: FuncWorker of func_id 1, client_id 178 connected
I1102 18:30:02.645680 IO-0/EL  message_connection.cpp:269] FuncWorkerConnection[1-178]: Handshake done
I1102 18:30:02.645699 IO-0/EL  engine.cpp:277] Engine: Receive new handshake message from message connection
I1102 18:30:02.645706 IO-0/EL  worker_manager.cpp:60] WorkerManager: FuncWorker of func_id 1, client_id 179 connected
I1102 18:30:02.645736 IO-0/EL  message_connection.cpp:269] FuncWorkerConnection[1-179]: Handshake done
I1102 18:30:02.645765 IO-0/EL  engine.cpp:277] Engine: Receive new handshake message from message connection
I1102 18:30:02.645772 IO-0/EL  worker_manager.cpp:60] WorkerManager: FuncWorker of func_id 1, client_id 180 connected
I1102 18:30:02.645793 IO-0/EL  message_connection.cpp:269] FuncWorkerConnection[1-180]: Handshake done
I1102 18:30:02.645814 IO-0/EL  engine.cpp:277] Engine: Receive new handshake message from message connection
I1102 18:30:02.645820 IO-0/EL  worker_manager.cpp:60] WorkerManager: FuncWorker of func_id 1, client_id 181 connected
I1102 18:30:02.645841 IO-0/EL  message_connection.cpp:269] FuncWorkerConnection[1-181]: Handshake done
I1102 18:30:02.645869 IO-0/EL  engine.cpp:277] Engine: Receive new handshake message from message connection
I1102 18:30:02.645877 IO-0/EL  worker_manager.cpp:60] WorkerManager: FuncWorker of func_id 1, client_id 182 connected
I1102 18:30:02.645899 IO-0/EL  message_connection.cpp:269] FuncWorkerConnection[1-182]: Handshake done
I1102 18:30:02.645919 IO-0/EL  engine.cpp:277] Engine: Receive new handshake message from message connection
I1102 18:30:02.645926 IO-0/EL  worker_manager.cpp:60] WorkerManager: FuncWorker of func_id 1, client_id 183 connected
I1102 18:30:02.645946 IO-0/EL  message_connection.cpp:269] FuncWorkerConnection[1-183]: Handshake done
I1102 18:30:02.645977 IO-0/EL  engine.cpp:277] Engine: Receive new handshake message from message connection
I1102 18:30:02.645984 IO-0/EL  worker_manager.cpp:60] WorkerManager: FuncWorker of func_id 1, client_id 184 connected
I1102 18:30:02.645991 Server/E engine.cpp:674] Engine: New message connection
I1102 18:30:02.646005 IO-0/EL  message_connection.cpp:269] FuncWorkerConnection[1-184]: Handshake done
I1102 18:30:02.646021 IO-0/EL  engine.cpp:277] Engine: Receive new handshake message from message connection
I1102 18:30:02.646025 IO-0/EL  worker_manager.cpp:60] WorkerManager: FuncWorker of func_id 1, client_id 185 connected
I1102 18:30:02.646041 IO-0/EL  message_connection.cpp:269] FuncWorkerConnection[1-185]: Handshake done
I1102 18:30:02.646056 IO-0/EL  engine.cpp:277] Engine: Receive new handshake message from message connection
I1102 18:30:02.646060 IO-0/EL  worker_manager.cpp:60] WorkerManager: FuncWorker of func_id 1, client_id 186 connected
I1102 18:30:02.646073 IO-0/EL  message_connection.cpp:269] FuncWorkerConnection[1-186]: Handshake done
I1102 18:30:02.646085 IO-0/EL  engine.cpp:277] Engine: Receive new handshake message from message connection
I1102 18:30:02.646089 IO-0/EL  worker_manager.cpp:60] WorkerManager: FuncWorker of func_id 1, client_id 187 connected
I1102 18:30:02.646115 IO-0/EL  message_connection.cpp:269] FuncWorkerConnection[1-187]: Handshake done
I1102 18:30:02.646128 IO-0/EL  engine.cpp:277] Engine: Receive new handshake message from message connection
I1102 18:30:02.646132 IO-0/EL  worker_manager.cpp:60] WorkerManager: FuncWorker of func_id 1, client_id 188 connected
I1102 18:30:02.646144 IO-0/EL  message_connection.cpp:269] FuncWorkerConnection[1-188]: Handshake done
I1102 18:30:02.646159 IO-0/EL  engine.cpp:277] Engine: Receive new handshake message from message connection
I1102 18:30:02.646163 IO-0/EL  worker_manager.cpp:60] WorkerManager: FuncWorker of func_id 1, client_id 189 connected
I1102 18:30:02.646177 IO-0/EL  message_connection.cpp:269] FuncWorkerConnection[1-189]: Handshake done
I1102 18:30:02.646189 IO-0/EL  engine.cpp:277] Engine: Receive new handshake message from message connection
I1102 18:30:02.646193 IO-0/EL  worker_manager.cpp:60] WorkerManager: FuncWorker of func_id 1, client_id 190 connected
I1102 18:30:02.646205 IO-0/EL  message_connection.cpp:269] FuncWorkerConnection[1-190]: Handshake done
I1102 18:30:02.646221 IO-0/EL  engine.cpp:277] Engine: Receive new handshake message from message connection
I1102 18:30:02.646225 IO-0/EL  worker_manager.cpp:60] WorkerManager: FuncWorker of func_id 1, client_id 191 connected
I1102 18:30:02.646232 Server/E engine.cpp:674] Engine: New message connection
I1102 18:30:02.646239 IO-0/EL  message_connection.cpp:269] FuncWorkerConnection[1-191]: Handshake done
I1102 18:30:02.646266 IO-0/EL  engine.cpp:277] Engine: Receive new handshake message from message connection
I1102 18:30:02.646270 IO-0/EL  worker_manager.cpp:60] WorkerManager: FuncWorker of func_id 1, client_id 192 connected
I1102 18:30:02.646282 IO-0/EL  message_connection.cpp:269] FuncWorkerConnection[1-192]: Handshake done
I1102 18:30:02.646302 IO-0/EL  engine.cpp:277] Engine: Receive new handshake message from message connection
I1102 18:30:02.646309 IO-0/EL  worker_manager.cpp:60] WorkerManager: FuncWorker of func_id 1, client_id 193 connected
I1102 18:30:02.646323 IO-0/EL  message_connection.cpp:269] FuncWorkerConnection[1-193]: Handshake done
I1102 18:30:02.646338 IO-0/EL  engine.cpp:277] Engine: Receive new handshake message from message connection
I1102 18:30:02.646345 IO-0/EL  worker_manager.cpp:60] WorkerManager: FuncWorker of func_id 1, client_id 194 connected
I1102 18:30:02.646363 IO-0/EL  message_connection.cpp:269] FuncWorkerConnection[1-194]: Handshake done
I1102 18:30:02.646407 Server/E engine.cpp:674] Engine: New message connection
I1102 18:30:02.646435 IO-0/EL  engine.cpp:277] Engine: Receive new handshake message from message connection
I1102 18:30:02.646440 IO-0/EL  worker_manager.cpp:60] WorkerManager: FuncWorker of func_id 1, client_id 195 connected
I1102 18:30:02.646454 IO-0/EL  message_connection.cpp:269] FuncWorkerConnection[1-195]: Handshake done
I1102 18:30:02.646901 Server/E engine.cpp:674] Engine: New message connection
I1102 18:30:02.646936 IO-0/EL  engine.cpp:277] Engine: Receive new handshake message from message connection
I1102 18:30:02.646941 IO-0/EL  worker_manager.cpp:60] WorkerManager: FuncWorker of func_id 1, client_id 196 connected
I1102 18:30:02.646954 IO-0/EL  message_connection.cpp:269] FuncWorkerConnection[1-196]: Handshake done
I1102 18:30:02.647401 Server/E engine.cpp:674] Engine: New message connection
I1102 18:30:02.647428 IO-0/EL  engine.cpp:277] Engine: Receive new handshake message from message connection
I1102 18:30:02.647432 IO-0/EL  worker_manager.cpp:60] WorkerManager: FuncWorker of func_id 1, client_id 197 connected
I1102 18:30:02.647446 IO-0/EL  message_connection.cpp:269] FuncWorkerConnection[1-197]: Handshake done
I1102 18:30:02.647887 Server/E engine.cpp:674] Engine: New message connection
I1102 18:30:02.647910 IO-0/EL  engine.cpp:277] Engine: Receive new handshake message from message connection
I1102 18:30:02.647915 IO-0/EL  worker_manager.cpp:60] WorkerManager: FuncWorker of func_id 1, client_id 198 connected
I1102 18:30:02.647928 IO-0/EL  message_connection.cpp:269] FuncWorkerConnection[1-198]: Handshake done
I1102 18:30:02.648372 Server/E engine.cpp:674] Engine: New message connection
I1102 18:30:02.648396 IO-0/EL  engine.cpp:277] Engine: Receive new handshake message from message connection
I1102 18:30:02.648401 IO-0/EL  worker_manager.cpp:60] WorkerManager: FuncWorker of func_id 1, client_id 199 connected
I1102 18:30:02.648414 IO-0/EL  message_connection.cpp:269] FuncWorkerConnection[1-199]: Handshake done
I1102 18:30:02.648884 Server/E engine.cpp:674] Engine: New message connection
I1102 18:30:02.648908 IO-0/EL  engine.cpp:277] Engine: Receive new handshake message from message connection
I1102 18:30:02.648912 IO-0/EL  worker_manager.cpp:60] WorkerManager: FuncWorker of func_id 1, client_id 200 connected
I1102 18:30:02.648926 IO-0/EL  message_connection.cpp:269] FuncWorkerConnection[1-200]: Handshake done
I1102 18:30:02.649324 Server/E engine.cpp:674] Engine: New message connection
I1102 18:30:02.649347 IO-0/EL  engine.cpp:277] Engine: Receive new handshake message from message connection
I1102 18:30:02.649352 IO-0/EL  worker_manager.cpp:60] WorkerManager: FuncWorker of func_id 1, client_id 201 connected
I1102 18:30:02.649365 IO-0/EL  message_connection.cpp:269] FuncWorkerConnection[1-201]: Handshake done
I1102 18:30:02.649792 Server/E engine.cpp:674] Engine: New message connection
I1102 18:30:02.649815 IO-0/EL  engine.cpp:277] Engine: Receive new handshake message from message connection
I1102 18:30:02.649820 IO-0/EL  worker_manager.cpp:60] WorkerManager: FuncWorker of func_id 1, client_id 202 connected
I1102 18:30:02.649833 IO-0/EL  message_connection.cpp:269] FuncWorkerConnection[1-202]: Handshake done
I1102 18:30:02.650287 Server/E engine.cpp:674] Engine: New message connection
I1102 18:30:02.650315 IO-0/EL  engine.cpp:277] Engine: Receive new handshake message from message connection
I1102 18:30:02.650320 IO-0/EL  worker_manager.cpp:60] WorkerManager: FuncWorker of func_id 1, client_id 203 connected
I1102 18:30:02.650333 IO-0/EL  message_connection.cpp:269] FuncWorkerConnection[1-203]: Handshake done
I1102 18:30:02.650784 Server/E engine.cpp:674] Engine: New message connection
I1102 18:30:02.650806 IO-0/EL  engine.cpp:277] Engine: Receive new handshake message from message connection
I1102 18:30:02.650811 IO-0/EL  worker_manager.cpp:60] WorkerManager: FuncWorker of func_id 1, client_id 204 connected
I1102 18:30:02.650827 IO-0/EL  message_connection.cpp:269] FuncWorkerConnection[1-204]: Handshake done
I1102 18:30:02.651250 Server/E engine.cpp:674] Engine: New message connection
I1102 18:30:02.651271 IO-0/EL  engine.cpp:277] Engine: Receive new handshake message from message connection
I1102 18:30:02.651276 IO-0/EL  worker_manager.cpp:60] WorkerManager: FuncWorker of func_id 1, client_id 205 connected
I1102 18:30:02.651289 IO-0/EL  message_connection.cpp:269] FuncWorkerConnection[1-205]: Handshake done
I1102 18:30:02.651733 Server/E engine.cpp:674] Engine: New message connection
I1102 18:30:02.651820 IO-0/EL  engine.cpp:277] Engine: Receive new handshake message from message connection
I1102 18:30:02.651826 IO-0/EL  worker_manager.cpp:60] WorkerManager: FuncWorker of func_id 1, client_id 206 connected
I1102 18:30:02.651840 IO-0/EL  message_connection.cpp:269] FuncWorkerConnection[1-206]: Handshake done
I1102 18:30:02.653076 Server/E engine.cpp:674] Engine: New message connection
I1102 18:30:02.653100 IO-0/EL  engine.cpp:277] Engine: Receive new handshake message from message connection
I1102 18:30:02.653105 IO-0/EL  worker_manager.cpp:60] WorkerManager: FuncWorker of func_id 1, client_id 208 connected
I1102 18:30:02.653119 IO-0/EL  message_connection.cpp:269] FuncWorkerConnection[1-208]: Handshake done
I1102 18:30:02.653190 Server/E engine.cpp:674] Engine: New message connection
I1102 18:30:02.653217 IO-0/EL  engine.cpp:277] Engine: Receive new handshake message from message connection
I1102 18:30:02.653222 IO-0/EL  worker_manager.cpp:60] WorkerManager: FuncWorker of func_id 1, client_id 207 connected
I1102 18:30:02.653236 IO-0/EL  message_connection.cpp:269] FuncWorkerConnection[1-207]: Handshake done
I1102 18:30:02.653568 Server/E engine.cpp:674] Engine: New message connection
I1102 18:30:02.653587 IO-0/EL  engine.cpp:277] Engine: Receive new handshake message from message connection
I1102 18:30:02.653592 IO-0/EL  worker_manager.cpp:60] WorkerManager: FuncWorker of func_id 1, client_id 209 connected
I1102 18:30:02.653605 IO-0/EL  message_connection.cpp:269] FuncWorkerConnection[1-209]: Handshake done
I1102 18:30:02.654186 Server/E engine.cpp:674] Engine: New message connection
I1102 18:30:02.654214 IO-0/EL  engine.cpp:277] Engine: Receive new handshake message from message connection
I1102 18:30:02.654219 IO-0/EL  worker_manager.cpp:60] WorkerManager: FuncWorker of func_id 1, client_id 210 connected
I1102 18:30:02.654236 IO-0/EL  message_connection.cpp:269] FuncWorkerConnection[1-210]: Handshake done
I1102 18:30:02.654485 Server/E engine.cpp:674] Engine: New message connection
I1102 18:30:02.654504 IO-0/EL  engine.cpp:277] Engine: Receive new handshake message from message connection
I1102 18:30:02.654508 IO-0/EL  worker_manager.cpp:60] WorkerManager: FuncWorker of func_id 1, client_id 211 connected
I1102 18:30:02.654521 IO-0/EL  message_connection.cpp:269] FuncWorkerConnection[1-211]: Handshake done
I1102 18:30:02.654951 Server/E engine.cpp:674] Engine: New message connection
I1102 18:30:02.654978 IO-0/EL  engine.cpp:277] Engine: Receive new handshake message from message connection
I1102 18:30:02.654983 IO-0/EL  worker_manager.cpp:60] WorkerManager: FuncWorker of func_id 1, client_id 212 connected
I1102 18:30:02.654996 IO-0/EL  message_connection.cpp:269] FuncWorkerConnection[1-212]: Handshake done
I1102 18:30:02.655442 Server/E engine.cpp:674] Engine: New message connection
I1102 18:30:02.655465 IO-0/EL  engine.cpp:277] Engine: Receive new handshake message from message connection
I1102 18:30:02.655469 IO-0/EL  worker_manager.cpp:60] WorkerManager: FuncWorker of func_id 1, client_id 213 connected
I1102 18:30:02.655481 IO-0/EL  message_connection.cpp:269] FuncWorkerConnection[1-213]: Handshake done
I1102 18:30:02.656226 Server/E engine.cpp:674] Engine: New message connection
I1102 18:30:02.656251 IO-0/EL  engine.cpp:277] Engine: Receive new handshake message from message connection
I1102 18:30:02.656256 IO-0/EL  worker_manager.cpp:60] WorkerManager: FuncWorker of func_id 1, client_id 214 connected
I1102 18:30:02.656270 IO-0/EL  message_connection.cpp:269] FuncWorkerConnection[1-214]: Handshake done
I1102 18:30:02.656483 Server/E engine.cpp:674] Engine: New message connection
I1102 18:30:02.656504 IO-0/EL  engine.cpp:277] Engine: Receive new handshake message from message connection
I1102 18:30:02.656508 IO-0/EL  worker_manager.cpp:60] WorkerManager: FuncWorker of func_id 1, client_id 215 connected
I1102 18:30:02.656521 IO-0/EL  message_connection.cpp:269] FuncWorkerConnection[1-215]: Handshake done
I1102 18:30:02.656953 Server/E engine.cpp:674] Engine: New message connection
I1102 18:30:02.656978 IO-0/EL  engine.cpp:277] Engine: Receive new handshake message from message connection
I1102 18:30:02.656983 IO-0/EL  worker_manager.cpp:60] WorkerManager: FuncWorker of func_id 1, client_id 216 connected
I1102 18:30:02.656996 IO-0/EL  message_connection.cpp:269] FuncWorkerConnection[1-216]: Handshake done
I1102 18:30:02.657399 Server/E engine.cpp:674] Engine: New message connection
I1102 18:30:02.657418 IO-0/EL  engine.cpp:277] Engine: Receive new handshake message from message connection
I1102 18:30:02.657423 IO-0/EL  worker_manager.cpp:60] WorkerManager: FuncWorker of func_id 1, client_id 217 connected
I1102 18:30:02.657435 IO-0/EL  message_connection.cpp:269] FuncWorkerConnection[1-217]: Handshake done
I1102 18:30:02.657861 Server/E engine.cpp:674] Engine: New message connection
I1102 18:30:02.657888 IO-0/EL  engine.cpp:277] Engine: Receive new handshake message from message connection
I1102 18:30:02.657893 IO-0/EL  worker_manager.cpp:60] WorkerManager: FuncWorker of func_id 1, client_id 218 connected
I1102 18:30:02.657907 IO-0/EL  message_connection.cpp:269] FuncWorkerConnection[1-218]: Handshake done
I1102 18:30:02.658404 Server/E engine.cpp:674] Engine: New message connection
I1102 18:30:02.658427 IO-0/EL  engine.cpp:277] Engine: Receive new handshake message from message connection
I1102 18:30:02.658432 IO-0/EL  worker_manager.cpp:60] WorkerManager: FuncWorker of func_id 1, client_id 219 connected
I1102 18:30:02.658445 IO-0/EL  message_connection.cpp:269] FuncWorkerConnection[1-219]: Handshake done
I1102 18:30:02.658863 Server/E engine.cpp:674] Engine: New message connection
I1102 18:30:02.658893 IO-0/EL  engine.cpp:277] Engine: Receive new handshake message from message connection
I1102 18:30:02.658898 IO-0/EL  worker_manager.cpp:60] WorkerManager: FuncWorker of func_id 1, client_id 220 connected
I1102 18:30:02.658912 IO-0/EL  message_connection.cpp:269] FuncWorkerConnection[1-220]: Handshake done
I1102 18:30:02.659389 Server/E engine.cpp:674] Engine: New message connection
I1102 18:30:02.659411 IO-0/EL  engine.cpp:277] Engine: Receive new handshake message from message connection
I1102 18:30:02.659415 IO-0/EL  worker_manager.cpp:60] WorkerManager: FuncWorker of func_id 1, client_id 221 connected
I1102 18:30:02.659432 IO-0/EL  message_connection.cpp:269] FuncWorkerConnection[1-221]: Handshake done
I1102 18:30:02.659887 Server/E engine.cpp:674] Engine: New message connection
I1102 18:30:02.659909 IO-0/EL  engine.cpp:277] Engine: Receive new handshake message from message connection
I1102 18:30:02.659914 IO-0/EL  worker_manager.cpp:60] WorkerManager: FuncWorker of func_id 1, client_id 222 connected
I1102 18:30:02.659927 IO-0/EL  message_connection.cpp:269] FuncWorkerConnection[1-222]: Handshake done
I1102 18:30:02.660350 Server/E engine.cpp:674] Engine: New message connection
I1102 18:30:02.660377 IO-0/EL  engine.cpp:277] Engine: Receive new handshake message from message connection
I1102 18:30:02.660382 IO-0/EL  worker_manager.cpp:60] WorkerManager: FuncWorker of func_id 1, client_id 223 connected
I1102 18:30:02.660395 IO-0/EL  message_connection.cpp:269] FuncWorkerConnection[1-223]: Handshake done
I1102 18:30:02.660778 Server/E engine.cpp:674] Engine: New message connection
I1102 18:30:02.660811 IO-0/EL  engine.cpp:277] Engine: Receive new handshake message from message connection
I1102 18:30:02.660816 IO-0/EL  worker_manager.cpp:60] WorkerManager: FuncWorker of func_id 1, client_id 224 connected
I1102 18:30:02.660829 IO-0/EL  message_connection.cpp:269] FuncWorkerConnection[1-224]: Handshake done
I1102 18:30:02.661251 Server/E engine.cpp:674] Engine: New message connection
I1102 18:30:02.661273 IO-0/EL  engine.cpp:277] Engine: Receive new handshake message from message connection
I1102 18:30:02.661277 IO-0/EL  worker_manager.cpp:60] WorkerManager: FuncWorker of func_id 1, client_id 225 connected
I1102 18:30:02.661309 IO-0/EL  message_connection.cpp:269] FuncWorkerConnection[1-225]: Handshake done
I1102 18:30:02.661795 Server/E engine.cpp:674] Engine: New message connection
I1102 18:30:02.661836 IO-0/EL  engine.cpp:277] Engine: Receive new handshake message from message connection
I1102 18:30:02.661841 IO-0/EL  worker_manager.cpp:60] WorkerManager: FuncWorker of func_id 1, client_id 226 connected
I1102 18:30:02.661854 IO-0/EL  message_connection.cpp:269] FuncWorkerConnection[1-226]: Handshake done
I1102 18:30:02.662283 Server/E engine.cpp:674] Engine: New message connection
I1102 18:30:02.662321 IO-0/EL  engine.cpp:277] Engine: Receive new handshake message from message connection
I1102 18:30:02.662326 IO-0/EL  worker_manager.cpp:60] WorkerManager: FuncWorker of func_id 1, client_id 227 connected
I1102 18:30:02.662340 IO-0/EL  message_connection.cpp:269] FuncWorkerConnection[1-227]: Handshake done
I1102 18:30:02.662855 Server/E engine.cpp:674] Engine: New message connection
I1102 18:30:02.662886 IO-0/EL  engine.cpp:277] Engine: Receive new handshake message from message connection
I1102 18:30:02.662891 IO-0/EL  worker_manager.cpp:60] WorkerManager: FuncWorker of func_id 1, client_id 228 connected
I1102 18:30:02.662904 IO-0/EL  message_connection.cpp:269] FuncWorkerConnection[1-228]: Handshake done
I1102 18:30:02.663224 Server/E engine.cpp:674] Engine: New message connection
I1102 18:30:02.663247 IO-0/EL  engine.cpp:277] Engine: Receive new handshake message from message connection
I1102 18:30:02.663251 IO-0/EL  worker_manager.cpp:60] WorkerManager: FuncWorker of func_id 1, client_id 229 connected
I1102 18:30:02.663264 IO-0/EL  message_connection.cpp:269] FuncWorkerConnection[1-229]: Handshake done
I1102 18:30:02.663711 Server/E engine.cpp:674] Engine: New message connection
I1102 18:30:02.663735 IO-0/EL  engine.cpp:277] Engine: Receive new handshake message from message connection
I1102 18:30:02.663739 IO-0/EL  worker_manager.cpp:60] WorkerManager: FuncWorker of func_id 1, client_id 230 connected
I1102 18:30:02.663752 IO-0/EL  message_connection.cpp:269] FuncWorkerConnection[1-230]: Handshake done
I1102 18:30:02.664164 Server/E engine.cpp:674] Engine: New message connection
I1102 18:30:02.664186 IO-0/EL  engine.cpp:277] Engine: Receive new handshake message from message connection
I1102 18:30:02.664190 IO-0/EL  worker_manager.cpp:60] WorkerManager: FuncWorker of func_id 1, client_id 231 connected
I1102 18:30:02.664203 IO-0/EL  message_connection.cpp:269] FuncWorkerConnection[1-231]: Handshake done
I1102 18:30:02.664635 Server/E engine.cpp:674] Engine: New message connection
I1102 18:30:02.664663 IO-0/EL  engine.cpp:277] Engine: Receive new handshake message from message connection
I1102 18:30:02.664667 IO-0/EL  worker_manager.cpp:60] WorkerManager: FuncWorker of func_id 1, client_id 232 connected
I1102 18:30:02.664680 IO-0/EL  message_connection.cpp:269] FuncWorkerConnection[1-232]: Handshake done
I1102 18:30:02.665159 Server/E engine.cpp:674] Engine: New message connection
I1102 18:30:02.665183 IO-0/EL  engine.cpp:277] Engine: Receive new handshake message from message connection
I1102 18:30:02.665187 IO-0/EL  worker_manager.cpp:60] WorkerManager: FuncWorker of func_id 1, client_id 233 connected
I1102 18:30:02.665200 IO-0/EL  message_connection.cpp:269] FuncWorkerConnection[1-233]: Handshake done
I1102 18:30:02.665638 Server/E engine.cpp:674] Engine: New message connection
I1102 18:30:02.665664 IO-0/EL  engine.cpp:277] Engine: Receive new handshake message from message connection
I1102 18:30:02.665669 IO-0/EL  worker_manager.cpp:60] WorkerManager: FuncWorker of func_id 1, client_id 234 connected
I1102 18:30:02.665681 IO-0/EL  message_connection.cpp:269] FuncWorkerConnection[1-234]: Handshake done
I1102 18:30:02.666109 Server/E engine.cpp:674] Engine: New message connection
I1102 18:30:02.666133 IO-0/EL  engine.cpp:277] Engine: Receive new handshake message from message connection
I1102 18:30:02.666137 IO-0/EL  worker_manager.cpp:60] WorkerManager: FuncWorker of func_id 1, client_id 235 connected
I1102 18:30:02.666150 IO-0/EL  message_connection.cpp:269] FuncWorkerConnection[1-235]: Handshake done
I1102 18:30:02.666586 Server/E engine.cpp:674] Engine: New message connection
I1102 18:30:02.666612 IO-0/EL  engine.cpp:277] Engine: Receive new handshake message from message connection
I1102 18:30:02.666616 IO-0/EL  worker_manager.cpp:60] WorkerManager: FuncWorker of func_id 1, client_id 236 connected
I1102 18:30:02.666629 IO-0/EL  message_connection.cpp:269] FuncWorkerConnection[1-236]: Handshake done
I1102 18:30:02.667036 Server/E engine.cpp:674] Engine: New message connection
I1102 18:30:02.667058 IO-0/EL  engine.cpp:277] Engine: Receive new handshake message from message connection
I1102 18:30:02.667063 IO-0/EL  worker_manager.cpp:60] WorkerManager: FuncWorker of func_id 1, client_id 237 connected
I1102 18:30:02.667080 IO-0/EL  message_connection.cpp:269] FuncWorkerConnection[1-237]: Handshake done
I1102 18:30:02.667533 Server/E engine.cpp:674] Engine: New message connection
I1102 18:30:02.667555 IO-0/EL  engine.cpp:277] Engine: Receive new handshake message from message connection
I1102 18:30:02.667559 IO-0/EL  worker_manager.cpp:60] WorkerManager: FuncWorker of func_id 1, client_id 238 connected
I1102 18:30:02.667572 IO-0/EL  message_connection.cpp:269] FuncWorkerConnection[1-238]: Handshake done
I1102 18:30:02.668553 Server/E engine.cpp:674] Engine: New message connection
I1102 18:30:02.668584 IO-0/EL  engine.cpp:277] Engine: Receive new handshake message from message connection
I1102 18:30:02.668590 IO-0/EL  worker_manager.cpp:60] WorkerManager: FuncWorker of func_id 1, client_id 239 connected
I1102 18:30:02.668604 IO-0/EL  message_connection.cpp:269] FuncWorkerConnection[1-239]: Handshake done
I1102 18:30:02.668658 Server/E engine.cpp:674] Engine: New message connection
I1102 18:30:02.668678 IO-0/EL  engine.cpp:277] Engine: Receive new handshake message from message connection
I1102 18:30:02.668682 IO-0/EL  worker_manager.cpp:60] WorkerManager: FuncWorker of func_id 1, client_id 240 connected
I1102 18:30:02.668695 IO-0/EL  message_connection.cpp:269] FuncWorkerConnection[1-240]: Handshake done
I1102 18:30:02.669183 Server/E engine.cpp:674] Engine: New message connection
I1102 18:30:02.669234 IO-0/EL  engine.cpp:277] Engine: Receive new handshake message from message connection
I1102 18:30:02.669239 IO-0/EL  worker_manager.cpp:60] WorkerManager: FuncWorker of func_id 1, client_id 241 connected
I1102 18:30:02.669252 IO-0/EL  message_connection.cpp:269] FuncWorkerConnection[1-241]: Handshake done
I1102 18:30:02.670579 Server/E engine.cpp:674] Engine: New message connection
I1102 18:30:02.670610 IO-0/EL  engine.cpp:277] Engine: Receive new handshake message from message connection
I1102 18:30:02.670615 IO-0/EL  worker_manager.cpp:60] WorkerManager: FuncWorker of func_id 1, client_id 243 connected
I1102 18:30:02.670632 IO-0/EL  message_connection.cpp:269] FuncWorkerConnection[1-243]: Handshake done
I1102 18:30:02.671162 Server/E engine.cpp:674] Engine: New message connection
I1102 18:30:02.671193 IO-0/EL  engine.cpp:277] Engine: Receive new handshake message from message connection
I1102 18:30:02.671198 IO-0/EL  worker_manager.cpp:60] WorkerManager: FuncWorker of func_id 1, client_id 244 connected
I1102 18:30:02.671213 IO-0/EL  message_connection.cpp:269] FuncWorkerConnection[1-244]: Handshake done
I1102 18:30:02.671655 Server/E engine.cpp:674] Engine: New message connection
I1102 18:30:02.671678 IO-0/EL  engine.cpp:277] Engine: Receive new handshake message from message connection
I1102 18:30:02.671682 IO-0/EL  worker_manager.cpp:60] WorkerManager: FuncWorker of func_id 1, client_id 242 connected
I1102 18:30:02.671695 IO-0/EL  message_connection.cpp:269] FuncWorkerConnection[1-242]: Handshake done
I1102 18:30:02.671713 Server/E engine.cpp:674] Engine: New message connection
I1102 18:30:02.671739 IO-0/EL  engine.cpp:277] Engine: Receive new handshake message from message connection
I1102 18:30:02.671744 IO-0/EL  worker_manager.cpp:60] WorkerManager: FuncWorker of func_id 1, client_id 245 connected
I1102 18:30:02.671757 IO-0/EL  message_connection.cpp:269] FuncWorkerConnection[1-245]: Handshake done
I1102 18:30:02.672183 Server/E engine.cpp:674] Engine: New message connection
I1102 18:30:02.672205 IO-0/EL  engine.cpp:277] Engine: Receive new handshake message from message connection
I1102 18:30:02.672209 IO-0/EL  worker_manager.cpp:60] WorkerManager: FuncWorker of func_id 1, client_id 246 connected
I1102 18:30:02.672221 IO-0/EL  message_connection.cpp:269] FuncWorkerConnection[1-246]: Handshake done
I1102 18:30:02.672671 Server/E engine.cpp:674] Engine: New message connection
I1102 18:30:02.672695 IO-0/EL  engine.cpp:277] Engine: Receive new handshake message from message connection
I1102 18:30:02.672700 IO-0/EL  worker_manager.cpp:60] WorkerManager: FuncWorker of func_id 1, client_id 247 connected
I1102 18:30:02.672719 IO-0/EL  message_connection.cpp:269] FuncWorkerConnection[1-247]: Handshake done
I1102 18:30:02.691137 Server/E engine.cpp:674] Engine: New message connection
I1102 18:30:02.691173 Server/E engine.cpp:674] Engine: New message connection
I1102 18:30:02.691177 IO-0/EL  engine.cpp:277] Engine: Receive new handshake message from message connection
I1102 18:30:02.691185 IO-0/EL  worker_manager.cpp:60] WorkerManager: FuncWorker of func_id 1, client_id 249 connected
I1102 18:30:02.691200 IO-0/EL  message_connection.cpp:269] FuncWorkerConnection[1-249]: Handshake done
I1102 18:30:02.691227 IO-0/EL  engine.cpp:277] Engine: Receive new handshake message from message connection
I1102 18:30:02.691232 IO-0/EL  worker_manager.cpp:60] WorkerManager: FuncWorker of func_id 1, client_id 248 connected
I1102 18:30:02.691245 IO-0/EL  message_connection.cpp:269] FuncWorkerConnection[1-248]: Handshake done
I1102 18:30:02.691586 Server/E engine.cpp:674] Engine: New message connection
I1102 18:30:02.691614 IO-0/EL  engine.cpp:277] Engine: Receive new handshake message from message connection
I1102 18:30:02.691619 IO-0/EL  worker_manager.cpp:60] WorkerManager: FuncWorker of func_id 1, client_id 250 connected
I1102 18:30:02.691633 IO-0/EL  message_connection.cpp:269] FuncWorkerConnection[1-250]: Handshake done
I1102 18:30:02.692109 Server/E engine.cpp:674] Engine: New message connection
I1102 18:30:02.692148 IO-0/EL  engine.cpp:277] Engine: Receive new handshake message from message connection
I1102 18:30:02.692153 IO-0/EL  worker_manager.cpp:60] WorkerManager: FuncWorker of func_id 1, client_id 251 connected
I1102 18:30:02.692166 IO-0/EL  message_connection.cpp:269] FuncWorkerConnection[1-251]: Handshake done
I1102 18:30:02.692524 Server/E engine.cpp:674] Engine: New message connection
I1102 18:30:02.692551 IO-0/EL  engine.cpp:277] Engine: Receive new handshake message from message connection
I1102 18:30:02.692556 IO-0/EL  worker_manager.cpp:60] WorkerManager: FuncWorker of func_id 1, client_id 252 connected
I1102 18:30:02.692572 IO-0/EL  message_connection.cpp:269] FuncWorkerConnection[1-252]: Handshake done
I1102 18:30:02.693109 Server/E engine.cpp:674] Engine: New message connection
I1102 18:30:02.693133 IO-0/EL  engine.cpp:277] Engine: Receive new handshake message from message connection
I1102 18:30:02.693138 IO-0/EL  worker_manager.cpp:60] WorkerManager: FuncWorker of func_id 1, client_id 253 connected
I1102 18:30:02.693151 IO-0/EL  message_connection.cpp:269] FuncWorkerConnection[1-253]: Handshake done
I1102 18:30:02.693628 Server/E engine.cpp:674] Engine: New message connection
I1102 18:30:02.693654 IO-0/EL  engine.cpp:277] Engine: Receive new handshake message from message connection
I1102 18:30:02.693659 IO-0/EL  worker_manager.cpp:60] WorkerManager: FuncWorker of func_id 1, client_id 254 connected
I1102 18:30:02.693672 IO-0/EL  message_connection.cpp:269] FuncWorkerConnection[1-254]: Handshake done
I1102 18:30:02.694131 Server/E engine.cpp:674] Engine: New message connection
I1102 18:30:02.694153 IO-0/EL  engine.cpp:277] Engine: Receive new handshake message from message connection
I1102 18:30:02.694158 IO-0/EL  worker_manager.cpp:60] WorkerManager: FuncWorker of func_id 1, client_id 255 connected
I1102 18:30:02.694171 IO-0/EL  message_connection.cpp:269] FuncWorkerConnection[1-255]: Handshake done
I1102 18:30:02.694625 Server/E engine.cpp:674] Engine: New message connection
I1102 18:30:02.694651 IO-0/EL  engine.cpp:277] Engine: Receive new handshake message from message connection
I1102 18:30:02.694656 IO-0/EL  worker_manager.cpp:60] WorkerManager: FuncWorker of func_id 1, client_id 256 connected
I1102 18:30:02.694674 IO-0/EL  message_connection.cpp:269] FuncWorkerConnection[1-256]: Handshake done
I1102 18:30:05.451940 IO-0/EL  buffer_pool.h:25] BufferPool[IO-0_Write]: Allocate new buffer, current buffer count is 5
I1102 18:30:05.451966 IO-0/EL  buffer_pool.h:25] BufferPool[IO-0_Write]: Allocate new buffer, current buffer count is 6
I1102 18:30:05.451977 IO-0/EL  buffer_pool.h:25] BufferPool[IO-0_Write]: Allocate new buffer, current buffer count is 7
I1102 18:30:05.451987 IO-0/EL  buffer_pool.h:25] BufferPool[IO-0_Write]: Allocate new buffer, current buffer count is 8
I1102 18:30:05.451997 IO-0/EL  buffer_pool.h:25] BufferPool[IO-0_Write]: Allocate new buffer, current buffer count is 9
I1102 18:30:05.452005 IO-0/EL  buffer_pool.h:25] BufferPool[IO-0_Write]: Allocate new buffer, current buffer count is 10
I1102 18:30:05.452016 IO-0/EL  buffer_pool.h:25] BufferPool[IO-0_Write]: Allocate new buffer, current buffer count is 11
I1102 18:30:05.452042 IO-0/EL  buffer_pool.h:25] BufferPool[IO-0_Write]: Allocate new buffer, current buffer count is 12
I1102 18:30:05.452052 IO-0/EL  buffer_pool.h:25] BufferPool[IO-0_Write]: Allocate new buffer, current buffer count is 13
I1102 18:30:05.452065 IO-0/EL  buffer_pool.h:25] BufferPool[IO-0_Write]: Allocate new buffer, current buffer count is 14
I1102 18:30:05.452081 IO-0/EL  buffer_pool.h:25] BufferPool[IO-0_Write]: Allocate new buffer, current buffer count is 15
I1102 18:30:05.452093 IO-0/EL  buffer_pool.h:25] BufferPool[IO-0_Write]: Allocate new buffer, current buffer count is 16
I1102 18:30:05.452106 IO-0/EL  buffer_pool.h:25] BufferPool[IO-0_Write]: Allocate new buffer, current buffer count is 17
I1102 18:30:05.452117 IO-0/EL  buffer_pool.h:25] BufferPool[IO-0_Write]: Allocate new buffer, current buffer count is 18
I1102 18:30:05.452129 IO-0/EL  buffer_pool.h:25] BufferPool[IO-0_Write]: Allocate new buffer, current buffer count is 19
I1102 18:30:05.452142 IO-0/EL  buffer_pool.h:25] BufferPool[IO-0_Write]: Allocate new buffer, current buffer count is 20
I1102 18:30:05.452155 IO-0/EL  buffer_pool.h:25] BufferPool[IO-0_Write]: Allocate new buffer, current buffer count is 21
I1102 18:30:05.452166 IO-0/EL  buffer_pool.h:25] BufferPool[IO-0_Write]: Allocate new buffer, current buffer count is 22
I1102 18:30:05.452176 IO-0/EL  buffer_pool.h:25] BufferPool[IO-0_Write]: Allocate new buffer, current buffer count is 23
I1102 18:30:05.452190 IO-0/EL  buffer_pool.h:25] BufferPool[IO-0_Write]: Allocate new buffer, current buffer count is 24
I1102 18:30:05.452202 IO-0/EL  buffer_pool.h:25] BufferPool[IO-0_Write]: Allocate new buffer, current buffer count is 25
I1102 18:30:05.452215 IO-0/EL  buffer_pool.h:25] BufferPool[IO-0_Write]: Allocate new buffer, current buffer count is 26
I1102 18:30:05.452225 IO-0/EL  buffer_pool.h:25] BufferPool[IO-0_Write]: Allocate new buffer, current buffer count is 27
I1102 18:30:05.452238 IO-0/EL  buffer_pool.h:25] BufferPool[IO-0_Write]: Allocate new buffer, current buffer count is 28
I1102 18:30:05.452251 IO-0/EL  buffer_pool.h:25] BufferPool[IO-0_Write]: Allocate new buffer, current buffer count is 29
I1102 18:30:05.452262 IO-0/EL  buffer_pool.h:25] BufferPool[IO-0_Write]: Allocate new buffer, current buffer count is 30
I1102 18:30:05.452276 IO-0/EL  buffer_pool.h:25] BufferPool[IO-0_Write]: Allocate new buffer, current buffer count is 31
I1102 18:30:05.452284 IO-0/EL  buffer_pool.h:25] BufferPool[IO-0_Write]: Allocate new buffer, current buffer count is 32
I1102 18:30:05.452298 IO-0/EL  buffer_pool.h:25] BufferPool[IO-0_Write]: Allocate new buffer, current buffer count is 33
I1102 18:30:05.452310 IO-0/EL  buffer_pool.h:25] BufferPool[IO-0_Write]: Allocate new buffer, current buffer count is 34
I1102 18:30:05.452319 IO-0/EL  buffer_pool.h:25] BufferPool[IO-0_Write]: Allocate new buffer, current buffer count is 35
I1102 18:30:05.452328 IO-0/EL  buffer_pool.h:25] BufferPool[IO-0_Write]: Allocate new buffer, current buffer count is 36
I1102 18:30:05.452341 IO-0/EL  buffer_pool.h:25] BufferPool[IO-0_Write]: Allocate new buffer, current buffer count is 37
I1102 18:30:05.452353 IO-0/EL  buffer_pool.h:25] BufferPool[IO-0_Write]: Allocate new buffer, current buffer count is 38
I1102 18:30:05.452366 IO-0/EL  buffer_pool.h:25] BufferPool[IO-0_Write]: Allocate new buffer, current buffer count is 39
I1102 18:30:05.452375 IO-0/EL  buffer_pool.h:25] BufferPool[IO-0_Write]: Allocate new buffer, current buffer count is 40
I1102 18:30:05.452390 IO-0/EL  buffer_pool.h:25] BufferPool[IO-0_Write]: Allocate new buffer, current buffer count is 41
I1102 18:30:05.452400 IO-0/EL  buffer_pool.h:25] BufferPool[IO-0_Write]: Allocate new buffer, current buffer count is 42
I1102 18:30:05.452413 IO-0/EL  buffer_pool.h:25] BufferPool[IO-0_Write]: Allocate new buffer, current buffer count is 43
I1102 18:30:05.452422 IO-0/EL  buffer_pool.h:25] BufferPool[IO-0_Write]: Allocate new buffer, current buffer count is 44
I1102 18:30:05.452434 IO-0/EL  buffer_pool.h:25] BufferPool[IO-0_Write]: Allocate new buffer, current buffer count is 45
I1102 18:30:05.452451 IO-0/EL  buffer_pool.h:25] BufferPool[IO-0_Write]: Allocate new buffer, current buffer count is 46
I1102 18:30:05.452461 IO-0/EL  buffer_pool.h:25] BufferPool[IO-0_Write]: Allocate new buffer, current buffer count is 47
I1102 18:30:05.452474 IO-0/EL  buffer_pool.h:25] BufferPool[IO-0_Write]: Allocate new buffer, current buffer count is 48
I1102 18:30:05.452483 IO-0/EL  buffer_pool.h:25] BufferPool[IO-0_Write]: Allocate new buffer, current buffer count is 49
I1102 18:30:05.452495 IO-0/EL  buffer_pool.h:25] BufferPool[IO-0_Write]: Allocate new buffer, current buffer count is 50
I1102 18:30:05.452507 IO-0/EL  buffer_pool.h:25] BufferPool[IO-0_Write]: Allocate new buffer, current buffer count is 51
I1102 18:30:05.452522 IO-0/EL  buffer_pool.h:25] BufferPool[IO-0_Write]: Allocate new buffer, current buffer count is 52
I1102 18:30:05.452531 IO-0/EL  buffer_pool.h:25] BufferPool[IO-0_Write]: Allocate new buffer, current buffer count is 53
I1102 18:30:05.452543 IO-0/EL  buffer_pool.h:25] BufferPool[IO-0_Write]: Allocate new buffer, current buffer count is 54
I1102 18:30:05.452553 IO-0/EL  buffer_pool.h:25] BufferPool[IO-0_Write]: Allocate new buffer, current buffer count is 55
I1102 18:30:05.452566 IO-0/EL  buffer_pool.h:25] BufferPool[IO-0_Write]: Allocate new buffer, current buffer count is 56
I1102 18:30:05.452579 IO-0/EL  buffer_pool.h:25] BufferPool[IO-0_Write]: Allocate new buffer, current buffer count is 57
I1102 18:30:05.452589 IO-0/EL  buffer_pool.h:25] BufferPool[IO-0_Write]: Allocate new buffer, current buffer count is 58
I1102 18:30:05.452601 IO-0/EL  buffer_pool.h:25] BufferPool[IO-0_Write]: Allocate new buffer, current buffer count is 59
I1102 18:30:05.452611 IO-0/EL  buffer_pool.h:25] BufferPool[IO-0_Write]: Allocate new buffer, current buffer count is 60
I1102 18:30:05.452624 IO-0/EL  buffer_pool.h:25] BufferPool[IO-0_Write]: Allocate new buffer, current buffer count is 61
I1102 18:30:05.452633 IO-0/EL  buffer_pool.h:25] BufferPool[IO-0_Write]: Allocate new buffer, current buffer count is 62
I1102 18:30:05.452645 IO-0/EL  buffer_pool.h:25] BufferPool[IO-0_Write]: Allocate new buffer, current buffer count is 63
I1102 18:30:05.452655 IO-0/EL  buffer_pool.h:25] BufferPool[IO-0_Write]: Allocate new buffer, current buffer count is 64
I1102 18:30:05.452671 IO-0/EL  buffer_pool.h:25] BufferPool[IO-0_Write]: Allocate new buffer, current buffer count is 65
I1102 18:30:05.452690 IO-0/EL  buffer_pool.h:25] BufferPool[IO-0_Write]: Allocate new buffer, current buffer count is 66
I1102 18:30:05.452713 IO-0/EL  buffer_pool.h:25] BufferPool[IO-0_Write]: Allocate new buffer, current buffer count is 67
I1102 18:30:05.452729 IO-0/EL  buffer_pool.h:25] BufferPool[IO-0_Write]: Allocate new buffer, current buffer count is 68
I1102 18:30:05.452750 IO-0/EL  buffer_pool.h:25] BufferPool[IO-0_Write]: Allocate new buffer, current buffer count is 69
I1102 18:30:05.452760 IO-0/EL  buffer_pool.h:25] BufferPool[IO-0_Write]: Allocate new buffer, current buffer count is 70
I1102 18:30:05.452770 IO-0/EL  buffer_pool.h:25] BufferPool[IO-0_Write]: Allocate new buffer, current buffer count is 71
I1102 18:30:05.452783 IO-0/EL  buffer_pool.h:25] BufferPool[IO-0_Write]: Allocate new buffer, current buffer count is 72
I1102 18:30:05.452792 IO-0/EL  buffer_pool.h:25] BufferPool[IO-0_Write]: Allocate new buffer, current buffer count is 73
I1102 18:30:05.452805 IO-0/EL  buffer_pool.h:25] BufferPool[IO-0_Write]: Allocate new buffer, current buffer count is 74
I1102 18:30:05.452815 IO-0/EL  buffer_pool.h:25] BufferPool[IO-0_Write]: Allocate new buffer, current buffer count is 75
I1102 18:30:05.452828 IO-0/EL  buffer_pool.h:25] BufferPool[IO-0_Write]: Allocate new buffer, current buffer count is 76
I1102 18:30:05.452838 IO-0/EL  buffer_pool.h:25] BufferPool[IO-0_Write]: Allocate new buffer, current buffer count is 77
I1102 18:30:05.452850 IO-0/EL  buffer_pool.h:25] BufferPool[IO-0_Write]: Allocate new buffer, current buffer count is 78
I1102 18:30:05.452861 IO-0/EL  buffer_pool.h:25] BufferPool[IO-0_Write]: Allocate new buffer, current buffer count is 79
I1102 18:30:05.452879 IO-0/EL  buffer_pool.h:25] BufferPool[IO-0_Write]: Allocate new buffer, current buffer count is 80
I1102 18:30:05.452889 IO-0/EL  buffer_pool.h:25] BufferPool[IO-0_Write]: Allocate new buffer, current buffer count is 81
I1102 18:30:05.452900 IO-0/EL  buffer_pool.h:25] BufferPool[IO-0_Write]: Allocate new buffer, current buffer count is 82
I1102 18:30:05.452911 IO-0/EL  buffer_pool.h:25] BufferPool[IO-0_Write]: Allocate new buffer, current buffer count is 83
I1102 18:30:05.452923 IO-0/EL  buffer_pool.h:25] BufferPool[IO-0_Write]: Allocate new buffer, current buffer count is 84
I1102 18:30:05.452935 IO-0/EL  buffer_pool.h:25] BufferPool[IO-0_Write]: Allocate new buffer, current buffer count is 85
I1102 18:30:05.452945 IO-0/EL  buffer_pool.h:25] BufferPool[IO-0_Write]: Allocate new buffer, current buffer count is 86
I1102 18:30:05.452959 IO-0/EL  buffer_pool.h:25] BufferPool[IO-0_Write]: Allocate new buffer, current buffer count is 87
I1102 18:30:05.452968 IO-0/EL  buffer_pool.h:25] BufferPool[IO-0_Write]: Allocate new buffer, current buffer count is 88
I1102 18:30:05.452981 IO-0/EL  buffer_pool.h:25] BufferPool[IO-0_Write]: Allocate new buffer, current buffer count is 89
I1102 18:30:05.452993 IO-0/EL  buffer_pool.h:25] BufferPool[IO-0_Write]: Allocate new buffer, current buffer count is 90
I1102 18:30:05.453006 IO-0/EL  buffer_pool.h:25] BufferPool[IO-0_Write]: Allocate new buffer, current buffer count is 91
I1102 18:30:05.453016 IO-0/EL  buffer_pool.h:25] BufferPool[IO-0_Write]: Allocate new buffer, current buffer count is 92
I1102 18:30:05.453027 IO-0/EL  buffer_pool.h:25] BufferPool[IO-0_Write]: Allocate new buffer, current buffer count is 93
I1102 18:30:05.453037 IO-0/EL  buffer_pool.h:25] BufferPool[IO-0_Write]: Allocate new buffer, current buffer count is 94
I1102 18:30:05.453047 IO-0/EL  buffer_pool.h:25] BufferPool[IO-0_Write]: Allocate new buffer, current buffer count is 95
I1102 18:30:05.453060 IO-0/EL  buffer_pool.h:25] BufferPool[IO-0_Write]: Allocate new buffer, current buffer count is 96
I1102 18:30:05.453072 IO-0/EL  buffer_pool.h:25] BufferPool[IO-0_Write]: Allocate new buffer, current buffer count is 97
I1102 18:30:05.453088 IO-0/EL  buffer_pool.h:25] BufferPool[IO-0_Write]: Allocate new buffer, current buffer count is 98
I1102 18:30:05.453098 IO-0/EL  buffer_pool.h:25] BufferPool[IO-0_Write]: Allocate new buffer, current buffer count is 99
I1102 18:30:05.453110 IO-0/EL  buffer_pool.h:25] BufferPool[IO-0_Write]: Allocate new buffer, current buffer count is 100
I1102 18:30:05.453120 IO-0/EL  buffer_pool.h:25] BufferPool[IO-0_Write]: Allocate new buffer, current buffer count is 101
I1102 18:30:05.453132 IO-0/EL  buffer_pool.h:25] BufferPool[IO-0_Write]: Allocate new buffer, current buffer count is 102
I1102 18:30:05.453142 IO-0/EL  buffer_pool.h:25] BufferPool[IO-0_Write]: Allocate new buffer, current buffer count is 103
I1102 18:30:05.453153 IO-0/EL  buffer_pool.h:25] BufferPool[IO-0_Write]: Allocate new buffer, current buffer count is 104
I1102 18:30:05.453164 IO-0/EL  buffer_pool.h:25] BufferPool[IO-0_Write]: Allocate new buffer, current buffer count is 105
I1102 18:30:05.453174 IO-0/EL  buffer_pool.h:25] BufferPool[IO-0_Write]: Allocate new buffer, current buffer count is 106
I1102 18:30:05.453189 IO-0/EL  buffer_pool.h:25] BufferPool[IO-0_Write]: Allocate new buffer, current buffer count is 107
I1102 18:30:05.453198 IO-0/EL  buffer_pool.h:25] BufferPool[IO-0_Write]: Allocate new buffer, current buffer count is 108
I1102 18:30:05.453211 IO-0/EL  buffer_pool.h:25] BufferPool[IO-0_Write]: Allocate new buffer, current buffer count is 109
I1102 18:30:05.453221 IO-0/EL  buffer_pool.h:25] BufferPool[IO-0_Write]: Allocate new buffer, current buffer count is 110
I1102 18:30:05.453234 IO-0/EL  buffer_pool.h:25] BufferPool[IO-0_Write]: Allocate new buffer, current buffer count is 111
I1102 18:30:05.453245 IO-0/EL  buffer_pool.h:25] BufferPool[IO-0_Write]: Allocate new buffer, current buffer count is 112
I1102 18:30:05.453262 IO-0/EL  buffer_pool.h:25] BufferPool[IO-0_Write]: Allocate new buffer, current buffer count is 113
I1102 18:30:05.453281 IO-0/EL  buffer_pool.h:25] BufferPool[IO-0_Write]: Allocate new buffer, current buffer count is 114
I1102 18:30:05.453294 IO-0/EL  buffer_pool.h:25] BufferPool[IO-0_Write]: Allocate new buffer, current buffer count is 115
I1102 18:30:05.453306 IO-0/EL  buffer_pool.h:25] BufferPool[IO-0_Write]: Allocate new buffer, current buffer count is 116
I1102 18:30:05.453315 IO-0/EL  buffer_pool.h:25] BufferPool[IO-0_Write]: Allocate new buffer, current buffer count is 117
I1102 18:30:05.453326 IO-0/EL  buffer_pool.h:25] BufferPool[IO-0_Write]: Allocate new buffer, current buffer count is 118
I1102 18:30:05.453336 IO-0/EL  buffer_pool.h:25] BufferPool[IO-0_Write]: Allocate new buffer, current buffer count is 119
I1102 18:30:05.453348 IO-0/EL  buffer_pool.h:25] BufferPool[IO-0_Write]: Allocate new buffer, current buffer count is 120
I1102 18:30:05.453361 IO-0/EL  buffer_pool.h:25] BufferPool[IO-0_Write]: Allocate new buffer, current buffer count is 121
I1102 18:30:05.453371 IO-0/EL  buffer_pool.h:25] BufferPool[IO-0_Write]: Allocate new buffer, current buffer count is 122
I1102 18:30:05.453383 IO-0/EL  buffer_pool.h:25] BufferPool[IO-0_Write]: Allocate new buffer, current buffer count is 123
I1102 18:30:05.453392 IO-0/EL  buffer_pool.h:25] BufferPool[IO-0_Write]: Allocate new buffer, current buffer count is 124
I1102 18:30:05.453406 IO-0/EL  buffer_pool.h:25] BufferPool[IO-0_Write]: Allocate new buffer, current buffer count is 125
I1102 18:30:05.453416 IO-0/EL  buffer_pool.h:25] BufferPool[IO-0_Write]: Allocate new buffer, current buffer count is 126
I1102 18:30:05.453429 IO-0/EL  buffer_pool.h:25] BufferPool[IO-0_Write]: Allocate new buffer, current buffer count is 127
I1102 18:30:05.453439 IO-0/EL  buffer_pool.h:25] BufferPool[IO-0_Write]: Allocate new buffer, current buffer count is 128
I1102 18:30:05.453454 IO-0/EL  buffer_pool.h:25] BufferPool[IO-0_Write]: Allocate new buffer, current buffer count is 129
I1102 18:30:05.453465 IO-0/EL  buffer_pool.h:25] BufferPool[IO-0_Write]: Allocate new buffer, current buffer count is 130
I1102 18:30:05.453478 IO-0/EL  buffer_pool.h:25] BufferPool[IO-0_Write]: Allocate new buffer, current buffer count is 131
I1102 18:30:05.453487 IO-0/EL  buffer_pool.h:25] BufferPool[IO-0_Write]: Allocate new buffer, current buffer count is 132
I1102 18:30:05.453497 IO-0/EL  buffer_pool.h:25] BufferPool[IO-0_Write]: Allocate new buffer, current buffer count is 133
I1102 18:30:05.453512 IO-0/EL  buffer_pool.h:25] BufferPool[IO-0_Write]: Allocate new buffer, current buffer count is 134
I1102 18:30:05.453521 IO-0/EL  buffer_pool.h:25] BufferPool[IO-0_Write]: Allocate new buffer, current buffer count is 135
I1102 18:30:05.453534 IO-0/EL  buffer_pool.h:25] BufferPool[IO-0_Write]: Allocate new buffer, current buffer count is 136
I1102 18:30:05.453544 IO-0/EL  buffer_pool.h:25] BufferPool[IO-0_Write]: Allocate new buffer, current buffer count is 137
I1102 18:30:05.453558 IO-0/EL  buffer_pool.h:25] BufferPool[IO-0_Write]: Allocate new buffer, current buffer count is 138
I1102 18:30:05.453568 IO-0/EL  buffer_pool.h:25] BufferPool[IO-0_Write]: Allocate new buffer, current buffer count is 139
I1102 18:30:05.453580 IO-0/EL  buffer_pool.h:25] BufferPool[IO-0_Write]: Allocate new buffer, current buffer count is 140
I1102 18:30:05.453590 IO-0/EL  buffer_pool.h:25] BufferPool[IO-0_Write]: Allocate new buffer, current buffer count is 141
I1102 18:30:05.453604 IO-0/EL  buffer_pool.h:25] BufferPool[IO-0_Write]: Allocate new buffer, current buffer count is 142
I1102 18:30:05.453615 IO-0/EL  buffer_pool.h:25] BufferPool[IO-0_Write]: Allocate new buffer, current buffer count is 143
I1102 18:30:05.453624 IO-0/EL  buffer_pool.h:25] BufferPool[IO-0_Write]: Allocate new buffer, current buffer count is 144
I1102 18:30:05.453639 IO-0/EL  buffer_pool.h:25] BufferPool[IO-0_Write]: Allocate new buffer, current buffer count is 145
I1102 18:30:05.453649 IO-0/EL  buffer_pool.h:25] BufferPool[IO-0_Write]: Allocate new buffer, current buffer count is 146
I1102 18:30:05.453667 IO-0/EL  buffer_pool.h:25] BufferPool[IO-0_Write]: Allocate new buffer, current buffer count is 147
I1102 18:30:05.453679 IO-0/EL  buffer_pool.h:25] BufferPool[IO-0_Write]: Allocate new buffer, current buffer count is 148
I1102 18:30:05.453692 IO-0/EL  buffer_pool.h:25] BufferPool[IO-0_Write]: Allocate new buffer, current buffer count is 149
I1102 18:30:05.453702 IO-0/EL  buffer_pool.h:25] BufferPool[IO-0_Write]: Allocate new buffer, current buffer count is 150
I1102 18:30:05.453720 IO-0/EL  buffer_pool.h:25] BufferPool[IO-0_Write]: Allocate new buffer, current buffer count is 151
I1102 18:30:05.453731 IO-0/EL  buffer_pool.h:25] BufferPool[IO-0_Write]: Allocate new buffer, current buffer count is 152
I1102 18:30:05.453743 IO-0/EL  buffer_pool.h:25] BufferPool[IO-0_Write]: Allocate new buffer, current buffer count is 153
I1102 18:30:05.453754 IO-0/EL  buffer_pool.h:25] BufferPool[IO-0_Write]: Allocate new buffer, current buffer count is 154
I1102 18:30:05.453763 IO-0/EL  buffer_pool.h:25] BufferPool[IO-0_Write]: Allocate new buffer, current buffer count is 155
I1102 18:30:05.453777 IO-0/EL  buffer_pool.h:25] BufferPool[IO-0_Write]: Allocate new buffer, current buffer count is 156
I1102 18:30:05.453788 IO-0/EL  buffer_pool.h:25] BufferPool[IO-0_Write]: Allocate new buffer, current buffer count is 157
I1102 18:30:05.453802 IO-0/EL  buffer_pool.h:25] BufferPool[IO-0_Write]: Allocate new buffer, current buffer count is 158
I1102 18:30:05.453812 IO-0/EL  buffer_pool.h:25] BufferPool[IO-0_Write]: Allocate new buffer, current buffer count is 159
I1102 18:30:05.453825 IO-0/EL  buffer_pool.h:25] BufferPool[IO-0_Write]: Allocate new buffer, current buffer count is 160
I1102 18:30:05.453835 IO-0/EL  buffer_pool.h:25] BufferPool[IO-0_Write]: Allocate new buffer, current buffer count is 161
I1102 18:30:05.453847 IO-0/EL  buffer_pool.h:25] BufferPool[IO-0_Write]: Allocate new buffer, current buffer count is 162
I1102 18:30:05.453858 IO-0/EL  buffer_pool.h:25] BufferPool[IO-0_Write]: Allocate new buffer, current buffer count is 163
I1102 18:30:05.453871 IO-0/EL  buffer_pool.h:25] BufferPool[IO-0_Write]: Allocate new buffer, current buffer count is 164
I1102 18:30:05.453881 IO-0/EL  buffer_pool.h:25] BufferPool[IO-0_Write]: Allocate new buffer, current buffer count is 165
I1102 18:30:05.453893 IO-0/EL  buffer_pool.h:25] BufferPool[IO-0_Write]: Allocate new buffer, current buffer count is 166
I1102 18:30:05.453903 IO-0/EL  buffer_pool.h:25] BufferPool[IO-0_Write]: Allocate new buffer, current buffer count is 167
I1102 18:30:05.453912 IO-0/EL  buffer_pool.h:25] BufferPool[IO-0_Write]: Allocate new buffer, current buffer count is 168
I1102 18:30:05.453925 IO-0/EL  buffer_pool.h:25] BufferPool[IO-0_Write]: Allocate new buffer, current buffer count is 169
I1102 18:30:05.453936 IO-0/EL  buffer_pool.h:25] BufferPool[IO-0_Write]: Allocate new buffer, current buffer count is 170
I1102 18:30:05.453950 IO-0/EL  buffer_pool.h:25] BufferPool[IO-0_Write]: Allocate new buffer, current buffer count is 171
I1102 18:30:05.453960 IO-0/EL  buffer_pool.h:25] BufferPool[IO-0_Write]: Allocate new buffer, current buffer count is 172
I1102 18:30:05.453975 IO-0/EL  buffer_pool.h:25] BufferPool[IO-0_Write]: Allocate new buffer, current buffer count is 173
I1102 18:30:05.453984 IO-0/EL  buffer_pool.h:25] BufferPool[IO-0_Write]: Allocate new buffer, current buffer count is 174
I1102 18:30:05.453996 IO-0/EL  buffer_pool.h:25] BufferPool[IO-0_Write]: Allocate new buffer, current buffer count is 175
I1102 18:30:05.454006 IO-0/EL  buffer_pool.h:25] BufferPool[IO-0_Write]: Allocate new buffer, current buffer count is 176
I1102 18:30:05.454019 IO-0/EL  buffer_pool.h:25] BufferPool[IO-0_Write]: Allocate new buffer, current buffer count is 177
I1102 18:30:05.454028 IO-0/EL  buffer_pool.h:25] BufferPool[IO-0_Write]: Allocate new buffer, current buffer count is 178
I1102 18:30:05.454038 IO-0/EL  buffer_pool.h:25] BufferPool[IO-0_Write]: Allocate new buffer, current buffer count is 179
I1102 18:30:05.454051 IO-0/EL  buffer_pool.h:25] BufferPool[IO-0_Write]: Allocate new buffer, current buffer count is 180
I1102 18:30:05.454068 IO-0/EL  buffer_pool.h:25] BufferPool[IO-0_Write]: Allocate new buffer, current buffer count is 181
I1102 18:30:05.454081 IO-0/EL  buffer_pool.h:25] BufferPool[IO-0_Write]: Allocate new buffer, current buffer count is 182
I1102 18:30:05.454091 IO-0/EL  buffer_pool.h:25] BufferPool[IO-0_Write]: Allocate new buffer, current buffer count is 183
I1102 18:30:05.454103 IO-0/EL  buffer_pool.h:25] BufferPool[IO-0_Write]: Allocate new buffer, current buffer count is 184
I1102 18:30:05.454112 IO-0/EL  buffer_pool.h:25] BufferPool[IO-0_Write]: Allocate new buffer, current buffer count is 185
I1102 18:30:05.454127 IO-0/EL  buffer_pool.h:25] BufferPool[IO-0_Write]: Allocate new buffer, current buffer count is 186
I1102 18:30:05.454137 IO-0/EL  buffer_pool.h:25] BufferPool[IO-0_Write]: Allocate new buffer, current buffer count is 187
I1102 18:30:05.454149 IO-0/EL  buffer_pool.h:25] BufferPool[IO-0_Write]: Allocate new buffer, current buffer count is 188
I1102 18:30:05.454159 IO-0/EL  buffer_pool.h:25] BufferPool[IO-0_Write]: Allocate new buffer, current buffer count is 189
I1102 18:30:05.454168 IO-0/EL  buffer_pool.h:25] BufferPool[IO-0_Write]: Allocate new buffer, current buffer count is 190
I1102 18:30:05.454182 IO-0/EL  buffer_pool.h:25] BufferPool[IO-0_Write]: Allocate new buffer, current buffer count is 191
I1102 18:30:05.454191 IO-0/EL  buffer_pool.h:25] BufferPool[IO-0_Write]: Allocate new buffer, current buffer count is 192
I1102 18:30:05.454206 IO-0/EL  buffer_pool.h:25] BufferPool[IO-0_Write]: Allocate new buffer, current buffer count is 193
I1102 18:30:05.454217 IO-0/EL  buffer_pool.h:25] BufferPool[IO-0_Write]: Allocate new buffer, current buffer count is 194
I1102 18:30:05.454230 IO-0/EL  buffer_pool.h:25] BufferPool[IO-0_Write]: Allocate new buffer, current buffer count is 195
I1102 18:30:05.454239 IO-0/EL  buffer_pool.h:25] BufferPool[IO-0_Write]: Allocate new buffer, current buffer count is 196
I1102 18:30:05.454250 IO-0/EL  buffer_pool.h:25] BufferPool[IO-0_Write]: Allocate new buffer, current buffer count is 197
I1102 18:30:05.454261 IO-0/EL  buffer_pool.h:25] BufferPool[IO-0_Write]: Allocate new buffer, current buffer count is 198
I1102 18:30:05.454274 IO-0/EL  buffer_pool.h:25] BufferPool[IO-0_Write]: Allocate new buffer, current buffer count is 199
I1102 18:30:05.454283 IO-0/EL  buffer_pool.h:25] BufferPool[IO-0_Write]: Allocate new buffer, current buffer count is 200
I1102 18:30:05.454297 IO-0/EL  buffer_pool.h:25] BufferPool[IO-0_Write]: Allocate new buffer, current buffer count is 201
I1102 18:30:05.454307 IO-0/EL  buffer_pool.h:25] BufferPool[IO-0_Write]: Allocate new buffer, current buffer count is 202
I1102 18:30:05.454316 IO-0/EL  buffer_pool.h:25] BufferPool[IO-0_Write]: Allocate new buffer, current buffer count is 203
I1102 18:30:05.454330 IO-0/EL  buffer_pool.h:25] BufferPool[IO-0_Write]: Allocate new buffer, current buffer count is 204
I1102 18:30:05.454339 IO-0/EL  buffer_pool.h:25] BufferPool[IO-0_Write]: Allocate new buffer, current buffer count is 205
I1102 18:30:05.454353 IO-0/EL  buffer_pool.h:25] BufferPool[IO-0_Write]: Allocate new buffer, current buffer count is 206
I1102 18:30:05.454363 IO-0/EL  buffer_pool.h:25] BufferPool[IO-0_Write]: Allocate new buffer, current buffer count is 207
I1102 18:30:05.454378 IO-0/EL  buffer_pool.h:25] BufferPool[IO-0_Write]: Allocate new buffer, current buffer count is 208
I1102 18:30:05.454388 IO-0/EL  buffer_pool.h:25] BufferPool[IO-0_Write]: Allocate new buffer, current buffer count is 209
I1102 18:30:05.454401 IO-0/EL  buffer_pool.h:25] BufferPool[IO-0_Write]: Allocate new buffer, current buffer count is 210
I1102 18:30:05.454411 IO-0/EL  buffer_pool.h:25] BufferPool[IO-0_Write]: Allocate new buffer, current buffer count is 211
I1102 18:30:05.454423 IO-0/EL  buffer_pool.h:25] BufferPool[IO-0_Write]: Allocate new buffer, current buffer count is 212
I1102 18:30:05.454432 IO-0/EL  buffer_pool.h:25] BufferPool[IO-0_Write]: Allocate new buffer, current buffer count is 213
I1102 18:30:05.454443 IO-0/EL  buffer_pool.h:25] BufferPool[IO-0_Write]: Allocate new buffer, current buffer count is 214
I1102 18:30:05.454460 IO-0/EL  buffer_pool.h:25] BufferPool[IO-0_Write]: Allocate new buffer, current buffer count is 215
I1102 18:30:05.454472 IO-0/EL  buffer_pool.h:25] BufferPool[IO-0_Write]: Allocate new buffer, current buffer count is 216
I1102 18:30:05.454484 IO-0/EL  buffer_pool.h:25] BufferPool[IO-0_Write]: Allocate new buffer, current buffer count is 217
I1102 18:30:05.454494 IO-0/EL  buffer_pool.h:25] BufferPool[IO-0_Write]: Allocate new buffer, current buffer count is 218
I1102 18:30:05.454507 IO-0/EL  buffer_pool.h:25] BufferPool[IO-0_Write]: Allocate new buffer, current buffer count is 219
I1102 18:30:05.454517 IO-0/EL  buffer_pool.h:25] BufferPool[IO-0_Write]: Allocate new buffer, current buffer count is 220
I1102 18:30:05.454528 IO-0/EL  buffer_pool.h:25] BufferPool[IO-0_Write]: Allocate new buffer, current buffer count is 221
I1102 18:30:05.454538 IO-0/EL  buffer_pool.h:25] BufferPool[IO-0_Write]: Allocate new buffer, current buffer count is 222
I1102 18:30:05.454554 IO-0/EL  buffer_pool.h:25] BufferPool[IO-0_Write]: Allocate new buffer, current buffer count is 223
I1102 18:30:05.454563 IO-0/EL  buffer_pool.h:25] BufferPool[IO-0_Write]: Allocate new buffer, current buffer count is 224
I1102 18:30:05.454583 IO-0/EL  buffer_pool.h:25] BufferPool[IO-0_Write]: Allocate new buffer, current buffer count is 225
I1102 18:30:05.454595 IO-0/EL  buffer_pool.h:25] BufferPool[IO-0_Write]: Allocate new buffer, current buffer count is 226
I1102 18:30:05.454609 IO-0/EL  buffer_pool.h:25] BufferPool[IO-0_Write]: Allocate new buffer, current buffer count is 227
I1102 18:30:05.454619 IO-0/EL  buffer_pool.h:25] BufferPool[IO-0_Write]: Allocate new buffer, current buffer count is 228
I1102 18:30:05.454631 IO-0/EL  buffer_pool.h:25] BufferPool[IO-0_Write]: Allocate new buffer, current buffer count is 229
I1102 18:30:05.454641 IO-0/EL  buffer_pool.h:25] BufferPool[IO-0_Write]: Allocate new buffer, current buffer count is 230
I1102 18:30:05.454652 IO-0/EL  buffer_pool.h:25] BufferPool[IO-0_Write]: Allocate new buffer, current buffer count is 231
I1102 18:30:05.454663 IO-0/EL  buffer_pool.h:25] BufferPool[IO-0_Write]: Allocate new buffer, current buffer count is 232
I1102 18:30:05.454675 IO-0/EL  buffer_pool.h:25] BufferPool[IO-0_Write]: Allocate new buffer, current buffer count is 233
I1102 18:30:05.454688 IO-0/EL  buffer_pool.h:25] BufferPool[IO-0_Write]: Allocate new buffer, current buffer count is 234
I1102 18:30:05.454697 IO-0/EL  buffer_pool.h:25] BufferPool[IO-0_Write]: Allocate new buffer, current buffer count is 235
I1102 18:30:05.454720 IO-0/EL  buffer_pool.h:25] BufferPool[IO-0_Write]: Allocate new buffer, current buffer count is 236
I1102 18:30:05.454731 IO-0/EL  buffer_pool.h:25] BufferPool[IO-0_Write]: Allocate new buffer, current buffer count is 237
I1102 18:30:05.454743 IO-0/EL  buffer_pool.h:25] BufferPool[IO-0_Write]: Allocate new buffer, current buffer count is 238
I1102 18:30:05.454753 IO-0/EL  buffer_pool.h:25] BufferPool[IO-0_Write]: Allocate new buffer, current buffer count is 239
I1102 18:30:05.454765 IO-0/EL  buffer_pool.h:25] BufferPool[IO-0_Write]: Allocate new buffer, current buffer count is 240
I1102 18:30:05.454776 IO-0/EL  buffer_pool.h:25] BufferPool[IO-0_Write]: Allocate new buffer, current buffer count is 241
I1102 18:30:05.454786 IO-0/EL  buffer_pool.h:25] BufferPool[IO-0_Write]: Allocate new buffer, current buffer count is 242
I1102 18:30:05.454799 IO-0/EL  buffer_pool.h:25] BufferPool[IO-0_Write]: Allocate new buffer, current buffer count is 243
I1102 18:30:05.454812 IO-0/EL  buffer_pool.h:25] BufferPool[IO-0_Write]: Allocate new buffer, current buffer count is 244
I1102 18:30:05.454825 IO-0/EL  buffer_pool.h:25] BufferPool[IO-0_Write]: Allocate new buffer, current buffer count is 245
I1102 18:30:05.454834 IO-0/EL  buffer_pool.h:25] BufferPool[IO-0_Write]: Allocate new buffer, current buffer count is 246
I1102 18:30:05.454848 IO-0/EL  buffer_pool.h:25] BufferPool[IO-0_Write]: Allocate new buffer, current buffer count is 247
I1102 18:30:05.454865 IO-0/EL  buffer_pool.h:25] BufferPool[IO-0_Write]: Allocate new buffer, current buffer count is 248
I1102 18:30:05.454877 IO-0/EL  buffer_pool.h:25] BufferPool[IO-0_Write]: Allocate new buffer, current buffer count is 249
I1102 18:30:05.454888 IO-0/EL  buffer_pool.h:25] BufferPool[IO-0_Write]: Allocate new buffer, current buffer count is 250
I1102 18:30:05.454901 IO-0/EL  buffer_pool.h:25] BufferPool[IO-0_Write]: Allocate new buffer, current buffer count is 251
I1102 18:30:05.454910 IO-0/EL  buffer_pool.h:25] BufferPool[IO-0_Write]: Allocate new buffer, current buffer count is 252
I1102 18:30:05.454920 IO-0/EL  buffer_pool.h:25] BufferPool[IO-0_Write]: Allocate new buffer, current buffer count is 253
I1102 18:30:05.454933 IO-0/EL  buffer_pool.h:25] BufferPool[IO-0_Write]: Allocate new buffer, current buffer count is 254
I1102 18:30:05.454944 IO-0/EL  buffer_pool.h:25] BufferPool[IO-0_Write]: Allocate new buffer, current buffer count is 255
I1102 18:30:05.454956 IO-0/EL  buffer_pool.h:25] BufferPool[IO-0_Write]: Allocate new buffer, current buffer count is 256
I1102 18:30:05.455103 IO-0/EL  buffer_pool.h:25] BufferPool[IO-0_Write]: Allocate new buffer, current buffer count is 257
I1102 18:30:05.455118 IO-0/EL  buffer_pool.h:25] BufferPool[IO-0_Write]: Allocate new buffer, current buffer count is 258
I1102 18:30:05.455130 IO-0/EL  buffer_pool.h:25] BufferPool[IO-0_Write]: Allocate new buffer, current buffer count is 259
I1102 18:30:05.455141 IO-0/EL  buffer_pool.h:25] BufferPool[IO-0_Write]: Allocate new buffer, current buffer count is 260
I1102 18:30:05.455151 IO-0/EL  buffer_pool.h:25] BufferPool[IO-0_Write]: Allocate new buffer, current buffer count is 261
I1102 18:30:05.455162 IO-0/EL  buffer_pool.h:25] BufferPool[IO-0_Write]: Allocate new buffer, current buffer count is 262
I1102 18:30:05.455173 IO-0/EL  buffer_pool.h:25] BufferPool[IO-0_Write]: Allocate new buffer, current buffer count is 263
I1102 18:30:05.455184 IO-0/EL  buffer_pool.h:25] BufferPool[IO-0_Write]: Allocate new buffer, current buffer count is 264
I1102 18:30:05.455195 IO-0/EL  buffer_pool.h:25] BufferPool[IO-0_Write]: Allocate new buffer, current buffer count is 265
I1102 18:30:05.455206 IO-0/EL  buffer_pool.h:25] BufferPool[IO-0_Write]: Allocate new buffer, current buffer count is 266
I1102 18:30:05.455219 IO-0/EL  buffer_pool.h:25] BufferPool[IO-0_Write]: Allocate new buffer, current buffer count is 267
I1102 18:30:05.455228 IO-0/EL  buffer_pool.h:25] BufferPool[IO-0_Write]: Allocate new buffer, current buffer count is 268
I1102 18:30:05.455238 IO-0/EL  buffer_pool.h:25] BufferPool[IO-0_Write]: Allocate new buffer, current buffer count is 269
I1102 18:30:05.455247 IO-0/EL  buffer_pool.h:25] BufferPool[IO-0_Write]: Allocate new buffer, current buffer count is 270
I1102 18:30:05.455256 IO-0/EL  buffer_pool.h:25] BufferPool[IO-0_Write]: Allocate new buffer, current buffer count is 271
I1102 18:30:05.455266 IO-0/EL  buffer_pool.h:25] BufferPool[IO-0_Write]: Allocate new buffer, current buffer count is 272
I1102 18:30:05.455275 IO-0/EL  buffer_pool.h:25] BufferPool[IO-0_Write]: Allocate new buffer, current buffer count is 273
I1102 18:30:05.455286 IO-0/EL  buffer_pool.h:25] BufferPool[IO-0_Write]: Allocate new buffer, current buffer count is 274
I1102 18:30:05.455295 IO-0/EL  buffer_pool.h:25] BufferPool[IO-0_Write]: Allocate new buffer, current buffer count is 275
I1102 18:30:05.455304 IO-0/EL  buffer_pool.h:25] BufferPool[IO-0_Write]: Allocate new buffer, current buffer count is 276
I1102 18:30:05.455313 IO-0/EL  buffer_pool.h:25] BufferPool[IO-0_Write]: Allocate new buffer, current buffer count is 277
I1102 18:30:05.455323 IO-0/EL  buffer_pool.h:25] BufferPool[IO-0_Write]: Allocate new buffer, current buffer count is 278
I1102 18:30:05.455332 IO-0/EL  buffer_pool.h:25] BufferPool[IO-0_Write]: Allocate new buffer, current buffer count is 279
I1102 18:30:05.455341 IO-0/EL  buffer_pool.h:25] BufferPool[IO-0_Write]: Allocate new buffer, current buffer count is 280
I1102 18:30:05.455351 IO-0/EL  buffer_pool.h:25] BufferPool[IO-0_Write]: Allocate new buffer, current buffer count is 281
I1102 18:30:05.455367 IO-0/EL  buffer_pool.h:25] BufferPool[IO-0_Write]: Allocate new buffer, current buffer count is 282
I1102 18:30:05.455378 IO-0/EL  buffer_pool.h:25] BufferPool[IO-0_Write]: Allocate new buffer, current buffer count is 283
I1102 18:30:05.455388 IO-0/EL  buffer_pool.h:25] BufferPool[IO-0_Write]: Allocate new buffer, current buffer count is 284
I1102 18:30:05.455401 IO-0/EL  buffer_pool.h:25] BufferPool[IO-0_Write]: Allocate new buffer, current buffer count is 285
I1102 18:30:05.455413 IO-0/EL  buffer_pool.h:25] BufferPool[IO-0_Write]: Allocate new buffer, current buffer count is 286
I1102 18:30:05.455423 IO-0/EL  buffer_pool.h:25] BufferPool[IO-0_Write]: Allocate new buffer, current buffer count is 287
I1102 18:30:05.455432 IO-0/EL  buffer_pool.h:25] BufferPool[IO-0_Write]: Allocate new buffer, current buffer count is 288
I1102 18:30:05.455440 IO-0/EL  buffer_pool.h:25] BufferPool[IO-0_Write]: Allocate new buffer, current buffer count is 289
I1102 18:30:05.455449 IO-0/EL  buffer_pool.h:25] BufferPool[IO-0_Write]: Allocate new buffer, current buffer count is 290
I1102 18:30:05.455459 IO-0/EL  buffer_pool.h:25] BufferPool[IO-0_Write]: Allocate new buffer, current buffer count is 291
I1102 18:30:05.455468 IO-0/EL  buffer_pool.h:25] BufferPool[IO-0_Write]: Allocate new buffer, current buffer count is 292
I1102 18:30:05.455478 IO-0/EL  buffer_pool.h:25] BufferPool[IO-0_Write]: Allocate new buffer, current buffer count is 293
I1102 18:30:05.455487 IO-0/EL  buffer_pool.h:25] BufferPool[IO-0_Write]: Allocate new buffer, current buffer count is 294
I1102 18:30:05.455496 IO-0/EL  buffer_pool.h:25] BufferPool[IO-0_Write]: Allocate new buffer, current buffer count is 295
I1102 18:30:05.455505 IO-0/EL  buffer_pool.h:25] BufferPool[IO-0_Write]: Allocate new buffer, current buffer count is 296
I1102 18:30:05.455515 IO-0/EL  buffer_pool.h:25] BufferPool[IO-0_Write]: Allocate new buffer, current buffer count is 297
I1102 18:30:05.455525 IO-0/EL  buffer_pool.h:25] BufferPool[IO-0_Write]: Allocate new buffer, current buffer count is 298
I1102 18:30:05.455534 IO-0/EL  buffer_pool.h:25] BufferPool[IO-0_Write]: Allocate new buffer, current buffer count is 299
I1102 18:30:05.455544 IO-0/EL  buffer_pool.h:25] BufferPool[IO-0_Write]: Allocate new buffer, current buffer count is 300
I1102 18:30:05.455555 IO-0/EL  buffer_pool.h:25] BufferPool[IO-0_Write]: Allocate new buffer, current buffer count is 301
I1102 18:30:05.455565 IO-0/EL  buffer_pool.h:25] BufferPool[IO-0_Write]: Allocate new buffer, current buffer count is 302
I1102 18:30:05.455576 IO-0/EL  buffer_pool.h:25] BufferPool[IO-0_Write]: Allocate new buffer, current buffer count is 303
I1102 18:30:05.455589 IO-0/EL  buffer_pool.h:25] BufferPool[IO-0_Write]: Allocate new buffer, current buffer count is 304
I1102 18:30:05.455598 IO-0/EL  buffer_pool.h:25] BufferPool[IO-0_Write]: Allocate new buffer, current buffer count is 305
I1102 18:30:05.455608 IO-0/EL  buffer_pool.h:25] BufferPool[IO-0_Write]: Allocate new buffer, current buffer count is 306
I1102 18:30:05.455618 IO-0/EL  buffer_pool.h:25] BufferPool[IO-0_Write]: Allocate new buffer, current buffer count is 307
I1102 18:30:05.455627 IO-0/EL  buffer_pool.h:25] BufferPool[IO-0_Write]: Allocate new buffer, current buffer count is 308
I1102 18:30:05.455636 IO-0/EL  buffer_pool.h:25] BufferPool[IO-0_Write]: Allocate new buffer, current buffer count is 309
I1102 18:30:05.455646 IO-0/EL  buffer_pool.h:25] BufferPool[IO-0_Write]: Allocate new buffer, current buffer count is 310
I1102 18:30:05.455655 IO-0/EL  buffer_pool.h:25] BufferPool[IO-0_Write]: Allocate new buffer, current buffer count is 311
I1102 18:30:05.455664 IO-0/EL  buffer_pool.h:25] BufferPool[IO-0_Write]: Allocate new buffer, current buffer count is 312
I1102 18:30:05.455673 IO-0/EL  buffer_pool.h:25] BufferPool[IO-0_Write]: Allocate new buffer, current buffer count is 313
I1102 18:30:05.455682 IO-0/EL  buffer_pool.h:25] BufferPool[IO-0_Write]: Allocate new buffer, current buffer count is 314
I1102 18:30:05.455697 IO-0/EL  buffer_pool.h:25] BufferPool[IO-0_Write]: Allocate new buffer, current buffer count is 315
I1102 18:30:05.455707 IO-0/EL  buffer_pool.h:25] BufferPool[IO-0_Write]: Allocate new buffer, current buffer count is 316
I1102 18:30:05.455721 IO-0/EL  buffer_pool.h:25] BufferPool[IO-0_Write]: Allocate new buffer, current buffer count is 317
I1102 18:30:05.455731 IO-0/EL  buffer_pool.h:25] BufferPool[IO-0_Write]: Allocate new buffer, current buffer count is 318
I1102 18:30:10.511298 Main     server_base.cpp:35] Server: Scheduled to stop
I1102 18:30:10.511428 IO-0/EL  message_connection.cpp:284] LauncherConnection[1]: Connection closed remotely
I1102 18:30:10.511409 Server/E server_base.cpp:109] Server: Start stopping process
I1102 18:30:10.511486 IO-0/EL  io_worker.cpp:206] IO-0: Start stopping process
I1102 18:30:10.511557 Server/E server_base.cpp:55] Server: Event loop finishes
