I1102 19:14:29.523846 Main     thread.cpp:100] Register main thread: tid=1405570
E1102 19:14:29.525920 Main     docker.cpp:59] Cannot find docker's cgroup in /proc/self/cgroup
I1102 19:14:29.525977 Main     func_config.cpp:135] Load configuration for function Echo[1]
I1102 19:14:29.525987 Main     engine.cpp:109] Engine: Start 1 IO workers
I1102 19:14:29.529255 IO-0/EL  thread.cpp:40] Start thread: IO-0/EL
I1102 19:14:29.529302 IO-0/EL  io_worker.cpp:192] IO-0: Event loop starts
Checking for file descriptor...
Got a file descriptor!
I1102 19:14:31.368836 Main     engine.cpp:180] Engine: Created 1 Machnet connections to Gateway at 10.10.1.2:10007
I1102 19:14:31.368948 Main     engine.cpp:208] Engine: Listen on /dev/shm/faas_ipc/engine.sock for IPC connections
I1102 19:14:31.369214 Server/E thread.cpp:40] Start thread: Server/EL
I1102 19:14:31.369330 Server/E server_base.cpp:50] Server: Event loop starts
I1102 19:14:31.526241 Server/E engine.cpp:674] Engine: New message connection
I1102 19:14:31.529546 IO-0/EL  buffer_pool.h:25] BufferPool[IO-0_Read]: Allocate new buffer, current buffer count is 1
I1102 19:14:31.529578 IO-0/EL  engine.cpp:277] Engine: Receive new handshake message from message connection
I1102 19:14:31.529584 IO-0/EL  worker_manager.cpp:23] WorkerManager: Launcher of func_id 1 connected
I1102 19:14:31.529588 IO-0/EL  worker_manager.cpp:131] WorkerManager: Request new FuncWorker for func_id 1 with client_id 1
I1102 19:14:31.529608 IO-0/EL  worker_manager.cpp:131] WorkerManager: Request new FuncWorker for func_id 1 with client_id 2
I1102 19:14:31.529620 IO-0/EL  worker_manager.cpp:131] WorkerManager: Request new FuncWorker for func_id 1 with client_id 3
I1102 19:14:31.529629 IO-0/EL  worker_manager.cpp:131] WorkerManager: Request new FuncWorker for func_id 1 with client_id 4
I1102 19:14:31.529638 IO-0/EL  worker_manager.cpp:131] WorkerManager: Request new FuncWorker for func_id 1 with client_id 5
I1102 19:14:31.529647 IO-0/EL  worker_manager.cpp:131] WorkerManager: Request new FuncWorker for func_id 1 with client_id 6
I1102 19:14:31.529657 IO-0/EL  worker_manager.cpp:131] WorkerManager: Request new FuncWorker for func_id 1 with client_id 7
I1102 19:14:31.529667 IO-0/EL  worker_manager.cpp:131] WorkerManager: Request new FuncWorker for func_id 1 with client_id 8
I1102 19:14:31.529680 IO-0/EL  worker_manager.cpp:131] WorkerManager: Request new FuncWorker for func_id 1 with client_id 9
I1102 19:14:31.529689 IO-0/EL  worker_manager.cpp:131] WorkerManager: Request new FuncWorker for func_id 1 with client_id 10
I1102 19:14:31.529700 IO-0/EL  worker_manager.cpp:131] WorkerManager: Request new FuncWorker for func_id 1 with client_id 11
I1102 19:14:31.529713 IO-0/EL  worker_manager.cpp:131] WorkerManager: Request new FuncWorker for func_id 1 with client_id 12
I1102 19:14:31.529725 IO-0/EL  worker_manager.cpp:131] WorkerManager: Request new FuncWorker for func_id 1 with client_id 13
I1102 19:14:31.529735 IO-0/EL  worker_manager.cpp:131] WorkerManager: Request new FuncWorker for func_id 1 with client_id 14
I1102 19:14:31.529744 IO-0/EL  worker_manager.cpp:131] WorkerManager: Request new FuncWorker for func_id 1 with client_id 15
I1102 19:14:31.529755 IO-0/EL  worker_manager.cpp:131] WorkerManager: Request new FuncWorker for func_id 1 with client_id 16
I1102 19:14:31.529764 IO-0/EL  worker_manager.cpp:131] WorkerManager: Request new FuncWorker for func_id 1 with client_id 17
I1102 19:14:31.529785 IO-0/EL  worker_manager.cpp:131] WorkerManager: Request new FuncWorker for func_id 1 with client_id 18
I1102 19:14:31.529794 IO-0/EL  worker_manager.cpp:131] WorkerManager: Request new FuncWorker for func_id 1 with client_id 19
I1102 19:14:31.529805 IO-0/EL  worker_manager.cpp:131] WorkerManager: Request new FuncWorker for func_id 1 with client_id 20
I1102 19:14:31.529816 IO-0/EL  worker_manager.cpp:131] WorkerManager: Request new FuncWorker for func_id 1 with client_id 21
I1102 19:14:31.529825 IO-0/EL  worker_manager.cpp:131] WorkerManager: Request new FuncWorker for func_id 1 with client_id 22
I1102 19:14:31.529835 IO-0/EL  worker_manager.cpp:131] WorkerManager: Request new FuncWorker for func_id 1 with client_id 23
I1102 19:14:31.529861 IO-0/EL  worker_manager.cpp:131] WorkerManager: Request new FuncWorker for func_id 1 with client_id 24
I1102 19:14:31.529872 IO-0/EL  worker_manager.cpp:131] WorkerManager: Request new FuncWorker for func_id 1 with client_id 25
I1102 19:14:31.529882 IO-0/EL  worker_manager.cpp:131] WorkerManager: Request new FuncWorker for func_id 1 with client_id 26
I1102 19:14:31.529892 IO-0/EL  worker_manager.cpp:131] WorkerManager: Request new FuncWorker for func_id 1 with client_id 27
I1102 19:14:31.529904 IO-0/EL  worker_manager.cpp:131] WorkerManager: Request new FuncWorker for func_id 1 with client_id 28
I1102 19:14:31.529914 IO-0/EL  worker_manager.cpp:131] WorkerManager: Request new FuncWorker for func_id 1 with client_id 29
I1102 19:14:31.529923 IO-0/EL  worker_manager.cpp:131] WorkerManager: Request new FuncWorker for func_id 1 with client_id 30
I1102 19:14:31.529934 IO-0/EL  worker_manager.cpp:131] WorkerManager: Request new FuncWorker for func_id 1 with client_id 31
I1102 19:14:31.529943 IO-0/EL  worker_manager.cpp:131] WorkerManager: Request new FuncWorker for func_id 1 with client_id 32
I1102 19:14:31.529952 IO-0/EL  worker_manager.cpp:131] WorkerManager: Request new FuncWorker for func_id 1 with client_id 33
I1102 19:14:31.529986 IO-0/EL  worker_manager.cpp:131] WorkerManager: Request new FuncWorker for func_id 1 with client_id 34
I1102 19:14:31.529996 IO-0/EL  worker_manager.cpp:131] WorkerManager: Request new FuncWorker for func_id 1 with client_id 35
I1102 19:14:31.530009 IO-0/EL  worker_manager.cpp:131] WorkerManager: Request new FuncWorker for func_id 1 with client_id 36
I1102 19:14:31.530019 IO-0/EL  worker_manager.cpp:131] WorkerManager: Request new FuncWorker for func_id 1 with client_id 37
I1102 19:14:31.530028 IO-0/EL  worker_manager.cpp:131] WorkerManager: Request new FuncWorker for func_id 1 with client_id 38
I1102 19:14:31.530038 IO-0/EL  worker_manager.cpp:131] WorkerManager: Request new FuncWorker for func_id 1 with client_id 39
I1102 19:14:31.530049 IO-0/EL  worker_manager.cpp:131] WorkerManager: Request new FuncWorker for func_id 1 with client_id 40
I1102 19:14:31.530058 IO-0/EL  worker_manager.cpp:131] WorkerManager: Request new FuncWorker for func_id 1 with client_id 41
I1102 19:14:31.530067 IO-0/EL  worker_manager.cpp:131] WorkerManager: Request new FuncWorker for func_id 1 with client_id 42
I1102 19:14:31.530078 IO-0/EL  worker_manager.cpp:131] WorkerManager: Request new FuncWorker for func_id 1 with client_id 43
I1102 19:14:31.530089 IO-0/EL  worker_manager.cpp:131] WorkerManager: Request new FuncWorker for func_id 1 with client_id 44
I1102 19:14:31.530099 IO-0/EL  worker_manager.cpp:131] WorkerManager: Request new FuncWorker for func_id 1 with client_id 45
I1102 19:14:31.530110 IO-0/EL  worker_manager.cpp:131] WorkerManager: Request new FuncWorker for func_id 1 with client_id 46
I1102 19:14:31.530120 IO-0/EL  worker_manager.cpp:131] WorkerManager: Request new FuncWorker for func_id 1 with client_id 47
I1102 19:14:31.530131 IO-0/EL  worker_manager.cpp:131] WorkerManager: Request new FuncWorker for func_id 1 with client_id 48
I1102 19:14:31.530140 IO-0/EL  worker_manager.cpp:131] WorkerManager: Request new FuncWorker for func_id 1 with client_id 49
I1102 19:14:31.530149 IO-0/EL  worker_manager.cpp:131] WorkerManager: Request new FuncWorker for func_id 1 with client_id 50
I1102 19:14:31.530161 IO-0/EL  worker_manager.cpp:131] WorkerManager: Request new FuncWorker for func_id 1 with client_id 51
I1102 19:14:31.530172 IO-0/EL  worker_manager.cpp:131] WorkerManager: Request new FuncWorker for func_id 1 with client_id 52
I1102 19:14:31.530181 IO-0/EL  worker_manager.cpp:131] WorkerManager: Request new FuncWorker for func_id 1 with client_id 53
I1102 19:14:31.530191 IO-0/EL  worker_manager.cpp:131] WorkerManager: Request new FuncWorker for func_id 1 with client_id 54
I1102 19:14:31.530200 IO-0/EL  worker_manager.cpp:131] WorkerManager: Request new FuncWorker for func_id 1 with client_id 55
I1102 19:14:31.530211 IO-0/EL  worker_manager.cpp:131] WorkerManager: Request new FuncWorker for func_id 1 with client_id 56
I1102 19:14:31.530226 IO-0/EL  worker_manager.cpp:131] WorkerManager: Request new FuncWorker for func_id 1 with client_id 57
I1102 19:14:31.530237 IO-0/EL  worker_manager.cpp:131] WorkerManager: Request new FuncWorker for func_id 1 with client_id 58
I1102 19:14:31.530247 IO-0/EL  worker_manager.cpp:131] WorkerManager: Request new FuncWorker for func_id 1 with client_id 59
I1102 19:14:31.530257 IO-0/EL  worker_manager.cpp:131] WorkerManager: Request new FuncWorker for func_id 1 with client_id 60
I1102 19:14:31.530269 IO-0/EL  worker_manager.cpp:131] WorkerManager: Request new FuncWorker for func_id 1 with client_id 61
I1102 19:14:31.530279 IO-0/EL  worker_manager.cpp:131] WorkerManager: Request new FuncWorker for func_id 1 with client_id 62
I1102 19:14:31.530288 IO-0/EL  worker_manager.cpp:131] WorkerManager: Request new FuncWorker for func_id 1 with client_id 63
I1102 19:14:31.530297 IO-0/EL  worker_manager.cpp:131] WorkerManager: Request new FuncWorker for func_id 1 with client_id 64
I1102 19:14:31.530307 IO-0/EL  worker_manager.cpp:131] WorkerManager: Request new FuncWorker for func_id 1 with client_id 65
I1102 19:14:31.530357 IO-0/EL  worker_manager.cpp:131] WorkerManager: Request new FuncWorker for func_id 1 with client_id 66
I1102 19:14:31.530367 IO-0/EL  worker_manager.cpp:131] WorkerManager: Request new FuncWorker for func_id 1 with client_id 67
I1102 19:14:31.530376 IO-0/EL  worker_manager.cpp:131] WorkerManager: Request new FuncWorker for func_id 1 with client_id 68
I1102 19:14:31.530389 IO-0/EL  worker_manager.cpp:131] WorkerManager: Request new FuncWorker for func_id 1 with client_id 69
I1102 19:14:31.530399 IO-0/EL  worker_manager.cpp:131] WorkerManager: Request new FuncWorker for func_id 1 with client_id 70
I1102 19:14:31.530408 IO-0/EL  worker_manager.cpp:131] WorkerManager: Request new FuncWorker for func_id 1 with client_id 71
I1102 19:14:31.530417 IO-0/EL  worker_manager.cpp:131] WorkerManager: Request new FuncWorker for func_id 1 with client_id 72
I1102 19:14:31.530430 IO-0/EL  worker_manager.cpp:131] WorkerManager: Request new FuncWorker for func_id 1 with client_id 73
I1102 19:14:31.530440 IO-0/EL  worker_manager.cpp:131] WorkerManager: Request new FuncWorker for func_id 1 with client_id 74
I1102 19:14:31.530450 IO-0/EL  worker_manager.cpp:131] WorkerManager: Request new FuncWorker for func_id 1 with client_id 75
I1102 19:14:31.530461 IO-0/EL  worker_manager.cpp:131] WorkerManager: Request new FuncWorker for func_id 1 with client_id 76
I1102 19:14:31.530472 IO-0/EL  worker_manager.cpp:131] WorkerManager: Request new FuncWorker for func_id 1 with client_id 77
I1102 19:14:31.530481 IO-0/EL  worker_manager.cpp:131] WorkerManager: Request new FuncWorker for func_id 1 with client_id 78
I1102 19:14:31.530490 IO-0/EL  worker_manager.cpp:131] WorkerManager: Request new FuncWorker for func_id 1 with client_id 79
I1102 19:14:31.530500 IO-0/EL  worker_manager.cpp:131] WorkerManager: Request new FuncWorker for func_id 1 with client_id 80
I1102 19:14:31.530513 IO-0/EL  worker_manager.cpp:131] WorkerManager: Request new FuncWorker for func_id 1 with client_id 81
I1102 19:14:31.530523 IO-0/EL  worker_manager.cpp:131] WorkerManager: Request new FuncWorker for func_id 1 with client_id 82
I1102 19:14:31.530532 IO-0/EL  worker_manager.cpp:131] WorkerManager: Request new FuncWorker for func_id 1 with client_id 83
I1102 19:14:31.530543 IO-0/EL  worker_manager.cpp:131] WorkerManager: Request new FuncWorker for func_id 1 with client_id 84
I1102 19:14:31.530556 IO-0/EL  worker_manager.cpp:131] WorkerManager: Request new FuncWorker for func_id 1 with client_id 85
I1102 19:14:31.530567 IO-0/EL  worker_manager.cpp:131] WorkerManager: Request new FuncWorker for func_id 1 with client_id 86
I1102 19:14:31.530576 IO-0/EL  worker_manager.cpp:131] WorkerManager: Request new FuncWorker for func_id 1 with client_id 87
I1102 19:14:31.530587 IO-0/EL  worker_manager.cpp:131] WorkerManager: Request new FuncWorker for func_id 1 with client_id 88
I1102 19:14:31.530603 IO-0/EL  worker_manager.cpp:131] WorkerManager: Request new FuncWorker for func_id 1 with client_id 89
I1102 19:14:31.530613 IO-0/EL  worker_manager.cpp:131] WorkerManager: Request new FuncWorker for func_id 1 with client_id 90
I1102 19:14:31.530624 IO-0/EL  worker_manager.cpp:131] WorkerManager: Request new FuncWorker for func_id 1 with client_id 91
I1102 19:14:31.530633 IO-0/EL  worker_manager.cpp:131] WorkerManager: Request new FuncWorker for func_id 1 with client_id 92
I1102 19:14:31.530644 IO-0/EL  worker_manager.cpp:131] WorkerManager: Request new FuncWorker for func_id 1 with client_id 93
I1102 19:14:31.530654 IO-0/EL  worker_manager.cpp:131] WorkerManager: Request new FuncWorker for func_id 1 with client_id 94
I1102 19:14:31.530663 IO-0/EL  worker_manager.cpp:131] WorkerManager: Request new FuncWorker for func_id 1 with client_id 95
I1102 19:14:31.530674 IO-0/EL  worker_manager.cpp:131] WorkerManager: Request new FuncWorker for func_id 1 with client_id 96
I1102 19:14:31.530685 IO-0/EL  worker_manager.cpp:131] WorkerManager: Request new FuncWorker for func_id 1 with client_id 97
I1102 19:14:31.530695 IO-0/EL  worker_manager.cpp:131] WorkerManager: Request new FuncWorker for func_id 1 with client_id 98
I1102 19:14:31.530706 IO-0/EL  worker_manager.cpp:131] WorkerManager: Request new FuncWorker for func_id 1 with client_id 99
I1102 19:14:31.530719 IO-0/EL  worker_manager.cpp:131] WorkerManager: Request new FuncWorker for func_id 1 with client_id 100
I1102 19:14:31.530731 IO-0/EL  worker_manager.cpp:131] WorkerManager: Request new FuncWorker for func_id 1 with client_id 101
I1102 19:14:31.530741 IO-0/EL  worker_manager.cpp:131] WorkerManager: Request new FuncWorker for func_id 1 with client_id 102
I1102 19:14:31.530753 IO-0/EL  worker_manager.cpp:131] WorkerManager: Request new FuncWorker for func_id 1 with client_id 103
I1102 19:14:31.530762 IO-0/EL  worker_manager.cpp:131] WorkerManager: Request new FuncWorker for func_id 1 with client_id 104
I1102 19:14:31.530774 IO-0/EL  worker_manager.cpp:131] WorkerManager: Request new FuncWorker for func_id 1 with client_id 105
I1102 19:14:31.530785 IO-0/EL  worker_manager.cpp:131] WorkerManager: Request new FuncWorker for func_id 1 with client_id 106
I1102 19:14:31.530795 IO-0/EL  worker_manager.cpp:131] WorkerManager: Request new FuncWorker for func_id 1 with client_id 107
I1102 19:14:31.530804 IO-0/EL  worker_manager.cpp:131] WorkerManager: Request new FuncWorker for func_id 1 with client_id 108
I1102 19:14:31.530816 IO-0/EL  worker_manager.cpp:131] WorkerManager: Request new FuncWorker for func_id 1 with client_id 109
I1102 19:14:31.530826 IO-0/EL  worker_manager.cpp:131] WorkerManager: Request new FuncWorker for func_id 1 with client_id 110
I1102 19:14:31.530837 IO-0/EL  worker_manager.cpp:131] WorkerManager: Request new FuncWorker for func_id 1 with client_id 111
I1102 19:14:31.530846 IO-0/EL  worker_manager.cpp:131] WorkerManager: Request new FuncWorker for func_id 1 with client_id 112
I1102 19:14:31.530858 IO-0/EL  worker_manager.cpp:131] WorkerManager: Request new FuncWorker for func_id 1 with client_id 113
I1102 19:14:31.530871 IO-0/EL  worker_manager.cpp:131] WorkerManager: Request new FuncWorker for func_id 1 with client_id 114
I1102 19:14:31.530880 IO-0/EL  worker_manager.cpp:131] WorkerManager: Request new FuncWorker for func_id 1 with client_id 115
I1102 19:14:31.530889 IO-0/EL  worker_manager.cpp:131] WorkerManager: Request new FuncWorker for func_id 1 with client_id 116
I1102 19:14:31.530901 IO-0/EL  worker_manager.cpp:131] WorkerManager: Request new FuncWorker for func_id 1 with client_id 117
I1102 19:14:31.530912 IO-0/EL  worker_manager.cpp:131] WorkerManager: Request new FuncWorker for func_id 1 with client_id 118
I1102 19:14:31.530921 IO-0/EL  worker_manager.cpp:131] WorkerManager: Request new FuncWorker for func_id 1 with client_id 119
I1102 19:14:31.530930 IO-0/EL  worker_manager.cpp:131] WorkerManager: Request new FuncWorker for func_id 1 with client_id 120
I1102 19:14:31.530944 IO-0/EL  worker_manager.cpp:131] WorkerManager: Request new FuncWorker for func_id 1 with client_id 121
I1102 19:14:31.530959 IO-0/EL  worker_manager.cpp:131] WorkerManager: Request new FuncWorker for func_id 1 with client_id 122
I1102 19:14:31.530968 IO-0/EL  worker_manager.cpp:131] WorkerManager: Request new FuncWorker for func_id 1 with client_id 123
I1102 19:14:31.530977 IO-0/EL  worker_manager.cpp:131] WorkerManager: Request new FuncWorker for func_id 1 with client_id 124
I1102 19:14:31.530988 IO-0/EL  worker_manager.cpp:131] WorkerManager: Request new FuncWorker for func_id 1 with client_id 125
I1102 19:14:31.530999 IO-0/EL  worker_manager.cpp:131] WorkerManager: Request new FuncWorker for func_id 1 with client_id 126
I1102 19:14:31.531009 IO-0/EL  worker_manager.cpp:131] WorkerManager: Request new FuncWorker for func_id 1 with client_id 127
I1102 19:14:31.531018 IO-0/EL  worker_manager.cpp:131] WorkerManager: Request new FuncWorker for func_id 1 with client_id 128
I1102 19:14:31.531031 IO-0/EL  worker_manager.cpp:131] WorkerManager: Request new FuncWorker for func_id 1 with client_id 129
I1102 19:14:31.531128 IO-0/EL  worker_manager.cpp:131] WorkerManager: Request new FuncWorker for func_id 1 with client_id 130
I1102 19:14:31.531140 IO-0/EL  worker_manager.cpp:131] WorkerManager: Request new FuncWorker for func_id 1 with client_id 131
I1102 19:14:31.531150 IO-0/EL  worker_manager.cpp:131] WorkerManager: Request new FuncWorker for func_id 1 with client_id 132
I1102 19:14:31.531164 IO-0/EL  worker_manager.cpp:131] WorkerManager: Request new FuncWorker for func_id 1 with client_id 133
I1102 19:14:31.531175 IO-0/EL  worker_manager.cpp:131] WorkerManager: Request new FuncWorker for func_id 1 with client_id 134
I1102 19:14:31.531185 IO-0/EL  worker_manager.cpp:131] WorkerManager: Request new FuncWorker for func_id 1 with client_id 135
I1102 19:14:31.531196 IO-0/EL  worker_manager.cpp:131] WorkerManager: Request new FuncWorker for func_id 1 with client_id 136
I1102 19:14:31.531207 IO-0/EL  worker_manager.cpp:131] WorkerManager: Request new FuncWorker for func_id 1 with client_id 137
I1102 19:14:31.531216 IO-0/EL  worker_manager.cpp:131] WorkerManager: Request new FuncWorker for func_id 1 with client_id 138
I1102 19:14:31.531227 IO-0/EL  worker_manager.cpp:131] WorkerManager: Request new FuncWorker for func_id 1 with client_id 139
I1102 19:14:31.531236 IO-0/EL  worker_manager.cpp:131] WorkerManager: Request new FuncWorker for func_id 1 with client_id 140
I1102 19:14:31.531248 IO-0/EL  worker_manager.cpp:131] WorkerManager: Request new FuncWorker for func_id 1 with client_id 141
I1102 19:14:31.531257 IO-0/EL  worker_manager.cpp:131] WorkerManager: Request new FuncWorker for func_id 1 with client_id 142
I1102 19:14:31.531267 IO-0/EL  worker_manager.cpp:131] WorkerManager: Request new FuncWorker for func_id 1 with client_id 143
I1102 19:14:31.531279 IO-0/EL  worker_manager.cpp:131] WorkerManager: Request new FuncWorker for func_id 1 with client_id 144
I1102 19:14:31.531290 IO-0/EL  worker_manager.cpp:131] WorkerManager: Request new FuncWorker for func_id 1 with client_id 145
I1102 19:14:31.531300 IO-0/EL  worker_manager.cpp:131] WorkerManager: Request new FuncWorker for func_id 1 with client_id 146
I1102 19:14:31.531309 IO-0/EL  worker_manager.cpp:131] WorkerManager: Request new FuncWorker for func_id 1 with client_id 147
I1102 19:14:31.531320 IO-0/EL  worker_manager.cpp:131] WorkerManager: Request new FuncWorker for func_id 1 with client_id 148
I1102 19:14:31.531332 IO-0/EL  worker_manager.cpp:131] WorkerManager: Request new FuncWorker for func_id 1 with client_id 149
I1102 19:14:31.531341 IO-0/EL  worker_manager.cpp:131] WorkerManager: Request new FuncWorker for func_id 1 with client_id 150
I1102 19:14:31.531352 IO-0/EL  worker_manager.cpp:131] WorkerManager: Request new FuncWorker for func_id 1 with client_id 151
I1102 19:14:31.531362 IO-0/EL  worker_manager.cpp:131] WorkerManager: Request new FuncWorker for func_id 1 with client_id 152
I1102 19:14:31.531373 IO-0/EL  worker_manager.cpp:131] WorkerManager: Request new FuncWorker for func_id 1 with client_id 153
I1102 19:14:31.531387 IO-0/EL  worker_manager.cpp:131] WorkerManager: Request new FuncWorker for func_id 1 with client_id 154
I1102 19:14:31.531397 IO-0/EL  worker_manager.cpp:131] WorkerManager: Request new FuncWorker for func_id 1 with client_id 155
I1102 19:14:31.531407 IO-0/EL  worker_manager.cpp:131] WorkerManager: Request new FuncWorker for func_id 1 with client_id 156
I1102 19:14:31.531418 IO-0/EL  worker_manager.cpp:131] WorkerManager: Request new FuncWorker for func_id 1 with client_id 157
I1102 19:14:31.531429 IO-0/EL  worker_manager.cpp:131] WorkerManager: Request new FuncWorker for func_id 1 with client_id 158
I1102 19:14:31.531440 IO-0/EL  worker_manager.cpp:131] WorkerManager: Request new FuncWorker for func_id 1 with client_id 159
I1102 19:14:31.531449 IO-0/EL  worker_manager.cpp:131] WorkerManager: Request new FuncWorker for func_id 1 with client_id 160
I1102 19:14:31.531461 IO-0/EL  worker_manager.cpp:131] WorkerManager: Request new FuncWorker for func_id 1 with client_id 161
I1102 19:14:31.531470 IO-0/EL  worker_manager.cpp:131] WorkerManager: Request new FuncWorker for func_id 1 with client_id 162
I1102 19:14:31.531481 IO-0/EL  worker_manager.cpp:131] WorkerManager: Request new FuncWorker for func_id 1 with client_id 163
I1102 19:14:31.531491 IO-0/EL  worker_manager.cpp:131] WorkerManager: Request new FuncWorker for func_id 1 with client_id 164
I1102 19:14:31.531502 IO-0/EL  worker_manager.cpp:131] WorkerManager: Request new FuncWorker for func_id 1 with client_id 165
I1102 19:14:31.531513 IO-0/EL  worker_manager.cpp:131] WorkerManager: Request new FuncWorker for func_id 1 with client_id 166
I1102 19:14:31.531523 IO-0/EL  worker_manager.cpp:131] WorkerManager: Request new FuncWorker for func_id 1 with client_id 167
I1102 19:14:31.531532 IO-0/EL  worker_manager.cpp:131] WorkerManager: Request new FuncWorker for func_id 1 with client_id 168
I1102 19:14:31.531543 IO-0/EL  worker_manager.cpp:131] WorkerManager: Request new FuncWorker for func_id 1 with client_id 169
I1102 19:14:31.531554 IO-0/EL  worker_manager.cpp:131] WorkerManager: Request new FuncWorker for func_id 1 with client_id 170
I1102 19:14:31.531565 IO-0/EL  worker_manager.cpp:131] WorkerManager: Request new FuncWorker for func_id 1 with client_id 171
I1102 19:14:31.531574 IO-0/EL  worker_manager.cpp:131] WorkerManager: Request new FuncWorker for func_id 1 with client_id 172
I1102 19:14:31.531586 IO-0/EL  worker_manager.cpp:131] WorkerManager: Request new FuncWorker for func_id 1 with client_id 173
I1102 19:14:31.531597 IO-0/EL  worker_manager.cpp:131] WorkerManager: Request new FuncWorker for func_id 1 with client_id 174
I1102 19:14:31.531606 IO-0/EL  worker_manager.cpp:131] WorkerManager: Request new FuncWorker for func_id 1 with client_id 175
I1102 19:14:31.531615 IO-0/EL  worker_manager.cpp:131] WorkerManager: Request new FuncWorker for func_id 1 with client_id 176
I1102 19:14:31.531626 IO-0/EL  worker_manager.cpp:131] WorkerManager: Request new FuncWorker for func_id 1 with client_id 177
I1102 19:14:31.531637 IO-0/EL  worker_manager.cpp:131] WorkerManager: Request new FuncWorker for func_id 1 with client_id 178
I1102 19:14:31.531647 IO-0/EL  worker_manager.cpp:131] WorkerManager: Request new FuncWorker for func_id 1 with client_id 179
I1102 19:14:31.531656 IO-0/EL  worker_manager.cpp:131] WorkerManager: Request new FuncWorker for func_id 1 with client_id 180
I1102 19:14:31.531668 IO-0/EL  worker_manager.cpp:131] WorkerManager: Request new FuncWorker for func_id 1 with client_id 181
I1102 19:14:31.531679 IO-0/EL  worker_manager.cpp:131] WorkerManager: Request new FuncWorker for func_id 1 with client_id 182
I1102 19:14:31.531688 IO-0/EL  worker_manager.cpp:131] WorkerManager: Request new FuncWorker for func_id 1 with client_id 183
I1102 19:14:31.531697 IO-0/EL  worker_manager.cpp:131] WorkerManager: Request new FuncWorker for func_id 1 with client_id 184
I1102 19:14:31.531714 IO-0/EL  worker_manager.cpp:131] WorkerManager: Request new FuncWorker for func_id 1 with client_id 185
I1102 19:14:31.531726 IO-0/EL  worker_manager.cpp:131] WorkerManager: Request new FuncWorker for func_id 1 with client_id 186
I1102 19:14:31.531740 IO-0/EL  worker_manager.cpp:131] WorkerManager: Request new FuncWorker for func_id 1 with client_id 187
I1102 19:14:31.531749 IO-0/EL  worker_manager.cpp:131] WorkerManager: Request new FuncWorker for func_id 1 with client_id 188
I1102 19:14:31.531763 IO-0/EL  worker_manager.cpp:131] WorkerManager: Request new FuncWorker for func_id 1 with client_id 189
I1102 19:14:31.531773 IO-0/EL  worker_manager.cpp:131] WorkerManager: Request new FuncWorker for func_id 1 with client_id 190
I1102 19:14:31.531782 IO-0/EL  worker_manager.cpp:131] WorkerManager: Request new FuncWorker for func_id 1 with client_id 191
I1102 19:14:31.531792 IO-0/EL  worker_manager.cpp:131] WorkerManager: Request new FuncWorker for func_id 1 with client_id 192
I1102 19:14:31.531804 IO-0/EL  worker_manager.cpp:131] WorkerManager: Request new FuncWorker for func_id 1 with client_id 193
I1102 19:14:31.531815 IO-0/EL  worker_manager.cpp:131] WorkerManager: Request new FuncWorker for func_id 1 with client_id 194
I1102 19:14:31.531824 IO-0/EL  worker_manager.cpp:131] WorkerManager: Request new FuncWorker for func_id 1 with client_id 195
I1102 19:14:31.531836 IO-0/EL  worker_manager.cpp:131] WorkerManager: Request new FuncWorker for func_id 1 with client_id 196
I1102 19:14:31.531847 IO-0/EL  worker_manager.cpp:131] WorkerManager: Request new FuncWorker for func_id 1 with client_id 197
I1102 19:14:31.531856 IO-0/EL  worker_manager.cpp:131] WorkerManager: Request new FuncWorker for func_id 1 with client_id 198
I1102 19:14:31.531865 IO-0/EL  worker_manager.cpp:131] WorkerManager: Request new FuncWorker for func_id 1 with client_id 199
I1102 19:14:31.531875 IO-0/EL  worker_manager.cpp:131] WorkerManager: Request new FuncWorker for func_id 1 with client_id 200
I1102 19:14:31.531887 IO-0/EL  worker_manager.cpp:131] WorkerManager: Request new FuncWorker for func_id 1 with client_id 201
I1102 19:14:31.531897 IO-0/EL  worker_manager.cpp:131] WorkerManager: Request new FuncWorker for func_id 1 with client_id 202
I1102 19:14:31.531907 IO-0/EL  worker_manager.cpp:131] WorkerManager: Request new FuncWorker for func_id 1 with client_id 203
I1102 19:14:31.531917 IO-0/EL  worker_manager.cpp:131] WorkerManager: Request new FuncWorker for func_id 1 with client_id 204
I1102 19:14:31.531928 IO-0/EL  worker_manager.cpp:131] WorkerManager: Request new FuncWorker for func_id 1 with client_id 205
I1102 19:14:31.531946 IO-0/EL  worker_manager.cpp:131] WorkerManager: Request new FuncWorker for func_id 1 with client_id 206
I1102 19:14:31.531956 IO-0/EL  worker_manager.cpp:131] WorkerManager: Request new FuncWorker for func_id 1 with client_id 207
I1102 19:14:31.531966 IO-0/EL  worker_manager.cpp:131] WorkerManager: Request new FuncWorker for func_id 1 with client_id 208
I1102 19:14:31.531977 IO-0/EL  worker_manager.cpp:131] WorkerManager: Request new FuncWorker for func_id 1 with client_id 209
I1102 19:14:31.531987 IO-0/EL  worker_manager.cpp:131] WorkerManager: Request new FuncWorker for func_id 1 with client_id 210
I1102 19:14:31.531998 IO-0/EL  worker_manager.cpp:131] WorkerManager: Request new FuncWorker for func_id 1 with client_id 211
I1102 19:14:31.532007 IO-0/EL  worker_manager.cpp:131] WorkerManager: Request new FuncWorker for func_id 1 with client_id 212
I1102 19:14:31.532019 IO-0/EL  worker_manager.cpp:131] WorkerManager: Request new FuncWorker for func_id 1 with client_id 213
I1102 19:14:31.532028 IO-0/EL  worker_manager.cpp:131] WorkerManager: Request new FuncWorker for func_id 1 with client_id 214
I1102 19:14:31.532037 IO-0/EL  worker_manager.cpp:131] WorkerManager: Request new FuncWorker for func_id 1 with client_id 215
I1102 19:14:31.532048 IO-0/EL  worker_manager.cpp:131] WorkerManager: Request new FuncWorker for func_id 1 with client_id 216
I1102 19:14:31.532060 IO-0/EL  worker_manager.cpp:131] WorkerManager: Request new FuncWorker for func_id 1 with client_id 217
I1102 19:14:31.532069 IO-0/EL  worker_manager.cpp:131] WorkerManager: Request new FuncWorker for func_id 1 with client_id 218
I1102 19:14:31.532084 IO-0/EL  worker_manager.cpp:131] WorkerManager: Request new FuncWorker for func_id 1 with client_id 219
I1102 19:14:31.532094 IO-0/EL  worker_manager.cpp:131] WorkerManager: Request new FuncWorker for func_id 1 with client_id 220
I1102 19:14:31.532105 IO-0/EL  worker_manager.cpp:131] WorkerManager: Request new FuncWorker for func_id 1 with client_id 221
I1102 19:14:31.532114 IO-0/EL  worker_manager.cpp:131] WorkerManager: Request new FuncWorker for func_id 1 with client_id 222
I1102 19:14:31.532125 IO-0/EL  worker_manager.cpp:131] WorkerManager: Request new FuncWorker for func_id 1 with client_id 223
I1102 19:14:31.532135 IO-0/EL  worker_manager.cpp:131] WorkerManager: Request new FuncWorker for func_id 1 with client_id 224
I1102 19:14:31.532145 IO-0/EL  worker_manager.cpp:131] WorkerManager: Request new FuncWorker for func_id 1 with client_id 225
I1102 19:14:31.532156 IO-0/EL  worker_manager.cpp:131] WorkerManager: Request new FuncWorker for func_id 1 with client_id 226
I1102 19:14:31.532171 IO-0/EL  worker_manager.cpp:131] WorkerManager: Request new FuncWorker for func_id 1 with client_id 227
I1102 19:14:31.532180 IO-0/EL  worker_manager.cpp:131] WorkerManager: Request new FuncWorker for func_id 1 with client_id 228
I1102 19:14:31.532192 IO-0/EL  worker_manager.cpp:131] WorkerManager: Request new FuncWorker for func_id 1 with client_id 229
I1102 19:14:31.532201 IO-0/EL  worker_manager.cpp:131] WorkerManager: Request new FuncWorker for func_id 1 with client_id 230
I1102 19:14:31.532212 IO-0/EL  worker_manager.cpp:131] WorkerManager: Request new FuncWorker for func_id 1 with client_id 231
I1102 19:14:31.532222 IO-0/EL  worker_manager.cpp:131] WorkerManager: Request new FuncWorker for func_id 1 with client_id 232
I1102 19:14:31.532233 IO-0/EL  worker_manager.cpp:131] WorkerManager: Request new FuncWorker for func_id 1 with client_id 233
I1102 19:14:31.532244 IO-0/EL  worker_manager.cpp:131] WorkerManager: Request new FuncWorker for func_id 1 with client_id 234
I1102 19:14:31.532253 IO-0/EL  worker_manager.cpp:131] WorkerManager: Request new FuncWorker for func_id 1 with client_id 235
I1102 19:14:31.532262 IO-0/EL  worker_manager.cpp:131] WorkerManager: Request new FuncWorker for func_id 1 with client_id 236
I1102 19:14:31.532274 IO-0/EL  worker_manager.cpp:131] WorkerManager: Request new FuncWorker for func_id 1 with client_id 237
I1102 19:14:31.532285 IO-0/EL  worker_manager.cpp:131] WorkerManager: Request new FuncWorker for func_id 1 with client_id 238
I1102 19:14:31.532295 IO-0/EL  worker_manager.cpp:131] WorkerManager: Request new FuncWorker for func_id 1 with client_id 239
I1102 19:14:31.532304 IO-0/EL  worker_manager.cpp:131] WorkerManager: Request new FuncWorker for func_id 1 with client_id 240
I1102 19:14:31.532316 IO-0/EL  worker_manager.cpp:131] WorkerManager: Request new FuncWorker for func_id 1 with client_id 241
I1102 19:14:31.532326 IO-0/EL  worker_manager.cpp:131] WorkerManager: Request new FuncWorker for func_id 1 with client_id 242
I1102 19:14:31.532335 IO-0/EL  worker_manager.cpp:131] WorkerManager: Request new FuncWorker for func_id 1 with client_id 243
I1102 19:14:31.532345 IO-0/EL  worker_manager.cpp:131] WorkerManager: Request new FuncWorker for func_id 1 with client_id 244
I1102 19:14:31.532356 IO-0/EL  worker_manager.cpp:131] WorkerManager: Request new FuncWorker for func_id 1 with client_id 245
I1102 19:14:31.532367 IO-0/EL  worker_manager.cpp:131] WorkerManager: Request new FuncWorker for func_id 1 with client_id 246
I1102 19:14:31.532382 IO-0/EL  worker_manager.cpp:131] WorkerManager: Request new FuncWorker for func_id 1 with client_id 247
I1102 19:14:31.532391 IO-0/EL  worker_manager.cpp:131] WorkerManager: Request new FuncWorker for func_id 1 with client_id 248
I1102 19:14:31.532403 IO-0/EL  worker_manager.cpp:131] WorkerManager: Request new FuncWorker for func_id 1 with client_id 249
I1102 19:14:31.532413 IO-0/EL  worker_manager.cpp:131] WorkerManager: Request new FuncWorker for func_id 1 with client_id 250
I1102 19:14:31.532422 IO-0/EL  worker_manager.cpp:131] WorkerManager: Request new FuncWorker for func_id 1 with client_id 251
I1102 19:14:31.532436 IO-0/EL  worker_manager.cpp:131] WorkerManager: Request new FuncWorker for func_id 1 with client_id 252
I1102 19:14:31.532450 IO-0/EL  worker_manager.cpp:131] WorkerManager: Request new FuncWorker for func_id 1 with client_id 253
I1102 19:14:31.532459 IO-0/EL  worker_manager.cpp:131] WorkerManager: Request new FuncWorker for func_id 1 with client_id 254
I1102 19:14:31.532469 IO-0/EL  worker_manager.cpp:131] WorkerManager: Request new FuncWorker for func_id 1 with client_id 255
I1102 19:14:31.532480 IO-0/EL  worker_manager.cpp:131] WorkerManager: Request new FuncWorker for func_id 1 with client_id 256
I1102 19:14:31.532651 IO-0/EL  buffer_pool.h:25] BufferPool[IO-0_Write]: Allocate new buffer, current buffer count is 1
I1102 19:14:31.532683 IO-0/EL  buffer_pool.h:25] BufferPool[IO-0_Write]: Allocate new buffer, current buffer count is 2
I1102 19:14:31.532720 IO-0/EL  buffer_pool.h:25] BufferPool[IO-0_Write]: Allocate new buffer, current buffer count is 3
I1102 19:14:31.532764 IO-0/EL  buffer_pool.h:25] BufferPool[IO-0_Write]: Allocate new buffer, current buffer count is 4
I1102 19:14:31.532802 IO-0/EL  message_connection.cpp:269] LauncherConnection[1]: Handshake done
I1102 19:14:31.536851 Server/E engine.cpp:674] Engine: New message connection
I1102 19:14:31.536887 IO-0/EL  engine.cpp:277] Engine: Receive new handshake message from message connection
I1102 19:14:31.536893 IO-0/EL  worker_manager.cpp:60] WorkerManager: FuncWorker of func_id 1, client_id 1 connected
I1102 19:14:31.536904 IO-0/EL  dispatcher.cpp:47] Dispatcher[1]: min_workers=256
I1102 19:14:31.536908 IO-0/EL  dispatcher.cpp:51] Dispatcher[1]: max_workers=256
I1102 19:14:31.536929 IO-0/EL  message_connection.cpp:269] FuncWorkerConnection[1-1]: Handshake done
I1102 19:14:31.537230 Server/E engine.cpp:674] Engine: New message connection
I1102 19:14:31.537255 IO-0/EL  engine.cpp:277] Engine: Receive new handshake message from message connection
I1102 19:14:31.537260 IO-0/EL  worker_manager.cpp:60] WorkerManager: FuncWorker of func_id 1, client_id 2 connected
I1102 19:14:31.537274 IO-0/EL  message_connection.cpp:269] FuncWorkerConnection[1-2]: Handshake done
I1102 19:14:31.538482 Server/E engine.cpp:674] Engine: New message connection
I1102 19:14:31.538508 IO-0/EL  engine.cpp:277] Engine: Receive new handshake message from message connection
I1102 19:14:31.538514 IO-0/EL  worker_manager.cpp:60] WorkerManager: FuncWorker of func_id 1, client_id 3 connected
I1102 19:14:31.538528 IO-0/EL  message_connection.cpp:269] FuncWorkerConnection[1-3]: Handshake done
I1102 19:14:31.540770 Server/E engine.cpp:674] Engine: New message connection
I1102 19:14:31.540798 IO-0/EL  engine.cpp:277] Engine: Receive new handshake message from message connection
I1102 19:14:31.540803 IO-0/EL  worker_manager.cpp:60] WorkerManager: FuncWorker of func_id 1, client_id 4 connected
I1102 19:14:31.540817 IO-0/EL  message_connection.cpp:269] FuncWorkerConnection[1-4]: Handshake done
I1102 19:14:31.541152 Server/E engine.cpp:674] Engine: New message connection
I1102 19:14:31.541171 IO-0/EL  engine.cpp:277] Engine: Receive new handshake message from message connection
I1102 19:14:31.541176 IO-0/EL  worker_manager.cpp:60] WorkerManager: FuncWorker of func_id 1, client_id 5 connected
I1102 19:14:31.541188 IO-0/EL  message_connection.cpp:269] FuncWorkerConnection[1-5]: Handshake done
I1102 19:14:31.541585 Server/E engine.cpp:674] Engine: New message connection
I1102 19:14:31.541628 IO-0/EL  engine.cpp:277] Engine: Receive new handshake message from message connection
I1102 19:14:31.541632 IO-0/EL  worker_manager.cpp:60] WorkerManager: FuncWorker of func_id 1, client_id 6 connected
I1102 19:14:31.541645 IO-0/EL  message_connection.cpp:269] FuncWorkerConnection[1-6]: Handshake done
I1102 19:14:31.542647 Server/E engine.cpp:674] Engine: New message connection
I1102 19:14:31.542678 IO-0/EL  engine.cpp:277] Engine: Receive new handshake message from message connection
I1102 19:14:31.542683 IO-0/EL  worker_manager.cpp:60] WorkerManager: FuncWorker of func_id 1, client_id 8 connected
I1102 19:14:31.542715 IO-0/EL  message_connection.cpp:269] FuncWorkerConnection[1-8]: Handshake done
I1102 19:14:31.543147 Server/E engine.cpp:674] Engine: New message connection
I1102 19:14:31.543176 IO-0/EL  engine.cpp:277] Engine: Receive new handshake message from message connection
I1102 19:14:31.543181 IO-0/EL  worker_manager.cpp:60] WorkerManager: FuncWorker of func_id 1, client_id 9 connected
I1102 19:14:31.543194 IO-0/EL  message_connection.cpp:269] FuncWorkerConnection[1-9]: Handshake done
I1102 19:14:31.543807 Server/E engine.cpp:674] Engine: New message connection
I1102 19:14:31.543841 IO-0/EL  engine.cpp:277] Engine: Receive new handshake message from message connection
I1102 19:14:31.543846 IO-0/EL  worker_manager.cpp:60] WorkerManager: FuncWorker of func_id 1, client_id 10 connected
I1102 19:14:31.543860 IO-0/EL  message_connection.cpp:269] FuncWorkerConnection[1-10]: Handshake done
I1102 19:14:31.544079 Server/E engine.cpp:674] Engine: New message connection
I1102 19:14:31.544107 IO-0/EL  engine.cpp:277] Engine: Receive new handshake message from message connection
I1102 19:14:31.544111 IO-0/EL  worker_manager.cpp:60] WorkerManager: FuncWorker of func_id 1, client_id 7 connected
I1102 19:14:31.544124 IO-0/EL  message_connection.cpp:269] FuncWorkerConnection[1-7]: Handshake done
I1102 19:14:31.544329 Server/E engine.cpp:674] Engine: New message connection
I1102 19:14:31.544358 IO-0/EL  engine.cpp:277] Engine: Receive new handshake message from message connection
I1102 19:14:31.544362 IO-0/EL  worker_manager.cpp:60] WorkerManager: FuncWorker of func_id 1, client_id 11 connected
I1102 19:14:31.544375 IO-0/EL  message_connection.cpp:269] FuncWorkerConnection[1-11]: Handshake done
I1102 19:14:31.545454 Server/E engine.cpp:674] Engine: New message connection
I1102 19:14:31.545490 IO-0/EL  engine.cpp:277] Engine: Receive new handshake message from message connection
I1102 19:14:31.545495 IO-0/EL  worker_manager.cpp:60] WorkerManager: FuncWorker of func_id 1, client_id 12 connected
I1102 19:14:31.545508 IO-0/EL  message_connection.cpp:269] FuncWorkerConnection[1-12]: Handshake done
I1102 19:14:31.545640 Server/E engine.cpp:674] Engine: New message connection
I1102 19:14:31.545664 IO-0/EL  engine.cpp:277] Engine: Receive new handshake message from message connection
I1102 19:14:31.545668 IO-0/EL  worker_manager.cpp:60] WorkerManager: FuncWorker of func_id 1, client_id 13 connected
I1102 19:14:31.545681 IO-0/EL  message_connection.cpp:269] FuncWorkerConnection[1-13]: Handshake done
I1102 19:14:31.546094 Server/E engine.cpp:674] Engine: New message connection
I1102 19:14:31.546125 IO-0/EL  engine.cpp:277] Engine: Receive new handshake message from message connection
I1102 19:14:31.546129 IO-0/EL  worker_manager.cpp:60] WorkerManager: FuncWorker of func_id 1, client_id 14 connected
I1102 19:14:31.546146 IO-0/EL  message_connection.cpp:269] FuncWorkerConnection[1-14]: Handshake done
I1102 19:14:31.546522 Server/E engine.cpp:674] Engine: New message connection
I1102 19:14:31.546548 IO-0/EL  engine.cpp:277] Engine: Receive new handshake message from message connection
I1102 19:14:31.546552 IO-0/EL  worker_manager.cpp:60] WorkerManager: FuncWorker of func_id 1, client_id 15 connected
I1102 19:14:31.546570 IO-0/EL  message_connection.cpp:269] FuncWorkerConnection[1-15]: Handshake done
I1102 19:14:31.547006 Server/E engine.cpp:674] Engine: New message connection
I1102 19:14:31.547036 IO-0/EL  engine.cpp:277] Engine: Receive new handshake message from message connection
I1102 19:14:31.547040 IO-0/EL  worker_manager.cpp:60] WorkerManager: FuncWorker of func_id 1, client_id 16 connected
I1102 19:14:31.547053 IO-0/EL  message_connection.cpp:269] FuncWorkerConnection[1-16]: Handshake done
I1102 19:14:31.547462 Server/E engine.cpp:674] Engine: New message connection
I1102 19:14:31.547505 IO-0/EL  engine.cpp:277] Engine: Receive new handshake message from message connection
I1102 19:14:31.547510 IO-0/EL  worker_manager.cpp:60] WorkerManager: FuncWorker of func_id 1, client_id 17 connected
I1102 19:14:31.547529 IO-0/EL  message_connection.cpp:269] FuncWorkerConnection[1-17]: Handshake done
I1102 19:14:31.547958 Server/E engine.cpp:674] Engine: New message connection
I1102 19:14:31.547998 IO-0/EL  engine.cpp:277] Engine: Receive new handshake message from message connection
I1102 19:14:31.548002 IO-0/EL  worker_manager.cpp:60] WorkerManager: FuncWorker of func_id 1, client_id 18 connected
I1102 19:14:31.548015 IO-0/EL  message_connection.cpp:269] FuncWorkerConnection[1-18]: Handshake done
I1102 19:14:31.548447 Server/E engine.cpp:674] Engine: New message connection
I1102 19:14:31.548488 IO-0/EL  engine.cpp:277] Engine: Receive new handshake message from message connection
I1102 19:14:31.548493 IO-0/EL  worker_manager.cpp:60] WorkerManager: FuncWorker of func_id 1, client_id 19 connected
I1102 19:14:31.548505 IO-0/EL  message_connection.cpp:269] FuncWorkerConnection[1-19]: Handshake done
I1102 19:14:31.548937 Server/E engine.cpp:674] Engine: New message connection
I1102 19:14:31.548977 IO-0/EL  engine.cpp:277] Engine: Receive new handshake message from message connection
I1102 19:14:31.548982 IO-0/EL  worker_manager.cpp:60] WorkerManager: FuncWorker of func_id 1, client_id 20 connected
I1102 19:14:31.548994 IO-0/EL  message_connection.cpp:269] FuncWorkerConnection[1-20]: Handshake done
I1102 19:14:31.549509 Server/E engine.cpp:674] Engine: New message connection
I1102 19:14:31.549545 IO-0/EL  engine.cpp:277] Engine: Receive new handshake message from message connection
I1102 19:14:31.549549 IO-0/EL  worker_manager.cpp:60] WorkerManager: FuncWorker of func_id 1, client_id 21 connected
I1102 19:14:31.549562 IO-0/EL  message_connection.cpp:269] FuncWorkerConnection[1-21]: Handshake done
I1102 19:14:31.549853 Server/E engine.cpp:674] Engine: New message connection
I1102 19:14:31.549889 IO-0/EL  engine.cpp:277] Engine: Receive new handshake message from message connection
I1102 19:14:31.549893 IO-0/EL  worker_manager.cpp:60] WorkerManager: FuncWorker of func_id 1, client_id 22 connected
I1102 19:14:31.549905 IO-0/EL  message_connection.cpp:269] FuncWorkerConnection[1-22]: Handshake done
I1102 19:14:31.550354 Server/E engine.cpp:674] Engine: New message connection
I1102 19:14:31.550391 IO-0/EL  engine.cpp:277] Engine: Receive new handshake message from message connection
I1102 19:14:31.550396 IO-0/EL  worker_manager.cpp:60] WorkerManager: FuncWorker of func_id 1, client_id 23 connected
I1102 19:14:31.550408 IO-0/EL  message_connection.cpp:269] FuncWorkerConnection[1-23]: Handshake done
I1102 19:14:31.550796 Server/E engine.cpp:674] Engine: New message connection
I1102 19:14:31.550839 IO-0/EL  engine.cpp:277] Engine: Receive new handshake message from message connection
I1102 19:14:31.550843 IO-0/EL  worker_manager.cpp:60] WorkerManager: FuncWorker of func_id 1, client_id 24 connected
I1102 19:14:31.550856 IO-0/EL  message_connection.cpp:269] FuncWorkerConnection[1-24]: Handshake done
I1102 19:14:31.551248 Server/E engine.cpp:674] Engine: New message connection
I1102 19:14:31.551279 IO-0/EL  engine.cpp:277] Engine: Receive new handshake message from message connection
I1102 19:14:31.551283 IO-0/EL  worker_manager.cpp:60] WorkerManager: FuncWorker of func_id 1, client_id 25 connected
I1102 19:14:31.551296 IO-0/EL  message_connection.cpp:269] FuncWorkerConnection[1-25]: Handshake done
I1102 19:14:31.551724 Server/E engine.cpp:674] Engine: New message connection
I1102 19:14:31.551747 IO-0/EL  engine.cpp:277] Engine: Receive new handshake message from message connection
I1102 19:14:31.551752 IO-0/EL  worker_manager.cpp:60] WorkerManager: FuncWorker of func_id 1, client_id 26 connected
I1102 19:14:31.551764 IO-0/EL  message_connection.cpp:269] FuncWorkerConnection[1-26]: Handshake done
I1102 19:14:31.552202 Server/E engine.cpp:674] Engine: New message connection
I1102 19:14:31.552226 IO-0/EL  engine.cpp:277] Engine: Receive new handshake message from message connection
I1102 19:14:31.552231 IO-0/EL  worker_manager.cpp:60] WorkerManager: FuncWorker of func_id 1, client_id 27 connected
I1102 19:14:31.552244 IO-0/EL  message_connection.cpp:269] FuncWorkerConnection[1-27]: Handshake done
I1102 19:14:31.552659 Server/E engine.cpp:674] Engine: New message connection
I1102 19:14:31.552688 IO-0/EL  engine.cpp:277] Engine: Receive new handshake message from message connection
I1102 19:14:31.552694 IO-0/EL  worker_manager.cpp:60] WorkerManager: FuncWorker of func_id 1, client_id 28 connected
I1102 19:14:31.552707 IO-0/EL  message_connection.cpp:269] FuncWorkerConnection[1-28]: Handshake done
I1102 19:14:31.553211 Server/E engine.cpp:674] Engine: New message connection
I1102 19:14:31.553234 IO-0/EL  engine.cpp:277] Engine: Receive new handshake message from message connection
I1102 19:14:31.553239 IO-0/EL  worker_manager.cpp:60] WorkerManager: FuncWorker of func_id 1, client_id 29 connected
I1102 19:14:31.553257 IO-0/EL  message_connection.cpp:269] FuncWorkerConnection[1-29]: Handshake done
I1102 19:14:31.553880 Server/E engine.cpp:674] Engine: New message connection
I1102 19:14:31.553906 IO-0/EL  engine.cpp:277] Engine: Receive new handshake message from message connection
I1102 19:14:31.553911 IO-0/EL  worker_manager.cpp:60] WorkerManager: FuncWorker of func_id 1, client_id 30 connected
I1102 19:14:31.553925 IO-0/EL  message_connection.cpp:269] FuncWorkerConnection[1-30]: Handshake done
I1102 19:14:31.554411 Server/E engine.cpp:674] Engine: New message connection
I1102 19:14:31.554432 IO-0/EL  engine.cpp:277] Engine: Receive new handshake message from message connection
I1102 19:14:31.554437 IO-0/EL  worker_manager.cpp:60] WorkerManager: FuncWorker of func_id 1, client_id 31 connected
I1102 19:14:31.554450 IO-0/EL  message_connection.cpp:269] FuncWorkerConnection[1-31]: Handshake done
I1102 19:14:31.554952 Server/E engine.cpp:674] Engine: New message connection
I1102 19:14:31.554979 IO-0/EL  engine.cpp:277] Engine: Receive new handshake message from message connection
I1102 19:14:31.554984 IO-0/EL  worker_manager.cpp:60] WorkerManager: FuncWorker of func_id 1, client_id 32 connected
I1102 19:14:31.554997 IO-0/EL  message_connection.cpp:269] FuncWorkerConnection[1-32]: Handshake done
I1102 19:14:31.555501 Server/E engine.cpp:674] Engine: New message connection
I1102 19:14:31.555522 IO-0/EL  engine.cpp:277] Engine: Receive new handshake message from message connection
I1102 19:14:31.555527 IO-0/EL  worker_manager.cpp:60] WorkerManager: FuncWorker of func_id 1, client_id 33 connected
I1102 19:14:31.555539 IO-0/EL  message_connection.cpp:269] FuncWorkerConnection[1-33]: Handshake done
I1102 19:14:31.556037 Server/E engine.cpp:674] Engine: New message connection
I1102 19:14:31.556066 IO-0/EL  engine.cpp:277] Engine: Receive new handshake message from message connection
I1102 19:14:31.556071 IO-0/EL  worker_manager.cpp:60] WorkerManager: FuncWorker of func_id 1, client_id 34 connected
I1102 19:14:31.556085 IO-0/EL  message_connection.cpp:269] FuncWorkerConnection[1-34]: Handshake done
I1102 19:14:31.556554 Server/E engine.cpp:674] Engine: New message connection
I1102 19:14:31.556575 IO-0/EL  engine.cpp:277] Engine: Receive new handshake message from message connection
I1102 19:14:31.556580 IO-0/EL  worker_manager.cpp:60] WorkerManager: FuncWorker of func_id 1, client_id 35 connected
I1102 19:14:31.556593 IO-0/EL  message_connection.cpp:269] FuncWorkerConnection[1-35]: Handshake done
I1102 19:14:31.557140 Server/E engine.cpp:674] Engine: New message connection
I1102 19:14:31.557168 IO-0/EL  engine.cpp:277] Engine: Receive new handshake message from message connection
I1102 19:14:31.557173 IO-0/EL  worker_manager.cpp:60] WorkerManager: FuncWorker of func_id 1, client_id 36 connected
I1102 19:14:31.557186 IO-0/EL  message_connection.cpp:269] FuncWorkerConnection[1-36]: Handshake done
I1102 19:14:31.557745 Server/E engine.cpp:674] Engine: New message connection
I1102 19:14:31.557770 IO-0/EL  engine.cpp:277] Engine: Receive new handshake message from message connection
I1102 19:14:31.557775 IO-0/EL  worker_manager.cpp:60] WorkerManager: FuncWorker of func_id 1, client_id 37 connected
I1102 19:14:31.557787 IO-0/EL  message_connection.cpp:269] FuncWorkerConnection[1-37]: Handshake done
I1102 19:14:31.558262 Server/E engine.cpp:674] Engine: New message connection
I1102 19:14:31.558287 IO-0/EL  engine.cpp:277] Engine: Receive new handshake message from message connection
I1102 19:14:31.558292 IO-0/EL  worker_manager.cpp:60] WorkerManager: FuncWorker of func_id 1, client_id 38 connected
I1102 19:14:31.558306 IO-0/EL  message_connection.cpp:269] FuncWorkerConnection[1-38]: Handshake done
I1102 19:14:31.558866 Server/E engine.cpp:674] Engine: New message connection
I1102 19:14:31.558891 IO-0/EL  engine.cpp:277] Engine: Receive new handshake message from message connection
I1102 19:14:31.558895 IO-0/EL  worker_manager.cpp:60] WorkerManager: FuncWorker of func_id 1, client_id 39 connected
I1102 19:14:31.558908 IO-0/EL  message_connection.cpp:269] FuncWorkerConnection[1-39]: Handshake done
I1102 19:14:31.559417 Server/E engine.cpp:674] Engine: New message connection
I1102 19:14:31.559442 IO-0/EL  engine.cpp:277] Engine: Receive new handshake message from message connection
I1102 19:14:31.559447 IO-0/EL  worker_manager.cpp:60] WorkerManager: FuncWorker of func_id 1, client_id 40 connected
I1102 19:14:31.559460 IO-0/EL  message_connection.cpp:269] FuncWorkerConnection[1-40]: Handshake done
I1102 19:14:31.559965 Server/E engine.cpp:674] Engine: New message connection
I1102 19:14:31.559990 IO-0/EL  engine.cpp:277] Engine: Receive new handshake message from message connection
I1102 19:14:31.559995 IO-0/EL  worker_manager.cpp:60] WorkerManager: FuncWorker of func_id 1, client_id 41 connected
I1102 19:14:31.560012 IO-0/EL  message_connection.cpp:269] FuncWorkerConnection[1-41]: Handshake done
I1102 19:14:31.560498 Server/E engine.cpp:674] Engine: New message connection
I1102 19:14:31.560522 IO-0/EL  engine.cpp:277] Engine: Receive new handshake message from message connection
I1102 19:14:31.560526 IO-0/EL  worker_manager.cpp:60] WorkerManager: FuncWorker of func_id 1, client_id 42 connected
I1102 19:14:31.560538 IO-0/EL  message_connection.cpp:269] FuncWorkerConnection[1-42]: Handshake done
I1102 19:14:31.561005 Server/E engine.cpp:674] Engine: New message connection
I1102 19:14:31.561034 IO-0/EL  engine.cpp:277] Engine: Receive new handshake message from message connection
I1102 19:14:31.561039 IO-0/EL  worker_manager.cpp:60] WorkerManager: FuncWorker of func_id 1, client_id 43 connected
I1102 19:14:31.561053 IO-0/EL  message_connection.cpp:269] FuncWorkerConnection[1-43]: Handshake done
I1102 19:14:31.561535 Server/E engine.cpp:674] Engine: New message connection
I1102 19:14:31.561559 IO-0/EL  engine.cpp:277] Engine: Receive new handshake message from message connection
I1102 19:14:31.561563 IO-0/EL  worker_manager.cpp:60] WorkerManager: FuncWorker of func_id 1, client_id 44 connected
I1102 19:14:31.561576 IO-0/EL  message_connection.cpp:269] FuncWorkerConnection[1-44]: Handshake done
I1102 19:14:31.562107 Server/E engine.cpp:674] Engine: New message connection
I1102 19:14:31.562139 IO-0/EL  engine.cpp:277] Engine: Receive new handshake message from message connection
I1102 19:14:31.562144 IO-0/EL  worker_manager.cpp:60] WorkerManager: FuncWorker of func_id 1, client_id 45 connected
I1102 19:14:31.562157 IO-0/EL  message_connection.cpp:269] FuncWorkerConnection[1-45]: Handshake done
I1102 19:14:31.562556 Server/E engine.cpp:674] Engine: New message connection
I1102 19:14:31.562576 IO-0/EL  engine.cpp:277] Engine: Receive new handshake message from message connection
I1102 19:14:31.562581 IO-0/EL  worker_manager.cpp:60] WorkerManager: FuncWorker of func_id 1, client_id 46 connected
I1102 19:14:31.562593 IO-0/EL  message_connection.cpp:269] FuncWorkerConnection[1-46]: Handshake done
I1102 19:14:31.563124 Server/E engine.cpp:674] Engine: New message connection
I1102 19:14:31.563154 IO-0/EL  engine.cpp:277] Engine: Receive new handshake message from message connection
I1102 19:14:31.563159 IO-0/EL  worker_manager.cpp:60] WorkerManager: FuncWorker of func_id 1, client_id 47 connected
I1102 19:14:31.563172 IO-0/EL  message_connection.cpp:269] FuncWorkerConnection[1-47]: Handshake done
I1102 19:14:31.563667 Server/E engine.cpp:674] Engine: New message connection
I1102 19:14:31.563688 IO-0/EL  engine.cpp:277] Engine: Receive new handshake message from message connection
I1102 19:14:31.563693 IO-0/EL  worker_manager.cpp:60] WorkerManager: FuncWorker of func_id 1, client_id 48 connected
I1102 19:14:31.563706 IO-0/EL  message_connection.cpp:269] FuncWorkerConnection[1-48]: Handshake done
I1102 19:14:31.564291 Server/E engine.cpp:674] Engine: New message connection
I1102 19:14:31.564320 IO-0/EL  engine.cpp:277] Engine: Receive new handshake message from message connection
I1102 19:14:31.564325 IO-0/EL  worker_manager.cpp:60] WorkerManager: FuncWorker of func_id 1, client_id 49 connected
I1102 19:14:31.564338 IO-0/EL  message_connection.cpp:269] FuncWorkerConnection[1-49]: Handshake done
I1102 19:14:31.564756 Server/E engine.cpp:674] Engine: New message connection
I1102 19:14:31.564781 IO-0/EL  engine.cpp:277] Engine: Receive new handshake message from message connection
I1102 19:14:31.564786 IO-0/EL  worker_manager.cpp:60] WorkerManager: FuncWorker of func_id 1, client_id 50 connected
I1102 19:14:31.564799 IO-0/EL  message_connection.cpp:269] FuncWorkerConnection[1-50]: Handshake done
I1102 19:14:31.565279 Server/E engine.cpp:674] Engine: New message connection
I1102 19:14:31.565307 IO-0/EL  engine.cpp:277] Engine: Receive new handshake message from message connection
I1102 19:14:31.565312 IO-0/EL  worker_manager.cpp:60] WorkerManager: FuncWorker of func_id 1, client_id 51 connected
I1102 19:14:31.565324 IO-0/EL  message_connection.cpp:269] FuncWorkerConnection[1-51]: Handshake done
I1102 19:14:31.565806 Server/E engine.cpp:674] Engine: New message connection
I1102 19:14:31.565832 IO-0/EL  engine.cpp:277] Engine: Receive new handshake message from message connection
I1102 19:14:31.565836 IO-0/EL  worker_manager.cpp:60] WorkerManager: FuncWorker of func_id 1, client_id 52 connected
I1102 19:14:31.565849 IO-0/EL  message_connection.cpp:269] FuncWorkerConnection[1-52]: Handshake done
I1102 19:14:31.566389 Server/E engine.cpp:674] Engine: New message connection
I1102 19:14:31.566416 IO-0/EL  engine.cpp:277] Engine: Receive new handshake message from message connection
I1102 19:14:31.566421 IO-0/EL  worker_manager.cpp:60] WorkerManager: FuncWorker of func_id 1, client_id 53 connected
I1102 19:14:31.566434 IO-0/EL  message_connection.cpp:269] FuncWorkerConnection[1-53]: Handshake done
I1102 19:14:31.566864 Server/E engine.cpp:674] Engine: New message connection
I1102 19:14:31.566887 IO-0/EL  engine.cpp:277] Engine: Receive new handshake message from message connection
I1102 19:14:31.566892 IO-0/EL  worker_manager.cpp:60] WorkerManager: FuncWorker of func_id 1, client_id 54 connected
I1102 19:14:31.566904 IO-0/EL  message_connection.cpp:269] FuncWorkerConnection[1-54]: Handshake done
I1102 19:14:31.567431 Server/E engine.cpp:674] Engine: New message connection
I1102 19:14:31.567456 IO-0/EL  engine.cpp:277] Engine: Receive new handshake message from message connection
I1102 19:14:31.567461 IO-0/EL  worker_manager.cpp:60] WorkerManager: FuncWorker of func_id 1, client_id 55 connected
I1102 19:14:31.567474 IO-0/EL  message_connection.cpp:269] FuncWorkerConnection[1-55]: Handshake done
I1102 19:14:31.567979 Server/E engine.cpp:674] Engine: New message connection
I1102 19:14:31.568028 IO-0/EL  engine.cpp:277] Engine: Receive new handshake message from message connection
I1102 19:14:31.568034 IO-0/EL  worker_manager.cpp:60] WorkerManager: FuncWorker of func_id 1, client_id 56 connected
I1102 19:14:31.568047 IO-0/EL  message_connection.cpp:269] FuncWorkerConnection[1-56]: Handshake done
I1102 19:14:31.568577 Server/E engine.cpp:674] Engine: New message connection
I1102 19:14:31.568602 IO-0/EL  engine.cpp:277] Engine: Receive new handshake message from message connection
I1102 19:14:31.568606 IO-0/EL  worker_manager.cpp:60] WorkerManager: FuncWorker of func_id 1, client_id 57 connected
I1102 19:14:31.568627 IO-0/EL  message_connection.cpp:269] FuncWorkerConnection[1-57]: Handshake done
I1102 19:14:31.569128 Server/E engine.cpp:674] Engine: New message connection
I1102 19:14:31.569164 IO-0/EL  engine.cpp:277] Engine: Receive new handshake message from message connection
I1102 19:14:31.569169 IO-0/EL  worker_manager.cpp:60] WorkerManager: FuncWorker of func_id 1, client_id 58 connected
I1102 19:14:31.569182 IO-0/EL  message_connection.cpp:269] FuncWorkerConnection[1-58]: Handshake done
I1102 19:14:31.569593 Server/E engine.cpp:674] Engine: New message connection
I1102 19:14:31.569616 IO-0/EL  engine.cpp:277] Engine: Receive new handshake message from message connection
I1102 19:14:31.569620 IO-0/EL  worker_manager.cpp:60] WorkerManager: FuncWorker of func_id 1, client_id 59 connected
I1102 19:14:31.569633 IO-0/EL  message_connection.cpp:269] FuncWorkerConnection[1-59]: Handshake done
I1102 19:14:31.570198 Server/E engine.cpp:674] Engine: New message connection
I1102 19:14:31.570241 IO-0/EL  engine.cpp:277] Engine: Receive new handshake message from message connection
I1102 19:14:31.570246 IO-0/EL  worker_manager.cpp:60] WorkerManager: FuncWorker of func_id 1, client_id 60 connected
I1102 19:14:31.570259 IO-0/EL  message_connection.cpp:269] FuncWorkerConnection[1-60]: Handshake done
I1102 19:14:31.570782 Server/E engine.cpp:674] Engine: New message connection
I1102 19:14:31.570806 IO-0/EL  engine.cpp:277] Engine: Receive new handshake message from message connection
I1102 19:14:31.570810 IO-0/EL  worker_manager.cpp:60] WorkerManager: FuncWorker of func_id 1, client_id 61 connected
I1102 19:14:31.570823 IO-0/EL  message_connection.cpp:269] FuncWorkerConnection[1-61]: Handshake done
I1102 19:14:31.571272 Server/E engine.cpp:674] Engine: New message connection
I1102 19:14:31.571319 IO-0/EL  engine.cpp:277] Engine: Receive new handshake message from message connection
I1102 19:14:31.571323 IO-0/EL  worker_manager.cpp:60] WorkerManager: FuncWorker of func_id 1, client_id 62 connected
I1102 19:14:31.571336 IO-0/EL  message_connection.cpp:269] FuncWorkerConnection[1-62]: Handshake done
I1102 19:14:31.571799 Server/E engine.cpp:674] Engine: New message connection
I1102 19:14:31.571828 IO-0/EL  engine.cpp:277] Engine: Receive new handshake message from message connection
I1102 19:14:31.571832 IO-0/EL  worker_manager.cpp:60] WorkerManager: FuncWorker of func_id 1, client_id 63 connected
I1102 19:14:31.571849 IO-0/EL  message_connection.cpp:269] FuncWorkerConnection[1-63]: Handshake done
I1102 19:14:31.572371 Server/E engine.cpp:674] Engine: New message connection
I1102 19:14:31.572408 IO-0/EL  engine.cpp:277] Engine: Receive new handshake message from message connection
I1102 19:14:31.572412 IO-0/EL  worker_manager.cpp:60] WorkerManager: FuncWorker of func_id 1, client_id 64 connected
I1102 19:14:31.572424 IO-0/EL  message_connection.cpp:269] FuncWorkerConnection[1-64]: Handshake done
I1102 19:14:31.572969 Server/E engine.cpp:674] Engine: New message connection
I1102 19:14:31.572997 IO-0/EL  engine.cpp:277] Engine: Receive new handshake message from message connection
I1102 19:14:31.573002 IO-0/EL  worker_manager.cpp:60] WorkerManager: FuncWorker of func_id 1, client_id 65 connected
I1102 19:14:31.573016 IO-0/EL  message_connection.cpp:269] FuncWorkerConnection[1-65]: Handshake done
I1102 19:14:31.573463 Server/E engine.cpp:674] Engine: New message connection
I1102 19:14:31.573483 IO-0/EL  engine.cpp:277] Engine: Receive new handshake message from message connection
I1102 19:14:31.573488 IO-0/EL  worker_manager.cpp:60] WorkerManager: FuncWorker of func_id 1, client_id 66 connected
I1102 19:14:31.573500 IO-0/EL  message_connection.cpp:269] FuncWorkerConnection[1-66]: Handshake done
I1102 19:14:31.574042 Server/E engine.cpp:674] Engine: New message connection
I1102 19:14:31.574071 IO-0/EL  engine.cpp:277] Engine: Receive new handshake message from message connection
I1102 19:14:31.574076 IO-0/EL  worker_manager.cpp:60] WorkerManager: FuncWorker of func_id 1, client_id 67 connected
I1102 19:14:31.574088 IO-0/EL  message_connection.cpp:269] FuncWorkerConnection[1-67]: Handshake done
I1102 19:14:31.574520 Server/E engine.cpp:674] Engine: New message connection
I1102 19:14:31.574555 IO-0/EL  engine.cpp:277] Engine: Receive new handshake message from message connection
I1102 19:14:31.574560 IO-0/EL  worker_manager.cpp:60] WorkerManager: FuncWorker of func_id 1, client_id 68 connected
I1102 19:14:31.574573 IO-0/EL  message_connection.cpp:269] FuncWorkerConnection[1-68]: Handshake done
I1102 19:14:31.575153 Server/E engine.cpp:674] Engine: New message connection
I1102 19:14:31.575179 IO-0/EL  engine.cpp:277] Engine: Receive new handshake message from message connection
I1102 19:14:31.575184 IO-0/EL  worker_manager.cpp:60] WorkerManager: FuncWorker of func_id 1, client_id 69 connected
I1102 19:14:31.575197 IO-0/EL  message_connection.cpp:269] FuncWorkerConnection[1-69]: Handshake done
I1102 19:14:31.575592 Server/E engine.cpp:674] Engine: New message connection
I1102 19:14:31.575614 IO-0/EL  engine.cpp:277] Engine: Receive new handshake message from message connection
I1102 19:14:31.575618 IO-0/EL  worker_manager.cpp:60] WorkerManager: FuncWorker of func_id 1, client_id 70 connected
I1102 19:14:31.575634 IO-0/EL  message_connection.cpp:269] FuncWorkerConnection[1-70]: Handshake done
I1102 19:14:31.576228 Server/E engine.cpp:674] Engine: New message connection
I1102 19:14:31.576252 IO-0/EL  engine.cpp:277] Engine: Receive new handshake message from message connection
I1102 19:14:31.576257 IO-0/EL  worker_manager.cpp:60] WorkerManager: FuncWorker of func_id 1, client_id 71 connected
I1102 19:14:31.576269 IO-0/EL  message_connection.cpp:269] FuncWorkerConnection[1-71]: Handshake done
I1102 19:14:31.576727 Server/E engine.cpp:674] Engine: New message connection
I1102 19:14:31.576752 IO-0/EL  engine.cpp:277] Engine: Receive new handshake message from message connection
I1102 19:14:31.576758 IO-0/EL  worker_manager.cpp:60] WorkerManager: FuncWorker of func_id 1, client_id 72 connected
I1102 19:14:31.576771 IO-0/EL  message_connection.cpp:269] FuncWorkerConnection[1-72]: Handshake done
I1102 19:14:31.577266 Server/E engine.cpp:674] Engine: New message connection
I1102 19:14:31.577288 IO-0/EL  engine.cpp:277] Engine: Receive new handshake message from message connection
I1102 19:14:31.577293 IO-0/EL  worker_manager.cpp:60] WorkerManager: FuncWorker of func_id 1, client_id 73 connected
I1102 19:14:31.577306 IO-0/EL  message_connection.cpp:269] FuncWorkerConnection[1-73]: Handshake done
I1102 19:14:31.577789 Server/E engine.cpp:674] Engine: New message connection
I1102 19:14:31.577814 IO-0/EL  engine.cpp:277] Engine: Receive new handshake message from message connection
I1102 19:14:31.577818 IO-0/EL  worker_manager.cpp:60] WorkerManager: FuncWorker of func_id 1, client_id 74 connected
I1102 19:14:31.577831 IO-0/EL  message_connection.cpp:269] FuncWorkerConnection[1-74]: Handshake done
I1102 19:14:31.578322 Server/E engine.cpp:674] Engine: New message connection
I1102 19:14:31.578344 IO-0/EL  engine.cpp:277] Engine: Receive new handshake message from message connection
I1102 19:14:31.578349 IO-0/EL  worker_manager.cpp:60] WorkerManager: FuncWorker of func_id 1, client_id 75 connected
I1102 19:14:31.578361 IO-0/EL  message_connection.cpp:269] FuncWorkerConnection[1-75]: Handshake done
I1102 19:14:31.578939 Server/E engine.cpp:674] Engine: New message connection
I1102 19:14:31.578967 IO-0/EL  engine.cpp:277] Engine: Receive new handshake message from message connection
I1102 19:14:31.578972 IO-0/EL  worker_manager.cpp:60] WorkerManager: FuncWorker of func_id 1, client_id 76 connected
I1102 19:14:31.578985 IO-0/EL  message_connection.cpp:269] FuncWorkerConnection[1-76]: Handshake done
I1102 19:14:31.579478 Server/E engine.cpp:674] Engine: New message connection
I1102 19:14:31.579500 IO-0/EL  engine.cpp:277] Engine: Receive new handshake message from message connection
I1102 19:14:31.579504 IO-0/EL  worker_manager.cpp:60] WorkerManager: FuncWorker of func_id 1, client_id 77 connected
I1102 19:14:31.579516 IO-0/EL  message_connection.cpp:269] FuncWorkerConnection[1-77]: Handshake done
I1102 19:14:31.580013 Server/E engine.cpp:674] Engine: New message connection
I1102 19:14:31.580042 IO-0/EL  engine.cpp:277] Engine: Receive new handshake message from message connection
I1102 19:14:31.580063 IO-0/EL  worker_manager.cpp:60] WorkerManager: FuncWorker of func_id 1, client_id 78 connected
I1102 19:14:31.580078 IO-0/EL  message_connection.cpp:269] FuncWorkerConnection[1-78]: Handshake done
I1102 19:14:31.591735 Server/E engine.cpp:674] Engine: New message connection
I1102 19:14:31.591767 Server/E engine.cpp:674] Engine: New message connection
I1102 19:14:31.591776 IO-0/EL  engine.cpp:277] Engine: Receive new handshake message from message connection
I1102 19:14:31.591782 IO-0/EL  worker_manager.cpp:60] WorkerManager: FuncWorker of func_id 1, client_id 79 connected
I1102 19:14:31.591783 Server/E engine.cpp:674] Engine: New message connection
I1102 19:14:31.591796 IO-0/EL  message_connection.cpp:269] FuncWorkerConnection[1-79]: Handshake done
I1102 19:14:31.591798 Server/E engine.cpp:674] Engine: New message connection
I1102 19:14:31.591817 Server/E engine.cpp:674] Engine: New message connection
I1102 19:14:31.591819 IO-0/EL  engine.cpp:277] Engine: Receive new handshake message from message connection
I1102 19:14:31.591825 IO-0/EL  worker_manager.cpp:60] WorkerManager: FuncWorker of func_id 1, client_id 80 connected
I1102 19:14:31.591831 Server/E engine.cpp:674] Engine: New message connection
I1102 19:14:31.591838 IO-0/EL  message_connection.cpp:269] FuncWorkerConnection[1-80]: Handshake done
I1102 19:14:31.591846 Server/E engine.cpp:674] Engine: New message connection
I1102 19:14:31.591853 IO-0/EL  engine.cpp:277] Engine: Receive new handshake message from message connection
I1102 19:14:31.591858 IO-0/EL  worker_manager.cpp:60] WorkerManager: FuncWorker of func_id 1, client_id 81 connected
I1102 19:14:31.591860 Server/E engine.cpp:674] Engine: New message connection
I1102 19:14:31.591871 IO-0/EL  message_connection.cpp:269] FuncWorkerConnection[1-81]: Handshake done
I1102 19:14:31.591874 Server/E engine.cpp:674] Engine: New message connection
I1102 19:14:31.591887 Server/E engine.cpp:674] Engine: New message connection
I1102 19:14:31.591888 IO-0/EL  engine.cpp:277] Engine: Receive new handshake message from message connection
I1102 19:14:31.591895 IO-0/EL  worker_manager.cpp:60] WorkerManager: FuncWorker of func_id 1, client_id 82 connected
I1102 19:14:31.591901 Server/E engine.cpp:674] Engine: New message connection
I1102 19:14:31.591908 IO-0/EL  message_connection.cpp:269] FuncWorkerConnection[1-82]: Handshake done
I1102 19:14:31.591915 Server/E engine.cpp:674] Engine: New message connection
I1102 19:14:31.591921 IO-0/EL  engine.cpp:277] Engine: Receive new handshake message from message connection
I1102 19:14:31.591925 IO-0/EL  worker_manager.cpp:60] WorkerManager: FuncWorker of func_id 1, client_id 83 connected
I1102 19:14:31.591929 Server/E engine.cpp:674] Engine: New message connection
I1102 19:14:31.591938 IO-0/EL  message_connection.cpp:269] FuncWorkerConnection[1-83]: Handshake done
I1102 19:14:31.591942 Server/E engine.cpp:674] Engine: New message connection
I1102 19:14:31.591955 IO-0/EL  engine.cpp:277] Engine: Receive new handshake message from message connection
I1102 19:14:31.591956 Server/E engine.cpp:674] Engine: New message connection
I1102 19:14:31.591959 IO-0/EL  worker_manager.cpp:60] WorkerManager: FuncWorker of func_id 1, client_id 84 connected
I1102 19:14:31.591973 Server/E engine.cpp:674] Engine: New message connection
I1102 19:14:31.591978 IO-0/EL  message_connection.cpp:269] FuncWorkerConnection[1-84]: Handshake done
I1102 19:14:31.591986 Server/E engine.cpp:674] Engine: New message connection
I1102 19:14:31.591993 IO-0/EL  engine.cpp:277] Engine: Receive new handshake message from message connection
I1102 19:14:31.591997 IO-0/EL  worker_manager.cpp:60] WorkerManager: FuncWorker of func_id 1, client_id 85 connected
I1102 19:14:31.592000 Server/E engine.cpp:674] Engine: New message connection
I1102 19:14:31.592013 Server/E engine.cpp:674] Engine: New message connection
I1102 19:14:31.592017 IO-0/EL  message_connection.cpp:269] FuncWorkerConnection[1-85]: Handshake done
I1102 19:14:31.592025 Server/E engine.cpp:674] Engine: New message connection
I1102 19:14:31.592042 IO-0/EL  engine.cpp:277] Engine: Receive new handshake message from message connection
I1102 19:14:31.592047 IO-0/EL  worker_manager.cpp:60] WorkerManager: FuncWorker of func_id 1, client_id 86 connected
I1102 19:14:31.592049 Server/E engine.cpp:674] Engine: New message connection
I1102 19:14:31.592060 IO-0/EL  message_connection.cpp:269] FuncWorkerConnection[1-86]: Handshake done
I1102 19:14:31.592064 Server/E engine.cpp:674] Engine: New message connection
I1102 19:14:31.592077 Server/E engine.cpp:674] Engine: New message connection
I1102 19:14:31.592079 IO-0/EL  engine.cpp:277] Engine: Receive new handshake message from message connection
I1102 19:14:31.592084 IO-0/EL  worker_manager.cpp:60] WorkerManager: FuncWorker of func_id 1, client_id 87 connected
I1102 19:14:31.592090 Server/E engine.cpp:674] Engine: New message connection
I1102 19:14:31.592097 IO-0/EL  message_connection.cpp:269] FuncWorkerConnection[1-87]: Handshake done
I1102 19:14:31.592112 IO-0/EL  engine.cpp:277] Engine: Receive new handshake message from message connection
I1102 19:14:31.592116 IO-0/EL  worker_manager.cpp:60] WorkerManager: FuncWorker of func_id 1, client_id 88 connected
I1102 19:14:31.592132 IO-0/EL  message_connection.cpp:269] FuncWorkerConnection[1-88]: Handshake done
I1102 19:14:31.592150 IO-0/EL  engine.cpp:277] Engine: Receive new handshake message from message connection
I1102 19:14:31.592154 IO-0/EL  worker_manager.cpp:60] WorkerManager: FuncWorker of func_id 1, client_id 89 connected
I1102 19:14:31.592167 IO-0/EL  message_connection.cpp:269] FuncWorkerConnection[1-89]: Handshake done
I1102 19:14:31.592181 IO-0/EL  engine.cpp:277] Engine: Receive new handshake message from message connection
I1102 19:14:31.592185 IO-0/EL  worker_manager.cpp:60] WorkerManager: FuncWorker of func_id 1, client_id 90 connected
I1102 19:14:31.592197 IO-0/EL  message_connection.cpp:269] FuncWorkerConnection[1-90]: Handshake done
I1102 19:14:31.592213 IO-0/EL  engine.cpp:277] Engine: Receive new handshake message from message connection
I1102 19:14:31.592217 IO-0/EL  worker_manager.cpp:60] WorkerManager: FuncWorker of func_id 1, client_id 91 connected
I1102 19:14:31.592229 IO-0/EL  message_connection.cpp:269] FuncWorkerConnection[1-91]: Handshake done
I1102 19:14:31.592242 IO-0/EL  engine.cpp:277] Engine: Receive new handshake message from message connection
I1102 19:14:31.592246 IO-0/EL  worker_manager.cpp:60] WorkerManager: FuncWorker of func_id 1, client_id 92 connected
I1102 19:14:31.592263 IO-0/EL  message_connection.cpp:269] FuncWorkerConnection[1-92]: Handshake done
I1102 19:14:31.592281 IO-0/EL  engine.cpp:277] Engine: Receive new handshake message from message connection
I1102 19:14:31.592285 IO-0/EL  worker_manager.cpp:60] WorkerManager: FuncWorker of func_id 1, client_id 93 connected
I1102 19:14:31.592298 IO-0/EL  message_connection.cpp:269] FuncWorkerConnection[1-93]: Handshake done
I1102 19:14:31.592297 Server/E engine.cpp:674] Engine: New message connection
I1102 19:14:31.592312 IO-0/EL  engine.cpp:277] Engine: Receive new handshake message from message connection
I1102 19:14:31.592316 IO-0/EL  worker_manager.cpp:60] WorkerManager: FuncWorker of func_id 1, client_id 94 connected
I1102 19:14:31.592329 IO-0/EL  message_connection.cpp:269] FuncWorkerConnection[1-94]: Handshake done
I1102 19:14:31.592345 IO-0/EL  engine.cpp:277] Engine: Receive new handshake message from message connection
I1102 19:14:31.592349 IO-0/EL  worker_manager.cpp:60] WorkerManager: FuncWorker of func_id 1, client_id 95 connected
I1102 19:14:31.592362 IO-0/EL  message_connection.cpp:269] FuncWorkerConnection[1-95]: Handshake done
I1102 19:14:31.592375 IO-0/EL  engine.cpp:277] Engine: Receive new handshake message from message connection
I1102 19:14:31.592379 IO-0/EL  worker_manager.cpp:60] WorkerManager: FuncWorker of func_id 1, client_id 96 connected
I1102 19:14:31.592392 IO-0/EL  message_connection.cpp:269] FuncWorkerConnection[1-96]: Handshake done
I1102 19:14:31.592410 IO-0/EL  engine.cpp:277] Engine: Receive new handshake message from message connection
I1102 19:14:31.592429 IO-0/EL  worker_manager.cpp:60] WorkerManager: FuncWorker of func_id 1, client_id 97 connected
I1102 19:14:31.592445 IO-0/EL  message_connection.cpp:269] FuncWorkerConnection[1-97]: Handshake done
I1102 19:14:31.592464 IO-0/EL  engine.cpp:277] Engine: Receive new handshake message from message connection
I1102 19:14:31.592470 IO-0/EL  worker_manager.cpp:60] WorkerManager: FuncWorker of func_id 1, client_id 98 connected
I1102 19:14:31.592490 IO-0/EL  message_connection.cpp:269] FuncWorkerConnection[1-98]: Handshake done
I1102 19:14:31.592519 IO-0/EL  engine.cpp:277] Engine: Receive new handshake message from message connection
I1102 19:14:31.592527 IO-0/EL  worker_manager.cpp:60] WorkerManager: FuncWorker of func_id 1, client_id 99 connected
I1102 19:14:31.592548 IO-0/EL  message_connection.cpp:269] FuncWorkerConnection[1-99]: Handshake done
I1102 19:14:31.592567 IO-0/EL  engine.cpp:277] Engine: Receive new handshake message from message connection
I1102 19:14:31.592574 IO-0/EL  worker_manager.cpp:60] WorkerManager: FuncWorker of func_id 1, client_id 100 connected
I1102 19:14:31.592601 IO-0/EL  message_connection.cpp:269] FuncWorkerConnection[1-100]: Handshake done
I1102 19:14:31.592624 IO-0/EL  engine.cpp:277] Engine: Receive new handshake message from message connection
I1102 19:14:31.592631 IO-0/EL  worker_manager.cpp:60] WorkerManager: FuncWorker of func_id 1, client_id 101 connected
I1102 19:14:31.592656 IO-0/EL  message_connection.cpp:269] FuncWorkerConnection[1-101]: Handshake done
I1102 19:14:31.592681 IO-0/EL  engine.cpp:277] Engine: Receive new handshake message from message connection
I1102 19:14:31.592688 IO-0/EL  worker_manager.cpp:60] WorkerManager: FuncWorker of func_id 1, client_id 102 connected
I1102 19:14:31.592945 Server/E engine.cpp:674] Engine: New message connection
I1102 19:14:31.593571 IO-0/EL  message_connection.cpp:269] FuncWorkerConnection[1-102]: Handshake done
I1102 19:14:31.593619 IO-0/EL  engine.cpp:277] Engine: Receive new handshake message from message connection
I1102 19:14:31.593628 IO-0/EL  worker_manager.cpp:60] WorkerManager: FuncWorker of func_id 1, client_id 103 connected
I1102 19:14:31.593656 IO-0/EL  message_connection.cpp:269] FuncWorkerConnection[1-103]: Handshake done
I1102 19:14:31.593685 IO-0/EL  engine.cpp:277] Engine: Receive new handshake message from message connection
I1102 19:14:31.593692 IO-0/EL  worker_manager.cpp:60] WorkerManager: FuncWorker of func_id 1, client_id 104 connected
I1102 19:14:31.593718 IO-0/EL  message_connection.cpp:269] FuncWorkerConnection[1-104]: Handshake done
I1102 19:14:31.593915 Server/E engine.cpp:674] Engine: New message connection
I1102 19:14:31.593973 IO-0/EL  engine.cpp:277] Engine: Receive new handshake message from message connection
I1102 19:14:31.593983 IO-0/EL  worker_manager.cpp:60] WorkerManager: FuncWorker of func_id 1, client_id 105 connected
I1102 19:14:31.594006 IO-0/EL  message_connection.cpp:269] FuncWorkerConnection[1-105]: Handshake done
I1102 19:14:31.594551 Server/E engine.cpp:674] Engine: New message connection
I1102 19:14:31.594610 IO-0/EL  engine.cpp:277] Engine: Receive new handshake message from message connection
I1102 19:14:31.594622 IO-0/EL  worker_manager.cpp:60] WorkerManager: FuncWorker of func_id 1, client_id 106 connected
I1102 19:14:31.594650 IO-0/EL  message_connection.cpp:269] FuncWorkerConnection[1-106]: Handshake done
I1102 19:14:31.595177 Server/E engine.cpp:674] Engine: New message connection
I1102 19:14:31.595228 IO-0/EL  engine.cpp:277] Engine: Receive new handshake message from message connection
I1102 19:14:31.595235 IO-0/EL  worker_manager.cpp:60] WorkerManager: FuncWorker of func_id 1, client_id 107 connected
I1102 19:14:31.595250 IO-0/EL  message_connection.cpp:269] FuncWorkerConnection[1-107]: Handshake done
I1102 19:14:31.596585 Server/E engine.cpp:674] Engine: New message connection
I1102 19:14:31.596634 IO-0/EL  engine.cpp:277] Engine: Receive new handshake message from message connection
I1102 19:14:31.596651 IO-0/EL  worker_manager.cpp:60] WorkerManager: FuncWorker of func_id 1, client_id 109 connected
I1102 19:14:31.596666 IO-0/EL  message_connection.cpp:269] FuncWorkerConnection[1-109]: Handshake done
I1102 19:14:31.596690 Server/E engine.cpp:674] Engine: New message connection
I1102 19:14:31.596732 IO-0/EL  engine.cpp:277] Engine: Receive new handshake message from message connection
I1102 19:14:31.596737 IO-0/EL  worker_manager.cpp:60] WorkerManager: FuncWorker of func_id 1, client_id 108 connected
I1102 19:14:31.596750 IO-0/EL  message_connection.cpp:269] FuncWorkerConnection[1-108]: Handshake done
I1102 19:14:31.597342 Server/E engine.cpp:674] Engine: New message connection
I1102 19:14:31.597388 IO-0/EL  engine.cpp:277] Engine: Receive new handshake message from message connection
I1102 19:14:31.597392 IO-0/EL  worker_manager.cpp:60] WorkerManager: FuncWorker of func_id 1, client_id 110 connected
I1102 19:14:31.597406 IO-0/EL  message_connection.cpp:269] FuncWorkerConnection[1-110]: Handshake done
I1102 19:14:31.597562 Server/E engine.cpp:674] Engine: New message connection
I1102 19:14:31.597597 IO-0/EL  engine.cpp:277] Engine: Receive new handshake message from message connection
I1102 19:14:31.597601 IO-0/EL  worker_manager.cpp:60] WorkerManager: FuncWorker of func_id 1, client_id 111 connected
I1102 19:14:31.597613 IO-0/EL  message_connection.cpp:269] FuncWorkerConnection[1-111]: Handshake done
I1102 19:14:31.598090 Server/E engine.cpp:674] Engine: New message connection
I1102 19:14:31.598141 IO-0/EL  engine.cpp:277] Engine: Receive new handshake message from message connection
I1102 19:14:31.598147 IO-0/EL  worker_manager.cpp:60] WorkerManager: FuncWorker of func_id 1, client_id 112 connected
I1102 19:14:31.598161 IO-0/EL  message_connection.cpp:269] FuncWorkerConnection[1-112]: Handshake done
I1102 19:14:31.598703 Server/E engine.cpp:674] Engine: New message connection
I1102 19:14:31.598915 IO-0/EL  engine.cpp:277] Engine: Receive new handshake message from message connection
I1102 19:14:31.598920 IO-0/EL  worker_manager.cpp:60] WorkerManager: FuncWorker of func_id 1, client_id 113 connected
I1102 19:14:31.598949 IO-0/EL  message_connection.cpp:269] FuncWorkerConnection[1-113]: Handshake done
I1102 19:14:31.599318 Server/E engine.cpp:674] Engine: New message connection
I1102 19:14:31.599359 IO-0/EL  engine.cpp:277] Engine: Receive new handshake message from message connection
I1102 19:14:31.599364 IO-0/EL  worker_manager.cpp:60] WorkerManager: FuncWorker of func_id 1, client_id 114 connected
I1102 19:14:31.599377 IO-0/EL  message_connection.cpp:269] FuncWorkerConnection[1-114]: Handshake done
I1102 19:14:31.599806 Server/E engine.cpp:674] Engine: New message connection
I1102 19:14:31.599849 IO-0/EL  engine.cpp:277] Engine: Receive new handshake message from message connection
I1102 19:14:31.599853 IO-0/EL  worker_manager.cpp:60] WorkerManager: FuncWorker of func_id 1, client_id 115 connected
I1102 19:14:31.599867 IO-0/EL  message_connection.cpp:269] FuncWorkerConnection[1-115]: Handshake done
I1102 19:14:31.600269 Server/E engine.cpp:674] Engine: New message connection
I1102 19:14:31.600309 IO-0/EL  engine.cpp:277] Engine: Receive new handshake message from message connection
I1102 19:14:31.600314 IO-0/EL  worker_manager.cpp:60] WorkerManager: FuncWorker of func_id 1, client_id 116 connected
I1102 19:14:31.600326 IO-0/EL  message_connection.cpp:269] FuncWorkerConnection[1-116]: Handshake done
I1102 19:14:31.600783 Server/E engine.cpp:674] Engine: New message connection
I1102 19:14:31.600826 IO-0/EL  engine.cpp:277] Engine: Receive new handshake message from message connection
I1102 19:14:31.600832 IO-0/EL  worker_manager.cpp:60] WorkerManager: FuncWorker of func_id 1, client_id 117 connected
I1102 19:14:31.600845 IO-0/EL  message_connection.cpp:269] FuncWorkerConnection[1-117]: Handshake done
I1102 19:14:31.601236 Server/E engine.cpp:674] Engine: New message connection
I1102 19:14:31.601274 IO-0/EL  engine.cpp:277] Engine: Receive new handshake message from message connection
I1102 19:14:31.601279 IO-0/EL  worker_manager.cpp:60] WorkerManager: FuncWorker of func_id 1, client_id 118 connected
I1102 19:14:31.601298 IO-0/EL  message_connection.cpp:269] FuncWorkerConnection[1-118]: Handshake done
I1102 19:14:31.601844 Server/E engine.cpp:674] Engine: New message connection
I1102 19:14:31.601891 IO-0/EL  engine.cpp:277] Engine: Receive new handshake message from message connection
I1102 19:14:31.601896 IO-0/EL  worker_manager.cpp:60] WorkerManager: FuncWorker of func_id 1, client_id 119 connected
I1102 19:14:31.601910 IO-0/EL  message_connection.cpp:269] FuncWorkerConnection[1-119]: Handshake done
I1102 19:14:31.614308 Server/E engine.cpp:674] Engine: New message connection
I1102 19:14:31.614360 IO-0/EL  engine.cpp:277] Engine: Receive new handshake message from message connection
I1102 19:14:31.614365 IO-0/EL  worker_manager.cpp:60] WorkerManager: FuncWorker of func_id 1, client_id 121 connected
I1102 19:14:31.614382 IO-0/EL  message_connection.cpp:269] FuncWorkerConnection[1-121]: Handshake done
I1102 19:14:31.614875 Server/E engine.cpp:674] Engine: New message connection
I1102 19:14:31.614914 IO-0/EL  engine.cpp:277] Engine: Receive new handshake message from message connection
I1102 19:14:31.614918 IO-0/EL  worker_manager.cpp:60] WorkerManager: FuncWorker of func_id 1, client_id 122 connected
I1102 19:14:31.614932 IO-0/EL  message_connection.cpp:269] FuncWorkerConnection[1-122]: Handshake done
I1102 19:14:31.614975 Server/E engine.cpp:674] Engine: New message connection
I1102 19:14:31.615005 IO-0/EL  engine.cpp:277] Engine: Receive new handshake message from message connection
I1102 19:14:31.615010 IO-0/EL  worker_manager.cpp:60] WorkerManager: FuncWorker of func_id 1, client_id 120 connected
I1102 19:14:31.615026 IO-0/EL  message_connection.cpp:269] FuncWorkerConnection[1-120]: Handshake done
I1102 19:14:31.615957 Server/E engine.cpp:674] Engine: New message connection
I1102 19:14:31.615989 Server/E engine.cpp:674] Engine: New message connection
I1102 19:14:31.615994 IO-0/EL  engine.cpp:277] Engine: Receive new handshake message from message connection
I1102 19:14:31.615999 IO-0/EL  worker_manager.cpp:60] WorkerManager: FuncWorker of func_id 1, client_id 124 connected
I1102 19:14:31.616013 IO-0/EL  message_connection.cpp:269] FuncWorkerConnection[1-124]: Handshake done
I1102 19:14:31.616030 IO-0/EL  engine.cpp:277] Engine: Receive new handshake message from message connection
I1102 19:14:31.616034 IO-0/EL  worker_manager.cpp:60] WorkerManager: FuncWorker of func_id 1, client_id 123 connected
I1102 19:14:31.616047 IO-0/EL  message_connection.cpp:269] FuncWorkerConnection[1-123]: Handshake done
I1102 19:14:31.616453 Server/E engine.cpp:674] Engine: New message connection
I1102 19:14:31.616495 IO-0/EL  engine.cpp:277] Engine: Receive new handshake message from message connection
I1102 19:14:31.616499 IO-0/EL  worker_manager.cpp:60] WorkerManager: FuncWorker of func_id 1, client_id 125 connected
I1102 19:14:31.616511 IO-0/EL  message_connection.cpp:269] FuncWorkerConnection[1-125]: Handshake done
I1102 19:14:31.616924 Server/E engine.cpp:674] Engine: New message connection
I1102 19:14:31.616974 IO-0/EL  engine.cpp:277] Engine: Receive new handshake message from message connection
I1102 19:14:31.616979 IO-0/EL  worker_manager.cpp:60] WorkerManager: FuncWorker of func_id 1, client_id 126 connected
I1102 19:14:31.616992 IO-0/EL  message_connection.cpp:269] FuncWorkerConnection[1-126]: Handshake done
I1102 19:14:31.617373 Server/E engine.cpp:674] Engine: New message connection
I1102 19:14:31.617413 IO-0/EL  engine.cpp:277] Engine: Receive new handshake message from message connection
I1102 19:14:31.617417 IO-0/EL  worker_manager.cpp:60] WorkerManager: FuncWorker of func_id 1, client_id 127 connected
I1102 19:14:31.617434 IO-0/EL  message_connection.cpp:269] FuncWorkerConnection[1-127]: Handshake done
I1102 19:14:31.618459 Server/E engine.cpp:674] Engine: New message connection
I1102 19:14:31.618487 IO-0/EL  engine.cpp:277] Engine: Receive new handshake message from message connection
I1102 19:14:31.618492 IO-0/EL  worker_manager.cpp:60] WorkerManager: FuncWorker of func_id 1, client_id 128 connected
I1102 19:14:31.618513 IO-0/EL  message_connection.cpp:269] FuncWorkerConnection[1-128]: Handshake done
I1102 19:14:31.618642 Server/E engine.cpp:674] Engine: New message connection
I1102 19:14:31.618670 IO-0/EL  engine.cpp:277] Engine: Receive new handshake message from message connection
I1102 19:14:31.618675 IO-0/EL  worker_manager.cpp:60] WorkerManager: FuncWorker of func_id 1, client_id 129 connected
I1102 19:14:31.618688 IO-0/EL  message_connection.cpp:269] FuncWorkerConnection[1-129]: Handshake done
I1102 19:14:31.619083 Server/E engine.cpp:674] Engine: New message connection
I1102 19:14:31.619109 IO-0/EL  engine.cpp:277] Engine: Receive new handshake message from message connection
I1102 19:14:31.619113 IO-0/EL  worker_manager.cpp:60] WorkerManager: FuncWorker of func_id 1, client_id 130 connected
I1102 19:14:31.619126 IO-0/EL  message_connection.cpp:269] FuncWorkerConnection[1-130]: Handshake done
I1102 19:14:31.619721 Server/E engine.cpp:674] Engine: New message connection
I1102 19:14:31.619768 IO-0/EL  engine.cpp:277] Engine: Receive new handshake message from message connection
I1102 19:14:31.619774 IO-0/EL  worker_manager.cpp:60] WorkerManager: FuncWorker of func_id 1, client_id 131 connected
I1102 19:14:31.619787 IO-0/EL  message_connection.cpp:269] FuncWorkerConnection[1-131]: Handshake done
I1102 19:14:31.620288 Server/E engine.cpp:674] Engine: New message connection
I1102 19:14:31.620314 IO-0/EL  engine.cpp:277] Engine: Receive new handshake message from message connection
I1102 19:14:31.620318 IO-0/EL  worker_manager.cpp:60] WorkerManager: FuncWorker of func_id 1, client_id 132 connected
I1102 19:14:31.620332 IO-0/EL  message_connection.cpp:269] FuncWorkerConnection[1-132]: Handshake done
I1102 19:14:31.620903 Server/E engine.cpp:674] Engine: New message connection
I1102 19:14:31.620932 IO-0/EL  engine.cpp:277] Engine: Receive new handshake message from message connection
I1102 19:14:31.620936 IO-0/EL  worker_manager.cpp:60] WorkerManager: FuncWorker of func_id 1, client_id 133 connected
I1102 19:14:31.620951 IO-0/EL  message_connection.cpp:269] FuncWorkerConnection[1-133]: Handshake done
I1102 19:14:31.621445 Server/E engine.cpp:674] Engine: New message connection
I1102 19:14:31.621468 IO-0/EL  engine.cpp:277] Engine: Receive new handshake message from message connection
I1102 19:14:31.621473 IO-0/EL  worker_manager.cpp:60] WorkerManager: FuncWorker of func_id 1, client_id 134 connected
I1102 19:14:31.621486 IO-0/EL  message_connection.cpp:269] FuncWorkerConnection[1-134]: Handshake done
I1102 19:14:31.622584 Server/E engine.cpp:674] Engine: New message connection
I1102 19:14:31.622613 IO-0/EL  engine.cpp:277] Engine: Receive new handshake message from message connection
I1102 19:14:31.622619 IO-0/EL  worker_manager.cpp:60] WorkerManager: FuncWorker of func_id 1, client_id 135 connected
I1102 19:14:31.622633 IO-0/EL  message_connection.cpp:269] FuncWorkerConnection[1-135]: Handshake done
I1102 19:14:31.622986 Server/E engine.cpp:674] Engine: New message connection
I1102 19:14:31.623025 IO-0/EL  engine.cpp:277] Engine: Receive new handshake message from message connection
I1102 19:14:31.623029 IO-0/EL  worker_manager.cpp:60] WorkerManager: FuncWorker of func_id 1, client_id 136 connected
I1102 19:14:31.623042 IO-0/EL  message_connection.cpp:269] FuncWorkerConnection[1-136]: Handshake done
I1102 19:14:31.623650 Server/E engine.cpp:674] Engine: New message connection
I1102 19:14:31.623667 Server/E engine.cpp:674] Engine: New message connection
I1102 19:14:31.623677 IO-0/EL  engine.cpp:277] Engine: Receive new handshake message from message connection
I1102 19:14:31.623681 IO-0/EL  worker_manager.cpp:60] WorkerManager: FuncWorker of func_id 1, client_id 137 connected
I1102 19:14:31.623694 IO-0/EL  message_connection.cpp:269] FuncWorkerConnection[1-137]: Handshake done
I1102 19:14:31.623708 IO-0/EL  engine.cpp:277] Engine: Receive new handshake message from message connection
I1102 19:14:31.623715 IO-0/EL  worker_manager.cpp:60] WorkerManager: FuncWorker of func_id 1, client_id 138 connected
I1102 19:14:31.623738 IO-0/EL  message_connection.cpp:269] FuncWorkerConnection[1-138]: Handshake done
I1102 19:14:31.624090 Server/E engine.cpp:674] Engine: New message connection
I1102 19:14:31.624131 IO-0/EL  engine.cpp:277] Engine: Receive new handshake message from message connection
I1102 19:14:31.624135 IO-0/EL  worker_manager.cpp:60] WorkerManager: FuncWorker of func_id 1, client_id 139 connected
I1102 19:14:31.624148 IO-0/EL  message_connection.cpp:269] FuncWorkerConnection[1-139]: Handshake done
I1102 19:14:31.624603 Server/E engine.cpp:674] Engine: New message connection
I1102 19:14:31.624641 IO-0/EL  engine.cpp:277] Engine: Receive new handshake message from message connection
I1102 19:14:31.624645 IO-0/EL  worker_manager.cpp:60] WorkerManager: FuncWorker of func_id 1, client_id 140 connected
I1102 19:14:31.624662 IO-0/EL  message_connection.cpp:269] FuncWorkerConnection[1-140]: Handshake done
I1102 19:14:31.625049 Server/E engine.cpp:674] Engine: New message connection
I1102 19:14:31.625091 IO-0/EL  engine.cpp:277] Engine: Receive new handshake message from message connection
I1102 19:14:31.625095 IO-0/EL  worker_manager.cpp:60] WorkerManager: FuncWorker of func_id 1, client_id 141 connected
I1102 19:14:31.625108 IO-0/EL  message_connection.cpp:269] FuncWorkerConnection[1-141]: Handshake done
I1102 19:14:31.625522 Server/E engine.cpp:674] Engine: New message connection
I1102 19:14:31.625567 IO-0/EL  engine.cpp:277] Engine: Receive new handshake message from message connection
I1102 19:14:31.625573 IO-0/EL  worker_manager.cpp:60] WorkerManager: FuncWorker of func_id 1, client_id 142 connected
I1102 19:14:31.625587 IO-0/EL  message_connection.cpp:269] FuncWorkerConnection[1-142]: Handshake done
I1102 19:14:31.626050 Server/E engine.cpp:674] Engine: New message connection
I1102 19:14:31.626076 IO-0/EL  engine.cpp:277] Engine: Receive new handshake message from message connection
I1102 19:14:31.626080 IO-0/EL  worker_manager.cpp:60] WorkerManager: FuncWorker of func_id 1, client_id 143 connected
I1102 19:14:31.626094 IO-0/EL  message_connection.cpp:269] FuncWorkerConnection[1-143]: Handshake done
I1102 19:14:31.626718 Server/E engine.cpp:674] Engine: New message connection
I1102 19:14:31.626750 IO-0/EL  engine.cpp:277] Engine: Receive new handshake message from message connection
I1102 19:14:31.626755 IO-0/EL  worker_manager.cpp:60] WorkerManager: FuncWorker of func_id 1, client_id 144 connected
I1102 19:14:31.626768 IO-0/EL  message_connection.cpp:269] FuncWorkerConnection[1-144]: Handshake done
I1102 19:14:31.627139 Server/E engine.cpp:674] Engine: New message connection
I1102 19:14:31.627161 IO-0/EL  engine.cpp:277] Engine: Receive new handshake message from message connection
I1102 19:14:31.627165 IO-0/EL  worker_manager.cpp:60] WorkerManager: FuncWorker of func_id 1, client_id 145 connected
I1102 19:14:31.627178 IO-0/EL  message_connection.cpp:269] FuncWorkerConnection[1-145]: Handshake done
I1102 19:14:31.627575 Server/E engine.cpp:674] Engine: New message connection
I1102 19:14:31.627606 IO-0/EL  engine.cpp:277] Engine: Receive new handshake message from message connection
I1102 19:14:31.627611 IO-0/EL  worker_manager.cpp:60] WorkerManager: FuncWorker of func_id 1, client_id 146 connected
I1102 19:14:31.627624 IO-0/EL  message_connection.cpp:269] FuncWorkerConnection[1-146]: Handshake done
I1102 19:14:31.628016 Server/E engine.cpp:674] Engine: New message connection
I1102 19:14:31.628048 IO-0/EL  engine.cpp:277] Engine: Receive new handshake message from message connection
I1102 19:14:31.628052 IO-0/EL  worker_manager.cpp:60] WorkerManager: FuncWorker of func_id 1, client_id 147 connected
I1102 19:14:31.628065 IO-0/EL  message_connection.cpp:269] FuncWorkerConnection[1-147]: Handshake done
I1102 19:14:31.628581 Server/E engine.cpp:674] Engine: New message connection
I1102 19:14:31.628610 IO-0/EL  engine.cpp:277] Engine: Receive new handshake message from message connection
I1102 19:14:31.628615 IO-0/EL  worker_manager.cpp:60] WorkerManager: FuncWorker of func_id 1, client_id 148 connected
I1102 19:14:31.628635 IO-0/EL  message_connection.cpp:269] FuncWorkerConnection[1-148]: Handshake done
I1102 19:14:31.629160 Server/E engine.cpp:674] Engine: New message connection
I1102 19:14:31.629210 IO-0/EL  engine.cpp:277] Engine: Receive new handshake message from message connection
I1102 19:14:31.629215 IO-0/EL  worker_manager.cpp:60] WorkerManager: FuncWorker of func_id 1, client_id 149 connected
I1102 19:14:31.629229 IO-0/EL  message_connection.cpp:269] FuncWorkerConnection[1-149]: Handshake done
I1102 19:14:31.629569 Server/E engine.cpp:674] Engine: New message connection
I1102 19:14:31.629616 IO-0/EL  engine.cpp:277] Engine: Receive new handshake message from message connection
I1102 19:14:31.629621 IO-0/EL  worker_manager.cpp:60] WorkerManager: FuncWorker of func_id 1, client_id 150 connected
I1102 19:14:31.629633 IO-0/EL  message_connection.cpp:269] FuncWorkerConnection[1-150]: Handshake done
I1102 19:14:31.630063 Server/E engine.cpp:674] Engine: New message connection
I1102 19:14:31.630104 IO-0/EL  engine.cpp:277] Engine: Receive new handshake message from message connection
I1102 19:14:31.630108 IO-0/EL  worker_manager.cpp:60] WorkerManager: FuncWorker of func_id 1, client_id 151 connected
I1102 19:14:31.630121 IO-0/EL  message_connection.cpp:269] FuncWorkerConnection[1-151]: Handshake done
I1102 19:14:31.630530 Server/E engine.cpp:674] Engine: New message connection
I1102 19:14:31.630573 IO-0/EL  engine.cpp:277] Engine: Receive new handshake message from message connection
I1102 19:14:31.630577 IO-0/EL  worker_manager.cpp:60] WorkerManager: FuncWorker of func_id 1, client_id 152 connected
I1102 19:14:31.630590 IO-0/EL  message_connection.cpp:269] FuncWorkerConnection[1-152]: Handshake done
I1102 19:14:31.631032 Server/E engine.cpp:674] Engine: New message connection
I1102 19:14:31.631073 IO-0/EL  engine.cpp:277] Engine: Receive new handshake message from message connection
I1102 19:14:31.631077 IO-0/EL  worker_manager.cpp:60] WorkerManager: FuncWorker of func_id 1, client_id 153 connected
I1102 19:14:31.631090 IO-0/EL  message_connection.cpp:269] FuncWorkerConnection[1-153]: Handshake done
I1102 19:14:31.631519 Server/E engine.cpp:674] Engine: New message connection
I1102 19:14:31.631554 IO-0/EL  engine.cpp:277] Engine: Receive new handshake message from message connection
I1102 19:14:31.631558 IO-0/EL  worker_manager.cpp:60] WorkerManager: FuncWorker of func_id 1, client_id 154 connected
I1102 19:14:31.631571 IO-0/EL  message_connection.cpp:269] FuncWorkerConnection[1-154]: Handshake done
I1102 19:14:31.632119 Server/E engine.cpp:674] Engine: New message connection
I1102 19:14:31.632148 IO-0/EL  engine.cpp:277] Engine: Receive new handshake message from message connection
I1102 19:14:31.632153 IO-0/EL  worker_manager.cpp:60] WorkerManager: FuncWorker of func_id 1, client_id 155 connected
I1102 19:14:31.632169 IO-0/EL  message_connection.cpp:269] FuncWorkerConnection[1-155]: Handshake done
I1102 19:14:31.632532 Server/E engine.cpp:674] Engine: New message connection
I1102 19:14:31.632556 IO-0/EL  engine.cpp:277] Engine: Receive new handshake message from message connection
I1102 19:14:31.632561 IO-0/EL  worker_manager.cpp:60] WorkerManager: FuncWorker of func_id 1, client_id 156 connected
I1102 19:14:31.632574 IO-0/EL  message_connection.cpp:269] FuncWorkerConnection[1-156]: Handshake done
I1102 19:14:31.633076 Server/E engine.cpp:674] Engine: New message connection
I1102 19:14:31.633109 IO-0/EL  engine.cpp:277] Engine: Receive new handshake message from message connection
I1102 19:14:31.633114 IO-0/EL  worker_manager.cpp:60] WorkerManager: FuncWorker of func_id 1, client_id 157 connected
I1102 19:14:31.633127 IO-0/EL  message_connection.cpp:269] FuncWorkerConnection[1-157]: Handshake done
I1102 19:14:31.633612 Server/E engine.cpp:674] Engine: New message connection
I1102 19:14:31.633637 IO-0/EL  engine.cpp:277] Engine: Receive new handshake message from message connection
I1102 19:14:31.633642 IO-0/EL  worker_manager.cpp:60] WorkerManager: FuncWorker of func_id 1, client_id 158 connected
I1102 19:14:31.633663 IO-0/EL  message_connection.cpp:269] FuncWorkerConnection[1-158]: Handshake done
I1102 19:14:31.634278 Server/E engine.cpp:674] Engine: New message connection
I1102 19:14:31.634327 IO-0/EL  engine.cpp:277] Engine: Receive new handshake message from message connection
I1102 19:14:31.634332 IO-0/EL  worker_manager.cpp:60] WorkerManager: FuncWorker of func_id 1, client_id 159 connected
I1102 19:14:31.634345 IO-0/EL  message_connection.cpp:269] FuncWorkerConnection[1-159]: Handshake done
I1102 19:14:31.634810 Server/E engine.cpp:674] Engine: New message connection
I1102 19:14:31.634845 IO-0/EL  engine.cpp:277] Engine: Receive new handshake message from message connection
I1102 19:14:31.634850 IO-0/EL  worker_manager.cpp:60] WorkerManager: FuncWorker of func_id 1, client_id 160 connected
I1102 19:14:31.634863 IO-0/EL  message_connection.cpp:269] FuncWorkerConnection[1-160]: Handshake done
I1102 19:14:31.635276 Server/E engine.cpp:674] Engine: New message connection
I1102 19:14:31.635313 IO-0/EL  engine.cpp:277] Engine: Receive new handshake message from message connection
I1102 19:14:31.635318 IO-0/EL  worker_manager.cpp:60] WorkerManager: FuncWorker of func_id 1, client_id 161 connected
I1102 19:14:31.635330 IO-0/EL  message_connection.cpp:269] FuncWorkerConnection[1-161]: Handshake done
I1102 19:14:31.635780 Server/E engine.cpp:674] Engine: New message connection
I1102 19:14:31.635820 IO-0/EL  engine.cpp:277] Engine: Receive new handshake message from message connection
I1102 19:14:31.635824 IO-0/EL  worker_manager.cpp:60] WorkerManager: FuncWorker of func_id 1, client_id 162 connected
I1102 19:14:31.635837 IO-0/EL  message_connection.cpp:269] FuncWorkerConnection[1-162]: Handshake done
I1102 19:14:31.636402 Server/E engine.cpp:674] Engine: New message connection
I1102 19:14:31.636439 IO-0/EL  engine.cpp:277] Engine: Receive new handshake message from message connection
I1102 19:14:31.636444 IO-0/EL  worker_manager.cpp:60] WorkerManager: FuncWorker of func_id 1, client_id 163 connected
I1102 19:14:31.636456 IO-0/EL  message_connection.cpp:269] FuncWorkerConnection[1-163]: Handshake done
I1102 19:14:31.636870 Server/E engine.cpp:674] Engine: New message connection
I1102 19:14:31.647743 Server/E engine.cpp:674] Engine: New message connection
I1102 19:14:31.647789 Server/E engine.cpp:674] Engine: New message connection
I1102 19:14:31.647803 Server/E engine.cpp:674] Engine: New message connection
I1102 19:14:31.647800 IO-0/EL  engine.cpp:277] Engine: Receive new handshake message from message connection
I1102 19:14:31.647828 IO-0/EL  worker_manager.cpp:60] WorkerManager: FuncWorker of func_id 1, client_id 164 connected
I1102 19:14:31.647817 Server/E engine.cpp:674] Engine: New message connection
I1102 19:14:31.647856 Server/E engine.cpp:674] Engine: New message connection
I1102 19:14:31.647864 IO-0/EL  message_connection.cpp:269] FuncWorkerConnection[1-164]: Handshake done
I1102 19:14:31.647868 Server/E engine.cpp:674] Engine: New message connection
I1102 19:14:31.647890 Server/E engine.cpp:674] Engine: New message connection
I1102 19:14:31.647906 Server/E engine.cpp:674] Engine: New message connection
I1102 19:14:31.647912 IO-0/EL  engine.cpp:277] Engine: Receive new handshake message from message connection
I1102 19:14:31.647920 Server/E engine.cpp:674] Engine: New message connection
I1102 19:14:31.647920 IO-0/EL  worker_manager.cpp:60] WorkerManager: FuncWorker of func_id 1, client_id 165 connected
I1102 19:14:31.647934 Server/E engine.cpp:674] Engine: New message connection
I1102 19:14:31.647949 Server/E engine.cpp:674] Engine: New message connection
I1102 19:14:31.647948 IO-0/EL  message_connection.cpp:269] FuncWorkerConnection[1-165]: Handshake done
I1102 19:14:31.647962 Server/E engine.cpp:674] Engine: New message connection
I1102 19:14:31.647975 Server/E engine.cpp:674] Engine: New message connection
I1102 19:14:31.647975 IO-0/EL  engine.cpp:277] Engine: Receive new handshake message from message connection
I1102 19:14:31.647985 IO-0/EL  worker_manager.cpp:60] WorkerManager: FuncWorker of func_id 1, client_id 166 connected
I1102 19:14:31.647991 Server/E engine.cpp:674] Engine: New message connection
I1102 19:14:31.648024 IO-0/EL  message_connection.cpp:269] FuncWorkerConnection[1-166]: Handshake done
I1102 19:14:31.648025 Server/E engine.cpp:674] Engine: New message connection
I1102 19:14:31.648048 Server/E engine.cpp:674] Engine: New message connection
I1102 19:14:31.648052 IO-0/EL  engine.cpp:277] Engine: Receive new handshake message from message connection
I1102 19:14:31.648059 IO-0/EL  worker_manager.cpp:60] WorkerManager: FuncWorker of func_id 1, client_id 167 connected
I1102 19:14:31.648062 Server/E engine.cpp:674] Engine: New message connection
I1102 19:14:31.648075 Server/E engine.cpp:674] Engine: New message connection
I1102 19:14:31.648079 IO-0/EL  message_connection.cpp:269] FuncWorkerConnection[1-167]: Handshake done
I1102 19:14:31.648089 Server/E engine.cpp:674] Engine: New message connection
I1102 19:14:31.648100 IO-0/EL  engine.cpp:277] Engine: Receive new handshake message from message connection
I1102 19:14:31.648108 IO-0/EL  worker_manager.cpp:60] WorkerManager: FuncWorker of func_id 1, client_id 168 connected
I1102 19:14:31.648103 Server/E engine.cpp:674] Engine: New message connection
I1102 19:14:31.648128 IO-0/EL  message_connection.cpp:269] FuncWorkerConnection[1-168]: Handshake done
I1102 19:14:31.648130 Server/E engine.cpp:674] Engine: New message connection
I1102 19:14:31.648153 Server/E engine.cpp:674] Engine: New message connection
I1102 19:14:31.648154 IO-0/EL  engine.cpp:277] Engine: Receive new handshake message from message connection
I1102 19:14:31.648163 IO-0/EL  worker_manager.cpp:60] WorkerManager: FuncWorker of func_id 1, client_id 169 connected
I1102 19:14:31.648171 Server/E engine.cpp:674] Engine: New message connection
I1102 19:14:31.648181 IO-0/EL  message_connection.cpp:269] FuncWorkerConnection[1-169]: Handshake done
I1102 19:14:31.648202 IO-0/EL  engine.cpp:277] Engine: Receive new handshake message from message connection
I1102 19:14:31.648208 IO-0/EL  worker_manager.cpp:60] WorkerManager: FuncWorker of func_id 1, client_id 170 connected
I1102 19:14:31.648232 IO-0/EL  message_connection.cpp:269] FuncWorkerConnection[1-170]: Handshake done
I1102 19:14:31.648251 IO-0/EL  engine.cpp:277] Engine: Receive new handshake message from message connection
I1102 19:14:31.648258 IO-0/EL  worker_manager.cpp:60] WorkerManager: FuncWorker of func_id 1, client_id 171 connected
I1102 19:14:31.648277 IO-0/EL  message_connection.cpp:269] FuncWorkerConnection[1-171]: Handshake done
I1102 19:14:31.648302 IO-0/EL  engine.cpp:277] Engine: Receive new handshake message from message connection
I1102 19:14:31.648307 IO-0/EL  worker_manager.cpp:60] WorkerManager: FuncWorker of func_id 1, client_id 172 connected
I1102 19:14:31.648326 IO-0/EL  message_connection.cpp:269] FuncWorkerConnection[1-172]: Handshake done
I1102 19:14:31.648344 IO-0/EL  engine.cpp:277] Engine: Receive new handshake message from message connection
I1102 19:14:31.648350 IO-0/EL  worker_manager.cpp:60] WorkerManager: FuncWorker of func_id 1, client_id 173 connected
I1102 19:14:31.648369 IO-0/EL  message_connection.cpp:269] FuncWorkerConnection[1-173]: Handshake done
I1102 19:14:31.648392 IO-0/EL  engine.cpp:277] Engine: Receive new handshake message from message connection
I1102 19:14:31.648398 IO-0/EL  worker_manager.cpp:60] WorkerManager: FuncWorker of func_id 1, client_id 174 connected
I1102 19:14:31.648417 IO-0/EL  message_connection.cpp:269] FuncWorkerConnection[1-174]: Handshake done
I1102 19:14:31.648435 IO-0/EL  engine.cpp:277] Engine: Receive new handshake message from message connection
I1102 19:14:31.648440 IO-0/EL  worker_manager.cpp:60] WorkerManager: FuncWorker of func_id 1, client_id 175 connected
I1102 19:14:31.648460 IO-0/EL  message_connection.cpp:269] FuncWorkerConnection[1-175]: Handshake done
I1102 19:14:31.648482 IO-0/EL  engine.cpp:277] Engine: Receive new handshake message from message connection
I1102 19:14:31.648488 IO-0/EL  worker_manager.cpp:60] WorkerManager: FuncWorker of func_id 1, client_id 176 connected
I1102 19:14:31.648494 Server/E engine.cpp:674] Engine: New message connection
I1102 19:14:31.648518 IO-0/EL  message_connection.cpp:269] FuncWorkerConnection[1-176]: Handshake done
I1102 19:14:31.648537 IO-0/EL  engine.cpp:277] Engine: Receive new handshake message from message connection
I1102 19:14:31.648544 IO-0/EL  worker_manager.cpp:60] WorkerManager: FuncWorker of func_id 1, client_id 177 connected
I1102 19:14:31.648565 IO-0/EL  message_connection.cpp:269] FuncWorkerConnection[1-177]: Handshake done
I1102 19:14:31.648591 IO-0/EL  engine.cpp:277] Engine: Receive new handshake message from message connection
I1102 19:14:31.648598 IO-0/EL  worker_manager.cpp:60] WorkerManager: FuncWorker of func_id 1, client_id 178 connected
I1102 19:14:31.648619 IO-0/EL  message_connection.cpp:269] FuncWorkerConnection[1-178]: Handshake done
I1102 19:14:31.648645 IO-0/EL  engine.cpp:277] Engine: Receive new handshake message from message connection
I1102 19:14:31.648651 IO-0/EL  worker_manager.cpp:60] WorkerManager: FuncWorker of func_id 1, client_id 179 connected
I1102 19:14:31.648671 IO-0/EL  message_connection.cpp:269] FuncWorkerConnection[1-179]: Handshake done
I1102 19:14:31.648700 IO-0/EL  engine.cpp:277] Engine: Receive new handshake message from message connection
I1102 19:14:31.648707 IO-0/EL  worker_manager.cpp:60] WorkerManager: FuncWorker of func_id 1, client_id 180 connected
I1102 19:14:31.648738 IO-0/EL  message_connection.cpp:269] FuncWorkerConnection[1-180]: Handshake done
I1102 19:14:31.648758 IO-0/EL  engine.cpp:277] Engine: Receive new handshake message from message connection
I1102 19:14:31.648765 IO-0/EL  worker_manager.cpp:60] WorkerManager: FuncWorker of func_id 1, client_id 181 connected
I1102 19:14:31.648792 IO-0/EL  message_connection.cpp:269] FuncWorkerConnection[1-181]: Handshake done
I1102 19:14:31.648818 IO-0/EL  engine.cpp:277] Engine: Receive new handshake message from message connection
I1102 19:14:31.648825 IO-0/EL  worker_manager.cpp:60] WorkerManager: FuncWorker of func_id 1, client_id 182 connected
I1102 19:14:31.648847 IO-0/EL  message_connection.cpp:269] FuncWorkerConnection[1-182]: Handshake done
I1102 19:14:31.648871 IO-0/EL  engine.cpp:277] Engine: Receive new handshake message from message connection
I1102 19:14:31.648878 IO-0/EL  worker_manager.cpp:60] WorkerManager: FuncWorker of func_id 1, client_id 183 connected
I1102 19:14:31.648898 IO-0/EL  message_connection.cpp:269] FuncWorkerConnection[1-183]: Handshake done
I1102 19:14:31.648923 IO-0/EL  engine.cpp:277] Engine: Receive new handshake message from message connection
I1102 19:14:31.648930 IO-0/EL  worker_manager.cpp:60] WorkerManager: FuncWorker of func_id 1, client_id 184 connected
I1102 19:14:31.648950 IO-0/EL  message_connection.cpp:269] FuncWorkerConnection[1-184]: Handshake done
I1102 19:14:31.648973 IO-0/EL  engine.cpp:277] Engine: Receive new handshake message from message connection
I1102 19:14:31.648979 IO-0/EL  worker_manager.cpp:60] WorkerManager: FuncWorker of func_id 1, client_id 185 connected
I1102 19:14:31.649006 IO-0/EL  message_connection.cpp:269] FuncWorkerConnection[1-185]: Handshake done
I1102 19:14:31.649026 IO-0/EL  engine.cpp:277] Engine: Receive new handshake message from message connection
I1102 19:14:31.649033 IO-0/EL  worker_manager.cpp:60] WorkerManager: FuncWorker of func_id 1, client_id 186 connected
I1102 19:14:31.649053 IO-0/EL  message_connection.cpp:269] FuncWorkerConnection[1-186]: Handshake done
I1102 19:14:31.649077 IO-0/EL  engine.cpp:277] Engine: Receive new handshake message from message connection
I1102 19:14:31.649083 IO-0/EL  worker_manager.cpp:60] WorkerManager: FuncWorker of func_id 1, client_id 187 connected
I1102 19:14:31.649108 IO-0/EL  message_connection.cpp:269] FuncWorkerConnection[1-187]: Handshake done
I1102 19:14:31.649128 IO-0/EL  engine.cpp:277] Engine: Receive new handshake message from message connection
I1102 19:14:31.649134 IO-0/EL  worker_manager.cpp:60] WorkerManager: FuncWorker of func_id 1, client_id 188 connected
I1102 19:14:31.649166 IO-0/EL  message_connection.cpp:269] FuncWorkerConnection[1-188]: Handshake done
I1102 19:14:31.649173 Server/E engine.cpp:674] Engine: New message connection
I1102 19:14:31.649221 IO-0/EL  engine.cpp:277] Engine: Receive new handshake message from message connection
I1102 19:14:31.649228 IO-0/EL  worker_manager.cpp:60] WorkerManager: FuncWorker of func_id 1, client_id 189 connected
I1102 19:14:31.649254 IO-0/EL  message_connection.cpp:269] FuncWorkerConnection[1-189]: Handshake done
I1102 19:14:31.649832 Server/E engine.cpp:674] Engine: New message connection
I1102 19:14:31.649884 IO-0/EL  engine.cpp:277] Engine: Receive new handshake message from message connection
I1102 19:14:31.649890 IO-0/EL  worker_manager.cpp:60] WorkerManager: FuncWorker of func_id 1, client_id 190 connected
I1102 19:14:31.649909 IO-0/EL  message_connection.cpp:269] FuncWorkerConnection[1-190]: Handshake done
I1102 19:14:31.650672 Server/E engine.cpp:674] Engine: New message connection
I1102 19:14:31.650718 IO-0/EL  engine.cpp:277] Engine: Receive new handshake message from message connection
I1102 19:14:31.650727 IO-0/EL  worker_manager.cpp:60] WorkerManager: FuncWorker of func_id 1, client_id 191 connected
I1102 19:14:31.650747 IO-0/EL  message_connection.cpp:269] FuncWorkerConnection[1-191]: Handshake done
I1102 19:14:31.651320 Server/E engine.cpp:674] Engine: New message connection
I1102 19:14:31.651351 IO-0/EL  engine.cpp:277] Engine: Receive new handshake message from message connection
I1102 19:14:31.651358 IO-0/EL  worker_manager.cpp:60] WorkerManager: FuncWorker of func_id 1, client_id 192 connected
I1102 19:14:31.651377 IO-0/EL  message_connection.cpp:269] FuncWorkerConnection[1-192]: Handshake done
I1102 19:14:31.651665 Server/E engine.cpp:674] Engine: New message connection
I1102 19:14:31.651699 IO-0/EL  engine.cpp:277] Engine: Receive new handshake message from message connection
I1102 19:14:31.651706 IO-0/EL  worker_manager.cpp:60] WorkerManager: FuncWorker of func_id 1, client_id 193 connected
I1102 19:14:31.651729 IO-0/EL  message_connection.cpp:269] FuncWorkerConnection[1-193]: Handshake done
I1102 19:14:31.652493 Server/E engine.cpp:674] Engine: New message connection
I1102 19:14:31.652524 IO-0/EL  engine.cpp:277] Engine: Receive new handshake message from message connection
I1102 19:14:31.652530 IO-0/EL  worker_manager.cpp:60] WorkerManager: FuncWorker of func_id 1, client_id 194 connected
I1102 19:14:31.652548 IO-0/EL  message_connection.cpp:269] FuncWorkerConnection[1-194]: Handshake done
I1102 19:14:31.653181 Server/E engine.cpp:674] Engine: New message connection
I1102 19:14:31.653220 IO-0/EL  engine.cpp:277] Engine: Receive new handshake message from message connection
I1102 19:14:31.653226 IO-0/EL  worker_manager.cpp:60] WorkerManager: FuncWorker of func_id 1, client_id 195 connected
I1102 19:14:31.653245 IO-0/EL  message_connection.cpp:269] FuncWorkerConnection[1-195]: Handshake done
I1102 19:14:31.653597 Server/E engine.cpp:674] Engine: New message connection
I1102 19:14:31.653625 IO-0/EL  engine.cpp:277] Engine: Receive new handshake message from message connection
I1102 19:14:31.653632 IO-0/EL  worker_manager.cpp:60] WorkerManager: FuncWorker of func_id 1, client_id 196 connected
I1102 19:14:31.653649 IO-0/EL  message_connection.cpp:269] FuncWorkerConnection[1-196]: Handshake done
I1102 19:14:31.654191 Server/E engine.cpp:674] Engine: New message connection
I1102 19:14:31.654227 IO-0/EL  engine.cpp:277] Engine: Receive new handshake message from message connection
I1102 19:14:31.654233 IO-0/EL  worker_manager.cpp:60] WorkerManager: FuncWorker of func_id 1, client_id 197 connected
I1102 19:14:31.654255 IO-0/EL  message_connection.cpp:269] FuncWorkerConnection[1-197]: Handshake done
I1102 19:14:31.654882 Server/E engine.cpp:674] Engine: New message connection
I1102 19:14:31.654918 IO-0/EL  engine.cpp:277] Engine: Receive new handshake message from message connection
I1102 19:14:31.654926 IO-0/EL  worker_manager.cpp:60] WorkerManager: FuncWorker of func_id 1, client_id 198 connected
I1102 19:14:31.654949 IO-0/EL  message_connection.cpp:269] FuncWorkerConnection[1-198]: Handshake done
I1102 19:14:31.655340 Server/E engine.cpp:674] Engine: New message connection
I1102 19:14:31.655374 IO-0/EL  engine.cpp:277] Engine: Receive new handshake message from message connection
I1102 19:14:31.655382 IO-0/EL  worker_manager.cpp:60] WorkerManager: FuncWorker of func_id 1, client_id 199 connected
I1102 19:14:31.655402 IO-0/EL  message_connection.cpp:269] FuncWorkerConnection[1-199]: Handshake done
I1102 19:14:31.655963 Server/E engine.cpp:674] Engine: New message connection
I1102 19:14:31.655994 IO-0/EL  engine.cpp:277] Engine: Receive new handshake message from message connection
I1102 19:14:31.656002 IO-0/EL  worker_manager.cpp:60] WorkerManager: FuncWorker of func_id 1, client_id 200 connected
I1102 19:14:31.656023 IO-0/EL  message_connection.cpp:269] FuncWorkerConnection[1-200]: Handshake done
I1102 19:14:31.656330 Server/E engine.cpp:674] Engine: New message connection
I1102 19:14:31.656367 IO-0/EL  engine.cpp:277] Engine: Receive new handshake message from message connection
I1102 19:14:31.656374 IO-0/EL  worker_manager.cpp:60] WorkerManager: FuncWorker of func_id 1, client_id 201 connected
I1102 19:14:31.656393 IO-0/EL  message_connection.cpp:269] FuncWorkerConnection[1-201]: Handshake done
I1102 19:14:31.656984 Server/E engine.cpp:674] Engine: New message connection
I1102 19:14:31.657012 IO-0/EL  engine.cpp:277] Engine: Receive new handshake message from message connection
I1102 19:14:31.657019 IO-0/EL  worker_manager.cpp:60] WorkerManager: FuncWorker of func_id 1, client_id 202 connected
I1102 19:14:31.657035 IO-0/EL  message_connection.cpp:269] FuncWorkerConnection[1-202]: Handshake done
I1102 19:14:31.657577 Server/E engine.cpp:674] Engine: New message connection
I1102 19:14:31.657610 IO-0/EL  engine.cpp:277] Engine: Receive new handshake message from message connection
I1102 19:14:31.657615 IO-0/EL  worker_manager.cpp:60] WorkerManager: FuncWorker of func_id 1, client_id 203 connected
I1102 19:14:31.657628 IO-0/EL  message_connection.cpp:269] FuncWorkerConnection[1-203]: Handshake done
I1102 19:14:31.658596 Server/E engine.cpp:674] Engine: New message connection
I1102 19:14:31.658624 IO-0/EL  engine.cpp:277] Engine: Receive new handshake message from message connection
I1102 19:14:31.658629 IO-0/EL  worker_manager.cpp:60] WorkerManager: FuncWorker of func_id 1, client_id 204 connected
I1102 19:14:31.658651 IO-0/EL  message_connection.cpp:269] FuncWorkerConnection[1-204]: Handshake done
I1102 19:14:31.659205 Server/E engine.cpp:674] Engine: New message connection
I1102 19:14:31.659235 IO-0/EL  engine.cpp:277] Engine: Receive new handshake message from message connection
I1102 19:14:31.659240 IO-0/EL  worker_manager.cpp:60] WorkerManager: FuncWorker of func_id 1, client_id 205 connected
I1102 19:14:31.659254 IO-0/EL  message_connection.cpp:269] FuncWorkerConnection[1-205]: Handshake done
I1102 19:14:31.659971 Server/E engine.cpp:674] Engine: New message connection
I1102 19:14:31.660004 IO-0/EL  engine.cpp:277] Engine: Receive new handshake message from message connection
I1102 19:14:31.660009 IO-0/EL  worker_manager.cpp:60] WorkerManager: FuncWorker of func_id 1, client_id 206 connected
I1102 19:14:31.660023 IO-0/EL  message_connection.cpp:269] FuncWorkerConnection[1-206]: Handshake done
I1102 19:14:31.660387 Server/E engine.cpp:674] Engine: New message connection
I1102 19:14:31.660413 IO-0/EL  engine.cpp:277] Engine: Receive new handshake message from message connection
I1102 19:14:31.660418 IO-0/EL  worker_manager.cpp:60] WorkerManager: FuncWorker of func_id 1, client_id 207 connected
I1102 19:14:31.660432 IO-0/EL  message_connection.cpp:269] FuncWorkerConnection[1-207]: Handshake done
I1102 19:14:31.660910 Server/E engine.cpp:674] Engine: New message connection
I1102 19:14:31.660945 IO-0/EL  engine.cpp:277] Engine: Receive new handshake message from message connection
I1102 19:14:31.660950 IO-0/EL  worker_manager.cpp:60] WorkerManager: FuncWorker of func_id 1, client_id 208 connected
I1102 19:14:31.660964 IO-0/EL  message_connection.cpp:269] FuncWorkerConnection[1-208]: Handshake done
I1102 19:14:31.661464 Server/E engine.cpp:674] Engine: New message connection
I1102 19:14:31.661490 IO-0/EL  engine.cpp:277] Engine: Receive new handshake message from message connection
I1102 19:14:31.661495 IO-0/EL  worker_manager.cpp:60] WorkerManager: FuncWorker of func_id 1, client_id 209 connected
I1102 19:14:31.661508 IO-0/EL  message_connection.cpp:269] FuncWorkerConnection[1-209]: Handshake done
I1102 19:14:31.661874 Server/E engine.cpp:674] Engine: New message connection
I1102 19:14:31.661905 IO-0/EL  engine.cpp:277] Engine: Receive new handshake message from message connection
I1102 19:14:31.661911 IO-0/EL  worker_manager.cpp:60] WorkerManager: FuncWorker of func_id 1, client_id 210 connected
I1102 19:14:31.661924 IO-0/EL  message_connection.cpp:269] FuncWorkerConnection[1-210]: Handshake done
I1102 19:14:31.662366 Server/E engine.cpp:674] Engine: New message connection
I1102 19:14:31.662393 IO-0/EL  engine.cpp:277] Engine: Receive new handshake message from message connection
I1102 19:14:31.662397 IO-0/EL  worker_manager.cpp:60] WorkerManager: FuncWorker of func_id 1, client_id 211 connected
I1102 19:14:31.662411 IO-0/EL  message_connection.cpp:269] FuncWorkerConnection[1-211]: Handshake done
I1102 19:14:31.663209 Server/E engine.cpp:674] Engine: New message connection
I1102 19:14:31.663249 IO-0/EL  engine.cpp:277] Engine: Receive new handshake message from message connection
I1102 19:14:31.663258 IO-0/EL  worker_manager.cpp:60] WorkerManager: FuncWorker of func_id 1, client_id 212 connected
I1102 19:14:31.663282 IO-0/EL  message_connection.cpp:269] FuncWorkerConnection[1-212]: Handshake done
I1102 19:14:31.663387 Server/E engine.cpp:674] Engine: New message connection
I1102 19:14:31.663418 IO-0/EL  engine.cpp:277] Engine: Receive new handshake message from message connection
I1102 19:14:31.663427 IO-0/EL  worker_manager.cpp:60] WorkerManager: FuncWorker of func_id 1, client_id 213 connected
I1102 19:14:31.663451 IO-0/EL  message_connection.cpp:269] FuncWorkerConnection[1-213]: Handshake done
I1102 19:14:31.663856 Server/E engine.cpp:674] Engine: New message connection
I1102 19:14:31.663895 IO-0/EL  engine.cpp:277] Engine: Receive new handshake message from message connection
I1102 19:14:31.663905 IO-0/EL  worker_manager.cpp:60] WorkerManager: FuncWorker of func_id 1, client_id 214 connected
I1102 19:14:31.663922 IO-0/EL  message_connection.cpp:269] FuncWorkerConnection[1-214]: Handshake done
I1102 19:14:31.664412 Server/E engine.cpp:674] Engine: New message connection
I1102 19:14:31.664438 IO-0/EL  engine.cpp:277] Engine: Receive new handshake message from message connection
I1102 19:14:31.664442 IO-0/EL  worker_manager.cpp:60] WorkerManager: FuncWorker of func_id 1, client_id 215 connected
I1102 19:14:31.664456 IO-0/EL  message_connection.cpp:269] FuncWorkerConnection[1-215]: Handshake done
I1102 19:14:31.664924 Server/E engine.cpp:674] Engine: New message connection
I1102 19:14:31.664957 IO-0/EL  engine.cpp:277] Engine: Receive new handshake message from message connection
I1102 19:14:31.664962 IO-0/EL  worker_manager.cpp:60] WorkerManager: FuncWorker of func_id 1, client_id 216 connected
I1102 19:14:31.664977 IO-0/EL  message_connection.cpp:269] FuncWorkerConnection[1-216]: Handshake done
I1102 19:14:31.665395 Server/E engine.cpp:674] Engine: New message connection
I1102 19:14:31.665418 IO-0/EL  engine.cpp:277] Engine: Receive new handshake message from message connection
I1102 19:14:31.665423 IO-0/EL  worker_manager.cpp:60] WorkerManager: FuncWorker of func_id 1, client_id 217 connected
I1102 19:14:31.665436 IO-0/EL  message_connection.cpp:269] FuncWorkerConnection[1-217]: Handshake done
I1102 19:14:31.665983 Server/E engine.cpp:674] Engine: New message connection
I1102 19:14:31.666020 IO-0/EL  engine.cpp:277] Engine: Receive new handshake message from message connection
I1102 19:14:31.666025 IO-0/EL  worker_manager.cpp:60] WorkerManager: FuncWorker of func_id 1, client_id 218 connected
I1102 19:14:31.666040 IO-0/EL  message_connection.cpp:269] FuncWorkerConnection[1-218]: Handshake done
I1102 19:14:31.666570 Server/E engine.cpp:674] Engine: New message connection
I1102 19:14:31.666597 IO-0/EL  engine.cpp:277] Engine: Receive new handshake message from message connection
I1102 19:14:31.666601 IO-0/EL  worker_manager.cpp:60] WorkerManager: FuncWorker of func_id 1, client_id 219 connected
I1102 19:14:31.666615 IO-0/EL  message_connection.cpp:269] FuncWorkerConnection[1-219]: Handshake done
I1102 19:14:31.667157 Server/E engine.cpp:674] Engine: New message connection
I1102 19:14:31.667191 IO-0/EL  engine.cpp:277] Engine: Receive new handshake message from message connection
I1102 19:14:31.667196 IO-0/EL  worker_manager.cpp:60] WorkerManager: FuncWorker of func_id 1, client_id 220 connected
I1102 19:14:31.667210 IO-0/EL  message_connection.cpp:269] FuncWorkerConnection[1-220]: Handshake done
I1102 19:14:31.667675 Server/E engine.cpp:674] Engine: New message connection
I1102 19:14:31.667701 IO-0/EL  engine.cpp:277] Engine: Receive new handshake message from message connection
I1102 19:14:31.667706 IO-0/EL  worker_manager.cpp:60] WorkerManager: FuncWorker of func_id 1, client_id 221 connected
I1102 19:14:31.667728 IO-0/EL  message_connection.cpp:269] FuncWorkerConnection[1-221]: Handshake done
I1102 19:14:31.668238 Server/E engine.cpp:674] Engine: New message connection
I1102 19:14:31.668292 IO-0/EL  engine.cpp:277] Engine: Receive new handshake message from message connection
I1102 19:14:31.668297 IO-0/EL  worker_manager.cpp:60] WorkerManager: FuncWorker of func_id 1, client_id 222 connected
I1102 19:14:31.668310 IO-0/EL  message_connection.cpp:269] FuncWorkerConnection[1-222]: Handshake done
I1102 19:14:31.668673 Server/E engine.cpp:674] Engine: New message connection
I1102 19:14:31.668727 IO-0/EL  engine.cpp:277] Engine: Receive new handshake message from message connection
I1102 19:14:31.668732 IO-0/EL  worker_manager.cpp:60] WorkerManager: FuncWorker of func_id 1, client_id 223 connected
I1102 19:14:31.668746 IO-0/EL  message_connection.cpp:269] FuncWorkerConnection[1-223]: Handshake done
I1102 19:14:31.669240 Server/E engine.cpp:674] Engine: New message connection
I1102 19:14:31.669280 IO-0/EL  engine.cpp:277] Engine: Receive new handshake message from message connection
I1102 19:14:31.669284 IO-0/EL  worker_manager.cpp:60] WorkerManager: FuncWorker of func_id 1, client_id 224 connected
I1102 19:14:31.669298 IO-0/EL  message_connection.cpp:269] FuncWorkerConnection[1-224]: Handshake done
I1102 19:14:31.669936 Server/E engine.cpp:674] Engine: New message connection
I1102 19:14:31.669963 IO-0/EL  engine.cpp:277] Engine: Receive new handshake message from message connection
I1102 19:14:31.669968 IO-0/EL  worker_manager.cpp:60] WorkerManager: FuncWorker of func_id 1, client_id 225 connected
I1102 19:14:31.670003 IO-0/EL  message_connection.cpp:269] FuncWorkerConnection[1-225]: Handshake done
I1102 19:14:31.670464 Server/E engine.cpp:674] Engine: New message connection
I1102 19:14:31.670490 IO-0/EL  engine.cpp:277] Engine: Receive new handshake message from message connection
I1102 19:14:31.670495 IO-0/EL  worker_manager.cpp:60] WorkerManager: FuncWorker of func_id 1, client_id 226 connected
I1102 19:14:31.670508 IO-0/EL  message_connection.cpp:269] FuncWorkerConnection[1-226]: Handshake done
I1102 19:14:31.671083 Server/E engine.cpp:674] Engine: New message connection
I1102 19:14:31.671112 IO-0/EL  engine.cpp:277] Engine: Receive new handshake message from message connection
I1102 19:14:31.671117 IO-0/EL  worker_manager.cpp:60] WorkerManager: FuncWorker of func_id 1, client_id 227 connected
I1102 19:14:31.671130 IO-0/EL  message_connection.cpp:269] FuncWorkerConnection[1-227]: Handshake done
I1102 19:14:31.671801 Server/E engine.cpp:674] Engine: New message connection
I1102 19:14:31.671828 IO-0/EL  engine.cpp:277] Engine: Receive new handshake message from message connection
I1102 19:14:31.671833 IO-0/EL  worker_manager.cpp:60] WorkerManager: FuncWorker of func_id 1, client_id 228 connected
I1102 19:14:31.671848 IO-0/EL  message_connection.cpp:269] FuncWorkerConnection[1-228]: Handshake done
I1102 19:14:31.672306 Server/E engine.cpp:674] Engine: New message connection
I1102 19:14:31.672332 IO-0/EL  engine.cpp:277] Engine: Receive new handshake message from message connection
I1102 19:14:31.672337 IO-0/EL  worker_manager.cpp:60] WorkerManager: FuncWorker of func_id 1, client_id 229 connected
I1102 19:14:31.672353 IO-0/EL  message_connection.cpp:269] FuncWorkerConnection[1-229]: Handshake done
I1102 19:14:31.672946 Server/E engine.cpp:674] Engine: New message connection
I1102 19:14:31.672972 IO-0/EL  engine.cpp:277] Engine: Receive new handshake message from message connection
I1102 19:14:31.672977 IO-0/EL  worker_manager.cpp:60] WorkerManager: FuncWorker of func_id 1, client_id 230 connected
I1102 19:14:31.672990 IO-0/EL  message_connection.cpp:269] FuncWorkerConnection[1-230]: Handshake done
I1102 19:14:31.673667 Server/E engine.cpp:674] Engine: New message connection
I1102 19:14:31.673694 IO-0/EL  engine.cpp:277] Engine: Receive new handshake message from message connection
I1102 19:14:31.673699 IO-0/EL  worker_manager.cpp:60] WorkerManager: FuncWorker of func_id 1, client_id 231 connected
I1102 19:14:31.673721 IO-0/EL  message_connection.cpp:269] FuncWorkerConnection[1-231]: Handshake done
I1102 19:14:31.674245 Server/E engine.cpp:674] Engine: New message connection
I1102 19:14:31.674277 IO-0/EL  engine.cpp:277] Engine: Receive new handshake message from message connection
I1102 19:14:31.674282 IO-0/EL  worker_manager.cpp:60] WorkerManager: FuncWorker of func_id 1, client_id 232 connected
I1102 19:14:31.674295 IO-0/EL  message_connection.cpp:269] FuncWorkerConnection[1-232]: Handshake done
I1102 19:14:31.674871 Server/E engine.cpp:674] Engine: New message connection
I1102 19:14:31.674901 IO-0/EL  engine.cpp:277] Engine: Receive new handshake message from message connection
I1102 19:14:31.674906 IO-0/EL  worker_manager.cpp:60] WorkerManager: FuncWorker of func_id 1, client_id 233 connected
I1102 19:14:31.674919 IO-0/EL  message_connection.cpp:269] FuncWorkerConnection[1-233]: Handshake done
I1102 19:14:31.675434 Server/E engine.cpp:674] Engine: New message connection
I1102 19:14:31.675463 IO-0/EL  engine.cpp:277] Engine: Receive new handshake message from message connection
I1102 19:14:31.675467 IO-0/EL  worker_manager.cpp:60] WorkerManager: FuncWorker of func_id 1, client_id 234 connected
I1102 19:14:31.675480 IO-0/EL  message_connection.cpp:269] FuncWorkerConnection[1-234]: Handshake done
I1102 19:14:31.676011 Server/E engine.cpp:674] Engine: New message connection
I1102 19:14:31.676039 IO-0/EL  engine.cpp:277] Engine: Receive new handshake message from message connection
I1102 19:14:31.676044 IO-0/EL  worker_manager.cpp:60] WorkerManager: FuncWorker of func_id 1, client_id 235 connected
I1102 19:14:31.676057 IO-0/EL  message_connection.cpp:269] FuncWorkerConnection[1-235]: Handshake done
I1102 19:14:31.676500 Server/E engine.cpp:674] Engine: New message connection
I1102 19:14:31.676529 IO-0/EL  engine.cpp:277] Engine: Receive new handshake message from message connection
I1102 19:14:31.676534 IO-0/EL  worker_manager.cpp:60] WorkerManager: FuncWorker of func_id 1, client_id 236 connected
I1102 19:14:31.676547 IO-0/EL  message_connection.cpp:269] FuncWorkerConnection[1-236]: Handshake done
I1102 19:14:31.677169 Server/E engine.cpp:674] Engine: New message connection
I1102 19:14:31.677198 IO-0/EL  engine.cpp:277] Engine: Receive new handshake message from message connection
I1102 19:14:31.677203 IO-0/EL  worker_manager.cpp:60] WorkerManager: FuncWorker of func_id 1, client_id 237 connected
I1102 19:14:31.677220 IO-0/EL  message_connection.cpp:269] FuncWorkerConnection[1-237]: Handshake done
I1102 19:14:31.677595 Server/E engine.cpp:674] Engine: New message connection
I1102 19:14:31.677619 IO-0/EL  engine.cpp:277] Engine: Receive new handshake message from message connection
I1102 19:14:31.677624 IO-0/EL  worker_manager.cpp:60] WorkerManager: FuncWorker of func_id 1, client_id 238 connected
I1102 19:14:31.677636 IO-0/EL  message_connection.cpp:269] FuncWorkerConnection[1-238]: Handshake done
I1102 19:14:31.678279 Server/E engine.cpp:674] Engine: New message connection
I1102 19:14:31.678315 IO-0/EL  engine.cpp:277] Engine: Receive new handshake message from message connection
I1102 19:14:31.678321 IO-0/EL  worker_manager.cpp:60] WorkerManager: FuncWorker of func_id 1, client_id 239 connected
I1102 19:14:31.678335 IO-0/EL  message_connection.cpp:269] FuncWorkerConnection[1-239]: Handshake done
I1102 19:14:31.678753 Server/E engine.cpp:674] Engine: New message connection
I1102 19:14:31.678782 IO-0/EL  engine.cpp:277] Engine: Receive new handshake message from message connection
I1102 19:14:31.678787 IO-0/EL  worker_manager.cpp:60] WorkerManager: FuncWorker of func_id 1, client_id 240 connected
I1102 19:14:31.678801 IO-0/EL  message_connection.cpp:269] FuncWorkerConnection[1-240]: Handshake done
I1102 19:14:31.679235 Server/E engine.cpp:674] Engine: New message connection
I1102 19:14:31.679261 IO-0/EL  engine.cpp:277] Engine: Receive new handshake message from message connection
I1102 19:14:31.679265 IO-0/EL  worker_manager.cpp:60] WorkerManager: FuncWorker of func_id 1, client_id 241 connected
I1102 19:14:31.679278 IO-0/EL  message_connection.cpp:269] FuncWorkerConnection[1-241]: Handshake done
I1102 19:14:31.679839 Server/E engine.cpp:674] Engine: New message connection
I1102 19:14:31.679868 IO-0/EL  engine.cpp:277] Engine: Receive new handshake message from message connection
I1102 19:14:31.679873 IO-0/EL  worker_manager.cpp:60] WorkerManager: FuncWorker of func_id 1, client_id 242 connected
I1102 19:14:31.679886 IO-0/EL  message_connection.cpp:269] FuncWorkerConnection[1-242]: Handshake done
I1102 19:14:31.680398 Server/E engine.cpp:674] Engine: New message connection
I1102 19:14:31.680426 IO-0/EL  engine.cpp:277] Engine: Receive new handshake message from message connection
I1102 19:14:31.680431 IO-0/EL  worker_manager.cpp:60] WorkerManager: FuncWorker of func_id 1, client_id 243 connected
I1102 19:14:31.680444 IO-0/EL  message_connection.cpp:269] FuncWorkerConnection[1-243]: Handshake done
I1102 19:14:31.680920 Server/E engine.cpp:674] Engine: New message connection
I1102 19:14:31.680947 IO-0/EL  engine.cpp:277] Engine: Receive new handshake message from message connection
I1102 19:14:31.680951 IO-0/EL  worker_manager.cpp:60] WorkerManager: FuncWorker of func_id 1, client_id 244 connected
I1102 19:14:31.680964 IO-0/EL  message_connection.cpp:269] FuncWorkerConnection[1-244]: Handshake done
I1102 19:14:31.681496 Server/E engine.cpp:674] Engine: New message connection
I1102 19:14:31.681529 IO-0/EL  engine.cpp:277] Engine: Receive new handshake message from message connection
I1102 19:14:31.681533 IO-0/EL  worker_manager.cpp:60] WorkerManager: FuncWorker of func_id 1, client_id 245 connected
I1102 19:14:31.681549 IO-0/EL  message_connection.cpp:269] FuncWorkerConnection[1-245]: Handshake done
I1102 19:14:31.682049 Server/E engine.cpp:674] Engine: New message connection
I1102 19:14:31.682074 IO-0/EL  engine.cpp:277] Engine: Receive new handshake message from message connection
I1102 19:14:31.682079 IO-0/EL  worker_manager.cpp:60] WorkerManager: FuncWorker of func_id 1, client_id 246 connected
I1102 19:14:31.682091 IO-0/EL  message_connection.cpp:269] FuncWorkerConnection[1-246]: Handshake done
I1102 19:14:31.682635 Server/E engine.cpp:674] Engine: New message connection
I1102 19:14:31.682663 IO-0/EL  engine.cpp:277] Engine: Receive new handshake message from message connection
I1102 19:14:31.682668 IO-0/EL  worker_manager.cpp:60] WorkerManager: FuncWorker of func_id 1, client_id 247 connected
I1102 19:14:31.682680 IO-0/EL  message_connection.cpp:269] FuncWorkerConnection[1-247]: Handshake done
I1102 19:14:31.702574 Server/E engine.cpp:674] Engine: New message connection
I1102 19:14:31.702622 IO-0/EL  engine.cpp:277] Engine: Receive new handshake message from message connection
I1102 19:14:31.702640 IO-0/EL  worker_manager.cpp:60] WorkerManager: FuncWorker of func_id 1, client_id 248 connected
I1102 19:14:31.702671 IO-0/EL  message_connection.cpp:269] FuncWorkerConnection[1-248]: Handshake done
I1102 19:14:31.702931 Server/E engine.cpp:674] Engine: New message connection
I1102 19:14:31.702974 IO-0/EL  engine.cpp:277] Engine: Receive new handshake message from message connection
I1102 19:14:31.702986 IO-0/EL  worker_manager.cpp:60] WorkerManager: FuncWorker of func_id 1, client_id 249 connected
I1102 19:14:31.703013 IO-0/EL  message_connection.cpp:269] FuncWorkerConnection[1-249]: Handshake done
I1102 19:14:31.703384 Server/E engine.cpp:674] Engine: New message connection
I1102 19:14:31.703416 IO-0/EL  engine.cpp:277] Engine: Receive new handshake message from message connection
I1102 19:14:31.703426 IO-0/EL  worker_manager.cpp:60] WorkerManager: FuncWorker of func_id 1, client_id 250 connected
I1102 19:14:31.703451 IO-0/EL  message_connection.cpp:269] FuncWorkerConnection[1-250]: Handshake done
I1102 19:14:31.704414 Server/E engine.cpp:674] Engine: New message connection
I1102 19:14:31.704461 IO-0/EL  engine.cpp:277] Engine: Receive new handshake message from message connection
I1102 19:14:31.704476 IO-0/EL  worker_manager.cpp:60] WorkerManager: FuncWorker of func_id 1, client_id 251 connected
I1102 19:14:31.704504 IO-0/EL  message_connection.cpp:269] FuncWorkerConnection[1-251]: Handshake done
I1102 19:14:31.704820 Server/E engine.cpp:674] Engine: New message connection
I1102 19:14:31.704857 IO-0/EL  engine.cpp:277] Engine: Receive new handshake message from message connection
I1102 19:14:31.704867 IO-0/EL  worker_manager.cpp:60] WorkerManager: FuncWorker of func_id 1, client_id 252 connected
I1102 19:14:31.704900 IO-0/EL  message_connection.cpp:269] FuncWorkerConnection[1-252]: Handshake done
I1102 19:14:31.705875 Server/E engine.cpp:674] Engine: New message connection
I1102 19:14:31.705910 IO-0/EL  engine.cpp:277] Engine: Receive new handshake message from message connection
I1102 19:14:31.705923 IO-0/EL  worker_manager.cpp:60] WorkerManager: FuncWorker of func_id 1, client_id 254 connected
I1102 19:14:31.705950 IO-0/EL  message_connection.cpp:269] FuncWorkerConnection[1-254]: Handshake done
I1102 19:14:31.706091 Server/E engine.cpp:674] Engine: New message connection
I1102 19:14:31.706131 IO-0/EL  engine.cpp:277] Engine: Receive new handshake message from message connection
I1102 19:14:31.706141 IO-0/EL  worker_manager.cpp:60] WorkerManager: FuncWorker of func_id 1, client_id 255 connected
I1102 19:14:31.706165 IO-0/EL  message_connection.cpp:269] FuncWorkerConnection[1-255]: Handshake done
I1102 19:14:31.706310 Server/E engine.cpp:674] Engine: New message connection
I1102 19:14:31.706343 IO-0/EL  engine.cpp:277] Engine: Receive new handshake message from message connection
I1102 19:14:31.706354 IO-0/EL  worker_manager.cpp:60] WorkerManager: FuncWorker of func_id 1, client_id 253 connected
I1102 19:14:31.706377 IO-0/EL  message_connection.cpp:269] FuncWorkerConnection[1-253]: Handshake done
I1102 19:14:31.706612 Server/E engine.cpp:674] Engine: New message connection
I1102 19:14:31.706648 IO-0/EL  engine.cpp:277] Engine: Receive new handshake message from message connection
I1102 19:14:31.706658 IO-0/EL  worker_manager.cpp:60] WorkerManager: FuncWorker of func_id 1, client_id 256 connected
I1102 19:14:31.706690 IO-0/EL  message_connection.cpp:269] FuncWorkerConnection[1-256]: Handshake done
I1102 19:14:35.110332 IO-0/EL  buffer_pool.h:25] BufferPool[IO-0_Write]: Allocate new buffer, current buffer count is 5
I1102 19:14:35.110358 IO-0/EL  buffer_pool.h:25] BufferPool[IO-0_Write]: Allocate new buffer, current buffer count is 6
I1102 19:14:35.110365 IO-0/EL  buffer_pool.h:25] BufferPool[IO-0_Write]: Allocate new buffer, current buffer count is 7
I1102 19:14:35.110373 IO-0/EL  buffer_pool.h:25] BufferPool[IO-0_Write]: Allocate new buffer, current buffer count is 8
I1102 19:14:35.110381 IO-0/EL  buffer_pool.h:25] BufferPool[IO-0_Write]: Allocate new buffer, current buffer count is 9
I1102 19:14:35.110389 IO-0/EL  buffer_pool.h:25] BufferPool[IO-0_Write]: Allocate new buffer, current buffer count is 10
I1102 19:14:35.766326 IO-0/EL  buffer_pool.h:25] BufferPool[IO-0_Write]: Allocate new buffer, current buffer count is 11
I1102 19:14:35.766360 IO-0/EL  buffer_pool.h:25] BufferPool[IO-0_Write]: Allocate new buffer, current buffer count is 12
I1102 19:14:35.766369 IO-0/EL  buffer_pool.h:25] BufferPool[IO-0_Write]: Allocate new buffer, current buffer count is 13
I1102 19:14:35.766377 IO-0/EL  buffer_pool.h:25] BufferPool[IO-0_Write]: Allocate new buffer, current buffer count is 14
I1102 19:14:35.766385 IO-0/EL  buffer_pool.h:25] BufferPool[IO-0_Write]: Allocate new buffer, current buffer count is 15
I1102 19:14:35.766393 IO-0/EL  buffer_pool.h:25] BufferPool[IO-0_Write]: Allocate new buffer, current buffer count is 16
I1102 19:14:35.766405 IO-0/EL  buffer_pool.h:25] BufferPool[IO-0_Write]: Allocate new buffer, current buffer count is 17
I1102 19:14:35.766414 IO-0/EL  buffer_pool.h:25] BufferPool[IO-0_Write]: Allocate new buffer, current buffer count is 18
I1102 19:14:35.766425 IO-0/EL  buffer_pool.h:25] BufferPool[IO-0_Write]: Allocate new buffer, current buffer count is 19
I1102 19:14:35.766439 IO-0/EL  buffer_pool.h:25] BufferPool[IO-0_Write]: Allocate new buffer, current buffer count is 20
I1102 19:14:35.766451 IO-0/EL  buffer_pool.h:25] BufferPool[IO-0_Write]: Allocate new buffer, current buffer count is 21
I1102 19:14:35.766463 IO-0/EL  buffer_pool.h:25] BufferPool[IO-0_Write]: Allocate new buffer, current buffer count is 22
I1102 19:14:37.078452 IO-0/EL  buffer_pool.h:25] BufferPool[IO-0_Write]: Allocate new buffer, current buffer count is 23
I1102 19:14:37.078481 IO-0/EL  buffer_pool.h:25] BufferPool[IO-0_Write]: Allocate new buffer, current buffer count is 24
I1102 19:14:37.078492 IO-0/EL  buffer_pool.h:25] BufferPool[IO-0_Write]: Allocate new buffer, current buffer count is 25
I1102 19:14:37.078504 IO-0/EL  buffer_pool.h:25] BufferPool[IO-0_Write]: Allocate new buffer, current buffer count is 26
I1102 19:14:37.078518 IO-0/EL  buffer_pool.h:25] BufferPool[IO-0_Write]: Allocate new buffer, current buffer count is 27
I1102 19:14:37.078528 IO-0/EL  buffer_pool.h:25] BufferPool[IO-0_Write]: Allocate new buffer, current buffer count is 28
I1102 19:14:37.078542 IO-0/EL  buffer_pool.h:25] BufferPool[IO-0_Write]: Allocate new buffer, current buffer count is 29
I1102 19:14:37.078553 IO-0/EL  buffer_pool.h:25] BufferPool[IO-0_Write]: Allocate new buffer, current buffer count is 30
I1102 19:14:37.078567 IO-0/EL  buffer_pool.h:25] BufferPool[IO-0_Write]: Allocate new buffer, current buffer count is 31
I1102 19:14:37.078577 IO-0/EL  buffer_pool.h:25] BufferPool[IO-0_Write]: Allocate new buffer, current buffer count is 32
I1102 19:14:37.078592 IO-0/EL  buffer_pool.h:25] BufferPool[IO-0_Write]: Allocate new buffer, current buffer count is 33
I1102 19:14:37.078601 IO-0/EL  buffer_pool.h:25] BufferPool[IO-0_Write]: Allocate new buffer, current buffer count is 34
I1102 19:14:37.078615 IO-0/EL  buffer_pool.h:25] BufferPool[IO-0_Write]: Allocate new buffer, current buffer count is 35
I1102 19:14:37.078624 IO-0/EL  buffer_pool.h:25] BufferPool[IO-0_Write]: Allocate new buffer, current buffer count is 36
I1102 19:14:37.078636 IO-0/EL  buffer_pool.h:25] BufferPool[IO-0_Write]: Allocate new buffer, current buffer count is 37
I1102 19:14:37.078646 IO-0/EL  buffer_pool.h:25] BufferPool[IO-0_Write]: Allocate new buffer, current buffer count is 38
I1102 19:14:37.078658 IO-0/EL  buffer_pool.h:25] BufferPool[IO-0_Write]: Allocate new buffer, current buffer count is 39
I1102 19:14:37.078667 IO-0/EL  buffer_pool.h:25] BufferPool[IO-0_Write]: Allocate new buffer, current buffer count is 40
I1102 19:14:37.078679 IO-0/EL  buffer_pool.h:25] BufferPool[IO-0_Write]: Allocate new buffer, current buffer count is 41
I1102 19:14:37.078688 IO-0/EL  buffer_pool.h:25] BufferPool[IO-0_Write]: Allocate new buffer, current buffer count is 42
I1102 19:14:37.078699 IO-0/EL  buffer_pool.h:25] BufferPool[IO-0_Write]: Allocate new buffer, current buffer count is 43
I1102 19:14:37.078720 IO-0/EL  buffer_pool.h:25] BufferPool[IO-0_Write]: Allocate new buffer, current buffer count is 44
I1102 19:14:37.078732 IO-0/EL  buffer_pool.h:25] BufferPool[IO-0_Write]: Allocate new buffer, current buffer count is 45
I1102 19:14:37.078760 IO-0/EL  buffer_pool.h:25] BufferPool[IO-0_Write]: Allocate new buffer, current buffer count is 46
I1102 19:14:37.078772 IO-0/EL  buffer_pool.h:25] BufferPool[IO-0_Write]: Allocate new buffer, current buffer count is 47
I1102 19:14:37.078786 IO-0/EL  buffer_pool.h:25] BufferPool[IO-0_Write]: Allocate new buffer, current buffer count is 48
I1102 19:14:37.078797 IO-0/EL  buffer_pool.h:25] BufferPool[IO-0_Write]: Allocate new buffer, current buffer count is 49
I1102 19:14:37.078817 IO-0/EL  buffer_pool.h:25] BufferPool[IO-0_Write]: Allocate new buffer, current buffer count is 50
I1102 19:14:37.078834 IO-0/EL  buffer_pool.h:25] BufferPool[IO-0_Write]: Allocate new buffer, current buffer count is 51
I1102 19:14:37.078853 IO-0/EL  buffer_pool.h:25] BufferPool[IO-0_Write]: Allocate new buffer, current buffer count is 52
I1102 19:14:37.078871 IO-0/EL  buffer_pool.h:25] BufferPool[IO-0_Write]: Allocate new buffer, current buffer count is 53
I1102 19:14:37.078886 IO-0/EL  buffer_pool.h:25] BufferPool[IO-0_Write]: Allocate new buffer, current buffer count is 54
I1102 19:14:37.078909 IO-0/EL  buffer_pool.h:25] BufferPool[IO-0_Write]: Allocate new buffer, current buffer count is 55
I1102 19:14:37.078924 IO-0/EL  buffer_pool.h:25] BufferPool[IO-0_Write]: Allocate new buffer, current buffer count is 56
I1102 19:14:39.486571 Main     server_base.cpp:35] Server: Scheduled to stop
I1102 19:14:39.486755 Server/E server_base.cpp:109] Server: Start stopping process
I1102 19:14:39.486833 IO-0/EL  message_connection.cpp:284] LauncherConnection[1]: Connection closed remotely
