I1102 18:32:16.550551 Main     thread.cpp:100] Register main thread: tid=1384565
E1102 18:32:16.552634 Main     docker.cpp:59] Cannot find docker's cgroup in /proc/self/cgroup
I1102 18:32:16.552695 Main     func_config.cpp:135] Load configuration for function Noop[1]
I1102 18:32:16.552705 Main     engine.cpp:109] Engine: Start 1 IO workers
I1102 18:32:16.555987 IO-0/EL  thread.cpp:40] Start thread: IO-0/EL
I1102 18:32:16.556039 IO-0/EL  io_worker.cpp:192] IO-0: Event loop starts
Checking for file descriptor...
Got a file descriptor!
I1102 18:32:18.358835 Main     engine.cpp:180] Engine: Created 1 Machnet connections to Gateway at 10.10.1.2:10007
I1102 18:32:18.358896 Main     engine.cpp:208] Engine: Listen on /dev/shm/faas_ipc/engine.sock for IPC connections
I1102 18:32:18.359053 Server/E thread.cpp:40] Start thread: Server/EL
I1102 18:32:18.359107 Server/E server_base.cpp:50] Server: Event loop starts
I1102 18:32:18.553075 Server/E engine.cpp:674] Engine: New message connection
I1102 18:32:18.556417 IO-0/EL  buffer_pool.h:25] BufferPool[IO-0_Read]: Allocate new buffer, current buffer count is 1
I1102 18:32:18.556449 IO-0/EL  engine.cpp:277] Engine: Receive new handshake message from message connection
I1102 18:32:18.556455 IO-0/EL  worker_manager.cpp:23] WorkerManager: Launcher of func_id 1 connected
I1102 18:32:18.556459 IO-0/EL  worker_manager.cpp:131] WorkerManager: Request new FuncWorker for func_id 1 with client_id 1
I1102 18:32:18.556479 IO-0/EL  worker_manager.cpp:131] WorkerManager: Request new FuncWorker for func_id 1 with client_id 2
I1102 18:32:18.556491 IO-0/EL  worker_manager.cpp:131] WorkerManager: Request new FuncWorker for func_id 1 with client_id 3
I1102 18:32:18.556501 IO-0/EL  worker_manager.cpp:131] WorkerManager: Request new FuncWorker for func_id 1 with client_id 4
I1102 18:32:18.556511 IO-0/EL  worker_manager.cpp:131] WorkerManager: Request new FuncWorker for func_id 1 with client_id 5
I1102 18:32:18.556519 IO-0/EL  worker_manager.cpp:131] WorkerManager: Request new FuncWorker for func_id 1 with client_id 6
I1102 18:32:18.556531 IO-0/EL  worker_manager.cpp:131] WorkerManager: Request new FuncWorker for func_id 1 with client_id 7
I1102 18:32:18.556540 IO-0/EL  worker_manager.cpp:131] WorkerManager: Request new FuncWorker for func_id 1 with client_id 8
I1102 18:32:18.556552 IO-0/EL  worker_manager.cpp:131] WorkerManager: Request new FuncWorker for func_id 1 with client_id 9
I1102 18:32:18.556561 IO-0/EL  worker_manager.cpp:131] WorkerManager: Request new FuncWorker for func_id 1 with client_id 10
I1102 18:32:18.556572 IO-0/EL  worker_manager.cpp:131] WorkerManager: Request new FuncWorker for func_id 1 with client_id 11
I1102 18:32:18.556583 IO-0/EL  worker_manager.cpp:131] WorkerManager: Request new FuncWorker for func_id 1 with client_id 12
I1102 18:32:18.556595 IO-0/EL  worker_manager.cpp:131] WorkerManager: Request new FuncWorker for func_id 1 with client_id 13
I1102 18:32:18.556605 IO-0/EL  worker_manager.cpp:131] WorkerManager: Request new FuncWorker for func_id 1 with client_id 14
I1102 18:32:18.556614 IO-0/EL  worker_manager.cpp:131] WorkerManager: Request new FuncWorker for func_id 1 with client_id 15
I1102 18:32:18.556625 IO-0/EL  worker_manager.cpp:131] WorkerManager: Request new FuncWorker for func_id 1 with client_id 16
I1102 18:32:18.556635 IO-0/EL  worker_manager.cpp:131] WorkerManager: Request new FuncWorker for func_id 1 with client_id 17
I1102 18:32:18.556653 IO-0/EL  worker_manager.cpp:131] WorkerManager: Request new FuncWorker for func_id 1 with client_id 18
I1102 18:32:18.556662 IO-0/EL  worker_manager.cpp:131] WorkerManager: Request new FuncWorker for func_id 1 with client_id 19
I1102 18:32:18.556673 IO-0/EL  worker_manager.cpp:131] WorkerManager: Request new FuncWorker for func_id 1 with client_id 20
I1102 18:32:18.556684 IO-0/EL  worker_manager.cpp:131] WorkerManager: Request new FuncWorker for func_id 1 with client_id 21
I1102 18:32:18.556694 IO-0/EL  worker_manager.cpp:131] WorkerManager: Request new FuncWorker for func_id 1 with client_id 22
I1102 18:32:18.556704 IO-0/EL  worker_manager.cpp:131] WorkerManager: Request new FuncWorker for func_id 1 with client_id 23
I1102 18:32:18.556748 IO-0/EL  worker_manager.cpp:131] WorkerManager: Request new FuncWorker for func_id 1 with client_id 24
I1102 18:32:18.556759 IO-0/EL  worker_manager.cpp:131] WorkerManager: Request new FuncWorker for func_id 1 with client_id 25
I1102 18:32:18.556768 IO-0/EL  worker_manager.cpp:131] WorkerManager: Request new FuncWorker for func_id 1 with client_id 26
I1102 18:32:18.556778 IO-0/EL  worker_manager.cpp:131] WorkerManager: Request new FuncWorker for func_id 1 with client_id 27
I1102 18:32:18.556790 IO-0/EL  worker_manager.cpp:131] WorkerManager: Request new FuncWorker for func_id 1 with client_id 28
I1102 18:32:18.556800 IO-0/EL  worker_manager.cpp:131] WorkerManager: Request new FuncWorker for func_id 1 with client_id 29
I1102 18:32:18.556809 IO-0/EL  worker_manager.cpp:131] WorkerManager: Request new FuncWorker for func_id 1 with client_id 30
I1102 18:32:18.556820 IO-0/EL  worker_manager.cpp:131] WorkerManager: Request new FuncWorker for func_id 1 with client_id 31
I1102 18:32:18.556829 IO-0/EL  worker_manager.cpp:131] WorkerManager: Request new FuncWorker for func_id 1 with client_id 32
I1102 18:32:18.556838 IO-0/EL  worker_manager.cpp:131] WorkerManager: Request new FuncWorker for func_id 1 with client_id 33
I1102 18:32:18.556870 IO-0/EL  worker_manager.cpp:131] WorkerManager: Request new FuncWorker for func_id 1 with client_id 34
I1102 18:32:18.556880 IO-0/EL  worker_manager.cpp:131] WorkerManager: Request new FuncWorker for func_id 1 with client_id 35
I1102 18:32:18.556893 IO-0/EL  worker_manager.cpp:131] WorkerManager: Request new FuncWorker for func_id 1 with client_id 36
I1102 18:32:18.556904 IO-0/EL  worker_manager.cpp:131] WorkerManager: Request new FuncWorker for func_id 1 with client_id 37
I1102 18:32:18.556913 IO-0/EL  worker_manager.cpp:131] WorkerManager: Request new FuncWorker for func_id 1 with client_id 38
I1102 18:32:18.556923 IO-0/EL  worker_manager.cpp:131] WorkerManager: Request new FuncWorker for func_id 1 with client_id 39
I1102 18:32:18.556934 IO-0/EL  worker_manager.cpp:131] WorkerManager: Request new FuncWorker for func_id 1 with client_id 40
I1102 18:32:18.556943 IO-0/EL  worker_manager.cpp:131] WorkerManager: Request new FuncWorker for func_id 1 with client_id 41
I1102 18:32:18.556952 IO-0/EL  worker_manager.cpp:131] WorkerManager: Request new FuncWorker for func_id 1 with client_id 42
I1102 18:32:18.556963 IO-0/EL  worker_manager.cpp:131] WorkerManager: Request new FuncWorker for func_id 1 with client_id 43
I1102 18:32:18.556977 IO-0/EL  worker_manager.cpp:131] WorkerManager: Request new FuncWorker for func_id 1 with client_id 44
I1102 18:32:18.556987 IO-0/EL  worker_manager.cpp:131] WorkerManager: Request new FuncWorker for func_id 1 with client_id 45
I1102 18:32:18.556998 IO-0/EL  worker_manager.cpp:131] WorkerManager: Request new FuncWorker for func_id 1 with client_id 46
I1102 18:32:18.557007 IO-0/EL  worker_manager.cpp:131] WorkerManager: Request new FuncWorker for func_id 1 with client_id 47
I1102 18:32:18.557018 IO-0/EL  worker_manager.cpp:131] WorkerManager: Request new FuncWorker for func_id 1 with client_id 48
I1102 18:32:18.557028 IO-0/EL  worker_manager.cpp:131] WorkerManager: Request new FuncWorker for func_id 1 with client_id 49
I1102 18:32:18.557037 IO-0/EL  worker_manager.cpp:131] WorkerManager: Request new FuncWorker for func_id 1 with client_id 50
I1102 18:32:18.557048 IO-0/EL  worker_manager.cpp:131] WorkerManager: Request new FuncWorker for func_id 1 with client_id 51
I1102 18:32:18.557059 IO-0/EL  worker_manager.cpp:131] WorkerManager: Request new FuncWorker for func_id 1 with client_id 52
I1102 18:32:18.557068 IO-0/EL  worker_manager.cpp:131] WorkerManager: Request new FuncWorker for func_id 1 with client_id 53
I1102 18:32:18.557078 IO-0/EL  worker_manager.cpp:131] WorkerManager: Request new FuncWorker for func_id 1 with client_id 54
I1102 18:32:18.557088 IO-0/EL  worker_manager.cpp:131] WorkerManager: Request new FuncWorker for func_id 1 with client_id 55
I1102 18:32:18.557099 IO-0/EL  worker_manager.cpp:131] WorkerManager: Request new FuncWorker for func_id 1 with client_id 56
I1102 18:32:18.557115 IO-0/EL  worker_manager.cpp:131] WorkerManager: Request new FuncWorker for func_id 1 with client_id 57
I1102 18:32:18.557126 IO-0/EL  worker_manager.cpp:131] WorkerManager: Request new FuncWorker for func_id 1 with client_id 58
I1102 18:32:18.557135 IO-0/EL  worker_manager.cpp:131] WorkerManager: Request new FuncWorker for func_id 1 with client_id 59
I1102 18:32:18.557147 IO-0/EL  worker_manager.cpp:131] WorkerManager: Request new FuncWorker for func_id 1 with client_id 60
I1102 18:32:18.557158 IO-0/EL  worker_manager.cpp:131] WorkerManager: Request new FuncWorker for func_id 1 with client_id 61
I1102 18:32:18.557168 IO-0/EL  worker_manager.cpp:131] WorkerManager: Request new FuncWorker for func_id 1 with client_id 62
I1102 18:32:18.557177 IO-0/EL  worker_manager.cpp:131] WorkerManager: Request new FuncWorker for func_id 1 with client_id 63
I1102 18:32:18.557186 IO-0/EL  worker_manager.cpp:131] WorkerManager: Request new FuncWorker for func_id 1 with client_id 64
I1102 18:32:18.557196 IO-0/EL  worker_manager.cpp:131] WorkerManager: Request new FuncWorker for func_id 1 with client_id 65
I1102 18:32:18.557246 IO-0/EL  worker_manager.cpp:131] WorkerManager: Request new FuncWorker for func_id 1 with client_id 66
I1102 18:32:18.557257 IO-0/EL  worker_manager.cpp:131] WorkerManager: Request new FuncWorker for func_id 1 with client_id 67
I1102 18:32:18.557266 IO-0/EL  worker_manager.cpp:131] WorkerManager: Request new FuncWorker for func_id 1 with client_id 68
I1102 18:32:18.557279 IO-0/EL  worker_manager.cpp:131] WorkerManager: Request new FuncWorker for func_id 1 with client_id 69
I1102 18:32:18.557289 IO-0/EL  worker_manager.cpp:131] WorkerManager: Request new FuncWorker for func_id 1 with client_id 70
I1102 18:32:18.557298 IO-0/EL  worker_manager.cpp:131] WorkerManager: Request new FuncWorker for func_id 1 with client_id 71
I1102 18:32:18.557308 IO-0/EL  worker_manager.cpp:131] WorkerManager: Request new FuncWorker for func_id 1 with client_id 72
I1102 18:32:18.557320 IO-0/EL  worker_manager.cpp:131] WorkerManager: Request new FuncWorker for func_id 1 with client_id 73
I1102 18:32:18.557330 IO-0/EL  worker_manager.cpp:131] WorkerManager: Request new FuncWorker for func_id 1 with client_id 74
I1102 18:32:18.557339 IO-0/EL  worker_manager.cpp:131] WorkerManager: Request new FuncWorker for func_id 1 with client_id 75
I1102 18:32:18.557351 IO-0/EL  worker_manager.cpp:131] WorkerManager: Request new FuncWorker for func_id 1 with client_id 76
I1102 18:32:18.557362 IO-0/EL  worker_manager.cpp:131] WorkerManager: Request new FuncWorker for func_id 1 with client_id 77
I1102 18:32:18.557372 IO-0/EL  worker_manager.cpp:131] WorkerManager: Request new FuncWorker for func_id 1 with client_id 78
I1102 18:32:18.557381 IO-0/EL  worker_manager.cpp:131] WorkerManager: Request new FuncWorker for func_id 1 with client_id 79
I1102 18:32:18.557390 IO-0/EL  worker_manager.cpp:131] WorkerManager: Request new FuncWorker for func_id 1 with client_id 80
I1102 18:32:18.557403 IO-0/EL  worker_manager.cpp:131] WorkerManager: Request new FuncWorker for func_id 1 with client_id 81
I1102 18:32:18.557413 IO-0/EL  worker_manager.cpp:131] WorkerManager: Request new FuncWorker for func_id 1 with client_id 82
I1102 18:32:18.557423 IO-0/EL  worker_manager.cpp:131] WorkerManager: Request new FuncWorker for func_id 1 with client_id 83
I1102 18:32:18.557436 IO-0/EL  worker_manager.cpp:131] WorkerManager: Request new FuncWorker for func_id 1 with client_id 84
I1102 18:32:18.557447 IO-0/EL  worker_manager.cpp:131] WorkerManager: Request new FuncWorker for func_id 1 with client_id 85
I1102 18:32:18.557457 IO-0/EL  worker_manager.cpp:131] WorkerManager: Request new FuncWorker for func_id 1 with client_id 86
I1102 18:32:18.557466 IO-0/EL  worker_manager.cpp:131] WorkerManager: Request new FuncWorker for func_id 1 with client_id 87
I1102 18:32:18.557477 IO-0/EL  worker_manager.cpp:131] WorkerManager: Request new FuncWorker for func_id 1 with client_id 88
I1102 18:32:18.557494 IO-0/EL  worker_manager.cpp:131] WorkerManager: Request new FuncWorker for func_id 1 with client_id 89
I1102 18:32:18.557505 IO-0/EL  worker_manager.cpp:131] WorkerManager: Request new FuncWorker for func_id 1 with client_id 90
I1102 18:32:18.557516 IO-0/EL  worker_manager.cpp:131] WorkerManager: Request new FuncWorker for func_id 1 with client_id 91
I1102 18:32:18.557525 IO-0/EL  worker_manager.cpp:131] WorkerManager: Request new FuncWorker for func_id 1 with client_id 92
I1102 18:32:18.557538 IO-0/EL  worker_manager.cpp:131] WorkerManager: Request new FuncWorker for func_id 1 with client_id 93
I1102 18:32:18.557548 IO-0/EL  worker_manager.cpp:131] WorkerManager: Request new FuncWorker for func_id 1 with client_id 94
I1102 18:32:18.557557 IO-0/EL  worker_manager.cpp:131] WorkerManager: Request new FuncWorker for func_id 1 with client_id 95
I1102 18:32:18.557569 IO-0/EL  worker_manager.cpp:131] WorkerManager: Request new FuncWorker for func_id 1 with client_id 96
I1102 18:32:18.557581 IO-0/EL  worker_manager.cpp:131] WorkerManager: Request new FuncWorker for func_id 1 with client_id 97
I1102 18:32:18.557590 IO-0/EL  worker_manager.cpp:131] WorkerManager: Request new FuncWorker for func_id 1 with client_id 98
I1102 18:32:18.557602 IO-0/EL  worker_manager.cpp:131] WorkerManager: Request new FuncWorker for func_id 1 with client_id 99
I1102 18:32:18.557612 IO-0/EL  worker_manager.cpp:131] WorkerManager: Request new FuncWorker for func_id 1 with client_id 100
I1102 18:32:18.557624 IO-0/EL  worker_manager.cpp:131] WorkerManager: Request new FuncWorker for func_id 1 with client_id 101
I1102 18:32:18.557634 IO-0/EL  worker_manager.cpp:131] WorkerManager: Request new FuncWorker for func_id 1 with client_id 102
I1102 18:32:18.557645 IO-0/EL  worker_manager.cpp:131] WorkerManager: Request new FuncWorker for func_id 1 with client_id 103
I1102 18:32:18.557654 IO-0/EL  worker_manager.cpp:131] WorkerManager: Request new FuncWorker for func_id 1 with client_id 104
I1102 18:32:18.557666 IO-0/EL  worker_manager.cpp:131] WorkerManager: Request new FuncWorker for func_id 1 with client_id 105
I1102 18:32:18.557677 IO-0/EL  worker_manager.cpp:131] WorkerManager: Request new FuncWorker for func_id 1 with client_id 106
I1102 18:32:18.557688 IO-0/EL  worker_manager.cpp:131] WorkerManager: Request new FuncWorker for func_id 1 with client_id 107
I1102 18:32:18.557698 IO-0/EL  worker_manager.cpp:131] WorkerManager: Request new FuncWorker for func_id 1 with client_id 108
I1102 18:32:18.557714 IO-0/EL  worker_manager.cpp:131] WorkerManager: Request new FuncWorker for func_id 1 with client_id 109
I1102 18:32:18.557724 IO-0/EL  worker_manager.cpp:131] WorkerManager: Request new FuncWorker for func_id 1 with client_id 110
I1102 18:32:18.557735 IO-0/EL  worker_manager.cpp:131] WorkerManager: Request new FuncWorker for func_id 1 with client_id 111
I1102 18:32:18.557744 IO-0/EL  worker_manager.cpp:131] WorkerManager: Request new FuncWorker for func_id 1 with client_id 112
I1102 18:32:18.557755 IO-0/EL  worker_manager.cpp:131] WorkerManager: Request new FuncWorker for func_id 1 with client_id 113
I1102 18:32:18.557766 IO-0/EL  worker_manager.cpp:131] WorkerManager: Request new FuncWorker for func_id 1 with client_id 114
I1102 18:32:18.557776 IO-0/EL  worker_manager.cpp:131] WorkerManager: Request new FuncWorker for func_id 1 with client_id 115
I1102 18:32:18.557785 IO-0/EL  worker_manager.cpp:131] WorkerManager: Request new FuncWorker for func_id 1 with client_id 116
I1102 18:32:18.557797 IO-0/EL  worker_manager.cpp:131] WorkerManager: Request new FuncWorker for func_id 1 with client_id 117
I1102 18:32:18.557808 IO-0/EL  worker_manager.cpp:131] WorkerManager: Request new FuncWorker for func_id 1 with client_id 118
I1102 18:32:18.557818 IO-0/EL  worker_manager.cpp:131] WorkerManager: Request new FuncWorker for func_id 1 with client_id 119
I1102 18:32:18.557828 IO-0/EL  worker_manager.cpp:131] WorkerManager: Request new FuncWorker for func_id 1 with client_id 120
I1102 18:32:18.557843 IO-0/EL  worker_manager.cpp:131] WorkerManager: Request new FuncWorker for func_id 1 with client_id 121
I1102 18:32:18.557857 IO-0/EL  worker_manager.cpp:131] WorkerManager: Request new FuncWorker for func_id 1 with client_id 122
I1102 18:32:18.557867 IO-0/EL  worker_manager.cpp:131] WorkerManager: Request new FuncWorker for func_id 1 with client_id 123
I1102 18:32:18.557876 IO-0/EL  worker_manager.cpp:131] WorkerManager: Request new FuncWorker for func_id 1 with client_id 124
I1102 18:32:18.557887 IO-0/EL  worker_manager.cpp:131] WorkerManager: Request new FuncWorker for func_id 1 with client_id 125
I1102 18:32:18.557899 IO-0/EL  worker_manager.cpp:131] WorkerManager: Request new FuncWorker for func_id 1 with client_id 126
I1102 18:32:18.557909 IO-0/EL  worker_manager.cpp:131] WorkerManager: Request new FuncWorker for func_id 1 with client_id 127
I1102 18:32:18.557918 IO-0/EL  worker_manager.cpp:131] WorkerManager: Request new FuncWorker for func_id 1 with client_id 128
I1102 18:32:18.557931 IO-0/EL  worker_manager.cpp:131] WorkerManager: Request new FuncWorker for func_id 1 with client_id 129
I1102 18:32:18.558030 IO-0/EL  worker_manager.cpp:131] WorkerManager: Request new FuncWorker for func_id 1 with client_id 130
I1102 18:32:18.558043 IO-0/EL  worker_manager.cpp:131] WorkerManager: Request new FuncWorker for func_id 1 with client_id 131
I1102 18:32:18.558053 IO-0/EL  worker_manager.cpp:131] WorkerManager: Request new FuncWorker for func_id 1 with client_id 132
I1102 18:32:18.558066 IO-0/EL  worker_manager.cpp:131] WorkerManager: Request new FuncWorker for func_id 1 with client_id 133
I1102 18:32:18.558076 IO-0/EL  worker_manager.cpp:131] WorkerManager: Request new FuncWorker for func_id 1 with client_id 134
I1102 18:32:18.558085 IO-0/EL  worker_manager.cpp:131] WorkerManager: Request new FuncWorker for func_id 1 with client_id 135
I1102 18:32:18.558096 IO-0/EL  worker_manager.cpp:131] WorkerManager: Request new FuncWorker for func_id 1 with client_id 136
I1102 18:32:18.558108 IO-0/EL  worker_manager.cpp:131] WorkerManager: Request new FuncWorker for func_id 1 with client_id 137
I1102 18:32:18.558117 IO-0/EL  worker_manager.cpp:131] WorkerManager: Request new FuncWorker for func_id 1 with client_id 138
I1102 18:32:18.558127 IO-0/EL  worker_manager.cpp:131] WorkerManager: Request new FuncWorker for func_id 1 with client_id 139
I1102 18:32:18.558136 IO-0/EL  worker_manager.cpp:131] WorkerManager: Request new FuncWorker for func_id 1 with client_id 140
I1102 18:32:18.558149 IO-0/EL  worker_manager.cpp:131] WorkerManager: Request new FuncWorker for func_id 1 with client_id 141
I1102 18:32:18.558159 IO-0/EL  worker_manager.cpp:131] WorkerManager: Request new FuncWorker for func_id 1 with client_id 142
I1102 18:32:18.558168 IO-0/EL  worker_manager.cpp:131] WorkerManager: Request new FuncWorker for func_id 1 with client_id 143
I1102 18:32:18.558180 IO-0/EL  worker_manager.cpp:131] WorkerManager: Request new FuncWorker for func_id 1 with client_id 144
I1102 18:32:18.558192 IO-0/EL  worker_manager.cpp:131] WorkerManager: Request new FuncWorker for func_id 1 with client_id 145
I1102 18:32:18.558202 IO-0/EL  worker_manager.cpp:131] WorkerManager: Request new FuncWorker for func_id 1 with client_id 146
I1102 18:32:18.558212 IO-0/EL  worker_manager.cpp:131] WorkerManager: Request new FuncWorker for func_id 1 with client_id 147
I1102 18:32:18.558223 IO-0/EL  worker_manager.cpp:131] WorkerManager: Request new FuncWorker for func_id 1 with client_id 148
I1102 18:32:18.558234 IO-0/EL  worker_manager.cpp:131] WorkerManager: Request new FuncWorker for func_id 1 with client_id 149
I1102 18:32:18.558244 IO-0/EL  worker_manager.cpp:131] WorkerManager: Request new FuncWorker for func_id 1 with client_id 150
I1102 18:32:18.558254 IO-0/EL  worker_manager.cpp:131] WorkerManager: Request new FuncWorker for func_id 1 with client_id 151
I1102 18:32:18.558264 IO-0/EL  worker_manager.cpp:131] WorkerManager: Request new FuncWorker for func_id 1 with client_id 152
I1102 18:32:18.558275 IO-0/EL  worker_manager.cpp:131] WorkerManager: Request new FuncWorker for func_id 1 with client_id 153
I1102 18:32:18.558289 IO-0/EL  worker_manager.cpp:131] WorkerManager: Request new FuncWorker for func_id 1 with client_id 154
I1102 18:32:18.558299 IO-0/EL  worker_manager.cpp:131] WorkerManager: Request new FuncWorker for func_id 1 with client_id 155
I1102 18:32:18.558310 IO-0/EL  worker_manager.cpp:131] WorkerManager: Request new FuncWorker for func_id 1 with client_id 156
I1102 18:32:18.558321 IO-0/EL  worker_manager.cpp:131] WorkerManager: Request new FuncWorker for func_id 1 with client_id 157
I1102 18:32:18.558331 IO-0/EL  worker_manager.cpp:131] WorkerManager: Request new FuncWorker for func_id 1 with client_id 158
I1102 18:32:18.558341 IO-0/EL  worker_manager.cpp:131] WorkerManager: Request new FuncWorker for func_id 1 with client_id 159
I1102 18:32:18.558351 IO-0/EL  worker_manager.cpp:131] WorkerManager: Request new FuncWorker for func_id 1 with client_id 160
I1102 18:32:18.558362 IO-0/EL  worker_manager.cpp:131] WorkerManager: Request new FuncWorker for func_id 1 with client_id 161
I1102 18:32:18.558371 IO-0/EL  worker_manager.cpp:131] WorkerManager: Request new FuncWorker for func_id 1 with client_id 162
I1102 18:32:18.558383 IO-0/EL  worker_manager.cpp:131] WorkerManager: Request new FuncWorker for func_id 1 with client_id 163
I1102 18:32:18.558392 IO-0/EL  worker_manager.cpp:131] WorkerManager: Request new FuncWorker for func_id 1 with client_id 164
I1102 18:32:18.558403 IO-0/EL  worker_manager.cpp:131] WorkerManager: Request new FuncWorker for func_id 1 with client_id 165
I1102 18:32:18.558415 IO-0/EL  worker_manager.cpp:131] WorkerManager: Request new FuncWorker for func_id 1 with client_id 166
I1102 18:32:18.558424 IO-0/EL  worker_manager.cpp:131] WorkerManager: Request new FuncWorker for func_id 1 with client_id 167
I1102 18:32:18.558434 IO-0/EL  worker_manager.cpp:131] WorkerManager: Request new FuncWorker for func_id 1 with client_id 168
I1102 18:32:18.558445 IO-0/EL  worker_manager.cpp:131] WorkerManager: Request new FuncWorker for func_id 1 with client_id 169
I1102 18:32:18.558455 IO-0/EL  worker_manager.cpp:131] WorkerManager: Request new FuncWorker for func_id 1 with client_id 170
I1102 18:32:18.558466 IO-0/EL  worker_manager.cpp:131] WorkerManager: Request new FuncWorker for func_id 1 with client_id 171
I1102 18:32:18.558475 IO-0/EL  worker_manager.cpp:131] WorkerManager: Request new FuncWorker for func_id 1 with client_id 172
I1102 18:32:18.558487 IO-0/EL  worker_manager.cpp:131] WorkerManager: Request new FuncWorker for func_id 1 with client_id 173
I1102 18:32:18.558498 IO-0/EL  worker_manager.cpp:131] WorkerManager: Request new FuncWorker for func_id 1 with client_id 174
I1102 18:32:18.558508 IO-0/EL  worker_manager.cpp:131] WorkerManager: Request new FuncWorker for func_id 1 with client_id 175
I1102 18:32:18.558518 IO-0/EL  worker_manager.cpp:131] WorkerManager: Request new FuncWorker for func_id 1 with client_id 176
I1102 18:32:18.558529 IO-0/EL  worker_manager.cpp:131] WorkerManager: Request new FuncWorker for func_id 1 with client_id 177
I1102 18:32:18.558541 IO-0/EL  worker_manager.cpp:131] WorkerManager: Request new FuncWorker for func_id 1 with client_id 178
I1102 18:32:18.558550 IO-0/EL  worker_manager.cpp:131] WorkerManager: Request new FuncWorker for func_id 1 with client_id 179
I1102 18:32:18.558561 IO-0/EL  worker_manager.cpp:131] WorkerManager: Request new FuncWorker for func_id 1 with client_id 180
I1102 18:32:18.558573 IO-0/EL  worker_manager.cpp:131] WorkerManager: Request new FuncWorker for func_id 1 with client_id 181
I1102 18:32:18.558583 IO-0/EL  worker_manager.cpp:131] WorkerManager: Request new FuncWorker for func_id 1 with client_id 182
I1102 18:32:18.558593 IO-0/EL  worker_manager.cpp:131] WorkerManager: Request new FuncWorker for func_id 1 with client_id 183
I1102 18:32:18.558602 IO-0/EL  worker_manager.cpp:131] WorkerManager: Request new FuncWorker for func_id 1 with client_id 184
I1102 18:32:18.558614 IO-0/EL  worker_manager.cpp:131] WorkerManager: Request new FuncWorker for func_id 1 with client_id 185
I1102 18:32:18.558626 IO-0/EL  worker_manager.cpp:131] WorkerManager: Request new FuncWorker for func_id 1 with client_id 186
I1102 18:32:18.558640 IO-0/EL  worker_manager.cpp:131] WorkerManager: Request new FuncWorker for func_id 1 with client_id 187
I1102 18:32:18.558649 IO-0/EL  worker_manager.cpp:131] WorkerManager: Request new FuncWorker for func_id 1 with client_id 188
I1102 18:32:18.558663 IO-0/EL  worker_manager.cpp:131] WorkerManager: Request new FuncWorker for func_id 1 with client_id 189
I1102 18:32:18.558673 IO-0/EL  worker_manager.cpp:131] WorkerManager: Request new FuncWorker for func_id 1 with client_id 190
I1102 18:32:18.558683 IO-0/EL  worker_manager.cpp:131] WorkerManager: Request new FuncWorker for func_id 1 with client_id 191
I1102 18:32:18.558693 IO-0/EL  worker_manager.cpp:131] WorkerManager: Request new FuncWorker for func_id 1 with client_id 192
I1102 18:32:18.558706 IO-0/EL  worker_manager.cpp:131] WorkerManager: Request new FuncWorker for func_id 1 with client_id 193
I1102 18:32:18.558720 IO-0/EL  worker_manager.cpp:131] WorkerManager: Request new FuncWorker for func_id 1 with client_id 194
I1102 18:32:18.558731 IO-0/EL  worker_manager.cpp:131] WorkerManager: Request new FuncWorker for func_id 1 with client_id 195
I1102 18:32:18.558742 IO-0/EL  worker_manager.cpp:131] WorkerManager: Request new FuncWorker for func_id 1 with client_id 196
I1102 18:32:18.558754 IO-0/EL  worker_manager.cpp:131] WorkerManager: Request new FuncWorker for func_id 1 with client_id 197
I1102 18:32:18.558764 IO-0/EL  worker_manager.cpp:131] WorkerManager: Request new FuncWorker for func_id 1 with client_id 198
I1102 18:32:18.558774 IO-0/EL  worker_manager.cpp:131] WorkerManager: Request new FuncWorker for func_id 1 with client_id 199
I1102 18:32:18.558784 IO-0/EL  worker_manager.cpp:131] WorkerManager: Request new FuncWorker for func_id 1 with client_id 200
I1102 18:32:18.558797 IO-0/EL  worker_manager.cpp:131] WorkerManager: Request new FuncWorker for func_id 1 with client_id 201
I1102 18:32:18.558807 IO-0/EL  worker_manager.cpp:131] WorkerManager: Request new FuncWorker for func_id 1 with client_id 202
I1102 18:32:18.558817 IO-0/EL  worker_manager.cpp:131] WorkerManager: Request new FuncWorker for func_id 1 with client_id 203
I1102 18:32:18.558830 IO-0/EL  worker_manager.cpp:131] WorkerManager: Request new FuncWorker for func_id 1 with client_id 204
I1102 18:32:18.558842 IO-0/EL  worker_manager.cpp:131] WorkerManager: Request new FuncWorker for func_id 1 with client_id 205
I1102 18:32:18.558852 IO-0/EL  worker_manager.cpp:131] WorkerManager: Request new FuncWorker for func_id 1 with client_id 206
I1102 18:32:18.558861 IO-0/EL  worker_manager.cpp:131] WorkerManager: Request new FuncWorker for func_id 1 with client_id 207
I1102 18:32:18.558872 IO-0/EL  worker_manager.cpp:131] WorkerManager: Request new FuncWorker for func_id 1 with client_id 208
I1102 18:32:18.558884 IO-0/EL  worker_manager.cpp:131] WorkerManager: Request new FuncWorker for func_id 1 with client_id 209
I1102 18:32:18.558894 IO-0/EL  worker_manager.cpp:131] WorkerManager: Request new FuncWorker for func_id 1 with client_id 210
I1102 18:32:18.558906 IO-0/EL  worker_manager.cpp:131] WorkerManager: Request new FuncWorker for func_id 1 with client_id 211
I1102 18:32:18.558915 IO-0/EL  worker_manager.cpp:131] WorkerManager: Request new FuncWorker for func_id 1 with client_id 212
I1102 18:32:18.558927 IO-0/EL  worker_manager.cpp:131] WorkerManager: Request new FuncWorker for func_id 1 with client_id 213
I1102 18:32:18.558937 IO-0/EL  worker_manager.cpp:131] WorkerManager: Request new FuncWorker for func_id 1 with client_id 214
I1102 18:32:18.558947 IO-0/EL  worker_manager.cpp:131] WorkerManager: Request new FuncWorker for func_id 1 with client_id 215
I1102 18:32:18.558959 IO-0/EL  worker_manager.cpp:131] WorkerManager: Request new FuncWorker for func_id 1 with client_id 216
I1102 18:32:18.558970 IO-0/EL  worker_manager.cpp:131] WorkerManager: Request new FuncWorker for func_id 1 with client_id 217
I1102 18:32:18.558981 IO-0/EL  worker_manager.cpp:131] WorkerManager: Request new FuncWorker for func_id 1 with client_id 218
I1102 18:32:18.558997 IO-0/EL  worker_manager.cpp:131] WorkerManager: Request new FuncWorker for func_id 1 with client_id 219
I1102 18:32:18.559006 IO-0/EL  worker_manager.cpp:131] WorkerManager: Request new FuncWorker for func_id 1 with client_id 220
I1102 18:32:18.559018 IO-0/EL  worker_manager.cpp:131] WorkerManager: Request new FuncWorker for func_id 1 with client_id 221
I1102 18:32:18.559027 IO-0/EL  worker_manager.cpp:131] WorkerManager: Request new FuncWorker for func_id 1 with client_id 222
I1102 18:32:18.559039 IO-0/EL  worker_manager.cpp:131] WorkerManager: Request new FuncWorker for func_id 1 with client_id 223
I1102 18:32:18.559049 IO-0/EL  worker_manager.cpp:131] WorkerManager: Request new FuncWorker for func_id 1 with client_id 224
I1102 18:32:18.559060 IO-0/EL  worker_manager.cpp:131] WorkerManager: Request new FuncWorker for func_id 1 with client_id 225
I1102 18:32:18.559071 IO-0/EL  worker_manager.cpp:131] WorkerManager: Request new FuncWorker for func_id 1 with client_id 226
I1102 18:32:18.559082 IO-0/EL  worker_manager.cpp:131] WorkerManager: Request new FuncWorker for func_id 1 with client_id 227
I1102 18:32:18.559092 IO-0/EL  worker_manager.cpp:131] WorkerManager: Request new FuncWorker for func_id 1 with client_id 228
I1102 18:32:18.559104 IO-0/EL  worker_manager.cpp:131] WorkerManager: Request new FuncWorker for func_id 1 with client_id 229
I1102 18:32:18.559113 IO-0/EL  worker_manager.cpp:131] WorkerManager: Request new FuncWorker for func_id 1 with client_id 230
I1102 18:32:18.559125 IO-0/EL  worker_manager.cpp:131] WorkerManager: Request new FuncWorker for func_id 1 with client_id 231
I1102 18:32:18.559134 IO-0/EL  worker_manager.cpp:131] WorkerManager: Request new FuncWorker for func_id 1 with client_id 232
I1102 18:32:18.559145 IO-0/EL  worker_manager.cpp:131] WorkerManager: Request new FuncWorker for func_id 1 with client_id 233
I1102 18:32:18.559156 IO-0/EL  worker_manager.cpp:131] WorkerManager: Request new FuncWorker for func_id 1 with client_id 234
I1102 18:32:18.559172 IO-0/EL  worker_manager.cpp:131] WorkerManager: Request new FuncWorker for func_id 1 with client_id 235
I1102 18:32:18.559181 IO-0/EL  worker_manager.cpp:131] WorkerManager: Request new FuncWorker for func_id 1 with client_id 236
I1102 18:32:18.559194 IO-0/EL  worker_manager.cpp:131] WorkerManager: Request new FuncWorker for func_id 1 with client_id 237
I1102 18:32:18.559205 IO-0/EL  worker_manager.cpp:131] WorkerManager: Request new FuncWorker for func_id 1 with client_id 238
I1102 18:32:18.559215 IO-0/EL  worker_manager.cpp:131] WorkerManager: Request new FuncWorker for func_id 1 with client_id 239
I1102 18:32:18.559225 IO-0/EL  worker_manager.cpp:131] WorkerManager: Request new FuncWorker for func_id 1 with client_id 240
I1102 18:32:18.559238 IO-0/EL  worker_manager.cpp:131] WorkerManager: Request new FuncWorker for func_id 1 with client_id 241
I1102 18:32:18.559248 IO-0/EL  worker_manager.cpp:131] WorkerManager: Request new FuncWorker for func_id 1 with client_id 242
I1102 18:32:18.559257 IO-0/EL  worker_manager.cpp:131] WorkerManager: Request new FuncWorker for func_id 1 with client_id 243
I1102 18:32:18.559266 IO-0/EL  worker_manager.cpp:131] WorkerManager: Request new FuncWorker for func_id 1 with client_id 244
I1102 18:32:18.559277 IO-0/EL  worker_manager.cpp:131] WorkerManager: Request new FuncWorker for func_id 1 with client_id 245
I1102 18:32:18.559289 IO-0/EL  worker_manager.cpp:131] WorkerManager: Request new FuncWorker for func_id 1 with client_id 246
I1102 18:32:18.559298 IO-0/EL  worker_manager.cpp:131] WorkerManager: Request new FuncWorker for func_id 1 with client_id 247
I1102 18:32:18.559307 IO-0/EL  worker_manager.cpp:131] WorkerManager: Request new FuncWorker for func_id 1 with client_id 248
I1102 18:32:18.559319 IO-0/EL  worker_manager.cpp:131] WorkerManager: Request new FuncWorker for func_id 1 with client_id 249
I1102 18:32:18.559329 IO-0/EL  worker_manager.cpp:131] WorkerManager: Request new FuncWorker for func_id 1 with client_id 250
I1102 18:32:18.559338 IO-0/EL  worker_manager.cpp:131] WorkerManager: Request new FuncWorker for func_id 1 with client_id 251
I1102 18:32:18.559352 IO-0/EL  worker_manager.cpp:131] WorkerManager: Request new FuncWorker for func_id 1 with client_id 252
I1102 18:32:18.559366 IO-0/EL  worker_manager.cpp:131] WorkerManager: Request new FuncWorker for func_id 1 with client_id 253
I1102 18:32:18.559376 IO-0/EL  worker_manager.cpp:131] WorkerManager: Request new FuncWorker for func_id 1 with client_id 254
I1102 18:32:18.559390 IO-0/EL  worker_manager.cpp:131] WorkerManager: Request new FuncWorker for func_id 1 with client_id 255
I1102 18:32:18.559401 IO-0/EL  worker_manager.cpp:131] WorkerManager: Request new FuncWorker for func_id 1 with client_id 256
I1102 18:32:18.559576 IO-0/EL  buffer_pool.h:25] BufferPool[IO-0_Write]: Allocate new buffer, current buffer count is 1
I1102 18:32:18.559609 IO-0/EL  buffer_pool.h:25] BufferPool[IO-0_Write]: Allocate new buffer, current buffer count is 2
I1102 18:32:18.559642 IO-0/EL  buffer_pool.h:25] BufferPool[IO-0_Write]: Allocate new buffer, current buffer count is 3
I1102 18:32:18.559685 IO-0/EL  buffer_pool.h:25] BufferPool[IO-0_Write]: Allocate new buffer, current buffer count is 4
I1102 18:32:18.559731 IO-0/EL  message_connection.cpp:269] LauncherConnection[1]: Handshake done
I1102 18:32:18.563856 Server/E engine.cpp:674] Engine: New message connection
I1102 18:32:18.563920 IO-0/EL  engine.cpp:277] Engine: Receive new handshake message from message connection
I1102 18:32:18.563927 IO-0/EL  worker_manager.cpp:60] WorkerManager: FuncWorker of func_id 1, client_id 1 connected
I1102 18:32:18.563938 IO-0/EL  dispatcher.cpp:47] Dispatcher[1]: min_workers=256
I1102 18:32:18.563943 IO-0/EL  dispatcher.cpp:51] Dispatcher[1]: max_workers=256
I1102 18:32:18.563964 IO-0/EL  message_connection.cpp:269] FuncWorkerConnection[1-1]: Handshake done
I1102 18:32:18.564655 Server/E engine.cpp:674] Engine: New message connection
I1102 18:32:18.564682 IO-0/EL  engine.cpp:277] Engine: Receive new handshake message from message connection
I1102 18:32:18.564687 IO-0/EL  worker_manager.cpp:60] WorkerManager: FuncWorker of func_id 1, client_id 2 connected
I1102 18:32:18.564702 IO-0/EL  message_connection.cpp:269] FuncWorkerConnection[1-2]: Handshake done
I1102 18:32:18.565892 Server/E engine.cpp:674] Engine: New message connection
I1102 18:32:18.565919 IO-0/EL  engine.cpp:277] Engine: Receive new handshake message from message connection
I1102 18:32:18.565925 IO-0/EL  worker_manager.cpp:60] WorkerManager: FuncWorker of func_id 1, client_id 3 connected
I1102 18:32:18.565938 IO-0/EL  message_connection.cpp:269] FuncWorkerConnection[1-3]: Handshake done
I1102 18:32:18.566794 Server/E engine.cpp:674] Engine: New message connection
I1102 18:32:18.566824 IO-0/EL  engine.cpp:277] Engine: Receive new handshake message from message connection
I1102 18:32:18.566829 IO-0/EL  worker_manager.cpp:60] WorkerManager: FuncWorker of func_id 1, client_id 4 connected
I1102 18:32:18.566843 IO-0/EL  message_connection.cpp:269] FuncWorkerConnection[1-4]: Handshake done
I1102 18:32:18.567690 Server/E engine.cpp:674] Engine: New message connection
I1102 18:32:18.567716 IO-0/EL  engine.cpp:277] Engine: Receive new handshake message from message connection
I1102 18:32:18.567721 IO-0/EL  worker_manager.cpp:60] WorkerManager: FuncWorker of func_id 1, client_id 5 connected
I1102 18:32:18.567735 IO-0/EL  message_connection.cpp:269] FuncWorkerConnection[1-5]: Handshake done
I1102 18:32:18.568636 Server/E engine.cpp:674] Engine: New message connection
I1102 18:32:18.568673 IO-0/EL  engine.cpp:277] Engine: Receive new handshake message from message connection
I1102 18:32:18.568678 IO-0/EL  worker_manager.cpp:60] WorkerManager: FuncWorker of func_id 1, client_id 6 connected
I1102 18:32:18.568692 IO-0/EL  message_connection.cpp:269] FuncWorkerConnection[1-6]: Handshake done
I1102 18:32:18.569082 Server/E engine.cpp:674] Engine: New message connection
I1102 18:32:18.569107 IO-0/EL  engine.cpp:277] Engine: Receive new handshake message from message connection
I1102 18:32:18.569112 IO-0/EL  worker_manager.cpp:60] WorkerManager: FuncWorker of func_id 1, client_id 7 connected
I1102 18:32:18.569144 IO-0/EL  message_connection.cpp:269] FuncWorkerConnection[1-7]: Handshake done
I1102 18:32:18.571308 Server/E engine.cpp:674] Engine: New message connection
I1102 18:32:18.571347 IO-0/EL  engine.cpp:277] Engine: Receive new handshake message from message connection
I1102 18:32:18.571353 IO-0/EL  worker_manager.cpp:60] WorkerManager: FuncWorker of func_id 1, client_id 9 connected
I1102 18:32:18.571367 IO-0/EL  message_connection.cpp:269] FuncWorkerConnection[1-9]: Handshake done
I1102 18:32:18.571472 Server/E engine.cpp:674] Engine: New message connection
I1102 18:32:18.571500 IO-0/EL  engine.cpp:277] Engine: Receive new handshake message from message connection
I1102 18:32:18.571505 IO-0/EL  worker_manager.cpp:60] WorkerManager: FuncWorker of func_id 1, client_id 8 connected
I1102 18:32:18.571518 IO-0/EL  message_connection.cpp:269] FuncWorkerConnection[1-8]: Handshake done
I1102 18:32:18.572635 Server/E engine.cpp:674] Engine: New message connection
I1102 18:32:18.572684 IO-0/EL  engine.cpp:277] Engine: Receive new handshake message from message connection
I1102 18:32:18.572689 IO-0/EL  worker_manager.cpp:60] WorkerManager: FuncWorker of func_id 1, client_id 12 connected
I1102 18:32:18.572703 IO-0/EL  message_connection.cpp:269] FuncWorkerConnection[1-12]: Handshake done
I1102 18:32:18.572774 Server/E engine.cpp:674] Engine: New message connection
I1102 18:32:18.572828 IO-0/EL  engine.cpp:277] Engine: Receive new handshake message from message connection
I1102 18:32:18.572833 IO-0/EL  worker_manager.cpp:60] WorkerManager: FuncWorker of func_id 1, client_id 10 connected
I1102 18:32:18.572846 IO-0/EL  message_connection.cpp:269] FuncWorkerConnection[1-10]: Handshake done
I1102 18:32:18.572859 Server/E engine.cpp:674] Engine: New message connection
I1102 18:32:18.572905 IO-0/EL  engine.cpp:277] Engine: Receive new handshake message from message connection
I1102 18:32:18.572910 IO-0/EL  worker_manager.cpp:60] WorkerManager: FuncWorker of func_id 1, client_id 11 connected
I1102 18:32:18.572923 IO-0/EL  message_connection.cpp:269] FuncWorkerConnection[1-11]: Handshake done
I1102 18:32:18.573429 Server/E engine.cpp:674] Engine: New message connection
I1102 18:32:18.573474 IO-0/EL  engine.cpp:277] Engine: Receive new handshake message from message connection
I1102 18:32:18.573479 IO-0/EL  worker_manager.cpp:60] WorkerManager: FuncWorker of func_id 1, client_id 13 connected
I1102 18:32:18.573492 IO-0/EL  message_connection.cpp:269] FuncWorkerConnection[1-13]: Handshake done
I1102 18:32:18.573931 Server/E engine.cpp:674] Engine: New message connection
I1102 18:32:18.573982 IO-0/EL  engine.cpp:277] Engine: Receive new handshake message from message connection
I1102 18:32:18.573987 IO-0/EL  worker_manager.cpp:60] WorkerManager: FuncWorker of func_id 1, client_id 14 connected
I1102 18:32:18.574005 IO-0/EL  message_connection.cpp:269] FuncWorkerConnection[1-14]: Handshake done
I1102 18:32:18.574436 Server/E engine.cpp:674] Engine: New message connection
I1102 18:32:18.574470 IO-0/EL  engine.cpp:277] Engine: Receive new handshake message from message connection
I1102 18:32:18.574474 IO-0/EL  worker_manager.cpp:60] WorkerManager: FuncWorker of func_id 1, client_id 15 connected
I1102 18:32:18.574491 IO-0/EL  message_connection.cpp:269] FuncWorkerConnection[1-15]: Handshake done
I1102 18:32:18.574878 Server/E engine.cpp:674] Engine: New message connection
I1102 18:32:18.574902 IO-0/EL  engine.cpp:277] Engine: Receive new handshake message from message connection
I1102 18:32:18.574906 IO-0/EL  worker_manager.cpp:60] WorkerManager: FuncWorker of func_id 1, client_id 16 connected
I1102 18:32:18.574920 IO-0/EL  message_connection.cpp:269] FuncWorkerConnection[1-16]: Handshake done
I1102 18:32:18.575247 Server/E engine.cpp:674] Engine: New message connection
I1102 18:32:18.575273 IO-0/EL  engine.cpp:277] Engine: Receive new handshake message from message connection
I1102 18:32:18.575278 IO-0/EL  worker_manager.cpp:60] WorkerManager: FuncWorker of func_id 1, client_id 17 connected
I1102 18:32:18.575298 IO-0/EL  message_connection.cpp:269] FuncWorkerConnection[1-17]: Handshake done
I1102 18:32:18.576426 Server/E engine.cpp:674] Engine: New message connection
I1102 18:32:18.576451 IO-0/EL  engine.cpp:277] Engine: Receive new handshake message from message connection
I1102 18:32:18.576456 IO-0/EL  worker_manager.cpp:60] WorkerManager: FuncWorker of func_id 1, client_id 18 connected
I1102 18:32:18.576469 IO-0/EL  message_connection.cpp:269] FuncWorkerConnection[1-18]: Handshake done
I1102 18:32:18.577363 Server/E engine.cpp:674] Engine: New message connection
I1102 18:32:18.577407 IO-0/EL  engine.cpp:277] Engine: Receive new handshake message from message connection
I1102 18:32:18.577413 IO-0/EL  worker_manager.cpp:60] WorkerManager: FuncWorker of func_id 1, client_id 19 connected
I1102 18:32:18.577426 IO-0/EL  message_connection.cpp:269] FuncWorkerConnection[1-19]: Handshake done
I1102 18:32:18.577593 Server/E engine.cpp:674] Engine: New message connection
I1102 18:32:18.577616 IO-0/EL  engine.cpp:277] Engine: Receive new handshake message from message connection
I1102 18:32:18.577621 IO-0/EL  worker_manager.cpp:60] WorkerManager: FuncWorker of func_id 1, client_id 20 connected
I1102 18:32:18.577634 IO-0/EL  message_connection.cpp:269] FuncWorkerConnection[1-20]: Handshake done
I1102 18:32:18.578094 Server/E engine.cpp:674] Engine: New message connection
I1102 18:32:18.578167 IO-0/EL  engine.cpp:277] Engine: Receive new handshake message from message connection
I1102 18:32:18.578172 IO-0/EL  worker_manager.cpp:60] WorkerManager: FuncWorker of func_id 1, client_id 21 connected
I1102 18:32:18.578186 IO-0/EL  message_connection.cpp:269] FuncWorkerConnection[1-21]: Handshake done
I1102 18:32:18.578557 Server/E engine.cpp:674] Engine: New message connection
I1102 18:32:18.578586 IO-0/EL  engine.cpp:277] Engine: Receive new handshake message from message connection
I1102 18:32:18.578591 IO-0/EL  worker_manager.cpp:60] WorkerManager: FuncWorker of func_id 1, client_id 22 connected
I1102 18:32:18.578604 IO-0/EL  message_connection.cpp:269] FuncWorkerConnection[1-22]: Handshake done
I1102 18:32:18.578990 Server/E engine.cpp:674] Engine: New message connection
I1102 18:32:18.579019 Server/E engine.cpp:674] Engine: New message connection
I1102 18:32:18.579026 IO-0/EL  engine.cpp:277] Engine: Receive new handshake message from message connection
I1102 18:32:18.579031 IO-0/EL  worker_manager.cpp:60] WorkerManager: FuncWorker of func_id 1, client_id 24 connected
I1102 18:32:18.579044 IO-0/EL  message_connection.cpp:269] FuncWorkerConnection[1-24]: Handshake done
I1102 18:32:18.579057 IO-0/EL  engine.cpp:277] Engine: Receive new handshake message from message connection
I1102 18:32:18.579061 IO-0/EL  worker_manager.cpp:60] WorkerManager: FuncWorker of func_id 1, client_id 23 connected
I1102 18:32:18.579074 IO-0/EL  message_connection.cpp:269] FuncWorkerConnection[1-23]: Handshake done
I1102 18:32:18.579702 Server/E engine.cpp:674] Engine: New message connection
I1102 18:32:18.579741 IO-0/EL  engine.cpp:277] Engine: Receive new handshake message from message connection
I1102 18:32:18.579746 IO-0/EL  worker_manager.cpp:60] WorkerManager: FuncWorker of func_id 1, client_id 25 connected
I1102 18:32:18.579760 IO-0/EL  message_connection.cpp:269] FuncWorkerConnection[1-25]: Handshake done
I1102 18:32:18.580630 Server/E engine.cpp:674] Engine: New message connection
I1102 18:32:18.580664 IO-0/EL  engine.cpp:277] Engine: Receive new handshake message from message connection
I1102 18:32:18.580669 IO-0/EL  worker_manager.cpp:60] WorkerManager: FuncWorker of func_id 1, client_id 26 connected
I1102 18:32:18.580682 IO-0/EL  message_connection.cpp:269] FuncWorkerConnection[1-26]: Handshake done
I1102 18:32:18.580931 Server/E engine.cpp:674] Engine: New message connection
I1102 18:32:18.580962 IO-0/EL  engine.cpp:277] Engine: Receive new handshake message from message connection
I1102 18:32:18.580966 IO-0/EL  worker_manager.cpp:60] WorkerManager: FuncWorker of func_id 1, client_id 27 connected
I1102 18:32:18.580979 IO-0/EL  message_connection.cpp:269] FuncWorkerConnection[1-27]: Handshake done
I1102 18:32:18.581419 Server/E engine.cpp:674] Engine: New message connection
I1102 18:32:18.581456 IO-0/EL  engine.cpp:277] Engine: Receive new handshake message from message connection
I1102 18:32:18.581461 IO-0/EL  worker_manager.cpp:60] WorkerManager: FuncWorker of func_id 1, client_id 28 connected
I1102 18:32:18.581475 IO-0/EL  message_connection.cpp:269] FuncWorkerConnection[1-28]: Handshake done
I1102 18:32:18.581852 Server/E engine.cpp:674] Engine: New message connection
I1102 18:32:18.581881 IO-0/EL  engine.cpp:277] Engine: Receive new handshake message from message connection
I1102 18:32:18.581886 IO-0/EL  worker_manager.cpp:60] WorkerManager: FuncWorker of func_id 1, client_id 29 connected
I1102 18:32:18.581903 IO-0/EL  message_connection.cpp:269] FuncWorkerConnection[1-29]: Handshake done
I1102 18:32:18.582279 Server/E engine.cpp:674] Engine: New message connection
I1102 18:32:18.582310 IO-0/EL  engine.cpp:277] Engine: Receive new handshake message from message connection
I1102 18:32:18.582314 IO-0/EL  worker_manager.cpp:60] WorkerManager: FuncWorker of func_id 1, client_id 30 connected
I1102 18:32:18.582327 IO-0/EL  message_connection.cpp:269] FuncWorkerConnection[1-30]: Handshake done
I1102 18:32:18.582669 Server/E engine.cpp:674] Engine: New message connection
I1102 18:32:18.582697 IO-0/EL  engine.cpp:277] Engine: Receive new handshake message from message connection
I1102 18:32:18.582702 IO-0/EL  worker_manager.cpp:60] WorkerManager: FuncWorker of func_id 1, client_id 31 connected
I1102 18:32:18.582718 IO-0/EL  message_connection.cpp:269] FuncWorkerConnection[1-31]: Handshake done
I1102 18:32:18.583341 Server/E engine.cpp:674] Engine: New message connection
I1102 18:32:18.583378 IO-0/EL  engine.cpp:277] Engine: Receive new handshake message from message connection
I1102 18:32:18.583383 IO-0/EL  worker_manager.cpp:60] WorkerManager: FuncWorker of func_id 1, client_id 32 connected
I1102 18:32:18.583396 IO-0/EL  message_connection.cpp:269] FuncWorkerConnection[1-32]: Handshake done
I1102 18:32:18.583667 Server/E engine.cpp:674] Engine: New message connection
I1102 18:32:18.583689 IO-0/EL  engine.cpp:277] Engine: Receive new handshake message from message connection
I1102 18:32:18.583694 IO-0/EL  worker_manager.cpp:60] WorkerManager: FuncWorker of func_id 1, client_id 33 connected
I1102 18:32:18.583708 IO-0/EL  message_connection.cpp:269] FuncWorkerConnection[1-33]: Handshake done
I1102 18:32:18.584134 Server/E engine.cpp:674] Engine: New message connection
I1102 18:32:18.584166 IO-0/EL  engine.cpp:277] Engine: Receive new handshake message from message connection
I1102 18:32:18.584171 IO-0/EL  worker_manager.cpp:60] WorkerManager: FuncWorker of func_id 1, client_id 34 connected
I1102 18:32:18.584184 IO-0/EL  message_connection.cpp:269] FuncWorkerConnection[1-34]: Handshake done
I1102 18:32:18.584491 Server/E engine.cpp:674] Engine: New message connection
I1102 18:32:18.584518 IO-0/EL  engine.cpp:277] Engine: Receive new handshake message from message connection
I1102 18:32:18.584523 IO-0/EL  worker_manager.cpp:60] WorkerManager: FuncWorker of func_id 1, client_id 35 connected
I1102 18:32:18.584535 IO-0/EL  message_connection.cpp:269] FuncWorkerConnection[1-35]: Handshake done
I1102 18:32:18.584948 Server/E engine.cpp:674] Engine: New message connection
I1102 18:32:18.584979 IO-0/EL  engine.cpp:277] Engine: Receive new handshake message from message connection
I1102 18:32:18.584984 IO-0/EL  worker_manager.cpp:60] WorkerManager: FuncWorker of func_id 1, client_id 36 connected
I1102 18:32:18.584997 IO-0/EL  message_connection.cpp:269] FuncWorkerConnection[1-36]: Handshake done
I1102 18:32:18.585019 Server/E engine.cpp:674] Engine: New message connection
I1102 18:32:18.585041 IO-0/EL  engine.cpp:277] Engine: Receive new handshake message from message connection
I1102 18:32:18.585046 IO-0/EL  worker_manager.cpp:60] WorkerManager: FuncWorker of func_id 1, client_id 37 connected
I1102 18:32:18.585058 IO-0/EL  message_connection.cpp:269] FuncWorkerConnection[1-37]: Handshake done
I1102 18:32:18.585810 Server/E engine.cpp:674] Engine: New message connection
I1102 18:32:18.585843 IO-0/EL  engine.cpp:277] Engine: Receive new handshake message from message connection
I1102 18:32:18.585848 IO-0/EL  worker_manager.cpp:60] WorkerManager: FuncWorker of func_id 1, client_id 38 connected
I1102 18:32:18.585862 IO-0/EL  message_connection.cpp:269] FuncWorkerConnection[1-38]: Handshake done
I1102 18:32:18.586220 Server/E engine.cpp:674] Engine: New message connection
I1102 18:32:18.586247 IO-0/EL  engine.cpp:277] Engine: Receive new handshake message from message connection
I1102 18:32:18.586251 IO-0/EL  worker_manager.cpp:60] WorkerManager: FuncWorker of func_id 1, client_id 39 connected
I1102 18:32:18.586264 IO-0/EL  message_connection.cpp:269] FuncWorkerConnection[1-39]: Handshake done
I1102 18:32:18.586670 Server/E engine.cpp:674] Engine: New message connection
I1102 18:32:18.586701 IO-0/EL  engine.cpp:277] Engine: Receive new handshake message from message connection
I1102 18:32:18.586706 IO-0/EL  worker_manager.cpp:60] WorkerManager: FuncWorker of func_id 1, client_id 40 connected
I1102 18:32:18.586723 IO-0/EL  message_connection.cpp:269] FuncWorkerConnection[1-40]: Handshake done
I1102 18:32:18.587221 Server/E engine.cpp:674] Engine: New message connection
I1102 18:32:18.587247 IO-0/EL  engine.cpp:277] Engine: Receive new handshake message from message connection
I1102 18:32:18.587252 IO-0/EL  worker_manager.cpp:60] WorkerManager: FuncWorker of func_id 1, client_id 41 connected
I1102 18:32:18.587268 IO-0/EL  message_connection.cpp:269] FuncWorkerConnection[1-41]: Handshake done
I1102 18:32:18.587609 Server/E engine.cpp:674] Engine: New message connection
I1102 18:32:18.587635 IO-0/EL  engine.cpp:277] Engine: Receive new handshake message from message connection
I1102 18:32:18.587640 IO-0/EL  worker_manager.cpp:60] WorkerManager: FuncWorker of func_id 1, client_id 42 connected
I1102 18:32:18.587652 IO-0/EL  message_connection.cpp:269] FuncWorkerConnection[1-42]: Handshake done
I1102 18:32:18.588000 Server/E engine.cpp:674] Engine: New message connection
I1102 18:32:18.588031 IO-0/EL  engine.cpp:277] Engine: Receive new handshake message from message connection
I1102 18:32:18.588036 IO-0/EL  worker_manager.cpp:60] WorkerManager: FuncWorker of func_id 1, client_id 43 connected
I1102 18:32:18.588049 IO-0/EL  message_connection.cpp:269] FuncWorkerConnection[1-43]: Handshake done
I1102 18:32:18.588537 Server/E engine.cpp:674] Engine: New message connection
I1102 18:32:18.588565 IO-0/EL  engine.cpp:277] Engine: Receive new handshake message from message connection
I1102 18:32:18.588569 IO-0/EL  worker_manager.cpp:60] WorkerManager: FuncWorker of func_id 1, client_id 44 connected
I1102 18:32:18.588582 IO-0/EL  message_connection.cpp:269] FuncWorkerConnection[1-44]: Handshake done
I1102 18:32:18.588947 Server/E engine.cpp:674] Engine: New message connection
I1102 18:32:18.588980 IO-0/EL  engine.cpp:277] Engine: Receive new handshake message from message connection
I1102 18:32:18.588985 IO-0/EL  worker_manager.cpp:60] WorkerManager: FuncWorker of func_id 1, client_id 45 connected
I1102 18:32:18.588998 IO-0/EL  message_connection.cpp:269] FuncWorkerConnection[1-45]: Handshake done
I1102 18:32:18.589478 Server/E engine.cpp:674] Engine: New message connection
I1102 18:32:18.589505 IO-0/EL  engine.cpp:277] Engine: Receive new handshake message from message connection
I1102 18:32:18.589510 IO-0/EL  worker_manager.cpp:60] WorkerManager: FuncWorker of func_id 1, client_id 47 connected
I1102 18:32:18.589522 IO-0/EL  message_connection.cpp:269] FuncWorkerConnection[1-47]: Handshake done
I1102 18:32:18.590049 Server/E engine.cpp:674] Engine: New message connection
I1102 18:32:18.590088 IO-0/EL  engine.cpp:277] Engine: Receive new handshake message from message connection
I1102 18:32:18.590093 IO-0/EL  worker_manager.cpp:60] WorkerManager: FuncWorker of func_id 1, client_id 46 connected
I1102 18:32:18.590106 IO-0/EL  message_connection.cpp:269] FuncWorkerConnection[1-46]: Handshake done
I1102 18:32:18.590236 Server/E engine.cpp:674] Engine: New message connection
I1102 18:32:18.590262 IO-0/EL  engine.cpp:277] Engine: Receive new handshake message from message connection
I1102 18:32:18.590266 IO-0/EL  worker_manager.cpp:60] WorkerManager: FuncWorker of func_id 1, client_id 48 connected
I1102 18:32:18.590280 IO-0/EL  message_connection.cpp:269] FuncWorkerConnection[1-48]: Handshake done
I1102 18:32:18.590665 Server/E engine.cpp:674] Engine: New message connection
I1102 18:32:18.590695 IO-0/EL  engine.cpp:277] Engine: Receive new handshake message from message connection
I1102 18:32:18.590700 IO-0/EL  worker_manager.cpp:60] WorkerManager: FuncWorker of func_id 1, client_id 49 connected
I1102 18:32:18.590716 IO-0/EL  message_connection.cpp:269] FuncWorkerConnection[1-49]: Handshake done
I1102 18:32:18.591175 Server/E engine.cpp:674] Engine: New message connection
I1102 18:32:18.591203 IO-0/EL  engine.cpp:277] Engine: Receive new handshake message from message connection
I1102 18:32:18.591207 IO-0/EL  worker_manager.cpp:60] WorkerManager: FuncWorker of func_id 1, client_id 50 connected
I1102 18:32:18.591220 IO-0/EL  message_connection.cpp:269] FuncWorkerConnection[1-50]: Handshake done
I1102 18:32:18.591658 Server/E engine.cpp:674] Engine: New message connection
I1102 18:32:18.591690 IO-0/EL  engine.cpp:277] Engine: Receive new handshake message from message connection
I1102 18:32:18.591695 IO-0/EL  worker_manager.cpp:60] WorkerManager: FuncWorker of func_id 1, client_id 51 connected
I1102 18:32:18.591711 IO-0/EL  message_connection.cpp:269] FuncWorkerConnection[1-51]: Handshake done
I1102 18:32:18.592059 Server/E engine.cpp:674] Engine: New message connection
I1102 18:32:18.592086 IO-0/EL  engine.cpp:277] Engine: Receive new handshake message from message connection
I1102 18:32:18.592091 IO-0/EL  worker_manager.cpp:60] WorkerManager: FuncWorker of func_id 1, client_id 52 connected
I1102 18:32:18.592104 IO-0/EL  message_connection.cpp:269] FuncWorkerConnection[1-52]: Handshake done
I1102 18:32:18.592212 Server/E engine.cpp:674] Engine: New message connection
I1102 18:32:18.592237 IO-0/EL  engine.cpp:277] Engine: Receive new handshake message from message connection
I1102 18:32:18.592242 IO-0/EL  worker_manager.cpp:60] WorkerManager: FuncWorker of func_id 1, client_id 53 connected
I1102 18:32:18.592254 IO-0/EL  message_connection.cpp:269] FuncWorkerConnection[1-53]: Handshake done
I1102 18:32:18.592934 Server/E engine.cpp:674] Engine: New message connection
I1102 18:32:18.592961 IO-0/EL  engine.cpp:277] Engine: Receive new handshake message from message connection
I1102 18:32:18.592966 IO-0/EL  worker_manager.cpp:60] WorkerManager: FuncWorker of func_id 1, client_id 54 connected
I1102 18:32:18.592979 IO-0/EL  message_connection.cpp:269] FuncWorkerConnection[1-54]: Handshake done
I1102 18:32:18.593425 Server/E engine.cpp:674] Engine: New message connection
I1102 18:32:18.593458 IO-0/EL  engine.cpp:277] Engine: Receive new handshake message from message connection
I1102 18:32:18.593463 IO-0/EL  worker_manager.cpp:60] WorkerManager: FuncWorker of func_id 1, client_id 55 connected
I1102 18:32:18.593476 IO-0/EL  message_connection.cpp:269] FuncWorkerConnection[1-55]: Handshake done
I1102 18:32:18.593869 Server/E engine.cpp:674] Engine: New message connection
I1102 18:32:18.593901 IO-0/EL  engine.cpp:277] Engine: Receive new handshake message from message connection
I1102 18:32:18.593906 IO-0/EL  worker_manager.cpp:60] WorkerManager: FuncWorker of func_id 1, client_id 56 connected
I1102 18:32:18.593918 IO-0/EL  message_connection.cpp:269] FuncWorkerConnection[1-56]: Handshake done
I1102 18:32:18.594337 Server/E engine.cpp:674] Engine: New message connection
I1102 18:32:18.594369 IO-0/EL  engine.cpp:277] Engine: Receive new handshake message from message connection
I1102 18:32:18.594374 IO-0/EL  worker_manager.cpp:60] WorkerManager: FuncWorker of func_id 1, client_id 57 connected
I1102 18:32:18.594395 IO-0/EL  message_connection.cpp:269] FuncWorkerConnection[1-57]: Handshake done
I1102 18:32:18.594773 Server/E engine.cpp:674] Engine: New message connection
I1102 18:32:18.594814 IO-0/EL  engine.cpp:277] Engine: Receive new handshake message from message connection
I1102 18:32:18.594819 IO-0/EL  worker_manager.cpp:60] WorkerManager: FuncWorker of func_id 1, client_id 58 connected
I1102 18:32:18.594832 IO-0/EL  message_connection.cpp:269] FuncWorkerConnection[1-58]: Handshake done
I1102 18:32:18.595216 Server/E engine.cpp:674] Engine: New message connection
I1102 18:32:18.595243 IO-0/EL  engine.cpp:277] Engine: Receive new handshake message from message connection
I1102 18:32:18.595248 IO-0/EL  worker_manager.cpp:60] WorkerManager: FuncWorker of func_id 1, client_id 59 connected
I1102 18:32:18.595260 IO-0/EL  message_connection.cpp:269] FuncWorkerConnection[1-59]: Handshake done
I1102 18:32:18.595663 Server/E engine.cpp:674] Engine: New message connection
I1102 18:32:18.595688 IO-0/EL  engine.cpp:277] Engine: Receive new handshake message from message connection
I1102 18:32:18.595693 IO-0/EL  worker_manager.cpp:60] WorkerManager: FuncWorker of func_id 1, client_id 60 connected
I1102 18:32:18.595706 IO-0/EL  message_connection.cpp:269] FuncWorkerConnection[1-60]: Handshake done
I1102 18:32:18.596154 Server/E engine.cpp:674] Engine: New message connection
I1102 18:32:18.596185 IO-0/EL  engine.cpp:277] Engine: Receive new handshake message from message connection
I1102 18:32:18.596190 IO-0/EL  worker_manager.cpp:60] WorkerManager: FuncWorker of func_id 1, client_id 61 connected
I1102 18:32:18.596202 IO-0/EL  message_connection.cpp:269] FuncWorkerConnection[1-61]: Handshake done
I1102 18:32:18.596573 Server/E engine.cpp:674] Engine: New message connection
I1102 18:32:18.596607 IO-0/EL  engine.cpp:277] Engine: Receive new handshake message from message connection
I1102 18:32:18.596612 IO-0/EL  worker_manager.cpp:60] WorkerManager: FuncWorker of func_id 1, client_id 62 connected
I1102 18:32:18.596626 IO-0/EL  message_connection.cpp:269] FuncWorkerConnection[1-62]: Handshake done
I1102 18:32:18.597048 Server/E engine.cpp:674] Engine: New message connection
I1102 18:32:18.597085 IO-0/EL  engine.cpp:277] Engine: Receive new handshake message from message connection
I1102 18:32:18.597089 IO-0/EL  worker_manager.cpp:60] WorkerManager: FuncWorker of func_id 1, client_id 63 connected
I1102 18:32:18.597106 IO-0/EL  message_connection.cpp:269] FuncWorkerConnection[1-63]: Handshake done
I1102 18:32:18.598401 Server/E engine.cpp:674] Engine: New message connection
I1102 18:32:18.598436 IO-0/EL  engine.cpp:277] Engine: Receive new handshake message from message connection
I1102 18:32:18.598441 IO-0/EL  worker_manager.cpp:60] WorkerManager: FuncWorker of func_id 1, client_id 64 connected
I1102 18:32:18.598455 IO-0/EL  message_connection.cpp:269] FuncWorkerConnection[1-64]: Handshake done
I1102 18:32:18.598579 Server/E engine.cpp:674] Engine: New message connection
I1102 18:32:18.598608 IO-0/EL  engine.cpp:277] Engine: Receive new handshake message from message connection
I1102 18:32:18.598613 IO-0/EL  worker_manager.cpp:60] WorkerManager: FuncWorker of func_id 1, client_id 65 connected
I1102 18:32:18.598626 IO-0/EL  message_connection.cpp:269] FuncWorkerConnection[1-65]: Handshake done
I1102 18:32:18.599143 Server/E engine.cpp:674] Engine: New message connection
I1102 18:32:18.599171 IO-0/EL  engine.cpp:277] Engine: Receive new handshake message from message connection
I1102 18:32:18.599176 IO-0/EL  worker_manager.cpp:60] WorkerManager: FuncWorker of func_id 1, client_id 66 connected
I1102 18:32:18.599188 IO-0/EL  message_connection.cpp:269] FuncWorkerConnection[1-66]: Handshake done
I1102 18:32:18.599525 Server/E engine.cpp:674] Engine: New message connection
I1102 18:32:18.599556 IO-0/EL  engine.cpp:277] Engine: Receive new handshake message from message connection
I1102 18:32:18.599561 IO-0/EL  worker_manager.cpp:60] WorkerManager: FuncWorker of func_id 1, client_id 67 connected
I1102 18:32:18.599574 IO-0/EL  message_connection.cpp:269] FuncWorkerConnection[1-67]: Handshake done
I1102 18:32:18.600033 Server/E engine.cpp:674] Engine: New message connection
I1102 18:32:18.600069 IO-0/EL  engine.cpp:277] Engine: Receive new handshake message from message connection
I1102 18:32:18.600074 IO-0/EL  worker_manager.cpp:60] WorkerManager: FuncWorker of func_id 1, client_id 68 connected
I1102 18:32:18.600087 IO-0/EL  message_connection.cpp:269] FuncWorkerConnection[1-68]: Handshake done
I1102 18:32:18.600445 Server/E engine.cpp:674] Engine: New message connection
I1102 18:32:18.600474 IO-0/EL  engine.cpp:277] Engine: Receive new handshake message from message connection
I1102 18:32:18.600479 IO-0/EL  worker_manager.cpp:60] WorkerManager: FuncWorker of func_id 1, client_id 69 connected
I1102 18:32:18.600492 IO-0/EL  message_connection.cpp:269] FuncWorkerConnection[1-69]: Handshake done
I1102 18:32:18.600887 Server/E engine.cpp:674] Engine: New message connection
I1102 18:32:18.600916 IO-0/EL  engine.cpp:277] Engine: Receive new handshake message from message connection
I1102 18:32:18.600921 IO-0/EL  worker_manager.cpp:60] WorkerManager: FuncWorker of func_id 1, client_id 70 connected
I1102 18:32:18.600937 IO-0/EL  message_connection.cpp:269] FuncWorkerConnection[1-70]: Handshake done
I1102 18:32:18.601345 Server/E engine.cpp:674] Engine: New message connection
I1102 18:32:18.601365 IO-0/EL  engine.cpp:277] Engine: Receive new handshake message from message connection
I1102 18:32:18.601370 IO-0/EL  worker_manager.cpp:60] WorkerManager: FuncWorker of func_id 1, client_id 71 connected
I1102 18:32:18.601382 IO-0/EL  message_connection.cpp:269] FuncWorkerConnection[1-71]: Handshake done
I1102 18:32:18.601797 Server/E engine.cpp:674] Engine: New message connection
I1102 18:32:18.601835 IO-0/EL  engine.cpp:277] Engine: Receive new handshake message from message connection
I1102 18:32:18.601841 IO-0/EL  worker_manager.cpp:60] WorkerManager: FuncWorker of func_id 1, client_id 72 connected
I1102 18:32:18.601855 IO-0/EL  message_connection.cpp:269] FuncWorkerConnection[1-72]: Handshake done
I1102 18:32:18.602305 Server/E engine.cpp:674] Engine: New message connection
I1102 18:32:18.602332 IO-0/EL  engine.cpp:277] Engine: Receive new handshake message from message connection
I1102 18:32:18.602336 IO-0/EL  worker_manager.cpp:60] WorkerManager: FuncWorker of func_id 1, client_id 73 connected
I1102 18:32:18.602349 IO-0/EL  message_connection.cpp:269] FuncWorkerConnection[1-73]: Handshake done
I1102 18:32:18.602722 Server/E engine.cpp:674] Engine: New message connection
I1102 18:32:18.602752 IO-0/EL  engine.cpp:277] Engine: Receive new handshake message from message connection
I1102 18:32:18.602756 IO-0/EL  worker_manager.cpp:60] WorkerManager: FuncWorker of func_id 1, client_id 74 connected
I1102 18:32:18.602770 IO-0/EL  message_connection.cpp:269] FuncWorkerConnection[1-74]: Handshake done
I1102 18:32:18.603898 Server/E engine.cpp:674] Engine: New message connection
I1102 18:32:18.603932 IO-0/EL  engine.cpp:277] Engine: Receive new handshake message from message connection
I1102 18:32:18.603937 IO-0/EL  worker_manager.cpp:60] WorkerManager: FuncWorker of func_id 1, client_id 75 connected
I1102 18:32:18.603951 IO-0/EL  message_connection.cpp:269] FuncWorkerConnection[1-75]: Handshake done
I1102 18:32:18.604157 Server/E engine.cpp:674] Engine: New message connection
I1102 18:32:18.604188 IO-0/EL  engine.cpp:277] Engine: Receive new handshake message from message connection
I1102 18:32:18.604193 IO-0/EL  worker_manager.cpp:60] WorkerManager: FuncWorker of func_id 1, client_id 76 connected
I1102 18:32:18.604205 IO-0/EL  message_connection.cpp:269] FuncWorkerConnection[1-76]: Handshake done
I1102 18:32:18.604596 Server/E engine.cpp:674] Engine: New message connection
I1102 18:32:18.604617 IO-0/EL  engine.cpp:277] Engine: Receive new handshake message from message connection
I1102 18:32:18.604622 IO-0/EL  worker_manager.cpp:60] WorkerManager: FuncWorker of func_id 1, client_id 77 connected
I1102 18:32:18.604634 IO-0/EL  message_connection.cpp:269] FuncWorkerConnection[1-77]: Handshake done
I1102 18:32:18.605052 Server/E engine.cpp:674] Engine: New message connection
I1102 18:32:18.605091 IO-0/EL  engine.cpp:277] Engine: Receive new handshake message from message connection
I1102 18:32:18.605111 IO-0/EL  worker_manager.cpp:60] WorkerManager: FuncWorker of func_id 1, client_id 78 connected
I1102 18:32:18.605125 IO-0/EL  message_connection.cpp:269] FuncWorkerConnection[1-78]: Handshake done
I1102 18:32:18.622734 Server/E engine.cpp:674] Engine: New message connection
I1102 18:32:18.622766 Server/E engine.cpp:674] Engine: New message connection
I1102 18:32:18.622774 IO-0/EL  engine.cpp:277] Engine: Receive new handshake message from message connection
I1102 18:32:18.622780 IO-0/EL  worker_manager.cpp:60] WorkerManager: FuncWorker of func_id 1, client_id 79 connected
I1102 18:32:18.622787 Server/E engine.cpp:674] Engine: New message connection
I1102 18:32:18.622793 IO-0/EL  message_connection.cpp:269] FuncWorkerConnection[1-79]: Handshake done
I1102 18:32:18.622804 Server/E engine.cpp:674] Engine: New message connection
I1102 18:32:18.622816 IO-0/EL  engine.cpp:277] Engine: Receive new handshake message from message connection
I1102 18:32:18.622820 IO-0/EL  worker_manager.cpp:60] WorkerManager: FuncWorker of func_id 1, client_id 80 connected
I1102 18:32:18.622829 Server/E engine.cpp:674] Engine: New message connection
I1102 18:32:18.622834 IO-0/EL  message_connection.cpp:269] FuncWorkerConnection[1-80]: Handshake done
I1102 18:32:18.622849 IO-0/EL  engine.cpp:277] Engine: Receive new handshake message from message connection
I1102 18:32:18.622853 IO-0/EL  worker_manager.cpp:60] WorkerManager: FuncWorker of func_id 1, client_id 82 connected
I1102 18:32:18.622849 Server/E engine.cpp:674] Engine: New message connection
I1102 18:32:18.622869 IO-0/EL  message_connection.cpp:269] FuncWorkerConnection[1-82]: Handshake done
I1102 18:32:18.622877 Server/E engine.cpp:674] Engine: New message connection
I1102 18:32:18.622886 IO-0/EL  engine.cpp:277] Engine: Receive new handshake message from message connection
I1102 18:32:18.622890 IO-0/EL  worker_manager.cpp:60] WorkerManager: FuncWorker of func_id 1, client_id 83 connected
I1102 18:32:18.622891 Server/E engine.cpp:674] Engine: New message connection
I1102 18:32:18.622903 IO-0/EL  message_connection.cpp:269] FuncWorkerConnection[1-83]: Handshake done
I1102 18:32:18.622907 Server/E engine.cpp:674] Engine: New message connection
I1102 18:32:18.622917 IO-0/EL  engine.cpp:277] Engine: Receive new handshake message from message connection
I1102 18:32:18.622920 Server/E engine.cpp:674] Engine: New message connection
I1102 18:32:18.622921 IO-0/EL  worker_manager.cpp:60] WorkerManager: FuncWorker of func_id 1, client_id 81 connected
I1102 18:32:18.622934 Server/E engine.cpp:674] Engine: New message connection
I1102 18:32:18.622937 IO-0/EL  message_connection.cpp:269] FuncWorkerConnection[1-81]: Handshake done
I1102 18:32:18.622948 Server/E engine.cpp:674] Engine: New message connection
I1102 18:32:18.622955 IO-0/EL  engine.cpp:277] Engine: Receive new handshake message from message connection
I1102 18:32:18.622960 IO-0/EL  worker_manager.cpp:60] WorkerManager: FuncWorker of func_id 1, client_id 84 connected
I1102 18:32:18.622962 Server/E engine.cpp:674] Engine: New message connection
I1102 18:32:18.622973 IO-0/EL  message_connection.cpp:269] FuncWorkerConnection[1-84]: Handshake done
I1102 18:32:18.622977 Server/E engine.cpp:674] Engine: New message connection
I1102 18:32:18.622987 IO-0/EL  engine.cpp:277] Engine: Receive new handshake message from message connection
I1102 18:32:18.622990 Server/E engine.cpp:674] Engine: New message connection
I1102 18:32:18.622991 IO-0/EL  worker_manager.cpp:60] WorkerManager: FuncWorker of func_id 1, client_id 85 connected
I1102 18:32:18.623003 Server/E engine.cpp:674] Engine: New message connection
I1102 18:32:18.623012 IO-0/EL  message_connection.cpp:269] FuncWorkerConnection[1-85]: Handshake done
I1102 18:32:18.623015 Server/E engine.cpp:674] Engine: New message connection
I1102 18:32:18.623025 IO-0/EL  engine.cpp:277] Engine: Receive new handshake message from message connection
I1102 18:32:18.623030 IO-0/EL  worker_manager.cpp:60] WorkerManager: FuncWorker of func_id 1, client_id 86 connected
I1102 18:32:18.623032 Server/E engine.cpp:674] Engine: New message connection
I1102 18:32:18.623052 IO-0/EL  message_connection.cpp:269] FuncWorkerConnection[1-86]: Handshake done
I1102 18:32:18.623065 Server/E engine.cpp:674] Engine: New message connection
I1102 18:32:18.623070 IO-0/EL  engine.cpp:277] Engine: Receive new handshake message from message connection
I1102 18:32:18.623076 IO-0/EL  worker_manager.cpp:60] WorkerManager: FuncWorker of func_id 1, client_id 87 connected
I1102 18:32:18.623086 Server/E engine.cpp:674] Engine: New message connection
I1102 18:32:18.623090 IO-0/EL  message_connection.cpp:269] FuncWorkerConnection[1-87]: Handshake done
I1102 18:32:18.623110 Server/E engine.cpp:674] Engine: New message connection
I1102 18:32:18.623118 IO-0/EL  engine.cpp:277] Engine: Receive new handshake message from message connection
I1102 18:32:18.623122 IO-0/EL  worker_manager.cpp:60] WorkerManager: FuncWorker of func_id 1, client_id 88 connected
I1102 18:32:18.623128 Server/E engine.cpp:674] Engine: New message connection
I1102 18:32:18.623136 IO-0/EL  message_connection.cpp:269] FuncWorkerConnection[1-88]: Handshake done
I1102 18:32:18.623141 Server/E engine.cpp:674] Engine: New message connection
I1102 18:32:18.623153 IO-0/EL  engine.cpp:277] Engine: Receive new handshake message from message connection
I1102 18:32:18.623157 Server/E engine.cpp:674] Engine: New message connection
I1102 18:32:18.623158 IO-0/EL  worker_manager.cpp:60] WorkerManager: FuncWorker of func_id 1, client_id 89 connected
I1102 18:32:18.623173 Server/E engine.cpp:674] Engine: New message connection
I1102 18:32:18.623180 IO-0/EL  message_connection.cpp:269] FuncWorkerConnection[1-89]: Handshake done
I1102 18:32:18.623185 Server/E engine.cpp:674] Engine: New message connection
I1102 18:32:18.623194 IO-0/EL  engine.cpp:277] Engine: Receive new handshake message from message connection
I1102 18:32:18.623199 IO-0/EL  worker_manager.cpp:60] WorkerManager: FuncWorker of func_id 1, client_id 90 connected
I1102 18:32:18.623202 Server/E engine.cpp:674] Engine: New message connection
I1102 18:32:18.623212 IO-0/EL  message_connection.cpp:269] FuncWorkerConnection[1-90]: Handshake done
I1102 18:32:18.623224 Server/E engine.cpp:674] Engine: New message connection
I1102 18:32:18.623229 IO-0/EL  engine.cpp:277] Engine: Receive new handshake message from message connection
I1102 18:32:18.623235 IO-0/EL  worker_manager.cpp:60] WorkerManager: FuncWorker of func_id 1, client_id 91 connected
I1102 18:32:18.623244 Server/E engine.cpp:674] Engine: New message connection
I1102 18:32:18.623248 IO-0/EL  message_connection.cpp:269] FuncWorkerConnection[1-91]: Handshake done
I1102 18:32:18.623265 Server/E engine.cpp:674] Engine: New message connection
I1102 18:32:18.623270 IO-0/EL  engine.cpp:277] Engine: Receive new handshake message from message connection
I1102 18:32:18.623274 IO-0/EL  worker_manager.cpp:60] WorkerManager: FuncWorker of func_id 1, client_id 92 connected
I1102 18:32:18.623279 Server/E engine.cpp:674] Engine: New message connection
I1102 18:32:18.623288 IO-0/EL  message_connection.cpp:269] FuncWorkerConnection[1-92]: Handshake done
I1102 18:32:18.623298 Server/E engine.cpp:674] Engine: New message connection
I1102 18:32:18.623304 IO-0/EL  engine.cpp:277] Engine: Receive new handshake message from message connection
I1102 18:32:18.623309 IO-0/EL  worker_manager.cpp:60] WorkerManager: FuncWorker of func_id 1, client_id 93 connected
I1102 18:32:18.623310 Server/E engine.cpp:674] Engine: New message connection
I1102 18:32:18.623323 IO-0/EL  message_connection.cpp:269] FuncWorkerConnection[1-93]: Handshake done
I1102 18:32:18.623325 Server/E engine.cpp:674] Engine: New message connection
I1102 18:32:18.623336 IO-0/EL  engine.cpp:277] Engine: Receive new handshake message from message connection
I1102 18:32:18.623341 IO-0/EL  worker_manager.cpp:60] WorkerManager: FuncWorker of func_id 1, client_id 94 connected
I1102 18:32:18.623344 Server/E engine.cpp:674] Engine: New message connection
I1102 18:32:18.623354 IO-0/EL  message_connection.cpp:269] FuncWorkerConnection[1-94]: Handshake done
I1102 18:32:18.623369 Server/E engine.cpp:674] Engine: New message connection
I1102 18:32:18.623380 IO-0/EL  engine.cpp:277] Engine: Receive new handshake message from message connection
I1102 18:32:18.623385 IO-0/EL  worker_manager.cpp:60] WorkerManager: FuncWorker of func_id 1, client_id 95 connected
I1102 18:32:18.623388 Server/E engine.cpp:674] Engine: New message connection
I1102 18:32:18.623399 IO-0/EL  message_connection.cpp:269] FuncWorkerConnection[1-95]: Handshake done
I1102 18:32:18.623406 Server/E engine.cpp:674] Engine: New message connection
I1102 18:32:18.623413 IO-0/EL  engine.cpp:277] Engine: Receive new handshake message from message connection
I1102 18:32:18.623417 IO-0/EL  worker_manager.cpp:60] WorkerManager: FuncWorker of func_id 1, client_id 96 connected
I1102 18:32:18.623430 IO-0/EL  message_connection.cpp:269] FuncWorkerConnection[1-96]: Handshake done
I1102 18:32:18.623446 IO-0/EL  engine.cpp:277] Engine: Receive new handshake message from message connection
I1102 18:32:18.623450 IO-0/EL  worker_manager.cpp:60] WorkerManager: FuncWorker of func_id 1, client_id 97 connected
I1102 18:32:18.623463 IO-0/EL  message_connection.cpp:269] FuncWorkerConnection[1-97]: Handshake done
I1102 18:32:18.623475 IO-0/EL  engine.cpp:277] Engine: Receive new handshake message from message connection
I1102 18:32:18.623479 IO-0/EL  worker_manager.cpp:60] WorkerManager: FuncWorker of func_id 1, client_id 98 connected
I1102 18:32:18.623492 IO-0/EL  message_connection.cpp:269] FuncWorkerConnection[1-98]: Handshake done
I1102 18:32:18.623511 IO-0/EL  engine.cpp:277] Engine: Receive new handshake message from message connection
I1102 18:32:18.623515 IO-0/EL  worker_manager.cpp:60] WorkerManager: FuncWorker of func_id 1, client_id 99 connected
I1102 18:32:18.623529 IO-0/EL  message_connection.cpp:269] FuncWorkerConnection[1-99]: Handshake done
I1102 18:32:18.623541 IO-0/EL  engine.cpp:277] Engine: Receive new handshake message from message connection
I1102 18:32:18.623545 IO-0/EL  worker_manager.cpp:60] WorkerManager: FuncWorker of func_id 1, client_id 100 connected
I1102 18:32:18.623562 IO-0/EL  message_connection.cpp:269] FuncWorkerConnection[1-100]: Handshake done
I1102 18:32:18.623574 IO-0/EL  engine.cpp:277] Engine: Receive new handshake message from message connection
I1102 18:32:18.623578 IO-0/EL  worker_manager.cpp:60] WorkerManager: FuncWorker of func_id 1, client_id 101 connected
I1102 18:32:18.623596 IO-0/EL  message_connection.cpp:269] FuncWorkerConnection[1-101]: Handshake done
I1102 18:32:18.623612 IO-0/EL  engine.cpp:277] Engine: Receive new handshake message from message connection
I1102 18:32:18.623616 IO-0/EL  worker_manager.cpp:60] WorkerManager: FuncWorker of func_id 1, client_id 102 connected
I1102 18:32:18.623629 IO-0/EL  message_connection.cpp:269] FuncWorkerConnection[1-102]: Handshake done
I1102 18:32:18.623639 Server/E engine.cpp:674] Engine: New message connection
I1102 18:32:18.623642 IO-0/EL  engine.cpp:277] Engine: Receive new handshake message from message connection
I1102 18:32:18.623655 IO-0/EL  worker_manager.cpp:60] WorkerManager: FuncWorker of func_id 1, client_id 103 connected
I1102 18:32:18.623668 IO-0/EL  message_connection.cpp:269] FuncWorkerConnection[1-103]: Handshake done
I1102 18:32:18.623684 IO-0/EL  engine.cpp:277] Engine: Receive new handshake message from message connection
I1102 18:32:18.623689 IO-0/EL  worker_manager.cpp:60] WorkerManager: FuncWorker of func_id 1, client_id 104 connected
I1102 18:32:18.623702 IO-0/EL  message_connection.cpp:269] FuncWorkerConnection[1-104]: Handshake done
I1102 18:32:18.623717 IO-0/EL  engine.cpp:277] Engine: Receive new handshake message from message connection
I1102 18:32:18.623723 IO-0/EL  worker_manager.cpp:60] WorkerManager: FuncWorker of func_id 1, client_id 105 connected
I1102 18:32:18.623736 IO-0/EL  message_connection.cpp:269] FuncWorkerConnection[1-105]: Handshake done
I1102 18:32:18.623751 IO-0/EL  engine.cpp:277] Engine: Receive new handshake message from message connection
I1102 18:32:18.623761 IO-0/EL  worker_manager.cpp:60] WorkerManager: FuncWorker of func_id 1, client_id 106 connected
I1102 18:32:18.623774 IO-0/EL  message_connection.cpp:269] FuncWorkerConnection[1-106]: Handshake done
I1102 18:32:18.623786 IO-0/EL  engine.cpp:277] Engine: Receive new handshake message from message connection
I1102 18:32:18.623790 IO-0/EL  worker_manager.cpp:60] WorkerManager: FuncWorker of func_id 1, client_id 107 connected
I1102 18:32:18.623802 IO-0/EL  message_connection.cpp:269] FuncWorkerConnection[1-107]: Handshake done
I1102 18:32:18.623818 IO-0/EL  engine.cpp:277] Engine: Receive new handshake message from message connection
I1102 18:32:18.623822 IO-0/EL  worker_manager.cpp:60] WorkerManager: FuncWorker of func_id 1, client_id 108 connected
I1102 18:32:18.623835 IO-0/EL  message_connection.cpp:269] FuncWorkerConnection[1-108]: Handshake done
I1102 18:32:18.623846 IO-0/EL  engine.cpp:277] Engine: Receive new handshake message from message connection
I1102 18:32:18.623850 IO-0/EL  worker_manager.cpp:60] WorkerManager: FuncWorker of func_id 1, client_id 109 connected
I1102 18:32:18.623862 IO-0/EL  message_connection.cpp:269] FuncWorkerConnection[1-109]: Handshake done
I1102 18:32:18.623878 IO-0/EL  engine.cpp:277] Engine: Receive new handshake message from message connection
I1102 18:32:18.623883 IO-0/EL  worker_manager.cpp:60] WorkerManager: FuncWorker of func_id 1, client_id 110 connected
I1102 18:32:18.623896 IO-0/EL  message_connection.cpp:269] FuncWorkerConnection[1-110]: Handshake done
I1102 18:32:18.623913 IO-0/EL  engine.cpp:277] Engine: Receive new handshake message from message connection
I1102 18:32:18.623917 IO-0/EL  worker_manager.cpp:60] WorkerManager: FuncWorker of func_id 1, client_id 111 connected
I1102 18:32:18.623930 IO-0/EL  message_connection.cpp:269] FuncWorkerConnection[1-111]: Handshake done
I1102 18:32:18.623944 IO-0/EL  engine.cpp:277] Engine: Receive new handshake message from message connection
I1102 18:32:18.623949 IO-0/EL  worker_manager.cpp:60] WorkerManager: FuncWorker of func_id 1, client_id 112 connected
I1102 18:32:18.623961 IO-0/EL  message_connection.cpp:269] FuncWorkerConnection[1-112]: Handshake done
I1102 18:32:18.623973 IO-0/EL  engine.cpp:277] Engine: Receive new handshake message from message connection
I1102 18:32:18.623977 IO-0/EL  worker_manager.cpp:60] WorkerManager: FuncWorker of func_id 1, client_id 113 connected
I1102 18:32:18.623999 IO-0/EL  message_connection.cpp:269] FuncWorkerConnection[1-113]: Handshake done
I1102 18:32:18.624005 Server/E engine.cpp:674] Engine: New message connection
I1102 18:32:18.624012 IO-0/EL  engine.cpp:277] Engine: Receive new handshake message from message connection
I1102 18:32:18.624017 IO-0/EL  worker_manager.cpp:60] WorkerManager: FuncWorker of func_id 1, client_id 114 connected
I1102 18:32:18.624030 IO-0/EL  message_connection.cpp:269] FuncWorkerConnection[1-114]: Handshake done
I1102 18:32:18.624043 IO-0/EL  engine.cpp:277] Engine: Receive new handshake message from message connection
I1102 18:32:18.624047 IO-0/EL  worker_manager.cpp:60] WorkerManager: FuncWorker of func_id 1, client_id 115 connected
I1102 18:32:18.624060 IO-0/EL  message_connection.cpp:269] FuncWorkerConnection[1-115]: Handshake done
I1102 18:32:18.624075 IO-0/EL  engine.cpp:277] Engine: Receive new handshake message from message connection
I1102 18:32:18.624079 IO-0/EL  worker_manager.cpp:60] WorkerManager: FuncWorker of func_id 1, client_id 116 connected
I1102 18:32:18.624092 IO-0/EL  message_connection.cpp:269] FuncWorkerConnection[1-116]: Handshake done
I1102 18:32:18.624108 IO-0/EL  engine.cpp:277] Engine: Receive new handshake message from message connection
I1102 18:32:18.624112 IO-0/EL  worker_manager.cpp:60] WorkerManager: FuncWorker of func_id 1, client_id 117 connected
I1102 18:32:18.624126 IO-0/EL  message_connection.cpp:269] FuncWorkerConnection[1-117]: Handshake done
I1102 18:32:18.624136 IO-0/EL  engine.cpp:277] Engine: Receive new handshake message from message connection
I1102 18:32:18.624139 IO-0/EL  worker_manager.cpp:60] WorkerManager: FuncWorker of func_id 1, client_id 118 connected
I1102 18:32:18.624158 IO-0/EL  message_connection.cpp:269] FuncWorkerConnection[1-118]: Handshake done
I1102 18:32:18.624438 Server/E engine.cpp:674] Engine: New message connection
I1102 18:32:18.624464 IO-0/EL  engine.cpp:277] Engine: Receive new handshake message from message connection
I1102 18:32:18.624469 IO-0/EL  worker_manager.cpp:60] WorkerManager: FuncWorker of func_id 1, client_id 119 connected
I1102 18:32:18.624482 IO-0/EL  message_connection.cpp:269] FuncWorkerConnection[1-119]: Handshake done
I1102 18:32:18.641010 Server/E engine.cpp:674] Engine: New message connection
I1102 18:32:18.641051 IO-0/EL  engine.cpp:277] Engine: Receive new handshake message from message connection
I1102 18:32:18.641056 IO-0/EL  worker_manager.cpp:60] WorkerManager: FuncWorker of func_id 1, client_id 120 connected
I1102 18:32:18.641073 IO-0/EL  message_connection.cpp:269] FuncWorkerConnection[1-120]: Handshake done
I1102 18:32:18.641150 Server/E engine.cpp:674] Engine: New message connection
I1102 18:32:18.641176 IO-0/EL  engine.cpp:277] Engine: Receive new handshake message from message connection
I1102 18:32:18.641181 IO-0/EL  worker_manager.cpp:60] WorkerManager: FuncWorker of func_id 1, client_id 121 connected
I1102 18:32:18.641193 IO-0/EL  message_connection.cpp:269] FuncWorkerConnection[1-121]: Handshake done
I1102 18:32:18.641632 Server/E engine.cpp:674] Engine: New message connection
I1102 18:32:18.641660 IO-0/EL  engine.cpp:277] Engine: Receive new handshake message from message connection
I1102 18:32:18.641665 IO-0/EL  worker_manager.cpp:60] WorkerManager: FuncWorker of func_id 1, client_id 122 connected
I1102 18:32:18.641681 IO-0/EL  message_connection.cpp:269] FuncWorkerConnection[1-122]: Handshake done
I1102 18:32:18.642053 Server/E engine.cpp:674] Engine: New message connection
I1102 18:32:18.642083 IO-0/EL  engine.cpp:277] Engine: Receive new handshake message from message connection
I1102 18:32:18.642088 IO-0/EL  worker_manager.cpp:60] WorkerManager: FuncWorker of func_id 1, client_id 123 connected
I1102 18:32:18.642101 IO-0/EL  message_connection.cpp:269] FuncWorkerConnection[1-123]: Handshake done
I1102 18:32:18.642990 Server/E engine.cpp:674] Engine: New message connection
I1102 18:32:18.643023 IO-0/EL  engine.cpp:277] Engine: Receive new handshake message from message connection
I1102 18:32:18.643028 IO-0/EL  worker_manager.cpp:60] WorkerManager: FuncWorker of func_id 1, client_id 125 connected
I1102 18:32:18.643042 IO-0/EL  message_connection.cpp:269] FuncWorkerConnection[1-125]: Handshake done
I1102 18:32:18.643433 Server/E engine.cpp:674] Engine: New message connection
I1102 18:32:18.643462 IO-0/EL  engine.cpp:277] Engine: Receive new handshake message from message connection
I1102 18:32:18.643467 IO-0/EL  worker_manager.cpp:60] WorkerManager: FuncWorker of func_id 1, client_id 124 connected
I1102 18:32:18.643481 IO-0/EL  message_connection.cpp:269] FuncWorkerConnection[1-124]: Handshake done
I1102 18:32:18.643735 Server/E engine.cpp:674] Engine: New message connection
I1102 18:32:18.643775 IO-0/EL  engine.cpp:277] Engine: Receive new handshake message from message connection
I1102 18:32:18.643780 IO-0/EL  worker_manager.cpp:60] WorkerManager: FuncWorker of func_id 1, client_id 126 connected
I1102 18:32:18.643794 IO-0/EL  message_connection.cpp:269] FuncWorkerConnection[1-126]: Handshake done
I1102 18:32:18.644183 Server/E engine.cpp:674] Engine: New message connection
I1102 18:32:18.644206 IO-0/EL  engine.cpp:277] Engine: Receive new handshake message from message connection
I1102 18:32:18.644210 IO-0/EL  worker_manager.cpp:60] WorkerManager: FuncWorker of func_id 1, client_id 127 connected
I1102 18:32:18.644227 IO-0/EL  message_connection.cpp:269] FuncWorkerConnection[1-127]: Handshake done
I1102 18:32:18.644586 Server/E engine.cpp:674] Engine: New message connection
I1102 18:32:18.644613 IO-0/EL  engine.cpp:277] Engine: Receive new handshake message from message connection
I1102 18:32:18.644618 IO-0/EL  worker_manager.cpp:60] WorkerManager: FuncWorker of func_id 1, client_id 128 connected
I1102 18:32:18.644638 IO-0/EL  message_connection.cpp:269] FuncWorkerConnection[1-128]: Handshake done
I1102 18:32:18.645663 Server/E engine.cpp:674] Engine: New message connection
I1102 18:32:18.645701 IO-0/EL  engine.cpp:277] Engine: Receive new handshake message from message connection
I1102 18:32:18.645707 IO-0/EL  worker_manager.cpp:60] WorkerManager: FuncWorker of func_id 1, client_id 130 connected
I1102 18:32:18.645724 IO-0/EL  message_connection.cpp:269] FuncWorkerConnection[1-130]: Handshake done
I1102 18:32:18.645873 Server/E engine.cpp:674] Engine: New message connection
I1102 18:32:18.645897 IO-0/EL  engine.cpp:277] Engine: Receive new handshake message from message connection
I1102 18:32:18.645902 IO-0/EL  worker_manager.cpp:60] WorkerManager: FuncWorker of func_id 1, client_id 129 connected
I1102 18:32:18.645914 IO-0/EL  message_connection.cpp:269] FuncWorkerConnection[1-129]: Handshake done
I1102 18:32:18.646487 Server/E engine.cpp:674] Engine: New message connection
I1102 18:32:18.646540 IO-0/EL  engine.cpp:277] Engine: Receive new handshake message from message connection
I1102 18:32:18.646545 IO-0/EL  worker_manager.cpp:60] WorkerManager: FuncWorker of func_id 1, client_id 131 connected
I1102 18:32:18.646558 IO-0/EL  message_connection.cpp:269] FuncWorkerConnection[1-131]: Handshake done
I1102 18:32:18.646797 Server/E engine.cpp:674] Engine: New message connection
I1102 18:32:18.646834 IO-0/EL  engine.cpp:277] Engine: Receive new handshake message from message connection
I1102 18:32:18.646839 IO-0/EL  worker_manager.cpp:60] WorkerManager: FuncWorker of func_id 1, client_id 132 connected
I1102 18:32:18.646851 IO-0/EL  message_connection.cpp:269] FuncWorkerConnection[1-132]: Handshake done
I1102 18:32:18.646888 Server/E engine.cpp:674] Engine: New message connection
I1102 18:32:18.646916 IO-0/EL  engine.cpp:277] Engine: Receive new handshake message from message connection
I1102 18:32:18.646921 IO-0/EL  worker_manager.cpp:60] WorkerManager: FuncWorker of func_id 1, client_id 133 connected
I1102 18:32:18.646935 IO-0/EL  message_connection.cpp:269] FuncWorkerConnection[1-133]: Handshake done
I1102 18:32:18.647690 Server/E engine.cpp:674] Engine: New message connection
I1102 18:32:18.647723 IO-0/EL  engine.cpp:277] Engine: Receive new handshake message from message connection
I1102 18:32:18.647728 IO-0/EL  worker_manager.cpp:60] WorkerManager: FuncWorker of func_id 1, client_id 134 connected
I1102 18:32:18.647741 IO-0/EL  message_connection.cpp:269] FuncWorkerConnection[1-134]: Handshake done
I1102 18:32:18.648198 Server/E engine.cpp:674] Engine: New message connection
I1102 18:32:18.648220 IO-0/EL  engine.cpp:277] Engine: Receive new handshake message from message connection
I1102 18:32:18.648225 IO-0/EL  worker_manager.cpp:60] WorkerManager: FuncWorker of func_id 1, client_id 135 connected
I1102 18:32:18.648239 IO-0/EL  message_connection.cpp:269] FuncWorkerConnection[1-135]: Handshake done
I1102 18:32:18.648648 Server/E engine.cpp:674] Engine: New message connection
I1102 18:32:18.648668 IO-0/EL  engine.cpp:277] Engine: Receive new handshake message from message connection
I1102 18:32:18.648672 IO-0/EL  worker_manager.cpp:60] WorkerManager: FuncWorker of func_id 1, client_id 136 connected
I1102 18:32:18.648685 IO-0/EL  message_connection.cpp:269] FuncWorkerConnection[1-136]: Handshake done
I1102 18:32:18.649183 Server/E engine.cpp:674] Engine: New message connection
I1102 18:32:18.649206 IO-0/EL  engine.cpp:277] Engine: Receive new handshake message from message connection
I1102 18:32:18.649211 IO-0/EL  worker_manager.cpp:60] WorkerManager: FuncWorker of func_id 1, client_id 137 connected
I1102 18:32:18.649224 IO-0/EL  message_connection.cpp:269] FuncWorkerConnection[1-137]: Handshake done
I1102 18:32:18.649898 Server/E engine.cpp:674] Engine: New message connection
I1102 18:32:18.649920 IO-0/EL  engine.cpp:277] Engine: Receive new handshake message from message connection
I1102 18:32:18.649925 IO-0/EL  worker_manager.cpp:60] WorkerManager: FuncWorker of func_id 1, client_id 138 connected
I1102 18:32:18.649949 IO-0/EL  message_connection.cpp:269] FuncWorkerConnection[1-138]: Handshake done
I1102 18:32:18.650361 Server/E engine.cpp:674] Engine: New message connection
I1102 18:32:18.650381 IO-0/EL  engine.cpp:277] Engine: Receive new handshake message from message connection
I1102 18:32:18.650385 IO-0/EL  worker_manager.cpp:60] WorkerManager: FuncWorker of func_id 1, client_id 139 connected
I1102 18:32:18.650398 IO-0/EL  message_connection.cpp:269] FuncWorkerConnection[1-139]: Handshake done
I1102 18:32:18.650941 Server/E engine.cpp:674] Engine: New message connection
I1102 18:32:18.650960 IO-0/EL  engine.cpp:277] Engine: Receive new handshake message from message connection
I1102 18:32:18.650965 IO-0/EL  worker_manager.cpp:60] WorkerManager: FuncWorker of func_id 1, client_id 140 connected
I1102 18:32:18.650981 IO-0/EL  message_connection.cpp:269] FuncWorkerConnection[1-140]: Handshake done
I1102 18:32:18.652540 Server/E engine.cpp:674] Engine: New message connection
I1102 18:32:18.652563 IO-0/EL  engine.cpp:277] Engine: Receive new handshake message from message connection
I1102 18:32:18.652568 IO-0/EL  worker_manager.cpp:60] WorkerManager: FuncWorker of func_id 1, client_id 142 connected
I1102 18:32:18.652581 IO-0/EL  message_connection.cpp:269] FuncWorkerConnection[1-142]: Handshake done
I1102 18:32:18.652878 Server/E engine.cpp:674] Engine: New message connection
I1102 18:32:18.652903 IO-0/EL  engine.cpp:277] Engine: Receive new handshake message from message connection
I1102 18:32:18.652908 IO-0/EL  worker_manager.cpp:60] WorkerManager: FuncWorker of func_id 1, client_id 141 connected
I1102 18:32:18.652921 IO-0/EL  message_connection.cpp:269] FuncWorkerConnection[1-141]: Handshake done
I1102 18:32:18.653376 Server/E engine.cpp:674] Engine: New message connection
I1102 18:32:18.653396 IO-0/EL  engine.cpp:277] Engine: Receive new handshake message from message connection
I1102 18:32:18.653400 IO-0/EL  worker_manager.cpp:60] WorkerManager: FuncWorker of func_id 1, client_id 143 connected
I1102 18:32:18.653412 IO-0/EL  message_connection.cpp:269] FuncWorkerConnection[1-143]: Handshake done
I1102 18:32:18.653634 Server/E engine.cpp:674] Engine: New message connection
I1102 18:32:18.653656 IO-0/EL  engine.cpp:277] Engine: Receive new handshake message from message connection
I1102 18:32:18.653661 IO-0/EL  worker_manager.cpp:60] WorkerManager: FuncWorker of func_id 1, client_id 144 connected
I1102 18:32:18.653673 IO-0/EL  message_connection.cpp:269] FuncWorkerConnection[1-144]: Handshake done
I1102 18:32:18.654132 Server/E engine.cpp:674] Engine: New message connection
I1102 18:32:18.654150 IO-0/EL  engine.cpp:277] Engine: Receive new handshake message from message connection
I1102 18:32:18.654155 IO-0/EL  worker_manager.cpp:60] WorkerManager: FuncWorker of func_id 1, client_id 145 connected
I1102 18:32:18.654168 IO-0/EL  message_connection.cpp:269] FuncWorkerConnection[1-145]: Handshake done
I1102 18:32:18.654681 Server/E engine.cpp:674] Engine: New message connection
I1102 18:32:18.654705 IO-0/EL  engine.cpp:277] Engine: Receive new handshake message from message connection
I1102 18:32:18.654713 IO-0/EL  worker_manager.cpp:60] WorkerManager: FuncWorker of func_id 1, client_id 146 connected
I1102 18:32:18.654727 IO-0/EL  message_connection.cpp:269] FuncWorkerConnection[1-146]: Handshake done
I1102 18:32:18.655214 Server/E engine.cpp:674] Engine: New message connection
I1102 18:32:18.655233 IO-0/EL  engine.cpp:277] Engine: Receive new handshake message from message connection
I1102 18:32:18.655237 IO-0/EL  worker_manager.cpp:60] WorkerManager: FuncWorker of func_id 1, client_id 147 connected
I1102 18:32:18.655250 IO-0/EL  message_connection.cpp:269] FuncWorkerConnection[1-147]: Handshake done
I1102 18:32:18.655744 Server/E engine.cpp:674] Engine: New message connection
I1102 18:32:18.655768 IO-0/EL  engine.cpp:277] Engine: Receive new handshake message from message connection
I1102 18:32:18.655773 IO-0/EL  worker_manager.cpp:60] WorkerManager: FuncWorker of func_id 1, client_id 148 connected
I1102 18:32:18.655792 IO-0/EL  message_connection.cpp:269] FuncWorkerConnection[1-148]: Handshake done
I1102 18:32:18.656352 Server/E engine.cpp:674] Engine: New message connection
I1102 18:32:18.656385 IO-0/EL  engine.cpp:277] Engine: Receive new handshake message from message connection
I1102 18:32:18.656389 IO-0/EL  worker_manager.cpp:60] WorkerManager: FuncWorker of func_id 1, client_id 149 connected
I1102 18:32:18.656404 IO-0/EL  message_connection.cpp:269] FuncWorkerConnection[1-149]: Handshake done
I1102 18:32:18.657003 Server/E engine.cpp:674] Engine: New message connection
I1102 18:32:18.657030 IO-0/EL  engine.cpp:277] Engine: Receive new handshake message from message connection
I1102 18:32:18.657035 IO-0/EL  worker_manager.cpp:60] WorkerManager: FuncWorker of func_id 1, client_id 150 connected
I1102 18:32:18.657048 IO-0/EL  message_connection.cpp:269] FuncWorkerConnection[1-150]: Handshake done
I1102 18:32:18.657431 Server/E engine.cpp:674] Engine: New message connection
I1102 18:32:18.657453 IO-0/EL  engine.cpp:277] Engine: Receive new handshake message from message connection
I1102 18:32:18.657458 IO-0/EL  worker_manager.cpp:60] WorkerManager: FuncWorker of func_id 1, client_id 151 connected
I1102 18:32:18.657471 IO-0/EL  message_connection.cpp:269] FuncWorkerConnection[1-151]: Handshake done
I1102 18:32:18.657979 Server/E engine.cpp:674] Engine: New message connection
I1102 18:32:18.658003 IO-0/EL  engine.cpp:277] Engine: Receive new handshake message from message connection
I1102 18:32:18.658008 IO-0/EL  worker_manager.cpp:60] WorkerManager: FuncWorker of func_id 1, client_id 152 connected
I1102 18:32:18.658021 IO-0/EL  message_connection.cpp:269] FuncWorkerConnection[1-152]: Handshake done
I1102 18:32:18.658174 Server/E engine.cpp:674] Engine: New message connection
I1102 18:32:18.658194 IO-0/EL  engine.cpp:277] Engine: Receive new handshake message from message connection
I1102 18:32:18.658198 IO-0/EL  worker_manager.cpp:60] WorkerManager: FuncWorker of func_id 1, client_id 153 connected
I1102 18:32:18.658211 IO-0/EL  message_connection.cpp:269] FuncWorkerConnection[1-153]: Handshake done
I1102 18:32:18.658996 Server/E engine.cpp:674] Engine: New message connection
I1102 18:32:18.659026 IO-0/EL  engine.cpp:277] Engine: Receive new handshake message from message connection
I1102 18:32:18.659030 IO-0/EL  worker_manager.cpp:60] WorkerManager: FuncWorker of func_id 1, client_id 154 connected
I1102 18:32:18.659044 IO-0/EL  message_connection.cpp:269] FuncWorkerConnection[1-154]: Handshake done
I1102 18:32:18.659522 Server/E engine.cpp:674] Engine: New message connection
I1102 18:32:18.659543 IO-0/EL  engine.cpp:277] Engine: Receive new handshake message from message connection
I1102 18:32:18.659547 IO-0/EL  worker_manager.cpp:60] WorkerManager: FuncWorker of func_id 1, client_id 155 connected
I1102 18:32:18.659563 IO-0/EL  message_connection.cpp:269] FuncWorkerConnection[1-155]: Handshake done
I1102 18:32:18.660128 Server/E engine.cpp:674] Engine: New message connection
I1102 18:32:18.660150 IO-0/EL  engine.cpp:277] Engine: Receive new handshake message from message connection
I1102 18:32:18.660155 IO-0/EL  worker_manager.cpp:60] WorkerManager: FuncWorker of func_id 1, client_id 156 connected
I1102 18:32:18.660168 IO-0/EL  message_connection.cpp:269] FuncWorkerConnection[1-156]: Handshake done
I1102 18:32:18.660756 Server/E engine.cpp:674] Engine: New message connection
I1102 18:32:18.660785 IO-0/EL  engine.cpp:277] Engine: Receive new handshake message from message connection
I1102 18:32:18.660790 IO-0/EL  worker_manager.cpp:60] WorkerManager: FuncWorker of func_id 1, client_id 157 connected
I1102 18:32:18.660803 IO-0/EL  message_connection.cpp:269] FuncWorkerConnection[1-157]: Handshake done
I1102 18:32:18.661202 Server/E engine.cpp:674] Engine: New message connection
I1102 18:32:18.661222 IO-0/EL  engine.cpp:277] Engine: Receive new handshake message from message connection
I1102 18:32:18.661226 IO-0/EL  worker_manager.cpp:60] WorkerManager: FuncWorker of func_id 1, client_id 158 connected
I1102 18:32:18.661245 IO-0/EL  message_connection.cpp:269] FuncWorkerConnection[1-158]: Handshake done
I1102 18:32:18.661798 Server/E engine.cpp:674] Engine: New message connection
I1102 18:32:18.661831 IO-0/EL  engine.cpp:277] Engine: Receive new handshake message from message connection
I1102 18:32:18.661836 IO-0/EL  worker_manager.cpp:60] WorkerManager: FuncWorker of func_id 1, client_id 159 connected
I1102 18:32:18.661849 IO-0/EL  message_connection.cpp:269] FuncWorkerConnection[1-159]: Handshake done
I1102 18:32:18.662302 Server/E engine.cpp:674] Engine: New message connection
I1102 18:32:18.662323 IO-0/EL  engine.cpp:277] Engine: Receive new handshake message from message connection
I1102 18:32:18.662327 IO-0/EL  worker_manager.cpp:60] WorkerManager: FuncWorker of func_id 1, client_id 160 connected
I1102 18:32:18.662339 IO-0/EL  message_connection.cpp:269] FuncWorkerConnection[1-160]: Handshake done
I1102 18:32:18.662867 Server/E engine.cpp:674] Engine: New message connection
I1102 18:32:18.662891 IO-0/EL  engine.cpp:277] Engine: Receive new handshake message from message connection
I1102 18:32:18.662896 IO-0/EL  worker_manager.cpp:60] WorkerManager: FuncWorker of func_id 1, client_id 161 connected
I1102 18:32:18.662909 IO-0/EL  message_connection.cpp:269] FuncWorkerConnection[1-161]: Handshake done
I1102 18:32:18.663428 Server/E engine.cpp:674] Engine: New message connection
I1102 18:32:18.663447 IO-0/EL  engine.cpp:277] Engine: Receive new handshake message from message connection
I1102 18:32:18.663452 IO-0/EL  worker_manager.cpp:60] WorkerManager: FuncWorker of func_id 1, client_id 162 connected
I1102 18:32:18.663464 IO-0/EL  message_connection.cpp:269] FuncWorkerConnection[1-162]: Handshake done
I1102 18:32:18.663993 Server/E engine.cpp:674] Engine: New message connection
I1102 18:32:18.664015 IO-0/EL  engine.cpp:277] Engine: Receive new handshake message from message connection
I1102 18:32:18.664020 IO-0/EL  worker_manager.cpp:60] WorkerManager: FuncWorker of func_id 1, client_id 163 connected
I1102 18:32:18.664033 IO-0/EL  message_connection.cpp:269] FuncWorkerConnection[1-163]: Handshake done
I1102 18:32:18.664545 Server/E engine.cpp:674] Engine: New message connection
I1102 18:32:18.682748 Server/E engine.cpp:674] Engine: New message connection
I1102 18:32:18.682784 Server/E engine.cpp:674] Engine: New message connection
I1102 18:32:18.682792 IO-0/EL  engine.cpp:277] Engine: Receive new handshake message from message connection
I1102 18:32:18.682804 Server/E engine.cpp:674] Engine: New message connection
I1102 18:32:18.682805 IO-0/EL  worker_manager.cpp:60] WorkerManager: FuncWorker of func_id 1, client_id 164 connected
I1102 18:32:18.682822 Server/E engine.cpp:674] Engine: New message connection
I1102 18:32:18.682836 Server/E engine.cpp:674] Engine: New message connection
I1102 18:32:18.682836 IO-0/EL  message_connection.cpp:269] FuncWorkerConnection[1-164]: Handshake done
I1102 18:32:18.682859 Server/E engine.cpp:674] Engine: New message connection
I1102 18:32:18.682875 Server/E engine.cpp:674] Engine: New message connection
I1102 18:32:18.682881 IO-0/EL  engine.cpp:277] Engine: Receive new handshake message from message connection
I1102 18:32:18.682886 IO-0/EL  worker_manager.cpp:60] WorkerManager: FuncWorker of func_id 1, client_id 165 connected
I1102 18:32:18.682893 Server/E engine.cpp:674] Engine: New message connection
I1102 18:32:18.682906 IO-0/EL  message_connection.cpp:269] FuncWorkerConnection[1-165]: Handshake done
I1102 18:32:18.682913 Server/E engine.cpp:674] Engine: New message connection
I1102 18:32:18.682922 IO-0/EL  engine.cpp:277] Engine: Receive new handshake message from message connection
I1102 18:32:18.682927 IO-0/EL  worker_manager.cpp:60] WorkerManager: FuncWorker of func_id 1, client_id 166 connected
I1102 18:32:18.682929 Server/E engine.cpp:674] Engine: New message connection
I1102 18:32:18.682945 IO-0/EL  message_connection.cpp:269] FuncWorkerConnection[1-166]: Handshake done
I1102 18:32:18.682946 Server/E engine.cpp:674] Engine: New message connection
I1102 18:32:18.682970 IO-0/EL  engine.cpp:277] Engine: Receive new handshake message from message connection
I1102 18:32:18.682986 IO-0/EL  worker_manager.cpp:60] WorkerManager: FuncWorker of func_id 1, client_id 167 connected
I1102 18:32:18.682992 Server/E engine.cpp:674] Engine: New message connection
I1102 18:32:18.683007 IO-0/EL  message_connection.cpp:269] FuncWorkerConnection[1-167]: Handshake done
I1102 18:32:18.683007 Server/E engine.cpp:674] Engine: New message connection
I1102 18:32:18.683027 IO-0/EL  engine.cpp:277] Engine: Receive new handshake message from message connection
I1102 18:32:18.683033 IO-0/EL  worker_manager.cpp:60] WorkerManager: FuncWorker of func_id 1, client_id 168 connected
I1102 18:32:18.683036 Server/E engine.cpp:674] Engine: New message connection
I1102 18:32:18.683050 IO-0/EL  message_connection.cpp:269] FuncWorkerConnection[1-168]: Handshake done
I1102 18:32:18.683052 Server/E engine.cpp:674] Engine: New message connection
I1102 18:32:18.683072 IO-0/EL  engine.cpp:277] Engine: Receive new handshake message from message connection
I1102 18:32:18.683073 Server/E engine.cpp:674] Engine: New message connection
I1102 18:32:18.683077 IO-0/EL  worker_manager.cpp:60] WorkerManager: FuncWorker of func_id 1, client_id 169 connected
I1102 18:32:18.683093 Server/E engine.cpp:674] Engine: New message connection
I1102 18:32:18.683097 IO-0/EL  message_connection.cpp:269] FuncWorkerConnection[1-169]: Handshake done
I1102 18:32:18.683111 Server/E engine.cpp:674] Engine: New message connection
I1102 18:32:18.683114 IO-0/EL  engine.cpp:277] Engine: Receive new handshake message from message connection
I1102 18:32:18.683121 IO-0/EL  worker_manager.cpp:60] WorkerManager: FuncWorker of func_id 1, client_id 170 connected
I1102 18:32:18.683129 Server/E engine.cpp:674] Engine: New message connection
I1102 18:32:18.683143 IO-0/EL  message_connection.cpp:269] FuncWorkerConnection[1-170]: Handshake done
I1102 18:32:18.683144 Server/E engine.cpp:674] Engine: New message connection
I1102 18:32:18.683162 IO-0/EL  engine.cpp:277] Engine: Receive new handshake message from message connection
I1102 18:32:18.683168 IO-0/EL  worker_manager.cpp:60] WorkerManager: FuncWorker of func_id 1, client_id 171 connected
I1102 18:32:18.683171 Server/E engine.cpp:674] Engine: New message connection
I1102 18:32:18.683185 IO-0/EL  message_connection.cpp:269] FuncWorkerConnection[1-171]: Handshake done
I1102 18:32:18.683190 Server/E engine.cpp:674] Engine: New message connection
I1102 18:32:18.683205 Server/E engine.cpp:674] Engine: New message connection
I1102 18:32:18.683205 IO-0/EL  engine.cpp:277] Engine: Receive new handshake message from message connection
I1102 18:32:18.683220 IO-0/EL  worker_manager.cpp:60] WorkerManager: FuncWorker of func_id 1, client_id 172 connected
I1102 18:32:18.683224 Server/E engine.cpp:674] Engine: New message connection
I1102 18:32:18.683238 IO-0/EL  message_connection.cpp:269] FuncWorkerConnection[1-172]: Handshake done
I1102 18:32:18.683239 Server/E engine.cpp:674] Engine: New message connection
I1102 18:32:18.683257 IO-0/EL  engine.cpp:277] Engine: Receive new handshake message from message connection
I1102 18:32:18.683262 IO-0/EL  worker_manager.cpp:60] WorkerManager: FuncWorker of func_id 1, client_id 173 connected
I1102 18:32:18.683265 Server/E engine.cpp:674] Engine: New message connection
I1102 18:32:18.683280 IO-0/EL  message_connection.cpp:269] FuncWorkerConnection[1-173]: Handshake done
I1102 18:32:18.683284 Server/E engine.cpp:674] Engine: New message connection
I1102 18:32:18.683299 Server/E engine.cpp:674] Engine: New message connection
I1102 18:32:18.683301 IO-0/EL  engine.cpp:277] Engine: Receive new handshake message from message connection
I1102 18:32:18.683308 IO-0/EL  worker_manager.cpp:60] WorkerManager: FuncWorker of func_id 1, client_id 174 connected
I1102 18:32:18.683316 Server/E engine.cpp:674] Engine: New message connection
I1102 18:32:18.683325 IO-0/EL  message_connection.cpp:269] FuncWorkerConnection[1-174]: Handshake done
I1102 18:32:18.683332 Server/E engine.cpp:674] Engine: New message connection
I1102 18:32:18.683342 IO-0/EL  engine.cpp:277] Engine: Receive new handshake message from message connection
I1102 18:32:18.683349 IO-0/EL  worker_manager.cpp:60] WorkerManager: FuncWorker of func_id 1, client_id 175 connected
I1102 18:32:18.683356 Server/E engine.cpp:674] Engine: New message connection
I1102 18:32:18.683367 IO-0/EL  message_connection.cpp:269] FuncWorkerConnection[1-175]: Handshake done
I1102 18:32:18.683374 Server/E engine.cpp:674] Engine: New message connection
I1102 18:32:18.683387 IO-0/EL  engine.cpp:277] Engine: Receive new handshake message from message connection
I1102 18:32:18.683389 Server/E engine.cpp:674] Engine: New message connection
I1102 18:32:18.683392 IO-0/EL  worker_manager.cpp:60] WorkerManager: FuncWorker of func_id 1, client_id 176 connected
I1102 18:32:18.683407 Server/E engine.cpp:674] Engine: New message connection
I1102 18:32:18.683412 IO-0/EL  message_connection.cpp:269] FuncWorkerConnection[1-176]: Handshake done
I1102 18:32:18.683427 IO-0/EL  engine.cpp:277] Engine: Receive new handshake message from message connection
I1102 18:32:18.683433 IO-0/EL  worker_manager.cpp:60] WorkerManager: FuncWorker of func_id 1, client_id 177 connected
I1102 18:32:18.683451 IO-0/EL  message_connection.cpp:269] FuncWorkerConnection[1-177]: Handshake done
I1102 18:32:18.683469 IO-0/EL  engine.cpp:277] Engine: Receive new handshake message from message connection
I1102 18:32:18.683473 IO-0/EL  worker_manager.cpp:60] WorkerManager: FuncWorker of func_id 1, client_id 178 connected
I1102 18:32:18.683486 IO-0/EL  message_connection.cpp:269] FuncWorkerConnection[1-178]: Handshake done
I1102 18:32:18.683498 IO-0/EL  engine.cpp:277] Engine: Receive new handshake message from message connection
I1102 18:32:18.683502 IO-0/EL  worker_manager.cpp:60] WorkerManager: FuncWorker of func_id 1, client_id 179 connected
I1102 18:32:18.683513 IO-0/EL  message_connection.cpp:269] FuncWorkerConnection[1-179]: Handshake done
I1102 18:32:18.683525 IO-0/EL  engine.cpp:277] Engine: Receive new handshake message from message connection
I1102 18:32:18.683529 IO-0/EL  worker_manager.cpp:60] WorkerManager: FuncWorker of func_id 1, client_id 180 connected
I1102 18:32:18.683540 IO-0/EL  message_connection.cpp:269] FuncWorkerConnection[1-180]: Handshake done
I1102 18:32:18.683550 IO-0/EL  engine.cpp:277] Engine: Receive new handshake message from message connection
I1102 18:32:18.683553 IO-0/EL  worker_manager.cpp:60] WorkerManager: FuncWorker of func_id 1, client_id 181 connected
I1102 18:32:18.683564 IO-0/EL  message_connection.cpp:269] FuncWorkerConnection[1-181]: Handshake done
I1102 18:32:18.683578 IO-0/EL  engine.cpp:277] Engine: Receive new handshake message from message connection
I1102 18:32:18.683581 IO-0/EL  worker_manager.cpp:60] WorkerManager: FuncWorker of func_id 1, client_id 182 connected
I1102 18:32:18.683595 IO-0/EL  message_connection.cpp:269] FuncWorkerConnection[1-182]: Handshake done
I1102 18:32:18.683597 Server/E engine.cpp:674] Engine: New message connection
I1102 18:32:18.683611 IO-0/EL  engine.cpp:277] Engine: Receive new handshake message from message connection
I1102 18:32:18.683617 IO-0/EL  worker_manager.cpp:60] WorkerManager: FuncWorker of func_id 1, client_id 183 connected
I1102 18:32:18.683635 IO-0/EL  message_connection.cpp:269] FuncWorkerConnection[1-183]: Handshake done
I1102 18:32:18.683650 IO-0/EL  engine.cpp:277] Engine: Receive new handshake message from message connection
I1102 18:32:18.683654 IO-0/EL  worker_manager.cpp:60] WorkerManager: FuncWorker of func_id 1, client_id 184 connected
I1102 18:32:18.683665 IO-0/EL  message_connection.cpp:269] FuncWorkerConnection[1-184]: Handshake done
I1102 18:32:18.683677 IO-0/EL  engine.cpp:277] Engine: Receive new handshake message from message connection
I1102 18:32:18.683680 IO-0/EL  worker_manager.cpp:60] WorkerManager: FuncWorker of func_id 1, client_id 185 connected
I1102 18:32:18.683694 IO-0/EL  message_connection.cpp:269] FuncWorkerConnection[1-185]: Handshake done
I1102 18:32:18.683706 IO-0/EL  engine.cpp:277] Engine: Receive new handshake message from message connection
I1102 18:32:18.683726 IO-0/EL  worker_manager.cpp:60] WorkerManager: FuncWorker of func_id 1, client_id 186 connected
I1102 18:32:18.683738 IO-0/EL  message_connection.cpp:269] FuncWorkerConnection[1-186]: Handshake done
I1102 18:32:18.683749 IO-0/EL  engine.cpp:277] Engine: Receive new handshake message from message connection
I1102 18:32:18.683752 IO-0/EL  worker_manager.cpp:60] WorkerManager: FuncWorker of func_id 1, client_id 187 connected
I1102 18:32:18.683766 IO-0/EL  message_connection.cpp:269] FuncWorkerConnection[1-187]: Handshake done
I1102 18:32:18.683776 IO-0/EL  engine.cpp:277] Engine: Receive new handshake message from message connection
I1102 18:32:18.683780 IO-0/EL  worker_manager.cpp:60] WorkerManager: FuncWorker of func_id 1, client_id 188 connected
I1102 18:32:18.683790 IO-0/EL  message_connection.cpp:269] FuncWorkerConnection[1-188]: Handshake done
I1102 18:32:18.683803 IO-0/EL  engine.cpp:277] Engine: Receive new handshake message from message connection
I1102 18:32:18.683807 IO-0/EL  worker_manager.cpp:60] WorkerManager: FuncWorker of func_id 1, client_id 189 connected
I1102 18:32:18.683818 IO-0/EL  message_connection.cpp:269] FuncWorkerConnection[1-189]: Handshake done
I1102 18:32:18.683828 IO-0/EL  engine.cpp:277] Engine: Receive new handshake message from message connection
I1102 18:32:18.683832 IO-0/EL  worker_manager.cpp:60] WorkerManager: FuncWorker of func_id 1, client_id 190 connected
I1102 18:32:18.683843 IO-0/EL  message_connection.cpp:269] FuncWorkerConnection[1-190]: Handshake done
I1102 18:32:18.683856 IO-0/EL  engine.cpp:277] Engine: Receive new handshake message from message connection
I1102 18:32:18.683859 IO-0/EL  worker_manager.cpp:60] WorkerManager: FuncWorker of func_id 1, client_id 191 connected
I1102 18:32:18.683870 IO-0/EL  message_connection.cpp:269] FuncWorkerConnection[1-191]: Handshake done
I1102 18:32:18.683880 IO-0/EL  engine.cpp:277] Engine: Receive new handshake message from message connection
I1102 18:32:18.683883 IO-0/EL  worker_manager.cpp:60] WorkerManager: FuncWorker of func_id 1, client_id 192 connected
I1102 18:32:18.683894 IO-0/EL  message_connection.cpp:269] FuncWorkerConnection[1-192]: Handshake done
I1102 18:32:18.683907 IO-0/EL  engine.cpp:277] Engine: Receive new handshake message from message connection
I1102 18:32:18.683910 IO-0/EL  worker_manager.cpp:60] WorkerManager: FuncWorker of func_id 1, client_id 193 connected
I1102 18:32:18.683921 IO-0/EL  message_connection.cpp:269] FuncWorkerConnection[1-193]: Handshake done
I1102 18:32:18.683931 IO-0/EL  engine.cpp:277] Engine: Receive new handshake message from message connection
I1102 18:32:18.683935 IO-0/EL  worker_manager.cpp:60] WorkerManager: FuncWorker of func_id 1, client_id 194 connected
I1102 18:32:18.683946 IO-0/EL  message_connection.cpp:269] FuncWorkerConnection[1-194]: Handshake done
I1102 18:32:18.683960 IO-0/EL  engine.cpp:277] Engine: Receive new handshake message from message connection
I1102 18:32:18.683966 IO-0/EL  worker_manager.cpp:60] WorkerManager: FuncWorker of func_id 1, client_id 195 connected
I1102 18:32:18.683978 IO-0/EL  message_connection.cpp:269] FuncWorkerConnection[1-195]: Handshake done
I1102 18:32:18.683993 IO-0/EL  engine.cpp:277] Engine: Receive new handshake message from message connection
I1102 18:32:18.683999 IO-0/EL  worker_manager.cpp:60] WorkerManager: FuncWorker of func_id 1, client_id 196 connected
I1102 18:32:18.684015 IO-0/EL  message_connection.cpp:269] FuncWorkerConnection[1-196]: Handshake done
I1102 18:32:18.684030 IO-0/EL  engine.cpp:277] Engine: Receive new handshake message from message connection
I1102 18:32:18.684034 IO-0/EL  worker_manager.cpp:60] WorkerManager: FuncWorker of func_id 1, client_id 197 connected
I1102 18:32:18.684045 IO-0/EL  message_connection.cpp:269] FuncWorkerConnection[1-197]: Handshake done
I1102 18:32:18.684055 IO-0/EL  engine.cpp:277] Engine: Receive new handshake message from message connection
I1102 18:32:18.684058 IO-0/EL  worker_manager.cpp:60] WorkerManager: FuncWorker of func_id 1, client_id 198 connected
I1102 18:32:18.684075 IO-0/EL  message_connection.cpp:269] FuncWorkerConnection[1-198]: Handshake done
I1102 18:32:18.684086 IO-0/EL  engine.cpp:277] Engine: Receive new handshake message from message connection
I1102 18:32:18.684090 IO-0/EL  worker_manager.cpp:60] WorkerManager: FuncWorker of func_id 1, client_id 199 connected
I1102 18:32:18.684102 IO-0/EL  message_connection.cpp:269] FuncWorkerConnection[1-199]: Handshake done
I1102 18:32:18.684839 Server/E engine.cpp:674] Engine: New message connection
I1102 18:32:18.684868 IO-0/EL  engine.cpp:277] Engine: Receive new handshake message from message connection
I1102 18:32:18.684875 IO-0/EL  worker_manager.cpp:60] WorkerManager: FuncWorker of func_id 1, client_id 201 connected
I1102 18:32:18.684887 IO-0/EL  message_connection.cpp:269] FuncWorkerConnection[1-201]: Handshake done
I1102 18:32:18.685159 Server/E engine.cpp:674] Engine: New message connection
I1102 18:32:18.685188 IO-0/EL  engine.cpp:277] Engine: Receive new handshake message from message connection
I1102 18:32:18.685193 IO-0/EL  worker_manager.cpp:60] WorkerManager: FuncWorker of func_id 1, client_id 200 connected
I1102 18:32:18.685204 IO-0/EL  message_connection.cpp:269] FuncWorkerConnection[1-200]: Handshake done
I1102 18:32:18.685358 Server/E engine.cpp:674] Engine: New message connection
I1102 18:32:18.685384 IO-0/EL  engine.cpp:277] Engine: Receive new handshake message from message connection
I1102 18:32:18.685389 IO-0/EL  worker_manager.cpp:60] WorkerManager: FuncWorker of func_id 1, client_id 202 connected
I1102 18:32:18.685401 IO-0/EL  message_connection.cpp:269] FuncWorkerConnection[1-202]: Handshake done
I1102 18:32:18.685887 Server/E engine.cpp:674] Engine: New message connection
I1102 18:32:18.685919 IO-0/EL  engine.cpp:277] Engine: Receive new handshake message from message connection
I1102 18:32:18.685924 IO-0/EL  worker_manager.cpp:60] WorkerManager: FuncWorker of func_id 1, client_id 203 connected
I1102 18:32:18.685936 IO-0/EL  message_connection.cpp:269] FuncWorkerConnection[1-203]: Handshake done
I1102 18:32:18.686471 Server/E engine.cpp:674] Engine: New message connection
I1102 18:32:18.686499 IO-0/EL  engine.cpp:277] Engine: Receive new handshake message from message connection
I1102 18:32:18.686505 IO-0/EL  worker_manager.cpp:60] WorkerManager: FuncWorker of func_id 1, client_id 204 connected
I1102 18:32:18.686520 IO-0/EL  message_connection.cpp:269] FuncWorkerConnection[1-204]: Handshake done
I1102 18:32:18.686977 Server/E engine.cpp:674] Engine: New message connection
I1102 18:32:18.687004 IO-0/EL  engine.cpp:277] Engine: Receive new handshake message from message connection
I1102 18:32:18.687009 IO-0/EL  worker_manager.cpp:60] WorkerManager: FuncWorker of func_id 1, client_id 205 connected
I1102 18:32:18.687021 IO-0/EL  message_connection.cpp:269] FuncWorkerConnection[1-205]: Handshake done
I1102 18:32:18.687456 Server/E engine.cpp:674] Engine: New message connection
I1102 18:32:18.687485 IO-0/EL  engine.cpp:277] Engine: Receive new handshake message from message connection
I1102 18:32:18.687489 IO-0/EL  worker_manager.cpp:60] WorkerManager: FuncWorker of func_id 1, client_id 206 connected
I1102 18:32:18.687500 IO-0/EL  message_connection.cpp:269] FuncWorkerConnection[1-206]: Handshake done
I1102 18:32:18.687949 Server/E engine.cpp:674] Engine: New message connection
I1102 18:32:18.687976 IO-0/EL  engine.cpp:277] Engine: Receive new handshake message from message connection
I1102 18:32:18.687982 IO-0/EL  worker_manager.cpp:60] WorkerManager: FuncWorker of func_id 1, client_id 207 connected
I1102 18:32:18.687993 IO-0/EL  message_connection.cpp:269] FuncWorkerConnection[1-207]: Handshake done
I1102 18:32:18.688397 Server/E engine.cpp:674] Engine: New message connection
I1102 18:32:18.688429 IO-0/EL  engine.cpp:277] Engine: Receive new handshake message from message connection
I1102 18:32:18.688434 IO-0/EL  worker_manager.cpp:60] WorkerManager: FuncWorker of func_id 1, client_id 208 connected
I1102 18:32:18.688445 IO-0/EL  message_connection.cpp:269] FuncWorkerConnection[1-208]: Handshake done
I1102 18:32:18.688904 Server/E engine.cpp:674] Engine: New message connection
I1102 18:32:18.688930 IO-0/EL  engine.cpp:277] Engine: Receive new handshake message from message connection
I1102 18:32:18.688936 IO-0/EL  worker_manager.cpp:60] WorkerManager: FuncWorker of func_id 1, client_id 209 connected
I1102 18:32:18.688948 IO-0/EL  message_connection.cpp:269] FuncWorkerConnection[1-209]: Handshake done
I1102 18:32:18.689419 Server/E engine.cpp:674] Engine: New message connection
I1102 18:32:18.689452 IO-0/EL  engine.cpp:277] Engine: Receive new handshake message from message connection
I1102 18:32:18.689457 IO-0/EL  worker_manager.cpp:60] WorkerManager: FuncWorker of func_id 1, client_id 210 connected
I1102 18:32:18.689468 IO-0/EL  message_connection.cpp:269] FuncWorkerConnection[1-210]: Handshake done
I1102 18:32:18.689873 Server/E engine.cpp:674] Engine: New message connection
I1102 18:32:18.689898 IO-0/EL  engine.cpp:277] Engine: Receive new handshake message from message connection
I1102 18:32:18.689904 IO-0/EL  worker_manager.cpp:60] WorkerManager: FuncWorker of func_id 1, client_id 211 connected
I1102 18:32:18.689916 IO-0/EL  message_connection.cpp:269] FuncWorkerConnection[1-211]: Handshake done
I1102 18:32:18.690451 Server/E engine.cpp:674] Engine: New message connection
I1102 18:32:18.690481 IO-0/EL  engine.cpp:277] Engine: Receive new handshake message from message connection
I1102 18:32:18.690486 IO-0/EL  worker_manager.cpp:60] WorkerManager: FuncWorker of func_id 1, client_id 212 connected
I1102 18:32:18.690497 IO-0/EL  message_connection.cpp:269] FuncWorkerConnection[1-212]: Handshake done
I1102 18:32:18.691773 Server/E engine.cpp:674] Engine: New message connection
I1102 18:32:18.691801 IO-0/EL  engine.cpp:277] Engine: Receive new handshake message from message connection
I1102 18:32:18.691807 IO-0/EL  worker_manager.cpp:60] WorkerManager: FuncWorker of func_id 1, client_id 214 connected
I1102 18:32:18.691821 IO-0/EL  message_connection.cpp:269] FuncWorkerConnection[1-214]: Handshake done
I1102 18:32:18.691865 Server/E engine.cpp:674] Engine: New message connection
I1102 18:32:18.691896 IO-0/EL  engine.cpp:277] Engine: Receive new handshake message from message connection
I1102 18:32:18.691901 IO-0/EL  worker_manager.cpp:60] WorkerManager: FuncWorker of func_id 1, client_id 213 connected
I1102 18:32:18.691913 IO-0/EL  message_connection.cpp:269] FuncWorkerConnection[1-213]: Handshake done
I1102 18:32:18.692287 Server/E engine.cpp:674] Engine: New message connection
I1102 18:32:18.692313 IO-0/EL  engine.cpp:277] Engine: Receive new handshake message from message connection
I1102 18:32:18.692319 IO-0/EL  worker_manager.cpp:60] WorkerManager: FuncWorker of func_id 1, client_id 215 connected
I1102 18:32:18.692332 IO-0/EL  message_connection.cpp:269] FuncWorkerConnection[1-215]: Handshake done
I1102 18:32:18.692716 Server/E engine.cpp:674] Engine: New message connection
I1102 18:32:18.692749 IO-0/EL  engine.cpp:277] Engine: Receive new handshake message from message connection
I1102 18:32:18.692753 IO-0/EL  worker_manager.cpp:60] WorkerManager: FuncWorker of func_id 1, client_id 216 connected
I1102 18:32:18.692765 IO-0/EL  message_connection.cpp:269] FuncWorkerConnection[1-216]: Handshake done
I1102 18:32:18.693263 Server/E engine.cpp:674] Engine: New message connection
I1102 18:32:18.693288 IO-0/EL  engine.cpp:277] Engine: Receive new handshake message from message connection
I1102 18:32:18.693293 IO-0/EL  worker_manager.cpp:60] WorkerManager: FuncWorker of func_id 1, client_id 217 connected
I1102 18:32:18.693305 IO-0/EL  message_connection.cpp:269] FuncWorkerConnection[1-217]: Handshake done
I1102 18:32:18.693746 Server/E engine.cpp:674] Engine: New message connection
I1102 18:32:18.693782 IO-0/EL  engine.cpp:277] Engine: Receive new handshake message from message connection
I1102 18:32:18.693787 IO-0/EL  worker_manager.cpp:60] WorkerManager: FuncWorker of func_id 1, client_id 218 connected
I1102 18:32:18.693799 IO-0/EL  message_connection.cpp:269] FuncWorkerConnection[1-218]: Handshake done
I1102 18:32:18.694186 Server/E engine.cpp:674] Engine: New message connection
I1102 18:32:18.694212 IO-0/EL  engine.cpp:277] Engine: Receive new handshake message from message connection
I1102 18:32:18.694217 IO-0/EL  worker_manager.cpp:60] WorkerManager: FuncWorker of func_id 1, client_id 219 connected
I1102 18:32:18.694229 IO-0/EL  message_connection.cpp:269] FuncWorkerConnection[1-219]: Handshake done
I1102 18:32:18.694628 Server/E engine.cpp:674] Engine: New message connection
I1102 18:32:18.694660 IO-0/EL  engine.cpp:277] Engine: Receive new handshake message from message connection
I1102 18:32:18.694665 IO-0/EL  worker_manager.cpp:60] WorkerManager: FuncWorker of func_id 1, client_id 220 connected
I1102 18:32:18.694676 IO-0/EL  message_connection.cpp:269] FuncWorkerConnection[1-220]: Handshake done
I1102 18:32:18.695145 Server/E engine.cpp:674] Engine: New message connection
I1102 18:32:18.695173 IO-0/EL  engine.cpp:277] Engine: Receive new handshake message from message connection
I1102 18:32:18.695178 IO-0/EL  worker_manager.cpp:60] WorkerManager: FuncWorker of func_id 1, client_id 221 connected
I1102 18:32:18.695194 IO-0/EL  message_connection.cpp:269] FuncWorkerConnection[1-221]: Handshake done
I1102 18:32:18.695603 Server/E engine.cpp:674] Engine: New message connection
I1102 18:32:18.695627 IO-0/EL  engine.cpp:277] Engine: Receive new handshake message from message connection
I1102 18:32:18.695633 IO-0/EL  worker_manager.cpp:60] WorkerManager: FuncWorker of func_id 1, client_id 222 connected
I1102 18:32:18.695644 IO-0/EL  message_connection.cpp:269] FuncWorkerConnection[1-222]: Handshake done
I1102 18:32:18.696106 Server/E engine.cpp:674] Engine: New message connection
I1102 18:32:18.696138 IO-0/EL  engine.cpp:277] Engine: Receive new handshake message from message connection
I1102 18:32:18.696142 IO-0/EL  worker_manager.cpp:60] WorkerManager: FuncWorker of func_id 1, client_id 223 connected
I1102 18:32:18.696154 IO-0/EL  message_connection.cpp:269] FuncWorkerConnection[1-223]: Handshake done
I1102 18:32:18.696600 Server/E engine.cpp:674] Engine: New message connection
I1102 18:32:18.696635 IO-0/EL  engine.cpp:277] Engine: Receive new handshake message from message connection
I1102 18:32:18.696642 IO-0/EL  worker_manager.cpp:60] WorkerManager: FuncWorker of func_id 1, client_id 224 connected
I1102 18:32:18.696654 IO-0/EL  message_connection.cpp:269] FuncWorkerConnection[1-224]: Handshake done
I1102 18:32:18.697100 Server/E engine.cpp:674] Engine: New message connection
I1102 18:32:18.697128 IO-0/EL  engine.cpp:277] Engine: Receive new handshake message from message connection
I1102 18:32:18.697133 IO-0/EL  worker_manager.cpp:60] WorkerManager: FuncWorker of func_id 1, client_id 225 connected
I1102 18:32:18.697162 IO-0/EL  message_connection.cpp:269] FuncWorkerConnection[1-225]: Handshake done
I1102 18:32:18.697567 Server/E engine.cpp:674] Engine: New message connection
I1102 18:32:18.697596 IO-0/EL  engine.cpp:277] Engine: Receive new handshake message from message connection
I1102 18:32:18.697602 IO-0/EL  worker_manager.cpp:60] WorkerManager: FuncWorker of func_id 1, client_id 226 connected
I1102 18:32:18.697614 IO-0/EL  message_connection.cpp:269] FuncWorkerConnection[1-226]: Handshake done
I1102 18:32:18.698046 Server/E engine.cpp:674] Engine: New message connection
I1102 18:32:18.698072 IO-0/EL  engine.cpp:277] Engine: Receive new handshake message from message connection
I1102 18:32:18.698078 IO-0/EL  worker_manager.cpp:60] WorkerManager: FuncWorker of func_id 1, client_id 227 connected
I1102 18:32:18.698090 IO-0/EL  message_connection.cpp:269] FuncWorkerConnection[1-227]: Handshake done
I1102 18:32:18.698547 Server/E engine.cpp:674] Engine: New message connection
I1102 18:32:18.698573 IO-0/EL  engine.cpp:277] Engine: Receive new handshake message from message connection
I1102 18:32:18.698579 IO-0/EL  worker_manager.cpp:60] WorkerManager: FuncWorker of func_id 1, client_id 228 connected
I1102 18:32:18.698590 IO-0/EL  message_connection.cpp:269] FuncWorkerConnection[1-228]: Handshake done
I1102 18:32:18.699035 Server/E engine.cpp:674] Engine: New message connection
I1102 18:32:18.699064 IO-0/EL  engine.cpp:277] Engine: Receive new handshake message from message connection
I1102 18:32:18.699069 IO-0/EL  worker_manager.cpp:60] WorkerManager: FuncWorker of func_id 1, client_id 229 connected
I1102 18:32:18.699082 IO-0/EL  message_connection.cpp:269] FuncWorkerConnection[1-229]: Handshake done
I1102 18:32:18.699511 Server/E engine.cpp:674] Engine: New message connection
I1102 18:32:18.699534 IO-0/EL  engine.cpp:277] Engine: Receive new handshake message from message connection
I1102 18:32:18.699540 IO-0/EL  worker_manager.cpp:60] WorkerManager: FuncWorker of func_id 1, client_id 230 connected
I1102 18:32:18.699552 IO-0/EL  message_connection.cpp:269] FuncWorkerConnection[1-230]: Handshake done
I1102 18:32:18.700087 Server/E engine.cpp:674] Engine: New message connection
I1102 18:32:18.700115 IO-0/EL  engine.cpp:277] Engine: Receive new handshake message from message connection
I1102 18:32:18.700121 IO-0/EL  worker_manager.cpp:60] WorkerManager: FuncWorker of func_id 1, client_id 231 connected
I1102 18:32:18.700134 IO-0/EL  message_connection.cpp:269] FuncWorkerConnection[1-231]: Handshake done
I1102 18:32:18.700534 Server/E engine.cpp:674] Engine: New message connection
I1102 18:32:18.700563 IO-0/EL  engine.cpp:277] Engine: Receive new handshake message from message connection
I1102 18:32:18.700567 IO-0/EL  worker_manager.cpp:60] WorkerManager: FuncWorker of func_id 1, client_id 232 connected
I1102 18:32:18.700579 IO-0/EL  message_connection.cpp:269] FuncWorkerConnection[1-232]: Handshake done
I1102 18:32:18.701014 Server/E engine.cpp:674] Engine: New message connection
I1102 18:32:18.701042 IO-0/EL  engine.cpp:277] Engine: Receive new handshake message from message connection
I1102 18:32:18.701047 IO-0/EL  worker_manager.cpp:60] WorkerManager: FuncWorker of func_id 1, client_id 233 connected
I1102 18:32:18.701059 IO-0/EL  message_connection.cpp:269] FuncWorkerConnection[1-233]: Handshake done
I1102 18:32:18.701507 Server/E engine.cpp:674] Engine: New message connection
I1102 18:32:18.701537 IO-0/EL  engine.cpp:277] Engine: Receive new handshake message from message connection
I1102 18:32:18.701542 IO-0/EL  worker_manager.cpp:60] WorkerManager: FuncWorker of func_id 1, client_id 234 connected
I1102 18:32:18.701553 IO-0/EL  message_connection.cpp:269] FuncWorkerConnection[1-234]: Handshake done
I1102 18:32:18.702070 Server/E engine.cpp:674] Engine: New message connection
I1102 18:32:18.702098 IO-0/EL  engine.cpp:277] Engine: Receive new handshake message from message connection
I1102 18:32:18.702104 IO-0/EL  worker_manager.cpp:60] WorkerManager: FuncWorker of func_id 1, client_id 235 connected
I1102 18:32:18.702115 IO-0/EL  message_connection.cpp:269] FuncWorkerConnection[1-235]: Handshake done
I1102 18:32:18.703200 Server/E engine.cpp:674] Engine: New message connection
I1102 18:32:18.703233 IO-0/EL  engine.cpp:277] Engine: Receive new handshake message from message connection
I1102 18:32:18.703238 IO-0/EL  worker_manager.cpp:60] WorkerManager: FuncWorker of func_id 1, client_id 236 connected
I1102 18:32:18.703252 IO-0/EL  message_connection.cpp:269] FuncWorkerConnection[1-236]: Handshake done
I1102 18:32:18.703529 Server/E engine.cpp:674] Engine: New message connection
I1102 18:32:18.703553 IO-0/EL  engine.cpp:277] Engine: Receive new handshake message from message connection
I1102 18:32:18.703559 IO-0/EL  worker_manager.cpp:60] WorkerManager: FuncWorker of func_id 1, client_id 237 connected
I1102 18:32:18.703575 IO-0/EL  message_connection.cpp:269] FuncWorkerConnection[1-237]: Handshake done
I1102 18:32:18.704046 Server/E engine.cpp:674] Engine: New message connection
I1102 18:32:18.704073 IO-0/EL  engine.cpp:277] Engine: Receive new handshake message from message connection
I1102 18:32:18.704079 IO-0/EL  worker_manager.cpp:60] WorkerManager: FuncWorker of func_id 1, client_id 238 connected
I1102 18:32:18.704091 IO-0/EL  message_connection.cpp:269] FuncWorkerConnection[1-238]: Handshake done
I1102 18:32:18.704622 Server/E engine.cpp:674] Engine: New message connection
I1102 18:32:18.704655 IO-0/EL  engine.cpp:277] Engine: Receive new handshake message from message connection
I1102 18:32:18.704660 IO-0/EL  worker_manager.cpp:60] WorkerManager: FuncWorker of func_id 1, client_id 239 connected
I1102 18:32:18.704672 IO-0/EL  message_connection.cpp:269] FuncWorkerConnection[1-239]: Handshake done
I1102 18:32:18.704979 Server/E engine.cpp:674] Engine: New message connection
I1102 18:32:18.705005 IO-0/EL  engine.cpp:277] Engine: Receive new handshake message from message connection
I1102 18:32:18.705010 IO-0/EL  worker_manager.cpp:60] WorkerManager: FuncWorker of func_id 1, client_id 240 connected
I1102 18:32:18.705022 IO-0/EL  message_connection.cpp:269] FuncWorkerConnection[1-240]: Handshake done
I1102 18:32:18.705479 Server/E engine.cpp:674] Engine: New message connection
I1102 18:32:18.705509 IO-0/EL  engine.cpp:277] Engine: Receive new handshake message from message connection
I1102 18:32:18.705513 IO-0/EL  worker_manager.cpp:60] WorkerManager: FuncWorker of func_id 1, client_id 241 connected
I1102 18:32:18.705525 IO-0/EL  message_connection.cpp:269] FuncWorkerConnection[1-241]: Handshake done
I1102 18:32:18.706004 Server/E engine.cpp:674] Engine: New message connection
I1102 18:32:18.706029 IO-0/EL  engine.cpp:277] Engine: Receive new handshake message from message connection
I1102 18:32:18.706035 IO-0/EL  worker_manager.cpp:60] WorkerManager: FuncWorker of func_id 1, client_id 242 connected
I1102 18:32:18.706047 IO-0/EL  message_connection.cpp:269] FuncWorkerConnection[1-242]: Handshake done
I1102 18:32:18.706498 Server/E engine.cpp:674] Engine: New message connection
I1102 18:32:18.706528 IO-0/EL  engine.cpp:277] Engine: Receive new handshake message from message connection
I1102 18:32:18.706533 IO-0/EL  worker_manager.cpp:60] WorkerManager: FuncWorker of func_id 1, client_id 243 connected
I1102 18:32:18.706544 IO-0/EL  message_connection.cpp:269] FuncWorkerConnection[1-243]: Handshake done
I1102 18:32:18.707391 Server/E engine.cpp:674] Engine: New message connection
I1102 18:32:18.707421 IO-0/EL  engine.cpp:277] Engine: Receive new handshake message from message connection
I1102 18:32:18.707428 IO-0/EL  worker_manager.cpp:60] WorkerManager: FuncWorker of func_id 1, client_id 244 connected
I1102 18:32:18.707440 IO-0/EL  message_connection.cpp:269] FuncWorkerConnection[1-244]: Handshake done
I1102 18:32:18.707682 Server/E engine.cpp:674] Engine: New message connection
I1102 18:32:18.707720 IO-0/EL  engine.cpp:277] Engine: Receive new handshake message from message connection
I1102 18:32:18.707725 IO-0/EL  worker_manager.cpp:60] WorkerManager: FuncWorker of func_id 1, client_id 245 connected
I1102 18:32:18.707737 IO-0/EL  message_connection.cpp:269] FuncWorkerConnection[1-245]: Handshake done
I1102 18:32:18.708223 Server/E engine.cpp:674] Engine: New message connection
I1102 18:32:18.708250 IO-0/EL  engine.cpp:277] Engine: Receive new handshake message from message connection
I1102 18:32:18.708255 IO-0/EL  worker_manager.cpp:60] WorkerManager: FuncWorker of func_id 1, client_id 246 connected
I1102 18:32:18.708267 IO-0/EL  message_connection.cpp:269] FuncWorkerConnection[1-246]: Handshake done
I1102 18:32:18.708766 Server/E engine.cpp:674] Engine: New message connection
I1102 18:32:18.708797 IO-0/EL  engine.cpp:277] Engine: Receive new handshake message from message connection
I1102 18:32:18.708801 IO-0/EL  worker_manager.cpp:60] WorkerManager: FuncWorker of func_id 1, client_id 247 connected
I1102 18:32:18.708814 IO-0/EL  message_connection.cpp:269] FuncWorkerConnection[1-247]: Handshake done
I1102 18:32:18.721167 Server/E engine.cpp:674] Engine: New message connection
I1102 18:32:18.721195 IO-0/EL  engine.cpp:277] Engine: Receive new handshake message from message connection
I1102 18:32:18.721201 IO-0/EL  worker_manager.cpp:60] WorkerManager: FuncWorker of func_id 1, client_id 248 connected
I1102 18:32:18.721212 IO-0/EL  message_connection.cpp:269] FuncWorkerConnection[1-248]: Handshake done
I1102 18:32:18.721635 Server/E engine.cpp:674] Engine: New message connection
I1102 18:32:18.721667 IO-0/EL  engine.cpp:277] Engine: Receive new handshake message from message connection
I1102 18:32:18.721671 IO-0/EL  worker_manager.cpp:60] WorkerManager: FuncWorker of func_id 1, client_id 249 connected
I1102 18:32:18.721683 IO-0/EL  message_connection.cpp:269] FuncWorkerConnection[1-249]: Handshake done
I1102 18:32:18.722206 Server/E engine.cpp:674] Engine: New message connection
I1102 18:32:18.722232 IO-0/EL  engine.cpp:277] Engine: Receive new handshake message from message connection
I1102 18:32:18.722238 IO-0/EL  worker_manager.cpp:60] WorkerManager: FuncWorker of func_id 1, client_id 250 connected
I1102 18:32:18.722249 IO-0/EL  message_connection.cpp:269] FuncWorkerConnection[1-250]: Handshake done
I1102 18:32:18.722631 Server/E engine.cpp:674] Engine: New message connection
I1102 18:32:18.722663 IO-0/EL  engine.cpp:277] Engine: Receive new handshake message from message connection
I1102 18:32:18.722667 IO-0/EL  worker_manager.cpp:60] WorkerManager: FuncWorker of func_id 1, client_id 251 connected
I1102 18:32:18.722679 IO-0/EL  message_connection.cpp:269] FuncWorkerConnection[1-251]: Handshake done
I1102 18:32:18.723146 Server/E engine.cpp:674] Engine: New message connection
I1102 18:32:18.723174 IO-0/EL  engine.cpp:277] Engine: Receive new handshake message from message connection
I1102 18:32:18.723179 IO-0/EL  worker_manager.cpp:60] WorkerManager: FuncWorker of func_id 1, client_id 252 connected
I1102 18:32:18.723194 IO-0/EL  message_connection.cpp:269] FuncWorkerConnection[1-252]: Handshake done
I1102 18:32:18.723777 Server/E engine.cpp:674] Engine: New message connection
I1102 18:32:18.723802 IO-0/EL  engine.cpp:277] Engine: Receive new handshake message from message connection
I1102 18:32:18.723807 IO-0/EL  worker_manager.cpp:60] WorkerManager: FuncWorker of func_id 1, client_id 253 connected
I1102 18:32:18.723819 IO-0/EL  message_connection.cpp:269] FuncWorkerConnection[1-253]: Handshake done
I1102 18:32:18.724230 Server/E engine.cpp:674] Engine: New message connection
I1102 18:32:18.724263 IO-0/EL  engine.cpp:277] Engine: Receive new handshake message from message connection
I1102 18:32:18.724267 IO-0/EL  worker_manager.cpp:60] WorkerManager: FuncWorker of func_id 1, client_id 254 connected
I1102 18:32:18.724279 IO-0/EL  message_connection.cpp:269] FuncWorkerConnection[1-254]: Handshake done
I1102 18:32:18.724712 Server/E engine.cpp:674] Engine: New message connection
I1102 18:32:18.724737 IO-0/EL  engine.cpp:277] Engine: Receive new handshake message from message connection
I1102 18:32:18.724743 IO-0/EL  worker_manager.cpp:60] WorkerManager: FuncWorker of func_id 1, client_id 255 connected
I1102 18:32:18.724755 IO-0/EL  message_connection.cpp:269] FuncWorkerConnection[1-255]: Handshake done
I1102 18:32:18.725333 Server/E engine.cpp:674] Engine: New message connection
I1102 18:32:18.725364 IO-0/EL  engine.cpp:277] Engine: Receive new handshake message from message connection
I1102 18:32:18.725369 IO-0/EL  worker_manager.cpp:60] WorkerManager: FuncWorker of func_id 1, client_id 256 connected
I1102 18:32:18.725383 IO-0/EL  message_connection.cpp:269] FuncWorkerConnection[1-256]: Handshake done
I1102 18:32:21.467447 IO-0/EL  buffer_pool.h:25] BufferPool[IO-0_Write]: Allocate new buffer, current buffer count is 5
I1102 18:32:21.467464 IO-0/EL  buffer_pool.h:25] BufferPool[IO-0_Write]: Allocate new buffer, current buffer count is 6
I1102 18:32:21.467475 IO-0/EL  buffer_pool.h:25] BufferPool[IO-0_Write]: Allocate new buffer, current buffer count is 7
I1102 18:32:21.467484 IO-0/EL  buffer_pool.h:25] BufferPool[IO-0_Write]: Allocate new buffer, current buffer count is 8
I1102 18:32:21.467495 IO-0/EL  buffer_pool.h:25] BufferPool[IO-0_Write]: Allocate new buffer, current buffer count is 9
I1102 18:32:21.467503 IO-0/EL  buffer_pool.h:25] BufferPool[IO-0_Write]: Allocate new buffer, current buffer count is 10
I1102 18:32:21.467513 IO-0/EL  buffer_pool.h:25] BufferPool[IO-0_Write]: Allocate new buffer, current buffer count is 11
I1102 18:32:21.467534 IO-0/EL  buffer_pool.h:25] BufferPool[IO-0_Write]: Allocate new buffer, current buffer count is 12
I1102 18:32:21.467544 IO-0/EL  buffer_pool.h:25] BufferPool[IO-0_Write]: Allocate new buffer, current buffer count is 13
I1102 18:32:21.467557 IO-0/EL  buffer_pool.h:25] BufferPool[IO-0_Write]: Allocate new buffer, current buffer count is 14
I1102 18:32:21.467573 IO-0/EL  buffer_pool.h:25] BufferPool[IO-0_Write]: Allocate new buffer, current buffer count is 15
I1102 18:32:21.467583 IO-0/EL  buffer_pool.h:25] BufferPool[IO-0_Write]: Allocate new buffer, current buffer count is 16
I1102 18:32:21.467598 IO-0/EL  buffer_pool.h:25] BufferPool[IO-0_Write]: Allocate new buffer, current buffer count is 17
I1102 18:32:21.467608 IO-0/EL  buffer_pool.h:25] BufferPool[IO-0_Write]: Allocate new buffer, current buffer count is 18
I1102 18:32:21.467619 IO-0/EL  buffer_pool.h:25] BufferPool[IO-0_Write]: Allocate new buffer, current buffer count is 19
I1102 18:32:21.467631 IO-0/EL  buffer_pool.h:25] BufferPool[IO-0_Write]: Allocate new buffer, current buffer count is 20
I1102 18:32:21.467645 IO-0/EL  buffer_pool.h:25] BufferPool[IO-0_Write]: Allocate new buffer, current buffer count is 21
I1102 18:32:21.467655 IO-0/EL  buffer_pool.h:25] BufferPool[IO-0_Write]: Allocate new buffer, current buffer count is 22
I1102 18:32:21.467666 IO-0/EL  buffer_pool.h:25] BufferPool[IO-0_Write]: Allocate new buffer, current buffer count is 23
I1102 18:32:21.467681 IO-0/EL  buffer_pool.h:25] BufferPool[IO-0_Write]: Allocate new buffer, current buffer count is 24
I1102 18:32:21.467703 IO-0/EL  buffer_pool.h:25] BufferPool[IO-0_Write]: Allocate new buffer, current buffer count is 25
I1102 18:32:21.467724 IO-0/EL  buffer_pool.h:25] BufferPool[IO-0_Write]: Allocate new buffer, current buffer count is 26
I1102 18:32:21.467734 IO-0/EL  buffer_pool.h:25] BufferPool[IO-0_Write]: Allocate new buffer, current buffer count is 27
I1102 18:32:21.467747 IO-0/EL  buffer_pool.h:25] BufferPool[IO-0_Write]: Allocate new buffer, current buffer count is 28
I1102 18:32:21.467761 IO-0/EL  buffer_pool.h:25] BufferPool[IO-0_Write]: Allocate new buffer, current buffer count is 29
I1102 18:32:21.467773 IO-0/EL  buffer_pool.h:25] BufferPool[IO-0_Write]: Allocate new buffer, current buffer count is 30
I1102 18:32:21.467786 IO-0/EL  buffer_pool.h:25] BufferPool[IO-0_Write]: Allocate new buffer, current buffer count is 31
I1102 18:32:21.467797 IO-0/EL  buffer_pool.h:25] BufferPool[IO-0_Write]: Allocate new buffer, current buffer count is 32
I1102 18:32:21.467812 IO-0/EL  buffer_pool.h:25] BufferPool[IO-0_Write]: Allocate new buffer, current buffer count is 33
I1102 18:32:21.467824 IO-0/EL  buffer_pool.h:25] BufferPool[IO-0_Write]: Allocate new buffer, current buffer count is 34
I1102 18:32:21.467833 IO-0/EL  buffer_pool.h:25] BufferPool[IO-0_Write]: Allocate new buffer, current buffer count is 35
I1102 18:32:21.467843 IO-0/EL  buffer_pool.h:25] BufferPool[IO-0_Write]: Allocate new buffer, current buffer count is 36
I1102 18:32:21.467856 IO-0/EL  buffer_pool.h:25] BufferPool[IO-0_Write]: Allocate new buffer, current buffer count is 37
I1102 18:32:21.467892 IO-0/EL  buffer_pool.h:25] BufferPool[IO-0_Write]: Allocate new buffer, current buffer count is 38
I1102 18:32:21.467906 IO-0/EL  buffer_pool.h:25] BufferPool[IO-0_Write]: Allocate new buffer, current buffer count is 39
I1102 18:32:21.467915 IO-0/EL  buffer_pool.h:25] BufferPool[IO-0_Write]: Allocate new buffer, current buffer count is 40
I1102 18:32:21.467929 IO-0/EL  buffer_pool.h:25] BufferPool[IO-0_Write]: Allocate new buffer, current buffer count is 41
I1102 18:32:21.467938 IO-0/EL  buffer_pool.h:25] BufferPool[IO-0_Write]: Allocate new buffer, current buffer count is 42
I1102 18:32:21.467951 IO-0/EL  buffer_pool.h:25] BufferPool[IO-0_Write]: Allocate new buffer, current buffer count is 43
I1102 18:32:21.467961 IO-0/EL  buffer_pool.h:25] BufferPool[IO-0_Write]: Allocate new buffer, current buffer count is 44
I1102 18:32:21.467972 IO-0/EL  buffer_pool.h:25] BufferPool[IO-0_Write]: Allocate new buffer, current buffer count is 45
I1102 18:32:21.467990 IO-0/EL  buffer_pool.h:25] BufferPool[IO-0_Write]: Allocate new buffer, current buffer count is 46
I1102 18:32:21.468000 IO-0/EL  buffer_pool.h:25] BufferPool[IO-0_Write]: Allocate new buffer, current buffer count is 47
I1102 18:32:21.468013 IO-0/EL  buffer_pool.h:25] BufferPool[IO-0_Write]: Allocate new buffer, current buffer count is 48
I1102 18:32:21.468024 IO-0/EL  buffer_pool.h:25] BufferPool[IO-0_Write]: Allocate new buffer, current buffer count is 49
I1102 18:32:21.468037 IO-0/EL  buffer_pool.h:25] BufferPool[IO-0_Write]: Allocate new buffer, current buffer count is 50
I1102 18:32:21.468048 IO-0/EL  buffer_pool.h:25] BufferPool[IO-0_Write]: Allocate new buffer, current buffer count is 51
I1102 18:32:21.468061 IO-0/EL  buffer_pool.h:25] BufferPool[IO-0_Write]: Allocate new buffer, current buffer count is 52
I1102 18:32:21.468072 IO-0/EL  buffer_pool.h:25] BufferPool[IO-0_Write]: Allocate new buffer, current buffer count is 53
I1102 18:32:21.468084 IO-0/EL  buffer_pool.h:25] BufferPool[IO-0_Write]: Allocate new buffer, current buffer count is 54
I1102 18:32:21.468094 IO-0/EL  buffer_pool.h:25] BufferPool[IO-0_Write]: Allocate new buffer, current buffer count is 55
I1102 18:32:21.468107 IO-0/EL  buffer_pool.h:25] BufferPool[IO-0_Write]: Allocate new buffer, current buffer count is 56
I1102 18:32:21.468121 IO-0/EL  buffer_pool.h:25] BufferPool[IO-0_Write]: Allocate new buffer, current buffer count is 57
I1102 18:32:21.468133 IO-0/EL  buffer_pool.h:25] BufferPool[IO-0_Write]: Allocate new buffer, current buffer count is 58
I1102 18:32:21.468142 IO-0/EL  buffer_pool.h:25] BufferPool[IO-0_Write]: Allocate new buffer, current buffer count is 59
I1102 18:32:21.468152 IO-0/EL  buffer_pool.h:25] BufferPool[IO-0_Write]: Allocate new buffer, current buffer count is 60
I1102 18:32:21.468167 IO-0/EL  buffer_pool.h:25] BufferPool[IO-0_Write]: Allocate new buffer, current buffer count is 61
I1102 18:32:21.468176 IO-0/EL  buffer_pool.h:25] BufferPool[IO-0_Write]: Allocate new buffer, current buffer count is 62
I1102 18:32:21.468188 IO-0/EL  buffer_pool.h:25] BufferPool[IO-0_Write]: Allocate new buffer, current buffer count is 63
I1102 18:32:21.468198 IO-0/EL  buffer_pool.h:25] BufferPool[IO-0_Write]: Allocate new buffer, current buffer count is 64
I1102 18:32:21.468210 IO-0/EL  buffer_pool.h:25] BufferPool[IO-0_Write]: Allocate new buffer, current buffer count is 65
I1102 18:32:21.468221 IO-0/EL  buffer_pool.h:25] BufferPool[IO-0_Write]: Allocate new buffer, current buffer count is 66
I1102 18:32:21.468234 IO-0/EL  buffer_pool.h:25] BufferPool[IO-0_Write]: Allocate new buffer, current buffer count is 67
I1102 18:32:21.468243 IO-0/EL  buffer_pool.h:25] BufferPool[IO-0_Write]: Allocate new buffer, current buffer count is 68
I1102 18:32:21.468257 IO-0/EL  buffer_pool.h:25] BufferPool[IO-0_Write]: Allocate new buffer, current buffer count is 69
I1102 18:32:21.468267 IO-0/EL  buffer_pool.h:25] BufferPool[IO-0_Write]: Allocate new buffer, current buffer count is 70
I1102 18:32:21.468278 IO-0/EL  buffer_pool.h:25] BufferPool[IO-0_Write]: Allocate new buffer, current buffer count is 71
I1102 18:32:21.468287 IO-0/EL  buffer_pool.h:25] BufferPool[IO-0_Write]: Allocate new buffer, current buffer count is 72
I1102 18:32:21.468296 IO-0/EL  buffer_pool.h:25] BufferPool[IO-0_Write]: Allocate new buffer, current buffer count is 73
I1102 18:32:21.468310 IO-0/EL  buffer_pool.h:25] BufferPool[IO-0_Write]: Allocate new buffer, current buffer count is 74
I1102 18:32:21.468320 IO-0/EL  buffer_pool.h:25] BufferPool[IO-0_Write]: Allocate new buffer, current buffer count is 75
I1102 18:32:21.468333 IO-0/EL  buffer_pool.h:25] BufferPool[IO-0_Write]: Allocate new buffer, current buffer count is 76
I1102 18:32:21.468345 IO-0/EL  buffer_pool.h:25] BufferPool[IO-0_Write]: Allocate new buffer, current buffer count is 77
I1102 18:32:21.468358 IO-0/EL  buffer_pool.h:25] BufferPool[IO-0_Write]: Allocate new buffer, current buffer count is 78
I1102 18:32:21.468369 IO-0/EL  buffer_pool.h:25] BufferPool[IO-0_Write]: Allocate new buffer, current buffer count is 79
I1102 18:32:21.468387 IO-0/EL  buffer_pool.h:25] BufferPool[IO-0_Write]: Allocate new buffer, current buffer count is 80
I1102 18:32:21.468396 IO-0/EL  buffer_pool.h:25] BufferPool[IO-0_Write]: Allocate new buffer, current buffer count is 81
I1102 18:32:21.468408 IO-0/EL  buffer_pool.h:25] BufferPool[IO-0_Write]: Allocate new buffer, current buffer count is 82
I1102 18:32:21.468417 IO-0/EL  buffer_pool.h:25] BufferPool[IO-0_Write]: Allocate new buffer, current buffer count is 83
I1102 18:32:21.468428 IO-0/EL  buffer_pool.h:25] BufferPool[IO-0_Write]: Allocate new buffer, current buffer count is 84
I1102 18:32:21.468443 IO-0/EL  buffer_pool.h:25] BufferPool[IO-0_Write]: Allocate new buffer, current buffer count is 85
I1102 18:32:21.468451 IO-0/EL  buffer_pool.h:25] BufferPool[IO-0_Write]: Allocate new buffer, current buffer count is 86
I1102 18:32:21.468465 IO-0/EL  buffer_pool.h:25] BufferPool[IO-0_Write]: Allocate new buffer, current buffer count is 87
I1102 18:32:21.468474 IO-0/EL  buffer_pool.h:25] BufferPool[IO-0_Write]: Allocate new buffer, current buffer count is 88
I1102 18:32:21.468488 IO-0/EL  buffer_pool.h:25] BufferPool[IO-0_Write]: Allocate new buffer, current buffer count is 89
I1102 18:32:21.468498 IO-0/EL  buffer_pool.h:25] BufferPool[IO-0_Write]: Allocate new buffer, current buffer count is 90
I1102 18:32:21.468509 IO-0/EL  buffer_pool.h:25] BufferPool[IO-0_Write]: Allocate new buffer, current buffer count is 91
I1102 18:32:21.468522 IO-0/EL  buffer_pool.h:25] BufferPool[IO-0_Write]: Allocate new buffer, current buffer count is 92
I1102 18:32:21.468533 IO-0/EL  buffer_pool.h:25] BufferPool[IO-0_Write]: Allocate new buffer, current buffer count is 93
I1102 18:32:21.468543 IO-0/EL  buffer_pool.h:25] BufferPool[IO-0_Write]: Allocate new buffer, current buffer count is 94
I1102 18:32:21.468552 IO-0/EL  buffer_pool.h:25] BufferPool[IO-0_Write]: Allocate new buffer, current buffer count is 95
I1102 18:32:21.468564 IO-0/EL  buffer_pool.h:25] BufferPool[IO-0_Write]: Allocate new buffer, current buffer count is 96
I1102 18:32:21.468574 IO-0/EL  buffer_pool.h:25] BufferPool[IO-0_Write]: Allocate new buffer, current buffer count is 97
I1102 18:32:21.468587 IO-0/EL  buffer_pool.h:25] BufferPool[IO-0_Write]: Allocate new buffer, current buffer count is 98
I1102 18:32:21.468596 IO-0/EL  buffer_pool.h:25] BufferPool[IO-0_Write]: Allocate new buffer, current buffer count is 99
I1102 18:32:21.468610 IO-0/EL  buffer_pool.h:25] BufferPool[IO-0_Write]: Allocate new buffer, current buffer count is 100
I1102 18:32:21.468620 IO-0/EL  buffer_pool.h:25] BufferPool[IO-0_Write]: Allocate new buffer, current buffer count is 101
I1102 18:32:21.468633 IO-0/EL  buffer_pool.h:25] BufferPool[IO-0_Write]: Allocate new buffer, current buffer count is 102
I1102 18:32:21.468642 IO-0/EL  buffer_pool.h:25] BufferPool[IO-0_Write]: Allocate new buffer, current buffer count is 103
I1102 18:32:21.468654 IO-0/EL  buffer_pool.h:25] BufferPool[IO-0_Write]: Allocate new buffer, current buffer count is 104
I1102 18:32:21.468666 IO-0/EL  buffer_pool.h:25] BufferPool[IO-0_Write]: Allocate new buffer, current buffer count is 105
I1102 18:32:21.468678 IO-0/EL  buffer_pool.h:25] BufferPool[IO-0_Write]: Allocate new buffer, current buffer count is 106
I1102 18:32:21.468690 IO-0/EL  buffer_pool.h:25] BufferPool[IO-0_Write]: Allocate new buffer, current buffer count is 107
I1102 18:32:21.468700 IO-0/EL  buffer_pool.h:25] BufferPool[IO-0_Write]: Allocate new buffer, current buffer count is 108
I1102 18:32:21.468716 IO-0/EL  buffer_pool.h:25] BufferPool[IO-0_Write]: Allocate new buffer, current buffer count is 109
I1102 18:32:21.468728 IO-0/EL  buffer_pool.h:25] BufferPool[IO-0_Write]: Allocate new buffer, current buffer count is 110
I1102 18:32:21.468741 IO-0/EL  buffer_pool.h:25] BufferPool[IO-0_Write]: Allocate new buffer, current buffer count is 111
I1102 18:32:21.468751 IO-0/EL  buffer_pool.h:25] BufferPool[IO-0_Write]: Allocate new buffer, current buffer count is 112
I1102 18:32:21.468767 IO-0/EL  buffer_pool.h:25] BufferPool[IO-0_Write]: Allocate new buffer, current buffer count is 113
I1102 18:32:21.468789 IO-0/EL  buffer_pool.h:25] BufferPool[IO-0_Write]: Allocate new buffer, current buffer count is 114
I1102 18:32:21.468800 IO-0/EL  buffer_pool.h:25] BufferPool[IO-0_Write]: Allocate new buffer, current buffer count is 115
I1102 18:32:21.468812 IO-0/EL  buffer_pool.h:25] BufferPool[IO-0_Write]: Allocate new buffer, current buffer count is 116
I1102 18:32:21.468821 IO-0/EL  buffer_pool.h:25] BufferPool[IO-0_Write]: Allocate new buffer, current buffer count is 117
I1102 18:32:21.468832 IO-0/EL  buffer_pool.h:25] BufferPool[IO-0_Write]: Allocate new buffer, current buffer count is 118
I1102 18:32:21.468842 IO-0/EL  buffer_pool.h:25] BufferPool[IO-0_Write]: Allocate new buffer, current buffer count is 119
I1102 18:32:21.468855 IO-0/EL  buffer_pool.h:25] BufferPool[IO-0_Write]: Allocate new buffer, current buffer count is 120
I1102 18:32:21.468867 IO-0/EL  buffer_pool.h:25] BufferPool[IO-0_Write]: Allocate new buffer, current buffer count is 121
I1102 18:32:21.468878 IO-0/EL  buffer_pool.h:25] BufferPool[IO-0_Write]: Allocate new buffer, current buffer count is 122
I1102 18:32:21.468891 IO-0/EL  buffer_pool.h:25] BufferPool[IO-0_Write]: Allocate new buffer, current buffer count is 123
I1102 18:32:21.468902 IO-0/EL  buffer_pool.h:25] BufferPool[IO-0_Write]: Allocate new buffer, current buffer count is 124
I1102 18:32:21.468917 IO-0/EL  buffer_pool.h:25] BufferPool[IO-0_Write]: Allocate new buffer, current buffer count is 125
I1102 18:32:21.468926 IO-0/EL  buffer_pool.h:25] BufferPool[IO-0_Write]: Allocate new buffer, current buffer count is 126
I1102 18:32:21.468940 IO-0/EL  buffer_pool.h:25] BufferPool[IO-0_Write]: Allocate new buffer, current buffer count is 127
I1102 18:32:21.468953 IO-0/EL  buffer_pool.h:25] BufferPool[IO-0_Write]: Allocate new buffer, current buffer count is 128
I1102 18:32:21.468969 IO-0/EL  buffer_pool.h:25] BufferPool[IO-0_Write]: Allocate new buffer, current buffer count is 129
I1102 18:32:21.468980 IO-0/EL  buffer_pool.h:25] BufferPool[IO-0_Write]: Allocate new buffer, current buffer count is 130
I1102 18:32:21.468991 IO-0/EL  buffer_pool.h:25] BufferPool[IO-0_Write]: Allocate new buffer, current buffer count is 131
I1102 18:32:21.469001 IO-0/EL  buffer_pool.h:25] BufferPool[IO-0_Write]: Allocate new buffer, current buffer count is 132
I1102 18:32:21.469011 IO-0/EL  buffer_pool.h:25] BufferPool[IO-0_Write]: Allocate new buffer, current buffer count is 133
I1102 18:32:21.469025 IO-0/EL  buffer_pool.h:25] BufferPool[IO-0_Write]: Allocate new buffer, current buffer count is 134
I1102 18:32:21.469035 IO-0/EL  buffer_pool.h:25] BufferPool[IO-0_Write]: Allocate new buffer, current buffer count is 135
I1102 18:32:21.469049 IO-0/EL  buffer_pool.h:25] BufferPool[IO-0_Write]: Allocate new buffer, current buffer count is 136
I1102 18:32:21.469059 IO-0/EL  buffer_pool.h:25] BufferPool[IO-0_Write]: Allocate new buffer, current buffer count is 137
I1102 18:32:21.469073 IO-0/EL  buffer_pool.h:25] BufferPool[IO-0_Write]: Allocate new buffer, current buffer count is 138
I1102 18:32:21.469082 IO-0/EL  buffer_pool.h:25] BufferPool[IO-0_Write]: Allocate new buffer, current buffer count is 139
I1102 18:32:21.469094 IO-0/EL  buffer_pool.h:25] BufferPool[IO-0_Write]: Allocate new buffer, current buffer count is 140
I1102 18:32:21.469105 IO-0/EL  buffer_pool.h:25] BufferPool[IO-0_Write]: Allocate new buffer, current buffer count is 141
I1102 18:32:21.469117 IO-0/EL  buffer_pool.h:25] BufferPool[IO-0_Write]: Allocate new buffer, current buffer count is 142
I1102 18:32:21.469128 IO-0/EL  buffer_pool.h:25] BufferPool[IO-0_Write]: Allocate new buffer, current buffer count is 143
I1102 18:32:21.469139 IO-0/EL  buffer_pool.h:25] BufferPool[IO-0_Write]: Allocate new buffer, current buffer count is 144
I1102 18:32:21.469154 IO-0/EL  buffer_pool.h:25] BufferPool[IO-0_Write]: Allocate new buffer, current buffer count is 145
I1102 18:32:21.469165 IO-0/EL  buffer_pool.h:25] BufferPool[IO-0_Write]: Allocate new buffer, current buffer count is 146
I1102 18:32:21.469184 IO-0/EL  buffer_pool.h:25] BufferPool[IO-0_Write]: Allocate new buffer, current buffer count is 147
I1102 18:32:21.469223 IO-0/EL  buffer_pool.h:25] BufferPool[IO-0_Write]: Allocate new buffer, current buffer count is 148
I1102 18:32:21.469235 IO-0/EL  buffer_pool.h:25] BufferPool[IO-0_Write]: Allocate new buffer, current buffer count is 149
I1102 18:32:21.469246 IO-0/EL  buffer_pool.h:25] BufferPool[IO-0_Write]: Allocate new buffer, current buffer count is 150
I1102 18:32:21.469259 IO-0/EL  buffer_pool.h:25] BufferPool[IO-0_Write]: Allocate new buffer, current buffer count is 151
I1102 18:32:21.469268 IO-0/EL  buffer_pool.h:25] BufferPool[IO-0_Write]: Allocate new buffer, current buffer count is 152
I1102 18:32:21.469279 IO-0/EL  buffer_pool.h:25] BufferPool[IO-0_Write]: Allocate new buffer, current buffer count is 153
I1102 18:32:21.469290 IO-0/EL  buffer_pool.h:25] BufferPool[IO-0_Write]: Allocate new buffer, current buffer count is 154
I1102 18:32:21.469301 IO-0/EL  buffer_pool.h:25] BufferPool[IO-0_Write]: Allocate new buffer, current buffer count is 155
I1102 18:32:21.469310 IO-0/EL  buffer_pool.h:25] BufferPool[IO-0_Write]: Allocate new buffer, current buffer count is 156
I1102 18:32:21.469321 IO-0/EL  buffer_pool.h:25] BufferPool[IO-0_Write]: Allocate new buffer, current buffer count is 157
I1102 18:32:21.469335 IO-0/EL  buffer_pool.h:25] BufferPool[IO-0_Write]: Allocate new buffer, current buffer count is 158
I1102 18:32:21.469345 IO-0/EL  buffer_pool.h:25] BufferPool[IO-0_Write]: Allocate new buffer, current buffer count is 159
I1102 18:32:21.469358 IO-0/EL  buffer_pool.h:25] BufferPool[IO-0_Write]: Allocate new buffer, current buffer count is 160
I1102 18:32:21.469367 IO-0/EL  buffer_pool.h:25] BufferPool[IO-0_Write]: Allocate new buffer, current buffer count is 161
I1102 18:32:21.469379 IO-0/EL  buffer_pool.h:25] BufferPool[IO-0_Write]: Allocate new buffer, current buffer count is 162
I1102 18:32:21.469389 IO-0/EL  buffer_pool.h:25] BufferPool[IO-0_Write]: Allocate new buffer, current buffer count is 163
I1102 18:32:21.469402 IO-0/EL  buffer_pool.h:25] BufferPool[IO-0_Write]: Allocate new buffer, current buffer count is 164
I1102 18:32:21.469412 IO-0/EL  buffer_pool.h:25] BufferPool[IO-0_Write]: Allocate new buffer, current buffer count is 165
I1102 18:32:21.469424 IO-0/EL  buffer_pool.h:25] BufferPool[IO-0_Write]: Allocate new buffer, current buffer count is 166
I1102 18:32:21.469435 IO-0/EL  buffer_pool.h:25] BufferPool[IO-0_Write]: Allocate new buffer, current buffer count is 167
I1102 18:32:21.469445 IO-0/EL  buffer_pool.h:25] BufferPool[IO-0_Write]: Allocate new buffer, current buffer count is 168
I1102 18:32:21.469458 IO-0/EL  buffer_pool.h:25] BufferPool[IO-0_Write]: Allocate new buffer, current buffer count is 169
I1102 18:32:21.469469 IO-0/EL  buffer_pool.h:25] BufferPool[IO-0_Write]: Allocate new buffer, current buffer count is 170
I1102 18:32:21.469482 IO-0/EL  buffer_pool.h:25] BufferPool[IO-0_Write]: Allocate new buffer, current buffer count is 171
I1102 18:32:21.469491 IO-0/EL  buffer_pool.h:25] BufferPool[IO-0_Write]: Allocate new buffer, current buffer count is 172
I1102 18:32:21.469507 IO-0/EL  buffer_pool.h:25] BufferPool[IO-0_Write]: Allocate new buffer, current buffer count is 173
I1102 18:32:21.469516 IO-0/EL  buffer_pool.h:25] BufferPool[IO-0_Write]: Allocate new buffer, current buffer count is 174
I1102 18:32:21.469527 IO-0/EL  buffer_pool.h:25] BufferPool[IO-0_Write]: Allocate new buffer, current buffer count is 175
I1102 18:32:21.469538 IO-0/EL  buffer_pool.h:25] BufferPool[IO-0_Write]: Allocate new buffer, current buffer count is 176
I1102 18:32:21.469549 IO-0/EL  buffer_pool.h:25] BufferPool[IO-0_Write]: Allocate new buffer, current buffer count is 177
I1102 18:32:21.469560 IO-0/EL  buffer_pool.h:25] BufferPool[IO-0_Write]: Allocate new buffer, current buffer count is 178
I1102 18:32:21.469570 IO-0/EL  buffer_pool.h:25] BufferPool[IO-0_Write]: Allocate new buffer, current buffer count is 179
I1102 18:32:21.469585 IO-0/EL  buffer_pool.h:25] BufferPool[IO-0_Write]: Allocate new buffer, current buffer count is 180
I1102 18:32:21.469602 IO-0/EL  buffer_pool.h:25] BufferPool[IO-0_Write]: Allocate new buffer, current buffer count is 181
I1102 18:32:21.469615 IO-0/EL  buffer_pool.h:25] BufferPool[IO-0_Write]: Allocate new buffer, current buffer count is 182
I1102 18:32:21.469624 IO-0/EL  buffer_pool.h:25] BufferPool[IO-0_Write]: Allocate new buffer, current buffer count is 183
I1102 18:32:21.469636 IO-0/EL  buffer_pool.h:25] BufferPool[IO-0_Write]: Allocate new buffer, current buffer count is 184
I1102 18:32:21.469647 IO-0/EL  buffer_pool.h:25] BufferPool[IO-0_Write]: Allocate new buffer, current buffer count is 185
I1102 18:32:21.469660 IO-0/EL  buffer_pool.h:25] BufferPool[IO-0_Write]: Allocate new buffer, current buffer count is 186
I1102 18:32:21.469671 IO-0/EL  buffer_pool.h:25] BufferPool[IO-0_Write]: Allocate new buffer, current buffer count is 187
I1102 18:32:21.469683 IO-0/EL  buffer_pool.h:25] BufferPool[IO-0_Write]: Allocate new buffer, current buffer count is 188
I1102 18:32:21.469693 IO-0/EL  buffer_pool.h:25] BufferPool[IO-0_Write]: Allocate new buffer, current buffer count is 189
I1102 18:32:21.469704 IO-0/EL  buffer_pool.h:25] BufferPool[IO-0_Write]: Allocate new buffer, current buffer count is 190
I1102 18:32:21.469720 IO-0/EL  buffer_pool.h:25] BufferPool[IO-0_Write]: Allocate new buffer, current buffer count is 191
I1102 18:32:21.469730 IO-0/EL  buffer_pool.h:25] BufferPool[IO-0_Write]: Allocate new buffer, current buffer count is 192
I1102 18:32:21.469743 IO-0/EL  buffer_pool.h:25] BufferPool[IO-0_Write]: Allocate new buffer, current buffer count is 193
I1102 18:32:21.469753 IO-0/EL  buffer_pool.h:25] BufferPool[IO-0_Write]: Allocate new buffer, current buffer count is 194
I1102 18:32:21.469767 IO-0/EL  buffer_pool.h:25] BufferPool[IO-0_Write]: Allocate new buffer, current buffer count is 195
I1102 18:32:21.469778 IO-0/EL  buffer_pool.h:25] BufferPool[IO-0_Write]: Allocate new buffer, current buffer count is 196
I1102 18:32:21.469792 IO-0/EL  buffer_pool.h:25] BufferPool[IO-0_Write]: Allocate new buffer, current buffer count is 197
I1102 18:32:21.469802 IO-0/EL  buffer_pool.h:25] BufferPool[IO-0_Write]: Allocate new buffer, current buffer count is 198
I1102 18:32:21.469815 IO-0/EL  buffer_pool.h:25] BufferPool[IO-0_Write]: Allocate new buffer, current buffer count is 199
I1102 18:32:21.469823 IO-0/EL  buffer_pool.h:25] BufferPool[IO-0_Write]: Allocate new buffer, current buffer count is 200
I1102 18:32:21.469838 IO-0/EL  buffer_pool.h:25] BufferPool[IO-0_Write]: Allocate new buffer, current buffer count is 201
I1102 18:32:21.469848 IO-0/EL  buffer_pool.h:25] BufferPool[IO-0_Write]: Allocate new buffer, current buffer count is 202
I1102 18:32:21.469859 IO-0/EL  buffer_pool.h:25] BufferPool[IO-0_Write]: Allocate new buffer, current buffer count is 203
I1102 18:32:21.469872 IO-0/EL  buffer_pool.h:25] BufferPool[IO-0_Write]: Allocate new buffer, current buffer count is 204
I1102 18:32:21.469884 IO-0/EL  buffer_pool.h:25] BufferPool[IO-0_Write]: Allocate new buffer, current buffer count is 205
I1102 18:32:21.469906 IO-0/EL  buffer_pool.h:25] BufferPool[IO-0_Write]: Allocate new buffer, current buffer count is 206
I1102 18:32:21.469921 IO-0/EL  buffer_pool.h:25] BufferPool[IO-0_Write]: Allocate new buffer, current buffer count is 207
I1102 18:32:21.469941 IO-0/EL  buffer_pool.h:25] BufferPool[IO-0_Write]: Allocate new buffer, current buffer count is 208
I1102 18:32:21.469955 IO-0/EL  buffer_pool.h:25] BufferPool[IO-0_Write]: Allocate new buffer, current buffer count is 209
I1102 18:32:21.469968 IO-0/EL  buffer_pool.h:25] BufferPool[IO-0_Write]: Allocate new buffer, current buffer count is 210
I1102 18:32:21.469980 IO-0/EL  buffer_pool.h:25] BufferPool[IO-0_Write]: Allocate new buffer, current buffer count is 211
I1102 18:32:21.469994 IO-0/EL  buffer_pool.h:25] BufferPool[IO-0_Write]: Allocate new buffer, current buffer count is 212
I1102 18:32:21.470007 IO-0/EL  buffer_pool.h:25] BufferPool[IO-0_Write]: Allocate new buffer, current buffer count is 213
I1102 18:32:21.470022 IO-0/EL  buffer_pool.h:25] BufferPool[IO-0_Write]: Allocate new buffer, current buffer count is 214
I1102 18:32:21.470047 IO-0/EL  buffer_pool.h:25] BufferPool[IO-0_Write]: Allocate new buffer, current buffer count is 215
I1102 18:32:21.470058 IO-0/EL  buffer_pool.h:25] BufferPool[IO-0_Write]: Allocate new buffer, current buffer count is 216
I1102 18:32:21.470072 IO-0/EL  buffer_pool.h:25] BufferPool[IO-0_Write]: Allocate new buffer, current buffer count is 217
I1102 18:32:21.470081 IO-0/EL  buffer_pool.h:25] BufferPool[IO-0_Write]: Allocate new buffer, current buffer count is 218
I1102 18:32:21.470095 IO-0/EL  buffer_pool.h:25] BufferPool[IO-0_Write]: Allocate new buffer, current buffer count is 219
I1102 18:32:21.470105 IO-0/EL  buffer_pool.h:25] BufferPool[IO-0_Write]: Allocate new buffer, current buffer count is 220
I1102 18:32:21.470119 IO-0/EL  buffer_pool.h:25] BufferPool[IO-0_Write]: Allocate new buffer, current buffer count is 221
I1102 18:32:21.470132 IO-0/EL  buffer_pool.h:25] BufferPool[IO-0_Write]: Allocate new buffer, current buffer count is 222
I1102 18:32:21.470149 IO-0/EL  buffer_pool.h:25] BufferPool[IO-0_Write]: Allocate new buffer, current buffer count is 223
I1102 18:32:21.470167 IO-0/EL  buffer_pool.h:25] BufferPool[IO-0_Write]: Allocate new buffer, current buffer count is 224
I1102 18:32:21.470191 IO-0/EL  buffer_pool.h:25] BufferPool[IO-0_Write]: Allocate new buffer, current buffer count is 225
I1102 18:32:21.470202 IO-0/EL  buffer_pool.h:25] BufferPool[IO-0_Write]: Allocate new buffer, current buffer count is 226
I1102 18:32:21.470217 IO-0/EL  buffer_pool.h:25] BufferPool[IO-0_Write]: Allocate new buffer, current buffer count is 227
I1102 18:32:21.470226 IO-0/EL  buffer_pool.h:25] BufferPool[IO-0_Write]: Allocate new buffer, current buffer count is 228
I1102 18:32:21.470238 IO-0/EL  buffer_pool.h:25] BufferPool[IO-0_Write]: Allocate new buffer, current buffer count is 229
I1102 18:32:21.470247 IO-0/EL  buffer_pool.h:25] BufferPool[IO-0_Write]: Allocate new buffer, current buffer count is 230
I1102 18:32:21.470256 IO-0/EL  buffer_pool.h:25] BufferPool[IO-0_Write]: Allocate new buffer, current buffer count is 231
I1102 18:32:21.470271 IO-0/EL  buffer_pool.h:25] BufferPool[IO-0_Write]: Allocate new buffer, current buffer count is 232
I1102 18:32:21.470282 IO-0/EL  buffer_pool.h:25] BufferPool[IO-0_Write]: Allocate new buffer, current buffer count is 233
I1102 18:32:21.470296 IO-0/EL  buffer_pool.h:25] BufferPool[IO-0_Write]: Allocate new buffer, current buffer count is 234
I1102 18:32:21.470309 IO-0/EL  buffer_pool.h:25] BufferPool[IO-0_Write]: Allocate new buffer, current buffer count is 235
I1102 18:32:21.470329 IO-0/EL  buffer_pool.h:25] BufferPool[IO-0_Write]: Allocate new buffer, current buffer count is 236
I1102 18:32:21.470344 IO-0/EL  buffer_pool.h:25] BufferPool[IO-0_Write]: Allocate new buffer, current buffer count is 237
I1102 18:32:21.470365 IO-0/EL  buffer_pool.h:25] BufferPool[IO-0_Write]: Allocate new buffer, current buffer count is 238
I1102 18:32:21.470376 IO-0/EL  buffer_pool.h:25] BufferPool[IO-0_Write]: Allocate new buffer, current buffer count is 239
I1102 18:32:21.470387 IO-0/EL  buffer_pool.h:25] BufferPool[IO-0_Write]: Allocate new buffer, current buffer count is 240
I1102 18:32:21.470399 IO-0/EL  buffer_pool.h:25] BufferPool[IO-0_Write]: Allocate new buffer, current buffer count is 241
I1102 18:32:21.470408 IO-0/EL  buffer_pool.h:25] BufferPool[IO-0_Write]: Allocate new buffer, current buffer count is 242
I1102 18:32:21.470421 IO-0/EL  buffer_pool.h:25] BufferPool[IO-0_Write]: Allocate new buffer, current buffer count is 243
I1102 18:32:21.470432 IO-0/EL  buffer_pool.h:25] BufferPool[IO-0_Write]: Allocate new buffer, current buffer count is 244
I1102 18:32:21.470445 IO-0/EL  buffer_pool.h:25] BufferPool[IO-0_Write]: Allocate new buffer, current buffer count is 245
I1102 18:32:21.470456 IO-0/EL  buffer_pool.h:25] BufferPool[IO-0_Write]: Allocate new buffer, current buffer count is 246
I1102 18:32:21.470470 IO-0/EL  buffer_pool.h:25] BufferPool[IO-0_Write]: Allocate new buffer, current buffer count is 247
I1102 18:32:21.470488 IO-0/EL  buffer_pool.h:25] BufferPool[IO-0_Write]: Allocate new buffer, current buffer count is 248
I1102 18:32:21.470504 IO-0/EL  buffer_pool.h:25] BufferPool[IO-0_Write]: Allocate new buffer, current buffer count is 249
I1102 18:32:21.470520 IO-0/EL  buffer_pool.h:25] BufferPool[IO-0_Write]: Allocate new buffer, current buffer count is 250
I1102 18:32:21.470539 IO-0/EL  buffer_pool.h:25] BufferPool[IO-0_Write]: Allocate new buffer, current buffer count is 251
I1102 18:32:21.470550 IO-0/EL  buffer_pool.h:25] BufferPool[IO-0_Write]: Allocate new buffer, current buffer count is 252
I1102 18:32:21.470563 IO-0/EL  buffer_pool.h:25] BufferPool[IO-0_Write]: Allocate new buffer, current buffer count is 253
I1102 18:32:21.470573 IO-0/EL  buffer_pool.h:25] BufferPool[IO-0_Write]: Allocate new buffer, current buffer count is 254
I1102 18:32:21.470584 IO-0/EL  buffer_pool.h:25] BufferPool[IO-0_Write]: Allocate new buffer, current buffer count is 255
I1102 18:32:21.470597 IO-0/EL  buffer_pool.h:25] BufferPool[IO-0_Write]: Allocate new buffer, current buffer count is 256
I1102 18:32:21.472542 IO-0/EL  buffer_pool.h:25] BufferPool[IO-0_Write]: Allocate new buffer, current buffer count is 257
I1102 18:32:21.472560 IO-0/EL  buffer_pool.h:25] BufferPool[IO-0_Write]: Allocate new buffer, current buffer count is 258
I1102 18:32:21.472571 IO-0/EL  buffer_pool.h:25] BufferPool[IO-0_Write]: Allocate new buffer, current buffer count is 259
I1102 18:32:21.472580 IO-0/EL  buffer_pool.h:25] BufferPool[IO-0_Write]: Allocate new buffer, current buffer count is 260
I1102 18:32:21.472590 IO-0/EL  buffer_pool.h:25] BufferPool[IO-0_Write]: Allocate new buffer, current buffer count is 261
I1102 18:32:21.472600 IO-0/EL  buffer_pool.h:25] BufferPool[IO-0_Write]: Allocate new buffer, current buffer count is 262
I1102 18:32:21.472610 IO-0/EL  buffer_pool.h:25] BufferPool[IO-0_Write]: Allocate new buffer, current buffer count is 263
I1102 18:32:21.472620 IO-0/EL  buffer_pool.h:25] BufferPool[IO-0_Write]: Allocate new buffer, current buffer count is 264
I1102 18:32:21.472631 IO-0/EL  buffer_pool.h:25] BufferPool[IO-0_Write]: Allocate new buffer, current buffer count is 265
I1102 18:32:21.472642 IO-0/EL  buffer_pool.h:25] BufferPool[IO-0_Write]: Allocate new buffer, current buffer count is 266
I1102 18:32:21.472653 IO-0/EL  buffer_pool.h:25] BufferPool[IO-0_Write]: Allocate new buffer, current buffer count is 267
I1102 18:32:21.472664 IO-0/EL  buffer_pool.h:25] BufferPool[IO-0_Write]: Allocate new buffer, current buffer count is 268
I1102 18:32:21.472673 IO-0/EL  buffer_pool.h:25] BufferPool[IO-0_Write]: Allocate new buffer, current buffer count is 269
I1102 18:32:21.472683 IO-0/EL  buffer_pool.h:25] BufferPool[IO-0_Write]: Allocate new buffer, current buffer count is 270
I1102 18:32:21.472694 IO-0/EL  buffer_pool.h:25] BufferPool[IO-0_Write]: Allocate new buffer, current buffer count is 271
I1102 18:32:21.472705 IO-0/EL  buffer_pool.h:25] BufferPool[IO-0_Write]: Allocate new buffer, current buffer count is 272
I1102 18:32:21.472720 IO-0/EL  buffer_pool.h:25] BufferPool[IO-0_Write]: Allocate new buffer, current buffer count is 273
I1102 18:32:21.472734 IO-0/EL  buffer_pool.h:25] BufferPool[IO-0_Write]: Allocate new buffer, current buffer count is 274
I1102 18:32:21.472746 IO-0/EL  buffer_pool.h:25] BufferPool[IO-0_Write]: Allocate new buffer, current buffer count is 275
I1102 18:32:21.472757 IO-0/EL  buffer_pool.h:25] BufferPool[IO-0_Write]: Allocate new buffer, current buffer count is 276
I1102 18:32:21.472766 IO-0/EL  buffer_pool.h:25] BufferPool[IO-0_Write]: Allocate new buffer, current buffer count is 277
I1102 18:32:21.472776 IO-0/EL  buffer_pool.h:25] BufferPool[IO-0_Write]: Allocate new buffer, current buffer count is 278
I1102 18:32:21.472785 IO-0/EL  buffer_pool.h:25] BufferPool[IO-0_Write]: Allocate new buffer, current buffer count is 279
I1102 18:32:21.472795 IO-0/EL  buffer_pool.h:25] BufferPool[IO-0_Write]: Allocate new buffer, current buffer count is 280
I1102 18:32:21.472804 IO-0/EL  buffer_pool.h:25] BufferPool[IO-0_Write]: Allocate new buffer, current buffer count is 281
I1102 18:32:21.472821 IO-0/EL  buffer_pool.h:25] BufferPool[IO-0_Write]: Allocate new buffer, current buffer count is 282
I1102 18:32:21.472831 IO-0/EL  buffer_pool.h:25] BufferPool[IO-0_Write]: Allocate new buffer, current buffer count is 283
I1102 18:32:21.472841 IO-0/EL  buffer_pool.h:25] BufferPool[IO-0_Write]: Allocate new buffer, current buffer count is 284
I1102 18:32:21.472851 IO-0/EL  buffer_pool.h:25] BufferPool[IO-0_Write]: Allocate new buffer, current buffer count is 285
I1102 18:32:21.472861 IO-0/EL  buffer_pool.h:25] BufferPool[IO-0_Write]: Allocate new buffer, current buffer count is 286
I1102 18:32:21.472871 IO-0/EL  buffer_pool.h:25] BufferPool[IO-0_Write]: Allocate new buffer, current buffer count is 287
I1102 18:32:21.472880 IO-0/EL  buffer_pool.h:25] BufferPool[IO-0_Write]: Allocate new buffer, current buffer count is 288
I1102 18:32:21.472892 IO-0/EL  buffer_pool.h:25] BufferPool[IO-0_Write]: Allocate new buffer, current buffer count is 289
I1102 18:32:21.472903 IO-0/EL  buffer_pool.h:25] BufferPool[IO-0_Write]: Allocate new buffer, current buffer count is 290
I1102 18:32:21.472916 IO-0/EL  buffer_pool.h:25] BufferPool[IO-0_Write]: Allocate new buffer, current buffer count is 291
I1102 18:32:21.472926 IO-0/EL  buffer_pool.h:25] BufferPool[IO-0_Write]: Allocate new buffer, current buffer count is 292
I1102 18:32:21.472938 IO-0/EL  buffer_pool.h:25] BufferPool[IO-0_Write]: Allocate new buffer, current buffer count is 293
I1102 18:32:21.472947 IO-0/EL  buffer_pool.h:25] BufferPool[IO-0_Write]: Allocate new buffer, current buffer count is 294
I1102 18:32:21.472957 IO-0/EL  buffer_pool.h:25] BufferPool[IO-0_Write]: Allocate new buffer, current buffer count is 295
I1102 18:32:21.472966 IO-0/EL  buffer_pool.h:25] BufferPool[IO-0_Write]: Allocate new buffer, current buffer count is 296
I1102 18:32:21.472976 IO-0/EL  buffer_pool.h:25] BufferPool[IO-0_Write]: Allocate new buffer, current buffer count is 297
I1102 18:32:21.472985 IO-0/EL  buffer_pool.h:25] BufferPool[IO-0_Write]: Allocate new buffer, current buffer count is 298
I1102 18:32:21.472996 IO-0/EL  buffer_pool.h:25] BufferPool[IO-0_Write]: Allocate new buffer, current buffer count is 299
I1102 18:32:21.473006 IO-0/EL  buffer_pool.h:25] BufferPool[IO-0_Write]: Allocate new buffer, current buffer count is 300
I1102 18:32:21.473016 IO-0/EL  buffer_pool.h:25] BufferPool[IO-0_Write]: Allocate new buffer, current buffer count is 301
I1102 18:32:21.473025 IO-0/EL  buffer_pool.h:25] BufferPool[IO-0_Write]: Allocate new buffer, current buffer count is 302
I1102 18:32:21.473034 IO-0/EL  buffer_pool.h:25] BufferPool[IO-0_Write]: Allocate new buffer, current buffer count is 303
I1102 18:32:21.473044 IO-0/EL  buffer_pool.h:25] BufferPool[IO-0_Write]: Allocate new buffer, current buffer count is 304
I1102 18:32:21.473053 IO-0/EL  buffer_pool.h:25] BufferPool[IO-0_Write]: Allocate new buffer, current buffer count is 305
I1102 18:32:21.473062 IO-0/EL  buffer_pool.h:25] BufferPool[IO-0_Write]: Allocate new buffer, current buffer count is 306
I1102 18:32:21.473072 IO-0/EL  buffer_pool.h:25] BufferPool[IO-0_Write]: Allocate new buffer, current buffer count is 307
I1102 18:32:21.473082 IO-0/EL  buffer_pool.h:25] BufferPool[IO-0_Write]: Allocate new buffer, current buffer count is 308
I1102 18:32:21.473093 IO-0/EL  buffer_pool.h:25] BufferPool[IO-0_Write]: Allocate new buffer, current buffer count is 309
I1102 18:32:21.473104 IO-0/EL  buffer_pool.h:25] BufferPool[IO-0_Write]: Allocate new buffer, current buffer count is 310
I1102 18:32:21.473117 IO-0/EL  buffer_pool.h:25] BufferPool[IO-0_Write]: Allocate new buffer, current buffer count is 311
I1102 18:32:21.473127 IO-0/EL  buffer_pool.h:25] BufferPool[IO-0_Write]: Allocate new buffer, current buffer count is 312
I1102 18:32:21.473136 IO-0/EL  buffer_pool.h:25] BufferPool[IO-0_Write]: Allocate new buffer, current buffer count is 313
I1102 18:32:21.473145 IO-0/EL  buffer_pool.h:25] BufferPool[IO-0_Write]: Allocate new buffer, current buffer count is 314
I1102 18:32:21.473160 IO-0/EL  buffer_pool.h:25] BufferPool[IO-0_Write]: Allocate new buffer, current buffer count is 315
I1102 18:32:21.473170 IO-0/EL  buffer_pool.h:25] BufferPool[IO-0_Write]: Allocate new buffer, current buffer count is 316
I1102 18:32:21.473180 IO-0/EL  buffer_pool.h:25] BufferPool[IO-0_Write]: Allocate new buffer, current buffer count is 317
I1102 18:32:21.473189 IO-0/EL  buffer_pool.h:25] BufferPool[IO-0_Write]: Allocate new buffer, current buffer count is 318
I1102 18:32:21.473198 IO-0/EL  buffer_pool.h:25] BufferPool[IO-0_Write]: Allocate new buffer, current buffer count is 319
I1102 18:32:21.473207 IO-0/EL  buffer_pool.h:25] BufferPool[IO-0_Write]: Allocate new buffer, current buffer count is 320
I1102 18:32:21.473217 IO-0/EL  buffer_pool.h:25] BufferPool[IO-0_Write]: Allocate new buffer, current buffer count is 321
I1102 18:32:21.473226 IO-0/EL  buffer_pool.h:25] BufferPool[IO-0_Write]: Allocate new buffer, current buffer count is 322
I1102 18:32:21.473238 IO-0/EL  buffer_pool.h:25] BufferPool[IO-0_Write]: Allocate new buffer, current buffer count is 323
I1102 18:32:21.473248 IO-0/EL  buffer_pool.h:25] BufferPool[IO-0_Write]: Allocate new buffer, current buffer count is 324
I1102 18:32:21.473258 IO-0/EL  buffer_pool.h:25] BufferPool[IO-0_Write]: Allocate new buffer, current buffer count is 325
I1102 18:32:21.473269 IO-0/EL  buffer_pool.h:25] BufferPool[IO-0_Write]: Allocate new buffer, current buffer count is 326
I1102 18:32:21.473280 IO-0/EL  buffer_pool.h:25] BufferPool[IO-0_Write]: Allocate new buffer, current buffer count is 327
I1102 18:32:21.473291 IO-0/EL  buffer_pool.h:25] BufferPool[IO-0_Write]: Allocate new buffer, current buffer count is 328
I1102 18:32:21.473304 IO-0/EL  buffer_pool.h:25] BufferPool[IO-0_Write]: Allocate new buffer, current buffer count is 329
I1102 18:32:21.473313 IO-0/EL  buffer_pool.h:25] BufferPool[IO-0_Write]: Allocate new buffer, current buffer count is 330
I1102 18:32:21.473322 IO-0/EL  buffer_pool.h:25] BufferPool[IO-0_Write]: Allocate new buffer, current buffer count is 331
I1102 18:32:21.473332 IO-0/EL  buffer_pool.h:25] BufferPool[IO-0_Write]: Allocate new buffer, current buffer count is 332
I1102 18:32:21.473343 IO-0/EL  buffer_pool.h:25] BufferPool[IO-0_Write]: Allocate new buffer, current buffer count is 333
I1102 18:32:21.473353 IO-0/EL  buffer_pool.h:25] BufferPool[IO-0_Write]: Allocate new buffer, current buffer count is 334
I1102 18:32:21.473362 IO-0/EL  buffer_pool.h:25] BufferPool[IO-0_Write]: Allocate new buffer, current buffer count is 335
I1102 18:32:21.473372 IO-0/EL  buffer_pool.h:25] BufferPool[IO-0_Write]: Allocate new buffer, current buffer count is 336
I1102 18:32:21.473381 IO-0/EL  buffer_pool.h:25] BufferPool[IO-0_Write]: Allocate new buffer, current buffer count is 337
I1102 18:32:21.473391 IO-0/EL  buffer_pool.h:25] BufferPool[IO-0_Write]: Allocate new buffer, current buffer count is 338
I1102 18:32:21.473401 IO-0/EL  buffer_pool.h:25] BufferPool[IO-0_Write]: Allocate new buffer, current buffer count is 339
I1102 18:32:21.473410 IO-0/EL  buffer_pool.h:25] BufferPool[IO-0_Write]: Allocate new buffer, current buffer count is 340
I1102 18:32:21.473419 IO-0/EL  buffer_pool.h:25] BufferPool[IO-0_Write]: Allocate new buffer, current buffer count is 341
I1102 18:32:21.473430 IO-0/EL  buffer_pool.h:25] BufferPool[IO-0_Write]: Allocate new buffer, current buffer count is 342
I1102 18:32:21.473439 IO-0/EL  buffer_pool.h:25] BufferPool[IO-0_Write]: Allocate new buffer, current buffer count is 343
I1102 18:32:21.473450 IO-0/EL  buffer_pool.h:25] BufferPool[IO-0_Write]: Allocate new buffer, current buffer count is 344
I1102 18:32:21.473461 IO-0/EL  buffer_pool.h:25] BufferPool[IO-0_Write]: Allocate new buffer, current buffer count is 345
I1102 18:32:21.473473 IO-0/EL  buffer_pool.h:25] BufferPool[IO-0_Write]: Allocate new buffer, current buffer count is 346
I1102 18:32:21.473484 IO-0/EL  buffer_pool.h:25] BufferPool[IO-0_Write]: Allocate new buffer, current buffer count is 347
I1102 18:32:21.473496 IO-0/EL  buffer_pool.h:25] BufferPool[IO-0_Write]: Allocate new buffer, current buffer count is 348
I1102 18:32:21.473511 IO-0/EL  buffer_pool.h:25] BufferPool[IO-0_Write]: Allocate new buffer, current buffer count is 349
I1102 18:32:21.473521 IO-0/EL  buffer_pool.h:25] BufferPool[IO-0_Write]: Allocate new buffer, current buffer count is 350
I1102 18:32:21.473530 IO-0/EL  buffer_pool.h:25] BufferPool[IO-0_Write]: Allocate new buffer, current buffer count is 351
I1102 18:32:21.473539 IO-0/EL  buffer_pool.h:25] BufferPool[IO-0_Write]: Allocate new buffer, current buffer count is 352
I1102 18:32:21.473549 IO-0/EL  buffer_pool.h:25] BufferPool[IO-0_Write]: Allocate new buffer, current buffer count is 353
I1102 18:32:21.473559 IO-0/EL  buffer_pool.h:25] BufferPool[IO-0_Write]: Allocate new buffer, current buffer count is 354
I1102 18:32:21.473570 IO-0/EL  buffer_pool.h:25] BufferPool[IO-0_Write]: Allocate new buffer, current buffer count is 355
I1102 18:32:21.473581 IO-0/EL  buffer_pool.h:25] BufferPool[IO-0_Write]: Allocate new buffer, current buffer count is 356
I1102 18:32:21.473591 IO-0/EL  buffer_pool.h:25] BufferPool[IO-0_Write]: Allocate new buffer, current buffer count is 357
I1102 18:32:21.473601 IO-0/EL  buffer_pool.h:25] BufferPool[IO-0_Write]: Allocate new buffer, current buffer count is 358
I1102 18:32:21.473610 IO-0/EL  buffer_pool.h:25] BufferPool[IO-0_Write]: Allocate new buffer, current buffer count is 359
I1102 18:32:21.473620 IO-0/EL  buffer_pool.h:25] BufferPool[IO-0_Write]: Allocate new buffer, current buffer count is 360
I1102 18:32:21.473630 IO-0/EL  buffer_pool.h:25] BufferPool[IO-0_Write]: Allocate new buffer, current buffer count is 361
I1102 18:32:21.473641 IO-0/EL  buffer_pool.h:25] BufferPool[IO-0_Write]: Allocate new buffer, current buffer count is 362
I1102 18:32:21.473652 IO-0/EL  buffer_pool.h:25] BufferPool[IO-0_Write]: Allocate new buffer, current buffer count is 363
I1102 18:32:21.473662 IO-0/EL  buffer_pool.h:25] BufferPool[IO-0_Write]: Allocate new buffer, current buffer count is 364
I1102 18:32:21.473673 IO-0/EL  buffer_pool.h:25] BufferPool[IO-0_Write]: Allocate new buffer, current buffer count is 365
I1102 18:32:21.473687 IO-0/EL  buffer_pool.h:25] BufferPool[IO-0_Write]: Allocate new buffer, current buffer count is 366
I1102 18:32:21.473697 IO-0/EL  buffer_pool.h:25] BufferPool[IO-0_Write]: Allocate new buffer, current buffer count is 367
I1102 18:32:21.473706 IO-0/EL  buffer_pool.h:25] BufferPool[IO-0_Write]: Allocate new buffer, current buffer count is 368
I1102 18:32:21.473721 IO-0/EL  buffer_pool.h:25] BufferPool[IO-0_Write]: Allocate new buffer, current buffer count is 369
I1102 18:32:21.473732 IO-0/EL  buffer_pool.h:25] BufferPool[IO-0_Write]: Allocate new buffer, current buffer count is 370
I1102 18:32:21.473741 IO-0/EL  buffer_pool.h:25] BufferPool[IO-0_Write]: Allocate new buffer, current buffer count is 371
I1102 18:32:21.473751 IO-0/EL  buffer_pool.h:25] BufferPool[IO-0_Write]: Allocate new buffer, current buffer count is 372
I1102 18:32:21.473761 IO-0/EL  buffer_pool.h:25] BufferPool[IO-0_Write]: Allocate new buffer, current buffer count is 373
I1102 18:32:21.473771 IO-0/EL  buffer_pool.h:25] BufferPool[IO-0_Write]: Allocate new buffer, current buffer count is 374
I1102 18:32:21.473781 IO-0/EL  buffer_pool.h:25] BufferPool[IO-0_Write]: Allocate new buffer, current buffer count is 375
I1102 18:32:21.473790 IO-0/EL  buffer_pool.h:25] BufferPool[IO-0_Write]: Allocate new buffer, current buffer count is 376
I1102 18:32:21.473800 IO-0/EL  buffer_pool.h:25] BufferPool[IO-0_Write]: Allocate new buffer, current buffer count is 377
I1102 18:32:21.473809 IO-0/EL  buffer_pool.h:25] BufferPool[IO-0_Write]: Allocate new buffer, current buffer count is 378
I1102 18:32:21.473819 IO-0/EL  buffer_pool.h:25] BufferPool[IO-0_Write]: Allocate new buffer, current buffer count is 379
I1102 18:32:21.473829 IO-0/EL  buffer_pool.h:25] BufferPool[IO-0_Write]: Allocate new buffer, current buffer count is 380
I1102 18:32:21.473840 IO-0/EL  buffer_pool.h:25] BufferPool[IO-0_Write]: Allocate new buffer, current buffer count is 381
I1102 18:32:21.473856 IO-0/EL  buffer_pool.h:25] BufferPool[IO-0_Write]: Allocate new buffer, current buffer count is 382
I1102 18:32:21.473866 IO-0/EL  buffer_pool.h:25] BufferPool[IO-0_Write]: Allocate new buffer, current buffer count is 383
I1102 18:32:21.473879 IO-0/EL  buffer_pool.h:25] BufferPool[IO-0_Write]: Allocate new buffer, current buffer count is 384
I1102 18:32:21.473889 IO-0/EL  buffer_pool.h:25] BufferPool[IO-0_Write]: Allocate new buffer, current buffer count is 385
I1102 18:32:21.473899 IO-0/EL  buffer_pool.h:25] BufferPool[IO-0_Write]: Allocate new buffer, current buffer count is 386
I1102 18:32:21.473909 IO-0/EL  buffer_pool.h:25] BufferPool[IO-0_Write]: Allocate new buffer, current buffer count is 387
I1102 18:32:21.473918 IO-0/EL  buffer_pool.h:25] BufferPool[IO-0_Write]: Allocate new buffer, current buffer count is 388
I1102 18:32:21.473928 IO-0/EL  buffer_pool.h:25] BufferPool[IO-0_Write]: Allocate new buffer, current buffer count is 389
I1102 18:32:21.473939 IO-0/EL  buffer_pool.h:25] BufferPool[IO-0_Write]: Allocate new buffer, current buffer count is 390
I1102 18:32:21.473949 IO-0/EL  buffer_pool.h:25] BufferPool[IO-0_Write]: Allocate new buffer, current buffer count is 391
I1102 18:32:21.473960 IO-0/EL  buffer_pool.h:25] BufferPool[IO-0_Write]: Allocate new buffer, current buffer count is 392
I1102 18:32:21.473973 IO-0/EL  buffer_pool.h:25] BufferPool[IO-0_Write]: Allocate new buffer, current buffer count is 393
I1102 18:32:21.473983 IO-0/EL  buffer_pool.h:25] BufferPool[IO-0_Write]: Allocate new buffer, current buffer count is 394
I1102 18:32:21.473992 IO-0/EL  buffer_pool.h:25] BufferPool[IO-0_Write]: Allocate new buffer, current buffer count is 395
I1102 18:32:21.474002 IO-0/EL  buffer_pool.h:25] BufferPool[IO-0_Write]: Allocate new buffer, current buffer count is 396
I1102 18:32:21.474012 IO-0/EL  buffer_pool.h:25] BufferPool[IO-0_Write]: Allocate new buffer, current buffer count is 397
I1102 18:32:21.474022 IO-0/EL  buffer_pool.h:25] BufferPool[IO-0_Write]: Allocate new buffer, current buffer count is 398
I1102 18:32:21.474033 IO-0/EL  buffer_pool.h:25] BufferPool[IO-0_Write]: Allocate new buffer, current buffer count is 399
I1102 18:32:21.474042 IO-0/EL  buffer_pool.h:25] BufferPool[IO-0_Write]: Allocate new buffer, current buffer count is 400
I1102 18:32:21.474052 IO-0/EL  buffer_pool.h:25] BufferPool[IO-0_Write]: Allocate new buffer, current buffer count is 401
I1102 18:32:21.474062 IO-0/EL  buffer_pool.h:25] BufferPool[IO-0_Write]: Allocate new buffer, current buffer count is 402
I1102 18:32:21.474072 IO-0/EL  buffer_pool.h:25] BufferPool[IO-0_Write]: Allocate new buffer, current buffer count is 403
I1102 18:32:21.474083 IO-0/EL  buffer_pool.h:25] BufferPool[IO-0_Write]: Allocate new buffer, current buffer count is 404
I1102 18:32:21.474092 IO-0/EL  buffer_pool.h:25] BufferPool[IO-0_Write]: Allocate new buffer, current buffer count is 405
I1102 18:32:21.474102 IO-0/EL  buffer_pool.h:25] BufferPool[IO-0_Write]: Allocate new buffer, current buffer count is 406
I1102 18:32:21.474112 IO-0/EL  buffer_pool.h:25] BufferPool[IO-0_Write]: Allocate new buffer, current buffer count is 407
I1102 18:32:21.474122 IO-0/EL  buffer_pool.h:25] BufferPool[IO-0_Write]: Allocate new buffer, current buffer count is 408
I1102 18:32:21.474133 IO-0/EL  buffer_pool.h:25] BufferPool[IO-0_Write]: Allocate new buffer, current buffer count is 409
I1102 18:32:21.474144 IO-0/EL  buffer_pool.h:25] BufferPool[IO-0_Write]: Allocate new buffer, current buffer count is 410
I1102 18:32:21.474156 IO-0/EL  buffer_pool.h:25] BufferPool[IO-0_Write]: Allocate new buffer, current buffer count is 411
I1102 18:32:21.474169 IO-0/EL  buffer_pool.h:25] BufferPool[IO-0_Write]: Allocate new buffer, current buffer count is 412
I1102 18:32:21.474178 IO-0/EL  buffer_pool.h:25] BufferPool[IO-0_Write]: Allocate new buffer, current buffer count is 413
I1102 18:32:21.474188 IO-0/EL  buffer_pool.h:25] BufferPool[IO-0_Write]: Allocate new buffer, current buffer count is 414
I1102 18:32:21.474197 IO-0/EL  buffer_pool.h:25] BufferPool[IO-0_Write]: Allocate new buffer, current buffer count is 415
I1102 18:32:21.474212 IO-0/EL  buffer_pool.h:25] BufferPool[IO-0_Write]: Allocate new buffer, current buffer count is 416
I1102 18:32:21.474222 IO-0/EL  buffer_pool.h:25] BufferPool[IO-0_Write]: Allocate new buffer, current buffer count is 417
I1102 18:32:21.474232 IO-0/EL  buffer_pool.h:25] BufferPool[IO-0_Write]: Allocate new buffer, current buffer count is 418
I1102 18:32:21.474242 IO-0/EL  buffer_pool.h:25] BufferPool[IO-0_Write]: Allocate new buffer, current buffer count is 419
I1102 18:32:21.474252 IO-0/EL  buffer_pool.h:25] BufferPool[IO-0_Write]: Allocate new buffer, current buffer count is 420
I1102 18:32:21.474262 IO-0/EL  buffer_pool.h:25] BufferPool[IO-0_Write]: Allocate new buffer, current buffer count is 421
I1102 18:32:21.474274 IO-0/EL  buffer_pool.h:25] BufferPool[IO-0_Write]: Allocate new buffer, current buffer count is 422
I1102 18:32:21.474283 IO-0/EL  buffer_pool.h:25] BufferPool[IO-0_Write]: Allocate new buffer, current buffer count is 423
I1102 18:32:21.474292 IO-0/EL  buffer_pool.h:25] BufferPool[IO-0_Write]: Allocate new buffer, current buffer count is 424
I1102 18:32:21.474302 IO-0/EL  buffer_pool.h:25] BufferPool[IO-0_Write]: Allocate new buffer, current buffer count is 425
I1102 18:32:21.474313 IO-0/EL  buffer_pool.h:25] BufferPool[IO-0_Write]: Allocate new buffer, current buffer count is 426
I1102 18:32:21.474324 IO-0/EL  buffer_pool.h:25] BufferPool[IO-0_Write]: Allocate new buffer, current buffer count is 427
I1102 18:32:21.474336 IO-0/EL  buffer_pool.h:25] BufferPool[IO-0_Write]: Allocate new buffer, current buffer count is 428
I1102 18:32:21.474346 IO-0/EL  buffer_pool.h:25] BufferPool[IO-0_Write]: Allocate new buffer, current buffer count is 429
I1102 18:32:21.474359 IO-0/EL  buffer_pool.h:25] BufferPool[IO-0_Write]: Allocate new buffer, current buffer count is 430
I1102 18:32:21.474370 IO-0/EL  buffer_pool.h:25] BufferPool[IO-0_Write]: Allocate new buffer, current buffer count is 431
I1102 18:32:21.474380 IO-0/EL  buffer_pool.h:25] BufferPool[IO-0_Write]: Allocate new buffer, current buffer count is 432
I1102 18:32:21.474389 IO-0/EL  buffer_pool.h:25] BufferPool[IO-0_Write]: Allocate new buffer, current buffer count is 433
I1102 18:32:21.474400 IO-0/EL  buffer_pool.h:25] BufferPool[IO-0_Write]: Allocate new buffer, current buffer count is 434
I1102 18:32:21.474410 IO-0/EL  buffer_pool.h:25] BufferPool[IO-0_Write]: Allocate new buffer, current buffer count is 435
I1102 18:32:21.474419 IO-0/EL  buffer_pool.h:25] BufferPool[IO-0_Write]: Allocate new buffer, current buffer count is 436
I1102 18:32:21.474429 IO-0/EL  buffer_pool.h:25] BufferPool[IO-0_Write]: Allocate new buffer, current buffer count is 437
I1102 18:32:21.474439 IO-0/EL  buffer_pool.h:25] BufferPool[IO-0_Write]: Allocate new buffer, current buffer count is 438
I1102 18:32:21.474449 IO-0/EL  buffer_pool.h:25] BufferPool[IO-0_Write]: Allocate new buffer, current buffer count is 439
I1102 18:32:21.474459 IO-0/EL  buffer_pool.h:25] BufferPool[IO-0_Write]: Allocate new buffer, current buffer count is 440
I1102 18:32:21.474469 IO-0/EL  buffer_pool.h:25] BufferPool[IO-0_Write]: Allocate new buffer, current buffer count is 441
I1102 18:32:21.474479 IO-0/EL  buffer_pool.h:25] BufferPool[IO-0_Write]: Allocate new buffer, current buffer count is 442
I1102 18:32:21.474489 IO-0/EL  buffer_pool.h:25] BufferPool[IO-0_Write]: Allocate new buffer, current buffer count is 443
I1102 18:32:21.474498 IO-0/EL  buffer_pool.h:25] BufferPool[IO-0_Write]: Allocate new buffer, current buffer count is 444
I1102 18:32:21.474510 IO-0/EL  buffer_pool.h:25] BufferPool[IO-0_Write]: Allocate new buffer, current buffer count is 445
I1102 18:32:21.474521 IO-0/EL  buffer_pool.h:25] BufferPool[IO-0_Write]: Allocate new buffer, current buffer count is 446
I1102 18:32:21.474532 IO-0/EL  buffer_pool.h:25] BufferPool[IO-0_Write]: Allocate new buffer, current buffer count is 447
I1102 18:32:21.474544 IO-0/EL  buffer_pool.h:25] BufferPool[IO-0_Write]: Allocate new buffer, current buffer count is 448
I1102 18:32:21.474555 IO-0/EL  buffer_pool.h:25] BufferPool[IO-0_Write]: Allocate new buffer, current buffer count is 449
I1102 18:32:21.474570 IO-0/EL  buffer_pool.h:25] BufferPool[IO-0_Write]: Allocate new buffer, current buffer count is 450
I1102 18:32:21.474580 IO-0/EL  buffer_pool.h:25] BufferPool[IO-0_Write]: Allocate new buffer, current buffer count is 451
I1102 18:32:21.474589 IO-0/EL  buffer_pool.h:25] BufferPool[IO-0_Write]: Allocate new buffer, current buffer count is 452
I1102 18:32:21.474598 IO-0/EL  buffer_pool.h:25] BufferPool[IO-0_Write]: Allocate new buffer, current buffer count is 453
I1102 18:32:21.474608 IO-0/EL  buffer_pool.h:25] BufferPool[IO-0_Write]: Allocate new buffer, current buffer count is 454
I1102 18:32:21.474618 IO-0/EL  buffer_pool.h:25] BufferPool[IO-0_Write]: Allocate new buffer, current buffer count is 455
I1102 18:32:21.474628 IO-0/EL  buffer_pool.h:25] BufferPool[IO-0_Write]: Allocate new buffer, current buffer count is 456
I1102 18:32:21.474638 IO-0/EL  buffer_pool.h:25] BufferPool[IO-0_Write]: Allocate new buffer, current buffer count is 457
I1102 18:32:21.474647 IO-0/EL  buffer_pool.h:25] BufferPool[IO-0_Write]: Allocate new buffer, current buffer count is 458
I1102 18:32:21.474658 IO-0/EL  buffer_pool.h:25] BufferPool[IO-0_Write]: Allocate new buffer, current buffer count is 459
I1102 18:32:21.474673 IO-0/EL  buffer_pool.h:25] BufferPool[IO-0_Write]: Allocate new buffer, current buffer count is 460
I1102 18:32:21.474688 IO-0/EL  buffer_pool.h:25] BufferPool[IO-0_Write]: Allocate new buffer, current buffer count is 461
I1102 18:32:21.474699 IO-0/EL  buffer_pool.h:25] BufferPool[IO-0_Write]: Allocate new buffer, current buffer count is 462
I1102 18:32:21.474714 IO-0/EL  buffer_pool.h:25] BufferPool[IO-0_Write]: Allocate new buffer, current buffer count is 463
I1102 18:32:21.474727 IO-0/EL  buffer_pool.h:25] BufferPool[IO-0_Write]: Allocate new buffer, current buffer count is 464
I1102 18:32:21.474737 IO-0/EL  buffer_pool.h:25] BufferPool[IO-0_Write]: Allocate new buffer, current buffer count is 465
I1102 18:32:21.474752 IO-0/EL  buffer_pool.h:25] BufferPool[IO-0_Write]: Allocate new buffer, current buffer count is 466
I1102 18:32:21.474765 IO-0/EL  buffer_pool.h:25] BufferPool[IO-0_Write]: Allocate new buffer, current buffer count is 467
I1102 18:32:21.474779 IO-0/EL  buffer_pool.h:25] BufferPool[IO-0_Write]: Allocate new buffer, current buffer count is 468
I1102 18:32:21.474792 IO-0/EL  buffer_pool.h:25] BufferPool[IO-0_Write]: Allocate new buffer, current buffer count is 469
I1102 18:32:21.474802 IO-0/EL  buffer_pool.h:25] BufferPool[IO-0_Write]: Allocate new buffer, current buffer count is 470
I1102 18:32:21.474812 IO-0/EL  buffer_pool.h:25] BufferPool[IO-0_Write]: Allocate new buffer, current buffer count is 471
I1102 18:32:21.474821 IO-0/EL  buffer_pool.h:25] BufferPool[IO-0_Write]: Allocate new buffer, current buffer count is 472
I1102 18:32:21.474830 IO-0/EL  buffer_pool.h:25] BufferPool[IO-0_Write]: Allocate new buffer, current buffer count is 473
I1102 18:32:21.474841 IO-0/EL  buffer_pool.h:25] BufferPool[IO-0_Write]: Allocate new buffer, current buffer count is 474
I1102 18:32:21.474851 IO-0/EL  buffer_pool.h:25] BufferPool[IO-0_Write]: Allocate new buffer, current buffer count is 475
I1102 18:32:21.474864 IO-0/EL  buffer_pool.h:25] BufferPool[IO-0_Write]: Allocate new buffer, current buffer count is 476
I1102 18:32:21.474878 IO-0/EL  buffer_pool.h:25] BufferPool[IO-0_Write]: Allocate new buffer, current buffer count is 477
I1102 18:32:21.474890 IO-0/EL  buffer_pool.h:25] BufferPool[IO-0_Write]: Allocate new buffer, current buffer count is 478
I1102 18:32:21.474899 IO-0/EL  buffer_pool.h:25] BufferPool[IO-0_Write]: Allocate new buffer, current buffer count is 479
I1102 18:32:21.474910 IO-0/EL  buffer_pool.h:25] BufferPool[IO-0_Write]: Allocate new buffer, current buffer count is 480
I1102 18:32:21.474922 IO-0/EL  buffer_pool.h:25] BufferPool[IO-0_Write]: Allocate new buffer, current buffer count is 481
I1102 18:32:21.474932 IO-0/EL  buffer_pool.h:25] BufferPool[IO-0_Write]: Allocate new buffer, current buffer count is 482
I1102 18:32:21.474951 IO-0/EL  buffer_pool.h:25] BufferPool[IO-0_Write]: Allocate new buffer, current buffer count is 483
I1102 18:32:21.474962 IO-0/EL  buffer_pool.h:25] BufferPool[IO-0_Write]: Allocate new buffer, current buffer count is 484
I1102 18:32:21.474973 IO-0/EL  buffer_pool.h:25] BufferPool[IO-0_Write]: Allocate new buffer, current buffer count is 485
I1102 18:32:21.474984 IO-0/EL  buffer_pool.h:25] BufferPool[IO-0_Write]: Allocate new buffer, current buffer count is 486
I1102 18:32:21.474998 IO-0/EL  buffer_pool.h:25] BufferPool[IO-0_Write]: Allocate new buffer, current buffer count is 487
I1102 18:32:21.475009 IO-0/EL  buffer_pool.h:25] BufferPool[IO-0_Write]: Allocate new buffer, current buffer count is 488
I1102 18:32:21.475023 IO-0/EL  buffer_pool.h:25] BufferPool[IO-0_Write]: Allocate new buffer, current buffer count is 489
I1102 18:32:21.475035 IO-0/EL  buffer_pool.h:25] BufferPool[IO-0_Write]: Allocate new buffer, current buffer count is 490
I1102 18:32:21.475045 IO-0/EL  buffer_pool.h:25] BufferPool[IO-0_Write]: Allocate new buffer, current buffer count is 491
I1102 18:32:21.475054 IO-0/EL  buffer_pool.h:25] BufferPool[IO-0_Write]: Allocate new buffer, current buffer count is 492
I1102 18:32:21.475064 IO-0/EL  buffer_pool.h:25] BufferPool[IO-0_Write]: Allocate new buffer, current buffer count is 493
I1102 18:32:21.475073 IO-0/EL  buffer_pool.h:25] BufferPool[IO-0_Write]: Allocate new buffer, current buffer count is 494
I1102 18:32:21.475083 IO-0/EL  buffer_pool.h:25] BufferPool[IO-0_Write]: Allocate new buffer, current buffer count is 495
I1102 18:32:21.475092 IO-0/EL  buffer_pool.h:25] BufferPool[IO-0_Write]: Allocate new buffer, current buffer count is 496
I1102 18:32:21.475103 IO-0/EL  buffer_pool.h:25] BufferPool[IO-0_Write]: Allocate new buffer, current buffer count is 497
I1102 18:32:21.475112 IO-0/EL  buffer_pool.h:25] BufferPool[IO-0_Write]: Allocate new buffer, current buffer count is 498
I1102 18:32:21.475122 IO-0/EL  buffer_pool.h:25] BufferPool[IO-0_Write]: Allocate new buffer, current buffer count is 499
I1102 18:32:21.475132 IO-0/EL  buffer_pool.h:25] BufferPool[IO-0_Write]: Allocate new buffer, current buffer count is 500
I1102 18:32:21.475145 IO-0/EL  buffer_pool.h:25] BufferPool[IO-0_Write]: Allocate new buffer, current buffer count is 501
I1102 18:32:21.475157 IO-0/EL  buffer_pool.h:25] BufferPool[IO-0_Write]: Allocate new buffer, current buffer count is 502
I1102 18:32:21.475174 IO-0/EL  buffer_pool.h:25] BufferPool[IO-0_Write]: Allocate new buffer, current buffer count is 503
I1102 18:32:21.475186 IO-0/EL  buffer_pool.h:25] BufferPool[IO-0_Write]: Allocate new buffer, current buffer count is 504
I1102 18:32:21.475199 IO-0/EL  buffer_pool.h:25] BufferPool[IO-0_Write]: Allocate new buffer, current buffer count is 505
I1102 18:32:21.475208 IO-0/EL  buffer_pool.h:25] BufferPool[IO-0_Write]: Allocate new buffer, current buffer count is 506
I1102 18:32:21.475218 IO-0/EL  buffer_pool.h:25] BufferPool[IO-0_Write]: Allocate new buffer, current buffer count is 507
I1102 18:32:21.475228 IO-0/EL  buffer_pool.h:25] BufferPool[IO-0_Write]: Allocate new buffer, current buffer count is 508
I1102 18:32:21.475294 IO-0/EL  buffer_pool.h:25] BufferPool[IO-0_Write]: Allocate new buffer, current buffer count is 509
I1102 18:32:21.475305 IO-0/EL  buffer_pool.h:25] BufferPool[IO-0_Write]: Allocate new buffer, current buffer count is 510
I1102 18:32:21.475314 IO-0/EL  buffer_pool.h:25] BufferPool[IO-0_Write]: Allocate new buffer, current buffer count is 511
I1102 18:32:21.475324 IO-0/EL  buffer_pool.h:25] BufferPool[IO-0_Write]: Allocate new buffer, current buffer count is 512
I1102 18:32:26.542771 Main     server_base.cpp:35] Server: Scheduled to stop
I1102 18:32:26.542860 Server/E server_base.cpp:109] Server: Start stopping process
I1102 18:32:26.542974 Server/E server_base.cpp:55] Server: Event loop finishes
