I1102 19:16:28.593171 Main     thread.cpp:100] Register main thread: tid=1409679
E1102 19:16:28.595295 Main     docker.cpp:59] Cannot find docker's cgroup in /proc/self/cgroup
I1102 19:16:28.595356 Main     func_config.cpp:135] Load configuration for function Echo[1]
I1102 19:16:28.595367 Main     engine.cpp:109] Engine: Start 1 IO workers
I1102 19:16:28.598585 IO-0/EL  thread.cpp:40] Start thread: IO-0/EL
I1102 19:16:28.598632 IO-0/EL  io_worker.cpp:192] IO-0: Event loop starts
Checking for file descriptor...
Got a file descriptor!
I1102 19:16:30.369217 Main     engine.cpp:180] Engine: Created 1 Machnet connections to Gateway at 10.10.1.2:10007
I1102 19:16:30.369333 Main     engine.cpp:208] Engine: Listen on /dev/shm/faas_ipc/engine.sock for IPC connections
I1102 19:16:30.369624 Server/E thread.cpp:40] Start thread: Server/EL
I1102 19:16:30.369778 Server/E server_base.cpp:50] Server: Event loop starts
I1102 19:16:30.596076 Server/E engine.cpp:674] Engine: New message connection
I1102 19:16:30.599285 IO-0/EL  buffer_pool.h:25] BufferPool[IO-0_Read]: Allocate new buffer, current buffer count is 1
I1102 19:16:30.599317 IO-0/EL  engine.cpp:277] Engine: Receive new handshake message from message connection
I1102 19:16:30.599322 IO-0/EL  worker_manager.cpp:23] WorkerManager: Launcher of func_id 1 connected
I1102 19:16:30.599326 IO-0/EL  worker_manager.cpp:131] WorkerManager: Request new FuncWorker for func_id 1 with client_id 1
I1102 19:16:30.599346 IO-0/EL  worker_manager.cpp:131] WorkerManager: Request new FuncWorker for func_id 1 with client_id 2
I1102 19:16:30.599358 IO-0/EL  worker_manager.cpp:131] WorkerManager: Request new FuncWorker for func_id 1 with client_id 3
I1102 19:16:30.599368 IO-0/EL  worker_manager.cpp:131] WorkerManager: Request new FuncWorker for func_id 1 with client_id 4
I1102 19:16:30.599377 IO-0/EL  worker_manager.cpp:131] WorkerManager: Request new FuncWorker for func_id 1 with client_id 5
I1102 19:16:30.599386 IO-0/EL  worker_manager.cpp:131] WorkerManager: Request new FuncWorker for func_id 1 with client_id 6
I1102 19:16:30.599397 IO-0/EL  worker_manager.cpp:131] WorkerManager: Request new FuncWorker for func_id 1 with client_id 7
I1102 19:16:30.599406 IO-0/EL  worker_manager.cpp:131] WorkerManager: Request new FuncWorker for func_id 1 with client_id 8
I1102 19:16:30.599419 IO-0/EL  worker_manager.cpp:131] WorkerManager: Request new FuncWorker for func_id 1 with client_id 9
I1102 19:16:30.599428 IO-0/EL  worker_manager.cpp:131] WorkerManager: Request new FuncWorker for func_id 1 with client_id 10
I1102 19:16:30.599439 IO-0/EL  worker_manager.cpp:131] WorkerManager: Request new FuncWorker for func_id 1 with client_id 11
I1102 19:16:30.599449 IO-0/EL  worker_manager.cpp:131] WorkerManager: Request new FuncWorker for func_id 1 with client_id 12
I1102 19:16:30.599462 IO-0/EL  worker_manager.cpp:131] WorkerManager: Request new FuncWorker for func_id 1 with client_id 13
I1102 19:16:30.599471 IO-0/EL  worker_manager.cpp:131] WorkerManager: Request new FuncWorker for func_id 1 with client_id 14
I1102 19:16:30.599480 IO-0/EL  worker_manager.cpp:131] WorkerManager: Request new FuncWorker for func_id 1 with client_id 15
I1102 19:16:30.599491 IO-0/EL  worker_manager.cpp:131] WorkerManager: Request new FuncWorker for func_id 1 with client_id 16
I1102 19:16:30.599500 IO-0/EL  worker_manager.cpp:131] WorkerManager: Request new FuncWorker for func_id 1 with client_id 17
I1102 19:16:30.599520 IO-0/EL  worker_manager.cpp:131] WorkerManager: Request new FuncWorker for func_id 1 with client_id 18
I1102 19:16:30.599530 IO-0/EL  worker_manager.cpp:131] WorkerManager: Request new FuncWorker for func_id 1 with client_id 19
I1102 19:16:30.599541 IO-0/EL  worker_manager.cpp:131] WorkerManager: Request new FuncWorker for func_id 1 with client_id 20
I1102 19:16:30.599552 IO-0/EL  worker_manager.cpp:131] WorkerManager: Request new FuncWorker for func_id 1 with client_id 21
I1102 19:16:30.599563 IO-0/EL  worker_manager.cpp:131] WorkerManager: Request new FuncWorker for func_id 1 with client_id 22
I1102 19:16:30.599572 IO-0/EL  worker_manager.cpp:131] WorkerManager: Request new FuncWorker for func_id 1 with client_id 23
I1102 19:16:30.599598 IO-0/EL  worker_manager.cpp:131] WorkerManager: Request new FuncWorker for func_id 1 with client_id 24
I1102 19:16:30.599609 IO-0/EL  worker_manager.cpp:131] WorkerManager: Request new FuncWorker for func_id 1 with client_id 25
I1102 19:16:30.599618 IO-0/EL  worker_manager.cpp:131] WorkerManager: Request new FuncWorker for func_id 1 with client_id 26
I1102 19:16:30.599628 IO-0/EL  worker_manager.cpp:131] WorkerManager: Request new FuncWorker for func_id 1 with client_id 27
I1102 19:16:30.599640 IO-0/EL  worker_manager.cpp:131] WorkerManager: Request new FuncWorker for func_id 1 with client_id 28
I1102 19:16:30.599650 IO-0/EL  worker_manager.cpp:131] WorkerManager: Request new FuncWorker for func_id 1 with client_id 29
I1102 19:16:30.599659 IO-0/EL  worker_manager.cpp:131] WorkerManager: Request new FuncWorker for func_id 1 with client_id 30
I1102 19:16:30.599670 IO-0/EL  worker_manager.cpp:131] WorkerManager: Request new FuncWorker for func_id 1 with client_id 31
I1102 19:16:30.599679 IO-0/EL  worker_manager.cpp:131] WorkerManager: Request new FuncWorker for func_id 1 with client_id 32
I1102 19:16:30.599688 IO-0/EL  worker_manager.cpp:131] WorkerManager: Request new FuncWorker for func_id 1 with client_id 33
I1102 19:16:30.599727 IO-0/EL  worker_manager.cpp:131] WorkerManager: Request new FuncWorker for func_id 1 with client_id 34
I1102 19:16:30.599739 IO-0/EL  worker_manager.cpp:131] WorkerManager: Request new FuncWorker for func_id 1 with client_id 35
I1102 19:16:30.599751 IO-0/EL  worker_manager.cpp:131] WorkerManager: Request new FuncWorker for func_id 1 with client_id 36
I1102 19:16:30.599761 IO-0/EL  worker_manager.cpp:131] WorkerManager: Request new FuncWorker for func_id 1 with client_id 37
I1102 19:16:30.599771 IO-0/EL  worker_manager.cpp:131] WorkerManager: Request new FuncWorker for func_id 1 with client_id 38
I1102 19:16:30.599782 IO-0/EL  worker_manager.cpp:131] WorkerManager: Request new FuncWorker for func_id 1 with client_id 39
I1102 19:16:30.599793 IO-0/EL  worker_manager.cpp:131] WorkerManager: Request new FuncWorker for func_id 1 with client_id 40
I1102 19:16:30.599803 IO-0/EL  worker_manager.cpp:131] WorkerManager: Request new FuncWorker for func_id 1 with client_id 41
I1102 19:16:30.599812 IO-0/EL  worker_manager.cpp:131] WorkerManager: Request new FuncWorker for func_id 1 with client_id 42
I1102 19:16:30.599822 IO-0/EL  worker_manager.cpp:131] WorkerManager: Request new FuncWorker for func_id 1 with client_id 43
I1102 19:16:30.599833 IO-0/EL  worker_manager.cpp:131] WorkerManager: Request new FuncWorker for func_id 1 with client_id 44
I1102 19:16:30.599842 IO-0/EL  worker_manager.cpp:131] WorkerManager: Request new FuncWorker for func_id 1 with client_id 45
I1102 19:16:30.599853 IO-0/EL  worker_manager.cpp:131] WorkerManager: Request new FuncWorker for func_id 1 with client_id 46
I1102 19:16:30.599862 IO-0/EL  worker_manager.cpp:131] WorkerManager: Request new FuncWorker for func_id 1 with client_id 47
I1102 19:16:30.599873 IO-0/EL  worker_manager.cpp:131] WorkerManager: Request new FuncWorker for func_id 1 with client_id 48
I1102 19:16:30.599883 IO-0/EL  worker_manager.cpp:131] WorkerManager: Request new FuncWorker for func_id 1 with client_id 49
I1102 19:16:30.599892 IO-0/EL  worker_manager.cpp:131] WorkerManager: Request new FuncWorker for func_id 1 with client_id 50
I1102 19:16:30.599903 IO-0/EL  worker_manager.cpp:131] WorkerManager: Request new FuncWorker for func_id 1 with client_id 51
I1102 19:16:30.599913 IO-0/EL  worker_manager.cpp:131] WorkerManager: Request new FuncWorker for func_id 1 with client_id 52
I1102 19:16:30.599923 IO-0/EL  worker_manager.cpp:131] WorkerManager: Request new FuncWorker for func_id 1 with client_id 53
I1102 19:16:30.599933 IO-0/EL  worker_manager.cpp:131] WorkerManager: Request new FuncWorker for func_id 1 with client_id 54
I1102 19:16:30.599942 IO-0/EL  worker_manager.cpp:131] WorkerManager: Request new FuncWorker for func_id 1 with client_id 55
I1102 19:16:30.599953 IO-0/EL  worker_manager.cpp:131] WorkerManager: Request new FuncWorker for func_id 1 with client_id 56
I1102 19:16:30.599969 IO-0/EL  worker_manager.cpp:131] WorkerManager: Request new FuncWorker for func_id 1 with client_id 57
I1102 19:16:30.599980 IO-0/EL  worker_manager.cpp:131] WorkerManager: Request new FuncWorker for func_id 1 with client_id 58
I1102 19:16:30.599989 IO-0/EL  worker_manager.cpp:131] WorkerManager: Request new FuncWorker for func_id 1 with client_id 59
I1102 19:16:30.600000 IO-0/EL  worker_manager.cpp:131] WorkerManager: Request new FuncWorker for func_id 1 with client_id 60
I1102 19:16:30.600011 IO-0/EL  worker_manager.cpp:131] WorkerManager: Request new FuncWorker for func_id 1 with client_id 61
I1102 19:16:30.600021 IO-0/EL  worker_manager.cpp:131] WorkerManager: Request new FuncWorker for func_id 1 with client_id 62
I1102 19:16:30.600029 IO-0/EL  worker_manager.cpp:131] WorkerManager: Request new FuncWorker for func_id 1 with client_id 63
I1102 19:16:30.600038 IO-0/EL  worker_manager.cpp:131] WorkerManager: Request new FuncWorker for func_id 1 with client_id 64
I1102 19:16:30.600047 IO-0/EL  worker_manager.cpp:131] WorkerManager: Request new FuncWorker for func_id 1 with client_id 65
I1102 19:16:30.600097 IO-0/EL  worker_manager.cpp:131] WorkerManager: Request new FuncWorker for func_id 1 with client_id 66
I1102 19:16:30.600107 IO-0/EL  worker_manager.cpp:131] WorkerManager: Request new FuncWorker for func_id 1 with client_id 67
I1102 19:16:30.600116 IO-0/EL  worker_manager.cpp:131] WorkerManager: Request new FuncWorker for func_id 1 with client_id 68
I1102 19:16:30.600129 IO-0/EL  worker_manager.cpp:131] WorkerManager: Request new FuncWorker for func_id 1 with client_id 69
I1102 19:16:30.600138 IO-0/EL  worker_manager.cpp:131] WorkerManager: Request new FuncWorker for func_id 1 with client_id 70
I1102 19:16:30.600147 IO-0/EL  worker_manager.cpp:131] WorkerManager: Request new FuncWorker for func_id 1 with client_id 71
I1102 19:16:30.600156 IO-0/EL  worker_manager.cpp:131] WorkerManager: Request new FuncWorker for func_id 1 with client_id 72
I1102 19:16:30.600169 IO-0/EL  worker_manager.cpp:131] WorkerManager: Request new FuncWorker for func_id 1 with client_id 73
I1102 19:16:30.600178 IO-0/EL  worker_manager.cpp:131] WorkerManager: Request new FuncWorker for func_id 1 with client_id 74
I1102 19:16:30.600188 IO-0/EL  worker_manager.cpp:131] WorkerManager: Request new FuncWorker for func_id 1 with client_id 75
I1102 19:16:30.600200 IO-0/EL  worker_manager.cpp:131] WorkerManager: Request new FuncWorker for func_id 1 with client_id 76
I1102 19:16:30.600212 IO-0/EL  worker_manager.cpp:131] WorkerManager: Request new FuncWorker for func_id 1 with client_id 77
I1102 19:16:30.600221 IO-0/EL  worker_manager.cpp:131] WorkerManager: Request new FuncWorker for func_id 1 with client_id 78
I1102 19:16:30.600231 IO-0/EL  worker_manager.cpp:131] WorkerManager: Request new FuncWorker for func_id 1 with client_id 79
I1102 19:16:30.600240 IO-0/EL  worker_manager.cpp:131] WorkerManager: Request new FuncWorker for func_id 1 with client_id 80
I1102 19:16:30.600252 IO-0/EL  worker_manager.cpp:131] WorkerManager: Request new FuncWorker for func_id 1 with client_id 81
I1102 19:16:30.600263 IO-0/EL  worker_manager.cpp:131] WorkerManager: Request new FuncWorker for func_id 1 with client_id 82
I1102 19:16:30.600272 IO-0/EL  worker_manager.cpp:131] WorkerManager: Request new FuncWorker for func_id 1 with client_id 83
I1102 19:16:30.600284 IO-0/EL  worker_manager.cpp:131] WorkerManager: Request new FuncWorker for func_id 1 with client_id 84
I1102 19:16:30.600297 IO-0/EL  worker_manager.cpp:131] WorkerManager: Request new FuncWorker for func_id 1 with client_id 85
I1102 19:16:30.600306 IO-0/EL  worker_manager.cpp:131] WorkerManager: Request new FuncWorker for func_id 1 with client_id 86
I1102 19:16:30.600315 IO-0/EL  worker_manager.cpp:131] WorkerManager: Request new FuncWorker for func_id 1 with client_id 87
I1102 19:16:30.600326 IO-0/EL  worker_manager.cpp:131] WorkerManager: Request new FuncWorker for func_id 1 with client_id 88
I1102 19:16:30.600343 IO-0/EL  worker_manager.cpp:131] WorkerManager: Request new FuncWorker for func_id 1 with client_id 89
I1102 19:16:30.600353 IO-0/EL  worker_manager.cpp:131] WorkerManager: Request new FuncWorker for func_id 1 with client_id 90
I1102 19:16:30.600363 IO-0/EL  worker_manager.cpp:131] WorkerManager: Request new FuncWorker for func_id 1 with client_id 91
I1102 19:16:30.600373 IO-0/EL  worker_manager.cpp:131] WorkerManager: Request new FuncWorker for func_id 1 with client_id 92
I1102 19:16:30.600384 IO-0/EL  worker_manager.cpp:131] WorkerManager: Request new FuncWorker for func_id 1 with client_id 93
I1102 19:16:30.600393 IO-0/EL  worker_manager.cpp:131] WorkerManager: Request new FuncWorker for func_id 1 with client_id 94
I1102 19:16:30.600402 IO-0/EL  worker_manager.cpp:131] WorkerManager: Request new FuncWorker for func_id 1 with client_id 95
I1102 19:16:30.600414 IO-0/EL  worker_manager.cpp:131] WorkerManager: Request new FuncWorker for func_id 1 with client_id 96
I1102 19:16:30.600425 IO-0/EL  worker_manager.cpp:131] WorkerManager: Request new FuncWorker for func_id 1 with client_id 97
I1102 19:16:30.600435 IO-0/EL  worker_manager.cpp:131] WorkerManager: Request new FuncWorker for func_id 1 with client_id 98
I1102 19:16:30.600446 IO-0/EL  worker_manager.cpp:131] WorkerManager: Request new FuncWorker for func_id 1 with client_id 99
I1102 19:16:30.600455 IO-0/EL  worker_manager.cpp:131] WorkerManager: Request new FuncWorker for func_id 1 with client_id 100
I1102 19:16:30.600466 IO-0/EL  worker_manager.cpp:131] WorkerManager: Request new FuncWorker for func_id 1 with client_id 101
I1102 19:16:30.600477 IO-0/EL  worker_manager.cpp:131] WorkerManager: Request new FuncWorker for func_id 1 with client_id 102
I1102 19:16:30.600488 IO-0/EL  worker_manager.cpp:131] WorkerManager: Request new FuncWorker for func_id 1 with client_id 103
I1102 19:16:30.600497 IO-0/EL  worker_manager.cpp:131] WorkerManager: Request new FuncWorker for func_id 1 with client_id 104
I1102 19:16:30.600509 IO-0/EL  worker_manager.cpp:131] WorkerManager: Request new FuncWorker for func_id 1 with client_id 105
I1102 19:16:30.600520 IO-0/EL  worker_manager.cpp:131] WorkerManager: Request new FuncWorker for func_id 1 with client_id 106
I1102 19:16:30.600531 IO-0/EL  worker_manager.cpp:131] WorkerManager: Request new FuncWorker for func_id 1 with client_id 107
I1102 19:16:30.600540 IO-0/EL  worker_manager.cpp:131] WorkerManager: Request new FuncWorker for func_id 1 with client_id 108
I1102 19:16:30.600552 IO-0/EL  worker_manager.cpp:131] WorkerManager: Request new FuncWorker for func_id 1 with client_id 109
I1102 19:16:30.600561 IO-0/EL  worker_manager.cpp:131] WorkerManager: Request new FuncWorker for func_id 1 with client_id 110
I1102 19:16:30.600573 IO-0/EL  worker_manager.cpp:131] WorkerManager: Request new FuncWorker for func_id 1 with client_id 111
I1102 19:16:30.600582 IO-0/EL  worker_manager.cpp:131] WorkerManager: Request new FuncWorker for func_id 1 with client_id 112
I1102 19:16:30.600593 IO-0/EL  worker_manager.cpp:131] WorkerManager: Request new FuncWorker for func_id 1 with client_id 113
I1102 19:16:30.600604 IO-0/EL  worker_manager.cpp:131] WorkerManager: Request new FuncWorker for func_id 1 with client_id 114
I1102 19:16:30.600613 IO-0/EL  worker_manager.cpp:131] WorkerManager: Request new FuncWorker for func_id 1 with client_id 115
I1102 19:16:30.600622 IO-0/EL  worker_manager.cpp:131] WorkerManager: Request new FuncWorker for func_id 1 with client_id 116
I1102 19:16:30.600633 IO-0/EL  worker_manager.cpp:131] WorkerManager: Request new FuncWorker for func_id 1 with client_id 117
I1102 19:16:30.600644 IO-0/EL  worker_manager.cpp:131] WorkerManager: Request new FuncWorker for func_id 1 with client_id 118
I1102 19:16:30.600654 IO-0/EL  worker_manager.cpp:131] WorkerManager: Request new FuncWorker for func_id 1 with client_id 119
I1102 19:16:30.600663 IO-0/EL  worker_manager.cpp:131] WorkerManager: Request new FuncWorker for func_id 1 with client_id 120
I1102 19:16:30.600678 IO-0/EL  worker_manager.cpp:131] WorkerManager: Request new FuncWorker for func_id 1 with client_id 121
I1102 19:16:30.600693 IO-0/EL  worker_manager.cpp:131] WorkerManager: Request new FuncWorker for func_id 1 with client_id 122
I1102 19:16:30.600703 IO-0/EL  worker_manager.cpp:131] WorkerManager: Request new FuncWorker for func_id 1 with client_id 123
I1102 19:16:30.600716 IO-0/EL  worker_manager.cpp:131] WorkerManager: Request new FuncWorker for func_id 1 with client_id 124
I1102 19:16:30.600728 IO-0/EL  worker_manager.cpp:131] WorkerManager: Request new FuncWorker for func_id 1 with client_id 125
I1102 19:16:30.600739 IO-0/EL  worker_manager.cpp:131] WorkerManager: Request new FuncWorker for func_id 1 with client_id 126
I1102 19:16:30.600748 IO-0/EL  worker_manager.cpp:131] WorkerManager: Request new FuncWorker for func_id 1 with client_id 127
I1102 19:16:30.600758 IO-0/EL  worker_manager.cpp:131] WorkerManager: Request new FuncWorker for func_id 1 with client_id 128
I1102 19:16:30.600771 IO-0/EL  worker_manager.cpp:131] WorkerManager: Request new FuncWorker for func_id 1 with client_id 129
I1102 19:16:30.600870 IO-0/EL  worker_manager.cpp:131] WorkerManager: Request new FuncWorker for func_id 1 with client_id 130
I1102 19:16:30.600882 IO-0/EL  worker_manager.cpp:131] WorkerManager: Request new FuncWorker for func_id 1 with client_id 131
I1102 19:16:30.600892 IO-0/EL  worker_manager.cpp:131] WorkerManager: Request new FuncWorker for func_id 1 with client_id 132
I1102 19:16:30.600906 IO-0/EL  worker_manager.cpp:131] WorkerManager: Request new FuncWorker for func_id 1 with client_id 133
I1102 19:16:30.600916 IO-0/EL  worker_manager.cpp:131] WorkerManager: Request new FuncWorker for func_id 1 with client_id 134
I1102 19:16:30.600925 IO-0/EL  worker_manager.cpp:131] WorkerManager: Request new FuncWorker for func_id 1 with client_id 135
I1102 19:16:30.600936 IO-0/EL  worker_manager.cpp:131] WorkerManager: Request new FuncWorker for func_id 1 with client_id 136
I1102 19:16:30.600947 IO-0/EL  worker_manager.cpp:131] WorkerManager: Request new FuncWorker for func_id 1 with client_id 137
I1102 19:16:30.600957 IO-0/EL  worker_manager.cpp:131] WorkerManager: Request new FuncWorker for func_id 1 with client_id 138
I1102 19:16:30.600967 IO-0/EL  worker_manager.cpp:131] WorkerManager: Request new FuncWorker for func_id 1 with client_id 139
I1102 19:16:30.600977 IO-0/EL  worker_manager.cpp:131] WorkerManager: Request new FuncWorker for func_id 1 with client_id 140
I1102 19:16:30.600989 IO-0/EL  worker_manager.cpp:131] WorkerManager: Request new FuncWorker for func_id 1 with client_id 141
I1102 19:16:30.600999 IO-0/EL  worker_manager.cpp:131] WorkerManager: Request new FuncWorker for func_id 1 with client_id 142
I1102 19:16:30.601008 IO-0/EL  worker_manager.cpp:131] WorkerManager: Request new FuncWorker for func_id 1 with client_id 143
I1102 19:16:30.601020 IO-0/EL  worker_manager.cpp:131] WorkerManager: Request new FuncWorker for func_id 1 with client_id 144
I1102 19:16:30.601031 IO-0/EL  worker_manager.cpp:131] WorkerManager: Request new FuncWorker for func_id 1 with client_id 145
I1102 19:16:30.601042 IO-0/EL  worker_manager.cpp:131] WorkerManager: Request new FuncWorker for func_id 1 with client_id 146
I1102 19:16:30.601051 IO-0/EL  worker_manager.cpp:131] WorkerManager: Request new FuncWorker for func_id 1 with client_id 147
I1102 19:16:30.601063 IO-0/EL  worker_manager.cpp:131] WorkerManager: Request new FuncWorker for func_id 1 with client_id 148
I1102 19:16:30.601074 IO-0/EL  worker_manager.cpp:131] WorkerManager: Request new FuncWorker for func_id 1 with client_id 149
I1102 19:16:30.601083 IO-0/EL  worker_manager.cpp:131] WorkerManager: Request new FuncWorker for func_id 1 with client_id 150
I1102 19:16:30.601094 IO-0/EL  worker_manager.cpp:131] WorkerManager: Request new FuncWorker for func_id 1 with client_id 151
I1102 19:16:30.601103 IO-0/EL  worker_manager.cpp:131] WorkerManager: Request new FuncWorker for func_id 1 with client_id 152
I1102 19:16:30.601114 IO-0/EL  worker_manager.cpp:131] WorkerManager: Request new FuncWorker for func_id 1 with client_id 153
I1102 19:16:30.601129 IO-0/EL  worker_manager.cpp:131] WorkerManager: Request new FuncWorker for func_id 1 with client_id 154
I1102 19:16:30.601139 IO-0/EL  worker_manager.cpp:131] WorkerManager: Request new FuncWorker for func_id 1 with client_id 155
I1102 19:16:30.601149 IO-0/EL  worker_manager.cpp:131] WorkerManager: Request new FuncWorker for func_id 1 with client_id 156
I1102 19:16:30.601162 IO-0/EL  worker_manager.cpp:131] WorkerManager: Request new FuncWorker for func_id 1 with client_id 157
I1102 19:16:30.601173 IO-0/EL  worker_manager.cpp:131] WorkerManager: Request new FuncWorker for func_id 1 with client_id 158
I1102 19:16:30.601184 IO-0/EL  worker_manager.cpp:131] WorkerManager: Request new FuncWorker for func_id 1 with client_id 159
I1102 19:16:30.601193 IO-0/EL  worker_manager.cpp:131] WorkerManager: Request new FuncWorker for func_id 1 with client_id 160
I1102 19:16:30.601204 IO-0/EL  worker_manager.cpp:131] WorkerManager: Request new FuncWorker for func_id 1 with client_id 161
I1102 19:16:30.601214 IO-0/EL  worker_manager.cpp:131] WorkerManager: Request new FuncWorker for func_id 1 with client_id 162
I1102 19:16:30.601224 IO-0/EL  worker_manager.cpp:131] WorkerManager: Request new FuncWorker for func_id 1 with client_id 163
I1102 19:16:30.601234 IO-0/EL  worker_manager.cpp:131] WorkerManager: Request new FuncWorker for func_id 1 with client_id 164
I1102 19:16:30.601245 IO-0/EL  worker_manager.cpp:131] WorkerManager: Request new FuncWorker for func_id 1 with client_id 165
I1102 19:16:30.601257 IO-0/EL  worker_manager.cpp:131] WorkerManager: Request new FuncWorker for func_id 1 with client_id 166
I1102 19:16:30.601266 IO-0/EL  worker_manager.cpp:131] WorkerManager: Request new FuncWorker for func_id 1 with client_id 167
I1102 19:16:30.601276 IO-0/EL  worker_manager.cpp:131] WorkerManager: Request new FuncWorker for func_id 1 with client_id 168
I1102 19:16:30.601287 IO-0/EL  worker_manager.cpp:131] WorkerManager: Request new FuncWorker for func_id 1 with client_id 169
I1102 19:16:30.601297 IO-0/EL  worker_manager.cpp:131] WorkerManager: Request new FuncWorker for func_id 1 with client_id 170
I1102 19:16:30.601308 IO-0/EL  worker_manager.cpp:131] WorkerManager: Request new FuncWorker for func_id 1 with client_id 171
I1102 19:16:30.601317 IO-0/EL  worker_manager.cpp:131] WorkerManager: Request new FuncWorker for func_id 1 with client_id 172
I1102 19:16:30.601328 IO-0/EL  worker_manager.cpp:131] WorkerManager: Request new FuncWorker for func_id 1 with client_id 173
I1102 19:16:30.601339 IO-0/EL  worker_manager.cpp:131] WorkerManager: Request new FuncWorker for func_id 1 with client_id 174
I1102 19:16:30.601349 IO-0/EL  worker_manager.cpp:131] WorkerManager: Request new FuncWorker for func_id 1 with client_id 175
I1102 19:16:30.601359 IO-0/EL  worker_manager.cpp:131] WorkerManager: Request new FuncWorker for func_id 1 with client_id 176
I1102 19:16:30.601370 IO-0/EL  worker_manager.cpp:131] WorkerManager: Request new FuncWorker for func_id 1 with client_id 177
I1102 19:16:30.601382 IO-0/EL  worker_manager.cpp:131] WorkerManager: Request new FuncWorker for func_id 1 with client_id 178
I1102 19:16:30.601391 IO-0/EL  worker_manager.cpp:131] WorkerManager: Request new FuncWorker for func_id 1 with client_id 179
I1102 19:16:30.601401 IO-0/EL  worker_manager.cpp:131] WorkerManager: Request new FuncWorker for func_id 1 with client_id 180
I1102 19:16:30.601413 IO-0/EL  worker_manager.cpp:131] WorkerManager: Request new FuncWorker for func_id 1 with client_id 181
I1102 19:16:30.601423 IO-0/EL  worker_manager.cpp:131] WorkerManager: Request new FuncWorker for func_id 1 with client_id 182
I1102 19:16:30.601432 IO-0/EL  worker_manager.cpp:131] WorkerManager: Request new FuncWorker for func_id 1 with client_id 183
I1102 19:16:30.601441 IO-0/EL  worker_manager.cpp:131] WorkerManager: Request new FuncWorker for func_id 1 with client_id 184
I1102 19:16:30.601454 IO-0/EL  worker_manager.cpp:131] WorkerManager: Request new FuncWorker for func_id 1 with client_id 185
I1102 19:16:30.601465 IO-0/EL  worker_manager.cpp:131] WorkerManager: Request new FuncWorker for func_id 1 with client_id 186
I1102 19:16:30.601479 IO-0/EL  worker_manager.cpp:131] WorkerManager: Request new FuncWorker for func_id 1 with client_id 187
I1102 19:16:30.601489 IO-0/EL  worker_manager.cpp:131] WorkerManager: Request new FuncWorker for func_id 1 with client_id 188
I1102 19:16:30.601503 IO-0/EL  worker_manager.cpp:131] WorkerManager: Request new FuncWorker for func_id 1 with client_id 189
I1102 19:16:30.601514 IO-0/EL  worker_manager.cpp:131] WorkerManager: Request new FuncWorker for func_id 1 with client_id 190
I1102 19:16:30.601523 IO-0/EL  worker_manager.cpp:131] WorkerManager: Request new FuncWorker for func_id 1 with client_id 191
I1102 19:16:30.601532 IO-0/EL  worker_manager.cpp:131] WorkerManager: Request new FuncWorker for func_id 1 with client_id 192
I1102 19:16:30.601545 IO-0/EL  worker_manager.cpp:131] WorkerManager: Request new FuncWorker for func_id 1 with client_id 193
I1102 19:16:30.601554 IO-0/EL  worker_manager.cpp:131] WorkerManager: Request new FuncWorker for func_id 1 with client_id 194
I1102 19:16:30.601563 IO-0/EL  worker_manager.cpp:131] WorkerManager: Request new FuncWorker for func_id 1 with client_id 195
I1102 19:16:30.601574 IO-0/EL  worker_manager.cpp:131] WorkerManager: Request new FuncWorker for func_id 1 with client_id 196
I1102 19:16:30.601585 IO-0/EL  worker_manager.cpp:131] WorkerManager: Request new FuncWorker for func_id 1 with client_id 197
I1102 19:16:30.601595 IO-0/EL  worker_manager.cpp:131] WorkerManager: Request new FuncWorker for func_id 1 with client_id 198
I1102 19:16:30.601604 IO-0/EL  worker_manager.cpp:131] WorkerManager: Request new FuncWorker for func_id 1 with client_id 199
I1102 19:16:30.601613 IO-0/EL  worker_manager.cpp:131] WorkerManager: Request new FuncWorker for func_id 1 with client_id 200
I1102 19:16:30.601625 IO-0/EL  worker_manager.cpp:131] WorkerManager: Request new FuncWorker for func_id 1 with client_id 201
I1102 19:16:30.601635 IO-0/EL  worker_manager.cpp:131] WorkerManager: Request new FuncWorker for func_id 1 with client_id 202
I1102 19:16:30.601644 IO-0/EL  worker_manager.cpp:131] WorkerManager: Request new FuncWorker for func_id 1 with client_id 203
I1102 19:16:30.601655 IO-0/EL  worker_manager.cpp:131] WorkerManager: Request new FuncWorker for func_id 1 with client_id 204
I1102 19:16:30.601667 IO-0/EL  worker_manager.cpp:131] WorkerManager: Request new FuncWorker for func_id 1 with client_id 205
I1102 19:16:30.601677 IO-0/EL  worker_manager.cpp:131] WorkerManager: Request new FuncWorker for func_id 1 with client_id 206
I1102 19:16:30.601687 IO-0/EL  worker_manager.cpp:131] WorkerManager: Request new FuncWorker for func_id 1 with client_id 207
I1102 19:16:30.601698 IO-0/EL  worker_manager.cpp:131] WorkerManager: Request new FuncWorker for func_id 1 with client_id 208
I1102 19:16:30.601714 IO-0/EL  worker_manager.cpp:131] WorkerManager: Request new FuncWorker for func_id 1 with client_id 209
I1102 19:16:30.601725 IO-0/EL  worker_manager.cpp:131] WorkerManager: Request new FuncWorker for func_id 1 with client_id 210
I1102 19:16:30.601738 IO-0/EL  worker_manager.cpp:131] WorkerManager: Request new FuncWorker for func_id 1 with client_id 211
I1102 19:16:30.601747 IO-0/EL  worker_manager.cpp:131] WorkerManager: Request new FuncWorker for func_id 1 with client_id 212
I1102 19:16:30.601758 IO-0/EL  worker_manager.cpp:131] WorkerManager: Request new FuncWorker for func_id 1 with client_id 213
I1102 19:16:30.601768 IO-0/EL  worker_manager.cpp:131] WorkerManager: Request new FuncWorker for func_id 1 with client_id 214
I1102 19:16:30.601777 IO-0/EL  worker_manager.cpp:131] WorkerManager: Request new FuncWorker for func_id 1 with client_id 215
I1102 19:16:30.601788 IO-0/EL  worker_manager.cpp:131] WorkerManager: Request new FuncWorker for func_id 1 with client_id 216
I1102 19:16:30.601800 IO-0/EL  worker_manager.cpp:131] WorkerManager: Request new FuncWorker for func_id 1 with client_id 217
I1102 19:16:30.601809 IO-0/EL  worker_manager.cpp:131] WorkerManager: Request new FuncWorker for func_id 1 with client_id 218
I1102 19:16:30.601825 IO-0/EL  worker_manager.cpp:131] WorkerManager: Request new FuncWorker for func_id 1 with client_id 219
I1102 19:16:30.601835 IO-0/EL  worker_manager.cpp:131] WorkerManager: Request new FuncWorker for func_id 1 with client_id 220
I1102 19:16:30.601846 IO-0/EL  worker_manager.cpp:131] WorkerManager: Request new FuncWorker for func_id 1 with client_id 221
I1102 19:16:30.601856 IO-0/EL  worker_manager.cpp:131] WorkerManager: Request new FuncWorker for func_id 1 with client_id 222
I1102 19:16:30.601867 IO-0/EL  worker_manager.cpp:131] WorkerManager: Request new FuncWorker for func_id 1 with client_id 223
I1102 19:16:30.601876 IO-0/EL  worker_manager.cpp:131] WorkerManager: Request new FuncWorker for func_id 1 with client_id 224
I1102 19:16:30.601888 IO-0/EL  worker_manager.cpp:131] WorkerManager: Request new FuncWorker for func_id 1 with client_id 225
I1102 19:16:30.601899 IO-0/EL  worker_manager.cpp:131] WorkerManager: Request new FuncWorker for func_id 1 with client_id 226
I1102 19:16:30.601909 IO-0/EL  worker_manager.cpp:131] WorkerManager: Request new FuncWorker for func_id 1 with client_id 227
I1102 19:16:30.601919 IO-0/EL  worker_manager.cpp:131] WorkerManager: Request new FuncWorker for func_id 1 with client_id 228
I1102 19:16:30.601930 IO-0/EL  worker_manager.cpp:131] WorkerManager: Request new FuncWorker for func_id 1 with client_id 229
I1102 19:16:30.601940 IO-0/EL  worker_manager.cpp:131] WorkerManager: Request new FuncWorker for func_id 1 with client_id 230
I1102 19:16:30.601951 IO-0/EL  worker_manager.cpp:131] WorkerManager: Request new FuncWorker for func_id 1 with client_id 231
I1102 19:16:30.601961 IO-0/EL  worker_manager.cpp:131] WorkerManager: Request new FuncWorker for func_id 1 with client_id 232
I1102 19:16:30.601972 IO-0/EL  worker_manager.cpp:131] WorkerManager: Request new FuncWorker for func_id 1 with client_id 233
I1102 19:16:30.601983 IO-0/EL  worker_manager.cpp:131] WorkerManager: Request new FuncWorker for func_id 1 with client_id 234
I1102 19:16:30.601992 IO-0/EL  worker_manager.cpp:131] WorkerManager: Request new FuncWorker for func_id 1 with client_id 235
I1102 19:16:30.602002 IO-0/EL  worker_manager.cpp:131] WorkerManager: Request new FuncWorker for func_id 1 with client_id 236
I1102 19:16:30.602014 IO-0/EL  worker_manager.cpp:131] WorkerManager: Request new FuncWorker for func_id 1 with client_id 237
I1102 19:16:30.602026 IO-0/EL  worker_manager.cpp:131] WorkerManager: Request new FuncWorker for func_id 1 with client_id 238
I1102 19:16:30.602035 IO-0/EL  worker_manager.cpp:131] WorkerManager: Request new FuncWorker for func_id 1 with client_id 239
I1102 19:16:30.602045 IO-0/EL  worker_manager.cpp:131] WorkerManager: Request new FuncWorker for func_id 1 with client_id 240
I1102 19:16:30.602058 IO-0/EL  worker_manager.cpp:131] WorkerManager: Request new FuncWorker for func_id 1 with client_id 241
I1102 19:16:30.602068 IO-0/EL  worker_manager.cpp:131] WorkerManager: Request new FuncWorker for func_id 1 with client_id 242
I1102 19:16:30.602077 IO-0/EL  worker_manager.cpp:131] WorkerManager: Request new FuncWorker for func_id 1 with client_id 243
I1102 19:16:30.602086 IO-0/EL  worker_manager.cpp:131] WorkerManager: Request new FuncWorker for func_id 1 with client_id 244
I1102 19:16:30.602097 IO-0/EL  worker_manager.cpp:131] WorkerManager: Request new FuncWorker for func_id 1 with client_id 245
I1102 19:16:30.602108 IO-0/EL  worker_manager.cpp:131] WorkerManager: Request new FuncWorker for func_id 1 with client_id 246
I1102 19:16:30.602118 IO-0/EL  worker_manager.cpp:131] WorkerManager: Request new FuncWorker for func_id 1 with client_id 247
I1102 19:16:30.602127 IO-0/EL  worker_manager.cpp:131] WorkerManager: Request new FuncWorker for func_id 1 with client_id 248
I1102 19:16:30.602140 IO-0/EL  worker_manager.cpp:131] WorkerManager: Request new FuncWorker for func_id 1 with client_id 249
I1102 19:16:30.602150 IO-0/EL  worker_manager.cpp:131] WorkerManager: Request new FuncWorker for func_id 1 with client_id 250
I1102 19:16:30.602160 IO-0/EL  worker_manager.cpp:131] WorkerManager: Request new FuncWorker for func_id 1 with client_id 251
I1102 19:16:30.602174 IO-0/EL  worker_manager.cpp:131] WorkerManager: Request new FuncWorker for func_id 1 with client_id 252
I1102 19:16:30.602188 IO-0/EL  worker_manager.cpp:131] WorkerManager: Request new FuncWorker for func_id 1 with client_id 253
I1102 19:16:30.602198 IO-0/EL  worker_manager.cpp:131] WorkerManager: Request new FuncWorker for func_id 1 with client_id 254
I1102 19:16:30.602208 IO-0/EL  worker_manager.cpp:131] WorkerManager: Request new FuncWorker for func_id 1 with client_id 255
I1102 19:16:30.602220 IO-0/EL  worker_manager.cpp:131] WorkerManager: Request new FuncWorker for func_id 1 with client_id 256
I1102 19:16:30.602389 IO-0/EL  buffer_pool.h:25] BufferPool[IO-0_Write]: Allocate new buffer, current buffer count is 1
I1102 19:16:30.602420 IO-0/EL  buffer_pool.h:25] BufferPool[IO-0_Write]: Allocate new buffer, current buffer count is 2
I1102 19:16:30.602453 IO-0/EL  buffer_pool.h:25] BufferPool[IO-0_Write]: Allocate new buffer, current buffer count is 3
I1102 19:16:30.602496 IO-0/EL  buffer_pool.h:25] BufferPool[IO-0_Write]: Allocate new buffer, current buffer count is 4
I1102 19:16:30.602535 IO-0/EL  message_connection.cpp:269] LauncherConnection[1]: Handshake done
I1102 19:16:30.606303 Server/E engine.cpp:674] Engine: New message connection
I1102 19:16:30.606367 IO-0/EL  engine.cpp:277] Engine: Receive new handshake message from message connection
I1102 19:16:30.606373 IO-0/EL  worker_manager.cpp:60] WorkerManager: FuncWorker of func_id 1, client_id 1 connected
I1102 19:16:30.606384 IO-0/EL  dispatcher.cpp:47] Dispatcher[1]: min_workers=256
I1102 19:16:30.606388 IO-0/EL  dispatcher.cpp:51] Dispatcher[1]: max_workers=256
I1102 19:16:30.606409 IO-0/EL  message_connection.cpp:269] FuncWorkerConnection[1-1]: Handshake done
I1102 19:16:30.607133 Server/E engine.cpp:674] Engine: New message connection
I1102 19:16:30.607185 IO-0/EL  engine.cpp:277] Engine: Receive new handshake message from message connection
I1102 19:16:30.607192 IO-0/EL  worker_manager.cpp:60] WorkerManager: FuncWorker of func_id 1, client_id 2 connected
I1102 19:16:30.607208 IO-0/EL  message_connection.cpp:269] FuncWorkerConnection[1-2]: Handshake done
I1102 19:16:30.608398 Server/E engine.cpp:674] Engine: New message connection
I1102 19:16:30.608430 IO-0/EL  engine.cpp:277] Engine: Receive new handshake message from message connection
I1102 19:16:30.608436 IO-0/EL  worker_manager.cpp:60] WorkerManager: FuncWorker of func_id 1, client_id 3 connected
I1102 19:16:30.608450 IO-0/EL  message_connection.cpp:269] FuncWorkerConnection[1-3]: Handshake done
I1102 19:16:30.608725 Server/E engine.cpp:674] Engine: New message connection
I1102 19:16:30.608759 IO-0/EL  engine.cpp:277] Engine: Receive new handshake message from message connection
I1102 19:16:30.608764 IO-0/EL  worker_manager.cpp:60] WorkerManager: FuncWorker of func_id 1, client_id 4 connected
I1102 19:16:30.608778 IO-0/EL  message_connection.cpp:269] FuncWorkerConnection[1-4]: Handshake done
I1102 19:16:30.609499 Server/E engine.cpp:674] Engine: New message connection
I1102 19:16:30.609542 IO-0/EL  engine.cpp:277] Engine: Receive new handshake message from message connection
I1102 19:16:30.609547 IO-0/EL  worker_manager.cpp:60] WorkerManager: FuncWorker of func_id 1, client_id 5 connected
I1102 19:16:30.609560 IO-0/EL  message_connection.cpp:269] FuncWorkerConnection[1-5]: Handshake done
I1102 19:16:30.611558 Server/E engine.cpp:674] Engine: New message connection
I1102 19:16:30.611604 IO-0/EL  engine.cpp:277] Engine: Receive new handshake message from message connection
I1102 19:16:30.611609 IO-0/EL  worker_manager.cpp:60] WorkerManager: FuncWorker of func_id 1, client_id 6 connected
I1102 19:16:30.611623 IO-0/EL  message_connection.cpp:269] FuncWorkerConnection[1-6]: Handshake done
I1102 19:16:30.611938 Server/E engine.cpp:674] Engine: New message connection
I1102 19:16:30.611962 IO-0/EL  engine.cpp:277] Engine: Receive new handshake message from message connection
I1102 19:16:30.611967 IO-0/EL  worker_manager.cpp:60] WorkerManager: FuncWorker of func_id 1, client_id 7 connected
I1102 19:16:30.611996 IO-0/EL  message_connection.cpp:269] FuncWorkerConnection[1-7]: Handshake done
I1102 19:16:30.612178 Server/E engine.cpp:674] Engine: New message connection
I1102 19:16:30.612199 IO-0/EL  engine.cpp:277] Engine: Receive new handshake message from message connection
I1102 19:16:30.612204 IO-0/EL  worker_manager.cpp:60] WorkerManager: FuncWorker of func_id 1, client_id 8 connected
I1102 19:16:30.612217 IO-0/EL  message_connection.cpp:269] FuncWorkerConnection[1-8]: Handshake done
I1102 19:16:30.612611 Server/E engine.cpp:674] Engine: New message connection
I1102 19:16:30.612652 IO-0/EL  engine.cpp:277] Engine: Receive new handshake message from message connection
I1102 19:16:30.612657 IO-0/EL  worker_manager.cpp:60] WorkerManager: FuncWorker of func_id 1, client_id 9 connected
I1102 19:16:30.612670 IO-0/EL  message_connection.cpp:269] FuncWorkerConnection[1-9]: Handshake done
I1102 19:16:30.613044 Server/E engine.cpp:674] Engine: New message connection
I1102 19:16:30.613082 IO-0/EL  engine.cpp:277] Engine: Receive new handshake message from message connection
I1102 19:16:30.613087 IO-0/EL  worker_manager.cpp:60] WorkerManager: FuncWorker of func_id 1, client_id 10 connected
I1102 19:16:30.613100 IO-0/EL  message_connection.cpp:269] FuncWorkerConnection[1-10]: Handshake done
I1102 19:16:30.613506 Server/E engine.cpp:674] Engine: New message connection
I1102 19:16:30.613553 IO-0/EL  engine.cpp:277] Engine: Receive new handshake message from message connection
I1102 19:16:30.613557 IO-0/EL  worker_manager.cpp:60] WorkerManager: FuncWorker of func_id 1, client_id 11 connected
I1102 19:16:30.613571 IO-0/EL  message_connection.cpp:269] FuncWorkerConnection[1-11]: Handshake done
I1102 19:16:30.613927 Server/E engine.cpp:674] Engine: New message connection
I1102 19:16:30.613967 IO-0/EL  engine.cpp:277] Engine: Receive new handshake message from message connection
I1102 19:16:30.613972 IO-0/EL  worker_manager.cpp:60] WorkerManager: FuncWorker of func_id 1, client_id 12 connected
I1102 19:16:30.613985 IO-0/EL  message_connection.cpp:269] FuncWorkerConnection[1-12]: Handshake done
I1102 19:16:30.614374 Server/E engine.cpp:674] Engine: New message connection
I1102 19:16:30.614415 IO-0/EL  engine.cpp:277] Engine: Receive new handshake message from message connection
I1102 19:16:30.614419 IO-0/EL  worker_manager.cpp:60] WorkerManager: FuncWorker of func_id 1, client_id 13 connected
I1102 19:16:30.614432 IO-0/EL  message_connection.cpp:269] FuncWorkerConnection[1-13]: Handshake done
I1102 19:16:30.614901 Server/E engine.cpp:674] Engine: New message connection
I1102 19:16:30.614943 IO-0/EL  engine.cpp:277] Engine: Receive new handshake message from message connection
I1102 19:16:30.614947 IO-0/EL  worker_manager.cpp:60] WorkerManager: FuncWorker of func_id 1, client_id 14 connected
I1102 19:16:30.614964 IO-0/EL  message_connection.cpp:269] FuncWorkerConnection[1-14]: Handshake done
I1102 19:16:30.616093 Server/E engine.cpp:674] Engine: New message connection
I1102 19:16:30.616137 IO-0/EL  engine.cpp:277] Engine: Receive new handshake message from message connection
I1102 19:16:30.616142 IO-0/EL  worker_manager.cpp:60] WorkerManager: FuncWorker of func_id 1, client_id 15 connected
I1102 19:16:30.616161 IO-0/EL  message_connection.cpp:269] FuncWorkerConnection[1-15]: Handshake done
I1102 19:16:30.616339 Server/E engine.cpp:674] Engine: New message connection
I1102 19:16:30.616373 IO-0/EL  engine.cpp:277] Engine: Receive new handshake message from message connection
I1102 19:16:30.616377 IO-0/EL  worker_manager.cpp:60] WorkerManager: FuncWorker of func_id 1, client_id 16 connected
I1102 19:16:30.616390 IO-0/EL  message_connection.cpp:269] FuncWorkerConnection[1-16]: Handshake done
I1102 19:16:30.616926 Server/E engine.cpp:674] Engine: New message connection
I1102 19:16:30.616970 IO-0/EL  engine.cpp:277] Engine: Receive new handshake message from message connection
I1102 19:16:30.616975 IO-0/EL  worker_manager.cpp:60] WorkerManager: FuncWorker of func_id 1, client_id 17 connected
I1102 19:16:30.616995 IO-0/EL  message_connection.cpp:269] FuncWorkerConnection[1-17]: Handshake done
I1102 19:16:30.617464 Server/E engine.cpp:674] Engine: New message connection
I1102 19:16:30.617504 IO-0/EL  engine.cpp:277] Engine: Receive new handshake message from message connection
I1102 19:16:30.617508 IO-0/EL  worker_manager.cpp:60] WorkerManager: FuncWorker of func_id 1, client_id 18 connected
I1102 19:16:30.617521 IO-0/EL  message_connection.cpp:269] FuncWorkerConnection[1-18]: Handshake done
I1102 19:16:30.617773 Server/E engine.cpp:674] Engine: New message connection
I1102 19:16:30.617814 IO-0/EL  engine.cpp:277] Engine: Receive new handshake message from message connection
I1102 19:16:30.617819 IO-0/EL  worker_manager.cpp:60] WorkerManager: FuncWorker of func_id 1, client_id 19 connected
I1102 19:16:30.617832 IO-0/EL  message_connection.cpp:269] FuncWorkerConnection[1-19]: Handshake done
I1102 19:16:30.618192 Server/E engine.cpp:674] Engine: New message connection
I1102 19:16:30.618236 IO-0/EL  engine.cpp:277] Engine: Receive new handshake message from message connection
I1102 19:16:30.618240 IO-0/EL  worker_manager.cpp:60] WorkerManager: FuncWorker of func_id 1, client_id 20 connected
I1102 19:16:30.618253 IO-0/EL  message_connection.cpp:269] FuncWorkerConnection[1-20]: Handshake done
I1102 19:16:30.618689 Server/E engine.cpp:674] Engine: New message connection
I1102 19:16:30.618737 IO-0/EL  engine.cpp:277] Engine: Receive new handshake message from message connection
I1102 19:16:30.618742 IO-0/EL  worker_manager.cpp:60] WorkerManager: FuncWorker of func_id 1, client_id 21 connected
I1102 19:16:30.618756 IO-0/EL  message_connection.cpp:269] FuncWorkerConnection[1-21]: Handshake done
I1102 19:16:30.619174 Server/E engine.cpp:674] Engine: New message connection
I1102 19:16:30.619213 IO-0/EL  engine.cpp:277] Engine: Receive new handshake message from message connection
I1102 19:16:30.619218 IO-0/EL  worker_manager.cpp:60] WorkerManager: FuncWorker of func_id 1, client_id 22 connected
I1102 19:16:30.619231 IO-0/EL  message_connection.cpp:269] FuncWorkerConnection[1-22]: Handshake done
I1102 19:16:30.619648 Server/E engine.cpp:674] Engine: New message connection
I1102 19:16:30.619691 IO-0/EL  engine.cpp:277] Engine: Receive new handshake message from message connection
I1102 19:16:30.619696 IO-0/EL  worker_manager.cpp:60] WorkerManager: FuncWorker of func_id 1, client_id 23 connected
I1102 19:16:30.619712 IO-0/EL  message_connection.cpp:269] FuncWorkerConnection[1-23]: Handshake done
I1102 19:16:30.620033 Server/E engine.cpp:674] Engine: New message connection
I1102 19:16:30.620071 IO-0/EL  engine.cpp:277] Engine: Receive new handshake message from message connection
I1102 19:16:30.620075 IO-0/EL  worker_manager.cpp:60] WorkerManager: FuncWorker of func_id 1, client_id 24 connected
I1102 19:16:30.620088 IO-0/EL  message_connection.cpp:269] FuncWorkerConnection[1-24]: Handshake done
I1102 19:16:30.620480 Server/E engine.cpp:674] Engine: New message connection
I1102 19:16:30.620521 IO-0/EL  engine.cpp:277] Engine: Receive new handshake message from message connection
I1102 19:16:30.620526 IO-0/EL  worker_manager.cpp:60] WorkerManager: FuncWorker of func_id 1, client_id 25 connected
I1102 19:16:30.620539 IO-0/EL  message_connection.cpp:269] FuncWorkerConnection[1-25]: Handshake done
I1102 19:16:30.620981 Server/E engine.cpp:674] Engine: New message connection
I1102 19:16:30.621020 IO-0/EL  engine.cpp:277] Engine: Receive new handshake message from message connection
I1102 19:16:30.621024 IO-0/EL  worker_manager.cpp:60] WorkerManager: FuncWorker of func_id 1, client_id 26 connected
I1102 19:16:30.621037 IO-0/EL  message_connection.cpp:269] FuncWorkerConnection[1-26]: Handshake done
I1102 19:16:30.621429 Server/E engine.cpp:674] Engine: New message connection
I1102 19:16:30.621471 IO-0/EL  engine.cpp:277] Engine: Receive new handshake message from message connection
I1102 19:16:30.621475 IO-0/EL  worker_manager.cpp:60] WorkerManager: FuncWorker of func_id 1, client_id 27 connected
I1102 19:16:30.621488 IO-0/EL  message_connection.cpp:269] FuncWorkerConnection[1-27]: Handshake done
I1102 19:16:30.621927 Server/E engine.cpp:674] Engine: New message connection
I1102 19:16:30.621974 IO-0/EL  engine.cpp:277] Engine: Receive new handshake message from message connection
I1102 19:16:30.621980 IO-0/EL  worker_manager.cpp:60] WorkerManager: FuncWorker of func_id 1, client_id 28 connected
I1102 19:16:30.621995 IO-0/EL  message_connection.cpp:269] FuncWorkerConnection[1-28]: Handshake done
I1102 19:16:30.622381 Server/E engine.cpp:674] Engine: New message connection
I1102 19:16:30.622420 IO-0/EL  engine.cpp:277] Engine: Receive new handshake message from message connection
I1102 19:16:30.622424 IO-0/EL  worker_manager.cpp:60] WorkerManager: FuncWorker of func_id 1, client_id 29 connected
I1102 19:16:30.622442 IO-0/EL  message_connection.cpp:269] FuncWorkerConnection[1-29]: Handshake done
I1102 19:16:30.622896 Server/E engine.cpp:674] Engine: New message connection
I1102 19:16:30.622942 IO-0/EL  engine.cpp:277] Engine: Receive new handshake message from message connection
I1102 19:16:30.622947 IO-0/EL  worker_manager.cpp:60] WorkerManager: FuncWorker of func_id 1, client_id 30 connected
I1102 19:16:30.622961 IO-0/EL  message_connection.cpp:269] FuncWorkerConnection[1-30]: Handshake done
I1102 19:16:30.623310 Server/E engine.cpp:674] Engine: New message connection
I1102 19:16:30.623348 IO-0/EL  engine.cpp:277] Engine: Receive new handshake message from message connection
I1102 19:16:30.623353 IO-0/EL  worker_manager.cpp:60] WorkerManager: FuncWorker of func_id 1, client_id 31 connected
I1102 19:16:30.623366 IO-0/EL  message_connection.cpp:269] FuncWorkerConnection[1-31]: Handshake done
I1102 19:16:30.623768 Server/E engine.cpp:674] Engine: New message connection
I1102 19:16:30.623812 IO-0/EL  engine.cpp:277] Engine: Receive new handshake message from message connection
I1102 19:16:30.623817 IO-0/EL  worker_manager.cpp:60] WorkerManager: FuncWorker of func_id 1, client_id 32 connected
I1102 19:16:30.623830 IO-0/EL  message_connection.cpp:269] FuncWorkerConnection[1-32]: Handshake done
I1102 19:16:30.624615 Server/E engine.cpp:674] Engine: New message connection
I1102 19:16:30.624652 IO-0/EL  engine.cpp:277] Engine: Receive new handshake message from message connection
I1102 19:16:30.624657 IO-0/EL  worker_manager.cpp:60] WorkerManager: FuncWorker of func_id 1, client_id 33 connected
I1102 19:16:30.624671 IO-0/EL  message_connection.cpp:269] FuncWorkerConnection[1-33]: Handshake done
I1102 19:16:30.624724 Server/E engine.cpp:674] Engine: New message connection
I1102 19:16:30.624763 IO-0/EL  engine.cpp:277] Engine: Receive new handshake message from message connection
I1102 19:16:30.624768 IO-0/EL  worker_manager.cpp:60] WorkerManager: FuncWorker of func_id 1, client_id 34 connected
I1102 19:16:30.624781 IO-0/EL  message_connection.cpp:269] FuncWorkerConnection[1-34]: Handshake done
I1102 19:16:30.625131 Server/E engine.cpp:674] Engine: New message connection
I1102 19:16:30.625161 IO-0/EL  engine.cpp:277] Engine: Receive new handshake message from message connection
I1102 19:16:30.625165 IO-0/EL  worker_manager.cpp:60] WorkerManager: FuncWorker of func_id 1, client_id 35 connected
I1102 19:16:30.625178 IO-0/EL  message_connection.cpp:269] FuncWorkerConnection[1-35]: Handshake done
I1102 19:16:30.625613 Server/E engine.cpp:674] Engine: New message connection
I1102 19:16:30.625652 IO-0/EL  engine.cpp:277] Engine: Receive new handshake message from message connection
I1102 19:16:30.625657 IO-0/EL  worker_manager.cpp:60] WorkerManager: FuncWorker of func_id 1, client_id 36 connected
I1102 19:16:30.625670 IO-0/EL  message_connection.cpp:269] FuncWorkerConnection[1-36]: Handshake done
I1102 19:16:30.626082 Server/E engine.cpp:674] Engine: New message connection
I1102 19:16:30.626122 IO-0/EL  engine.cpp:277] Engine: Receive new handshake message from message connection
I1102 19:16:30.626127 IO-0/EL  worker_manager.cpp:60] WorkerManager: FuncWorker of func_id 1, client_id 37 connected
I1102 19:16:30.626140 IO-0/EL  message_connection.cpp:269] FuncWorkerConnection[1-37]: Handshake done
I1102 19:16:30.626538 Server/E engine.cpp:674] Engine: New message connection
I1102 19:16:30.626579 IO-0/EL  engine.cpp:277] Engine: Receive new handshake message from message connection
I1102 19:16:30.626584 IO-0/EL  worker_manager.cpp:60] WorkerManager: FuncWorker of func_id 1, client_id 38 connected
I1102 19:16:30.626598 IO-0/EL  message_connection.cpp:269] FuncWorkerConnection[1-38]: Handshake done
I1102 19:16:30.626982 Server/E engine.cpp:674] Engine: New message connection
I1102 19:16:30.627026 IO-0/EL  engine.cpp:277] Engine: Receive new handshake message from message connection
I1102 19:16:30.627031 IO-0/EL  worker_manager.cpp:60] WorkerManager: FuncWorker of func_id 1, client_id 39 connected
I1102 19:16:30.627044 IO-0/EL  message_connection.cpp:269] FuncWorkerConnection[1-39]: Handshake done
I1102 19:16:30.627524 Server/E engine.cpp:674] Engine: New message connection
I1102 19:16:30.627569 IO-0/EL  engine.cpp:277] Engine: Receive new handshake message from message connection
I1102 19:16:30.627574 IO-0/EL  worker_manager.cpp:60] WorkerManager: FuncWorker of func_id 1, client_id 40 connected
I1102 19:16:30.627587 IO-0/EL  message_connection.cpp:269] FuncWorkerConnection[1-40]: Handshake done
I1102 19:16:30.627978 Server/E engine.cpp:674] Engine: New message connection
I1102 19:16:30.628017 IO-0/EL  engine.cpp:277] Engine: Receive new handshake message from message connection
I1102 19:16:30.628022 IO-0/EL  worker_manager.cpp:60] WorkerManager: FuncWorker of func_id 1, client_id 41 connected
I1102 19:16:30.628038 IO-0/EL  message_connection.cpp:269] FuncWorkerConnection[1-41]: Handshake done
I1102 19:16:30.628433 Server/E engine.cpp:674] Engine: New message connection
I1102 19:16:30.628470 IO-0/EL  engine.cpp:277] Engine: Receive new handshake message from message connection
I1102 19:16:30.628475 IO-0/EL  worker_manager.cpp:60] WorkerManager: FuncWorker of func_id 1, client_id 42 connected
I1102 19:16:30.628488 IO-0/EL  message_connection.cpp:269] FuncWorkerConnection[1-42]: Handshake done
I1102 19:16:30.628917 Server/E engine.cpp:674] Engine: New message connection
I1102 19:16:30.628958 IO-0/EL  engine.cpp:277] Engine: Receive new handshake message from message connection
I1102 19:16:30.628963 IO-0/EL  worker_manager.cpp:60] WorkerManager: FuncWorker of func_id 1, client_id 43 connected
I1102 19:16:30.628976 IO-0/EL  message_connection.cpp:269] FuncWorkerConnection[1-43]: Handshake done
I1102 19:16:30.629330 Server/E engine.cpp:674] Engine: New message connection
I1102 19:16:30.629368 IO-0/EL  engine.cpp:277] Engine: Receive new handshake message from message connection
I1102 19:16:30.629373 IO-0/EL  worker_manager.cpp:60] WorkerManager: FuncWorker of func_id 1, client_id 44 connected
I1102 19:16:30.629386 IO-0/EL  message_connection.cpp:269] FuncWorkerConnection[1-44]: Handshake done
I1102 19:16:30.629755 Server/E engine.cpp:674] Engine: New message connection
I1102 19:16:30.629794 IO-0/EL  engine.cpp:277] Engine: Receive new handshake message from message connection
I1102 19:16:30.629799 IO-0/EL  worker_manager.cpp:60] WorkerManager: FuncWorker of func_id 1, client_id 45 connected
I1102 19:16:30.629812 IO-0/EL  message_connection.cpp:269] FuncWorkerConnection[1-45]: Handshake done
I1102 19:16:30.630222 Server/E engine.cpp:674] Engine: New message connection
I1102 19:16:30.630264 IO-0/EL  engine.cpp:277] Engine: Receive new handshake message from message connection
I1102 19:16:30.630268 IO-0/EL  worker_manager.cpp:60] WorkerManager: FuncWorker of func_id 1, client_id 46 connected
I1102 19:16:30.630281 IO-0/EL  message_connection.cpp:269] FuncWorkerConnection[1-46]: Handshake done
I1102 19:16:30.630737 Server/E engine.cpp:674] Engine: New message connection
I1102 19:16:30.630767 IO-0/EL  engine.cpp:277] Engine: Receive new handshake message from message connection
I1102 19:16:30.630772 IO-0/EL  worker_manager.cpp:60] WorkerManager: FuncWorker of func_id 1, client_id 47 connected
I1102 19:16:30.630785 IO-0/EL  message_connection.cpp:269] FuncWorkerConnection[1-47]: Handshake done
I1102 19:16:30.631168 Server/E engine.cpp:674] Engine: New message connection
I1102 19:16:30.631205 IO-0/EL  engine.cpp:277] Engine: Receive new handshake message from message connection
I1102 19:16:30.631210 IO-0/EL  worker_manager.cpp:60] WorkerManager: FuncWorker of func_id 1, client_id 48 connected
I1102 19:16:30.631222 IO-0/EL  message_connection.cpp:269] FuncWorkerConnection[1-48]: Handshake done
I1102 19:16:30.631667 Server/E engine.cpp:674] Engine: New message connection
I1102 19:16:30.631706 IO-0/EL  engine.cpp:277] Engine: Receive new handshake message from message connection
I1102 19:16:30.631713 IO-0/EL  worker_manager.cpp:60] WorkerManager: FuncWorker of func_id 1, client_id 49 connected
I1102 19:16:30.631727 IO-0/EL  message_connection.cpp:269] FuncWorkerConnection[1-49]: Handshake done
I1102 19:16:30.632131 Server/E engine.cpp:674] Engine: New message connection
I1102 19:16:30.632169 IO-0/EL  engine.cpp:277] Engine: Receive new handshake message from message connection
I1102 19:16:30.632174 IO-0/EL  worker_manager.cpp:60] WorkerManager: FuncWorker of func_id 1, client_id 50 connected
I1102 19:16:30.632187 IO-0/EL  message_connection.cpp:269] FuncWorkerConnection[1-50]: Handshake done
I1102 19:16:30.632590 Server/E engine.cpp:674] Engine: New message connection
I1102 19:16:30.632630 IO-0/EL  engine.cpp:277] Engine: Receive new handshake message from message connection
I1102 19:16:30.632635 IO-0/EL  worker_manager.cpp:60] WorkerManager: FuncWorker of func_id 1, client_id 51 connected
I1102 19:16:30.632648 IO-0/EL  message_connection.cpp:269] FuncWorkerConnection[1-51]: Handshake done
I1102 19:16:30.633050 Server/E engine.cpp:674] Engine: New message connection
I1102 19:16:30.633076 IO-0/EL  engine.cpp:277] Engine: Receive new handshake message from message connection
I1102 19:16:30.633081 IO-0/EL  worker_manager.cpp:60] WorkerManager: FuncWorker of func_id 1, client_id 52 connected
I1102 19:16:30.633093 IO-0/EL  message_connection.cpp:269] FuncWorkerConnection[1-52]: Handshake done
I1102 19:16:30.633545 Server/E engine.cpp:674] Engine: New message connection
I1102 19:16:30.633570 IO-0/EL  engine.cpp:277] Engine: Receive new handshake message from message connection
I1102 19:16:30.633575 IO-0/EL  worker_manager.cpp:60] WorkerManager: FuncWorker of func_id 1, client_id 53 connected
I1102 19:16:30.633587 IO-0/EL  message_connection.cpp:269] FuncWorkerConnection[1-53]: Handshake done
I1102 19:16:30.634001 Server/E engine.cpp:674] Engine: New message connection
I1102 19:16:30.634024 IO-0/EL  engine.cpp:277] Engine: Receive new handshake message from message connection
I1102 19:16:30.634028 IO-0/EL  worker_manager.cpp:60] WorkerManager: FuncWorker of func_id 1, client_id 54 connected
I1102 19:16:30.634041 IO-0/EL  message_connection.cpp:269] FuncWorkerConnection[1-54]: Handshake done
I1102 19:16:30.634459 Server/E engine.cpp:674] Engine: New message connection
I1102 19:16:30.634499 IO-0/EL  engine.cpp:277] Engine: Receive new handshake message from message connection
I1102 19:16:30.634503 IO-0/EL  worker_manager.cpp:60] WorkerManager: FuncWorker of func_id 1, client_id 55 connected
I1102 19:16:30.634516 IO-0/EL  message_connection.cpp:269] FuncWorkerConnection[1-55]: Handshake done
I1102 19:16:30.635107 Server/E engine.cpp:674] Engine: New message connection
I1102 19:16:30.635144 IO-0/EL  engine.cpp:277] Engine: Receive new handshake message from message connection
I1102 19:16:30.635149 IO-0/EL  worker_manager.cpp:60] WorkerManager: FuncWorker of func_id 1, client_id 56 connected
I1102 19:16:30.635163 IO-0/EL  message_connection.cpp:269] FuncWorkerConnection[1-56]: Handshake done
I1102 19:16:30.635585 Server/E engine.cpp:674] Engine: New message connection
I1102 19:16:30.635610 IO-0/EL  engine.cpp:277] Engine: Receive new handshake message from message connection
I1102 19:16:30.635614 IO-0/EL  worker_manager.cpp:60] WorkerManager: FuncWorker of func_id 1, client_id 57 connected
I1102 19:16:30.635635 IO-0/EL  message_connection.cpp:269] FuncWorkerConnection[1-57]: Handshake done
I1102 19:16:30.636031 Server/E engine.cpp:674] Engine: New message connection
I1102 19:16:30.636068 IO-0/EL  engine.cpp:277] Engine: Receive new handshake message from message connection
I1102 19:16:30.636073 IO-0/EL  worker_manager.cpp:60] WorkerManager: FuncWorker of func_id 1, client_id 58 connected
I1102 19:16:30.636086 IO-0/EL  message_connection.cpp:269] FuncWorkerConnection[1-58]: Handshake done
I1102 19:16:30.636475 Server/E engine.cpp:674] Engine: New message connection
I1102 19:16:30.636499 IO-0/EL  engine.cpp:277] Engine: Receive new handshake message from message connection
I1102 19:16:30.636503 IO-0/EL  worker_manager.cpp:60] WorkerManager: FuncWorker of func_id 1, client_id 59 connected
I1102 19:16:30.636518 IO-0/EL  message_connection.cpp:269] FuncWorkerConnection[1-59]: Handshake done
I1102 19:16:30.637023 Server/E engine.cpp:674] Engine: New message connection
I1102 19:16:30.637068 IO-0/EL  engine.cpp:277] Engine: Receive new handshake message from message connection
I1102 19:16:30.637073 IO-0/EL  worker_manager.cpp:60] WorkerManager: FuncWorker of func_id 1, client_id 60 connected
I1102 19:16:30.637087 IO-0/EL  message_connection.cpp:269] FuncWorkerConnection[1-60]: Handshake done
I1102 19:16:30.637565 Server/E engine.cpp:674] Engine: New message connection
I1102 19:16:30.637591 IO-0/EL  engine.cpp:277] Engine: Receive new handshake message from message connection
I1102 19:16:30.637595 IO-0/EL  worker_manager.cpp:60] WorkerManager: FuncWorker of func_id 1, client_id 61 connected
I1102 19:16:30.637609 IO-0/EL  message_connection.cpp:269] FuncWorkerConnection[1-61]: Handshake done
I1102 19:16:30.638138 Server/E engine.cpp:674] Engine: New message connection
I1102 19:16:30.638165 IO-0/EL  engine.cpp:277] Engine: Receive new handshake message from message connection
I1102 19:16:30.638170 IO-0/EL  worker_manager.cpp:60] WorkerManager: FuncWorker of func_id 1, client_id 62 connected
I1102 19:16:30.638183 IO-0/EL  message_connection.cpp:269] FuncWorkerConnection[1-62]: Handshake done
I1102 19:16:30.638636 Server/E engine.cpp:674] Engine: New message connection
I1102 19:16:30.638657 IO-0/EL  engine.cpp:277] Engine: Receive new handshake message from message connection
I1102 19:16:30.638661 IO-0/EL  worker_manager.cpp:60] WorkerManager: FuncWorker of func_id 1, client_id 63 connected
I1102 19:16:30.638678 IO-0/EL  message_connection.cpp:269] FuncWorkerConnection[1-63]: Handshake done
I1102 19:16:30.639133 Server/E engine.cpp:674] Engine: New message connection
I1102 19:16:30.639156 IO-0/EL  engine.cpp:277] Engine: Receive new handshake message from message connection
I1102 19:16:30.639161 IO-0/EL  worker_manager.cpp:60] WorkerManager: FuncWorker of func_id 1, client_id 64 connected
I1102 19:16:30.639174 IO-0/EL  message_connection.cpp:269] FuncWorkerConnection[1-64]: Handshake done
I1102 19:16:30.639747 Server/E engine.cpp:674] Engine: New message connection
I1102 19:16:30.639775 IO-0/EL  engine.cpp:277] Engine: Receive new handshake message from message connection
I1102 19:16:30.639780 IO-0/EL  worker_manager.cpp:60] WorkerManager: FuncWorker of func_id 1, client_id 65 connected
I1102 19:16:30.639794 IO-0/EL  message_connection.cpp:269] FuncWorkerConnection[1-65]: Handshake done
I1102 19:16:30.640188 Server/E engine.cpp:674] Engine: New message connection
I1102 19:16:30.640211 IO-0/EL  engine.cpp:277] Engine: Receive new handshake message from message connection
I1102 19:16:30.640215 IO-0/EL  worker_manager.cpp:60] WorkerManager: FuncWorker of func_id 1, client_id 66 connected
I1102 19:16:30.640228 IO-0/EL  message_connection.cpp:269] FuncWorkerConnection[1-66]: Handshake done
I1102 19:16:30.640696 Server/E engine.cpp:674] Engine: New message connection
I1102 19:16:30.640727 IO-0/EL  engine.cpp:277] Engine: Receive new handshake message from message connection
I1102 19:16:30.640733 IO-0/EL  worker_manager.cpp:60] WorkerManager: FuncWorker of func_id 1, client_id 67 connected
I1102 19:16:30.640746 IO-0/EL  message_connection.cpp:269] FuncWorkerConnection[1-67]: Handshake done
I1102 19:16:30.641181 Server/E engine.cpp:674] Engine: New message connection
I1102 19:16:30.641214 IO-0/EL  engine.cpp:277] Engine: Receive new handshake message from message connection
I1102 19:16:30.641219 IO-0/EL  worker_manager.cpp:60] WorkerManager: FuncWorker of func_id 1, client_id 68 connected
I1102 19:16:30.641231 IO-0/EL  message_connection.cpp:269] FuncWorkerConnection[1-68]: Handshake done
I1102 19:16:30.641642 Server/E engine.cpp:674] Engine: New message connection
I1102 19:16:30.641667 IO-0/EL  engine.cpp:277] Engine: Receive new handshake message from message connection
I1102 19:16:30.641671 IO-0/EL  worker_manager.cpp:60] WorkerManager: FuncWorker of func_id 1, client_id 69 connected
I1102 19:16:30.641685 IO-0/EL  message_connection.cpp:269] FuncWorkerConnection[1-69]: Handshake done
I1102 19:16:30.642167 Server/E engine.cpp:674] Engine: New message connection
I1102 19:16:30.642204 IO-0/EL  engine.cpp:277] Engine: Receive new handshake message from message connection
I1102 19:16:30.642209 IO-0/EL  worker_manager.cpp:60] WorkerManager: FuncWorker of func_id 1, client_id 70 connected
I1102 19:16:30.642225 IO-0/EL  message_connection.cpp:269] FuncWorkerConnection[1-70]: Handshake done
I1102 19:16:30.642578 Server/E engine.cpp:674] Engine: New message connection
I1102 19:16:30.642610 IO-0/EL  engine.cpp:277] Engine: Receive new handshake message from message connection
I1102 19:16:30.642615 IO-0/EL  worker_manager.cpp:60] WorkerManager: FuncWorker of func_id 1, client_id 71 connected
I1102 19:16:30.642628 IO-0/EL  message_connection.cpp:269] FuncWorkerConnection[1-71]: Handshake done
I1102 19:16:30.643033 Server/E engine.cpp:674] Engine: New message connection
I1102 19:16:30.643061 IO-0/EL  engine.cpp:277] Engine: Receive new handshake message from message connection
I1102 19:16:30.643068 IO-0/EL  worker_manager.cpp:60] WorkerManager: FuncWorker of func_id 1, client_id 72 connected
I1102 19:16:30.643080 IO-0/EL  message_connection.cpp:269] FuncWorkerConnection[1-72]: Handshake done
I1102 19:16:30.643691 Server/E engine.cpp:674] Engine: New message connection
I1102 19:16:30.643783 IO-0/EL  engine.cpp:277] Engine: Receive new handshake message from message connection
I1102 19:16:30.643789 IO-0/EL  worker_manager.cpp:60] WorkerManager: FuncWorker of func_id 1, client_id 73 connected
I1102 19:16:30.643802 IO-0/EL  message_connection.cpp:269] FuncWorkerConnection[1-73]: Handshake done
I1102 19:16:30.644161 Server/E engine.cpp:674] Engine: New message connection
I1102 19:16:30.644189 IO-0/EL  engine.cpp:277] Engine: Receive new handshake message from message connection
I1102 19:16:30.644194 IO-0/EL  worker_manager.cpp:60] WorkerManager: FuncWorker of func_id 1, client_id 74 connected
I1102 19:16:30.644207 IO-0/EL  message_connection.cpp:269] FuncWorkerConnection[1-74]: Handshake done
I1102 19:16:30.644703 Server/E engine.cpp:674] Engine: New message connection
I1102 19:16:30.644735 IO-0/EL  engine.cpp:277] Engine: Receive new handshake message from message connection
I1102 19:16:30.644740 IO-0/EL  worker_manager.cpp:60] WorkerManager: FuncWorker of func_id 1, client_id 75 connected
I1102 19:16:30.644753 IO-0/EL  message_connection.cpp:269] FuncWorkerConnection[1-75]: Handshake done
I1102 19:16:30.645182 Server/E engine.cpp:674] Engine: New message connection
I1102 19:16:30.645210 IO-0/EL  engine.cpp:277] Engine: Receive new handshake message from message connection
I1102 19:16:30.645215 IO-0/EL  worker_manager.cpp:60] WorkerManager: FuncWorker of func_id 1, client_id 76 connected
I1102 19:16:30.645228 IO-0/EL  message_connection.cpp:269] FuncWorkerConnection[1-76]: Handshake done
I1102 19:16:30.645536 Server/E engine.cpp:674] Engine: New message connection
I1102 19:16:30.645563 IO-0/EL  engine.cpp:277] Engine: Receive new handshake message from message connection
I1102 19:16:30.645567 IO-0/EL  worker_manager.cpp:60] WorkerManager: FuncWorker of func_id 1, client_id 77 connected
I1102 19:16:30.645580 IO-0/EL  message_connection.cpp:269] FuncWorkerConnection[1-77]: Handshake done
I1102 19:16:30.645973 Server/E engine.cpp:674] Engine: New message connection
I1102 19:16:30.646007 IO-0/EL  engine.cpp:277] Engine: Receive new handshake message from message connection
I1102 19:16:30.646028 IO-0/EL  worker_manager.cpp:60] WorkerManager: FuncWorker of func_id 1, client_id 78 connected
I1102 19:16:30.646042 IO-0/EL  message_connection.cpp:269] FuncWorkerConnection[1-78]: Handshake done
I1102 19:16:30.659750 Server/E engine.cpp:674] Engine: New message connection
I1102 19:16:30.659791 Server/E engine.cpp:674] Engine: New message connection
I1102 19:16:30.659798 IO-0/EL  engine.cpp:277] Engine: Receive new handshake message from message connection
I1102 19:16:30.659804 IO-0/EL  worker_manager.cpp:60] WorkerManager: FuncWorker of func_id 1, client_id 79 connected
I1102 19:16:30.659808 Server/E engine.cpp:674] Engine: New message connection
I1102 19:16:30.659818 IO-0/EL  message_connection.cpp:269] FuncWorkerConnection[1-79]: Handshake done
I1102 19:16:30.659825 Server/E engine.cpp:674] Engine: New message connection
I1102 19:16:30.659840 Server/E engine.cpp:674] Engine: New message connection
I1102 19:16:30.659841 IO-0/EL  engine.cpp:277] Engine: Receive new handshake message from message connection
I1102 19:16:30.659849 IO-0/EL  worker_manager.cpp:60] WorkerManager: FuncWorker of func_id 1, client_id 80 connected
I1102 19:16:30.659857 Server/E engine.cpp:674] Engine: New message connection
I1102 19:16:30.659865 IO-0/EL  message_connection.cpp:269] FuncWorkerConnection[1-80]: Handshake done
I1102 19:16:30.659877 Server/E engine.cpp:674] Engine: New message connection
I1102 19:16:30.659879 IO-0/EL  engine.cpp:277] Engine: Receive new handshake message from message connection
I1102 19:16:30.659888 IO-0/EL  worker_manager.cpp:60] WorkerManager: FuncWorker of func_id 1, client_id 81 connected
I1102 19:16:30.659899 Server/E engine.cpp:674] Engine: New message connection
I1102 19:16:30.659901 IO-0/EL  message_connection.cpp:269] FuncWorkerConnection[1-81]: Handshake done
I1102 19:16:30.659927 Server/E engine.cpp:674] Engine: New message connection
I1102 19:16:30.659936 IO-0/EL  engine.cpp:277] Engine: Receive new handshake message from message connection
I1102 19:16:30.659941 IO-0/EL  worker_manager.cpp:60] WorkerManager: FuncWorker of func_id 1, client_id 82 connected
I1102 19:16:30.659949 Server/E engine.cpp:674] Engine: New message connection
I1102 19:16:30.659955 IO-0/EL  message_connection.cpp:269] FuncWorkerConnection[1-82]: Handshake done
I1102 19:16:30.659969 IO-0/EL  engine.cpp:277] Engine: Receive new handshake message from message connection
I1102 19:16:30.659974 IO-0/EL  worker_manager.cpp:60] WorkerManager: FuncWorker of func_id 1, client_id 83 connected
I1102 19:16:30.659972 Server/E engine.cpp:674] Engine: New message connection
I1102 19:16:30.659987 IO-0/EL  message_connection.cpp:269] FuncWorkerConnection[1-83]: Handshake done
I1102 19:16:30.659999 Server/E engine.cpp:674] Engine: New message connection
I1102 19:16:30.660003 IO-0/EL  engine.cpp:277] Engine: Receive new handshake message from message connection
I1102 19:16:30.660009 IO-0/EL  worker_manager.cpp:60] WorkerManager: FuncWorker of func_id 1, client_id 84 connected
I1102 19:16:30.660023 IO-0/EL  message_connection.cpp:269] FuncWorkerConnection[1-84]: Handshake done
I1102 19:16:30.660025 Server/E engine.cpp:674] Engine: New message connection
I1102 19:16:30.660038 IO-0/EL  engine.cpp:277] Engine: Receive new handshake message from message connection
I1102 19:16:30.660042 IO-0/EL  worker_manager.cpp:60] WorkerManager: FuncWorker of func_id 1, client_id 85 connected
I1102 19:16:30.660045 Server/E engine.cpp:674] Engine: New message connection
I1102 19:16:30.660059 IO-0/EL  message_connection.cpp:269] FuncWorkerConnection[1-85]: Handshake done
I1102 19:16:30.660067 Server/E engine.cpp:674] Engine: New message connection
I1102 19:16:30.660074 IO-0/EL  engine.cpp:277] Engine: Receive new handshake message from message connection
I1102 19:16:30.660079 IO-0/EL  worker_manager.cpp:60] WorkerManager: FuncWorker of func_id 1, client_id 86 connected
I1102 19:16:30.660088 Server/E engine.cpp:674] Engine: New message connection
I1102 19:16:30.660092 IO-0/EL  message_connection.cpp:269] FuncWorkerConnection[1-86]: Handshake done
I1102 19:16:30.660113 Server/E engine.cpp:674] Engine: New message connection
I1102 19:16:30.660137 Server/E engine.cpp:674] Engine: New message connection
I1102 19:16:30.660138 IO-0/EL  engine.cpp:277] Engine: Receive new handshake message from message connection
I1102 19:16:30.660159 IO-0/EL  worker_manager.cpp:60] WorkerManager: FuncWorker of func_id 1, client_id 87 connected
I1102 19:16:30.660160 Server/E engine.cpp:674] Engine: New message connection
I1102 19:16:30.660178 Server/E engine.cpp:674] Engine: New message connection
I1102 19:16:30.660180 IO-0/EL  message_connection.cpp:269] FuncWorkerConnection[1-87]: Handshake done
I1102 19:16:30.660192 Server/E engine.cpp:674] Engine: New message connection
I1102 19:16:30.660201 IO-0/EL  engine.cpp:277] Engine: Receive new handshake message from message connection
I1102 19:16:30.660207 IO-0/EL  worker_manager.cpp:60] WorkerManager: FuncWorker of func_id 1, client_id 88 connected
I1102 19:16:30.660215 Server/E engine.cpp:674] Engine: New message connection
I1102 19:16:30.660228 IO-0/EL  message_connection.cpp:269] FuncWorkerConnection[1-88]: Handshake done
I1102 19:16:30.660230 Server/E engine.cpp:674] Engine: New message connection
I1102 19:16:30.660262 IO-0/EL  engine.cpp:277] Engine: Receive new handshake message from message connection
I1102 19:16:30.660270 IO-0/EL  worker_manager.cpp:60] WorkerManager: FuncWorker of func_id 1, client_id 89 connected
I1102 19:16:30.660269 Server/E engine.cpp:674] Engine: New message connection
I1102 19:16:30.660294 IO-0/EL  message_connection.cpp:269] FuncWorkerConnection[1-89]: Handshake done
I1102 19:16:30.660304 Server/E engine.cpp:674] Engine: New message connection
I1102 19:16:30.660317 IO-0/EL  engine.cpp:277] Engine: Receive new handshake message from message connection
I1102 19:16:30.660324 IO-0/EL  worker_manager.cpp:60] WorkerManager: FuncWorker of func_id 1, client_id 90 connected
I1102 19:16:30.660326 Server/E engine.cpp:674] Engine: New message connection
I1102 19:16:30.660338 IO-0/EL  message_connection.cpp:269] FuncWorkerConnection[1-90]: Handshake done
I1102 19:16:30.660349 Server/E engine.cpp:674] Engine: New message connection
I1102 19:16:30.660358 IO-0/EL  engine.cpp:277] Engine: Receive new handshake message from message connection
I1102 19:16:30.660362 IO-0/EL  worker_manager.cpp:60] WorkerManager: FuncWorker of func_id 1, client_id 91 connected
I1102 19:16:30.660371 Server/E engine.cpp:674] Engine: New message connection
I1102 19:16:30.660376 IO-0/EL  message_connection.cpp:269] FuncWorkerConnection[1-91]: Handshake done
I1102 19:16:30.660391 IO-0/EL  engine.cpp:277] Engine: Receive new handshake message from message connection
I1102 19:16:30.660390 Server/E engine.cpp:674] Engine: New message connection
I1102 19:16:30.660396 IO-0/EL  worker_manager.cpp:60] WorkerManager: FuncWorker of func_id 1, client_id 92 connected
I1102 19:16:30.660418 Server/E engine.cpp:674] Engine: New message connection
I1102 19:16:30.660421 IO-0/EL  message_connection.cpp:269] FuncWorkerConnection[1-92]: Handshake done
I1102 19:16:30.660456 IO-0/EL  engine.cpp:277] Engine: Receive new handshake message from message connection
I1102 19:16:30.660461 IO-0/EL  worker_manager.cpp:60] WorkerManager: FuncWorker of func_id 1, client_id 93 connected
I1102 19:16:30.660475 IO-0/EL  message_connection.cpp:269] FuncWorkerConnection[1-93]: Handshake done
I1102 19:16:30.660489 IO-0/EL  engine.cpp:277] Engine: Receive new handshake message from message connection
I1102 19:16:30.660493 IO-0/EL  worker_manager.cpp:60] WorkerManager: FuncWorker of func_id 1, client_id 94 connected
I1102 19:16:30.660505 IO-0/EL  message_connection.cpp:269] FuncWorkerConnection[1-94]: Handshake done
I1102 19:16:30.660521 IO-0/EL  engine.cpp:277] Engine: Receive new handshake message from message connection
I1102 19:16:30.660526 IO-0/EL  worker_manager.cpp:60] WorkerManager: FuncWorker of func_id 1, client_id 95 connected
I1102 19:16:30.660538 IO-0/EL  message_connection.cpp:269] FuncWorkerConnection[1-95]: Handshake done
I1102 19:16:30.660559 IO-0/EL  engine.cpp:277] Engine: Receive new handshake message from message connection
I1102 19:16:30.660563 IO-0/EL  worker_manager.cpp:60] WorkerManager: FuncWorker of func_id 1, client_id 96 connected
I1102 19:16:30.660579 IO-0/EL  message_connection.cpp:269] FuncWorkerConnection[1-96]: Handshake done
I1102 19:16:30.660604 IO-0/EL  engine.cpp:277] Engine: Receive new handshake message from message connection
I1102 19:16:30.660611 IO-0/EL  worker_manager.cpp:60] WorkerManager: FuncWorker of func_id 1, client_id 97 connected
I1102 19:16:30.660632 IO-0/EL  message_connection.cpp:269] FuncWorkerConnection[1-97]: Handshake done
I1102 19:16:30.660654 IO-0/EL  engine.cpp:277] Engine: Receive new handshake message from message connection
I1102 19:16:30.660660 IO-0/EL  worker_manager.cpp:60] WorkerManager: FuncWorker of func_id 1, client_id 98 connected
I1102 19:16:30.660679 IO-0/EL  message_connection.cpp:269] FuncWorkerConnection[1-98]: Handshake done
I1102 19:16:30.660717 IO-0/EL  engine.cpp:277] Engine: Receive new handshake message from message connection
I1102 19:16:30.660726 IO-0/EL  worker_manager.cpp:60] WorkerManager: FuncWorker of func_id 1, client_id 99 connected
I1102 19:16:30.660749 IO-0/EL  message_connection.cpp:269] FuncWorkerConnection[1-99]: Handshake done
I1102 19:16:30.660775 IO-0/EL  engine.cpp:277] Engine: Receive new handshake message from message connection
I1102 19:16:30.660782 IO-0/EL  worker_manager.cpp:60] WorkerManager: FuncWorker of func_id 1, client_id 100 connected
I1102 19:16:30.660810 IO-0/EL  message_connection.cpp:269] FuncWorkerConnection[1-100]: Handshake done
I1102 19:16:30.660836 IO-0/EL  engine.cpp:277] Engine: Receive new handshake message from message connection
I1102 19:16:30.660843 IO-0/EL  worker_manager.cpp:60] WorkerManager: FuncWorker of func_id 1, client_id 101 connected
I1102 19:16:30.660865 IO-0/EL  message_connection.cpp:269] FuncWorkerConnection[1-101]: Handshake done
I1102 19:16:30.660876 Server/E engine.cpp:674] Engine: New message connection
I1102 19:16:30.660894 IO-0/EL  engine.cpp:277] Engine: Receive new handshake message from message connection
I1102 19:16:30.660902 IO-0/EL  worker_manager.cpp:60] WorkerManager: FuncWorker of func_id 1, client_id 102 connected
I1102 19:16:30.660924 IO-0/EL  message_connection.cpp:269] FuncWorkerConnection[1-102]: Handshake done
I1102 19:16:30.660944 IO-0/EL  engine.cpp:277] Engine: Receive new handshake message from message connection
I1102 19:16:30.660950 IO-0/EL  worker_manager.cpp:60] WorkerManager: FuncWorker of func_id 1, client_id 103 connected
I1102 19:16:30.660970 IO-0/EL  message_connection.cpp:269] FuncWorkerConnection[1-103]: Handshake done
I1102 19:16:30.660996 IO-0/EL  engine.cpp:277] Engine: Receive new handshake message from message connection
I1102 19:16:30.661003 IO-0/EL  worker_manager.cpp:60] WorkerManager: FuncWorker of func_id 1, client_id 104 connected
I1102 19:16:30.661024 IO-0/EL  message_connection.cpp:269] FuncWorkerConnection[1-104]: Handshake done
I1102 19:16:30.661046 IO-0/EL  engine.cpp:277] Engine: Receive new handshake message from message connection
I1102 19:16:30.661053 IO-0/EL  worker_manager.cpp:60] WorkerManager: FuncWorker of func_id 1, client_id 105 connected
I1102 19:16:30.661075 IO-0/EL  message_connection.cpp:269] FuncWorkerConnection[1-105]: Handshake done
I1102 19:16:30.661101 IO-0/EL  engine.cpp:277] Engine: Receive new handshake message from message connection
I1102 19:16:30.661108 IO-0/EL  worker_manager.cpp:60] WorkerManager: FuncWorker of func_id 1, client_id 106 connected
I1102 19:16:30.661130 IO-0/EL  message_connection.cpp:269] FuncWorkerConnection[1-106]: Handshake done
I1102 19:16:30.661149 IO-0/EL  engine.cpp:277] Engine: Receive new handshake message from message connection
I1102 19:16:30.661156 IO-0/EL  worker_manager.cpp:60] WorkerManager: FuncWorker of func_id 1, client_id 107 connected
I1102 19:16:30.661176 IO-0/EL  message_connection.cpp:269] FuncWorkerConnection[1-107]: Handshake done
I1102 19:16:30.661202 IO-0/EL  engine.cpp:277] Engine: Receive new handshake message from message connection
I1102 19:16:30.661219 IO-0/EL  worker_manager.cpp:60] WorkerManager: FuncWorker of func_id 1, client_id 108 connected
I1102 19:16:30.661240 IO-0/EL  message_connection.cpp:269] FuncWorkerConnection[1-108]: Handshake done
I1102 19:16:30.661261 IO-0/EL  engine.cpp:277] Engine: Receive new handshake message from message connection
I1102 19:16:30.661267 IO-0/EL  worker_manager.cpp:60] WorkerManager: FuncWorker of func_id 1, client_id 109 connected
I1102 19:16:30.661286 IO-0/EL  message_connection.cpp:269] FuncWorkerConnection[1-109]: Handshake done
I1102 19:16:30.661547 Server/E engine.cpp:674] Engine: New message connection
I1102 19:16:30.661608 IO-0/EL  engine.cpp:277] Engine: Receive new handshake message from message connection
I1102 19:16:30.661616 IO-0/EL  worker_manager.cpp:60] WorkerManager: FuncWorker of func_id 1, client_id 110 connected
I1102 19:16:30.661643 IO-0/EL  message_connection.cpp:269] FuncWorkerConnection[1-110]: Handshake done
I1102 19:16:30.662061 Server/E engine.cpp:674] Engine: New message connection
I1102 19:16:30.662123 IO-0/EL  engine.cpp:277] Engine: Receive new handshake message from message connection
I1102 19:16:30.662133 IO-0/EL  worker_manager.cpp:60] WorkerManager: FuncWorker of func_id 1, client_id 111 connected
I1102 19:16:30.662158 IO-0/EL  message_connection.cpp:269] FuncWorkerConnection[1-111]: Handshake done
I1102 19:16:30.662923 Server/E engine.cpp:674] Engine: New message connection
I1102 19:16:30.662993 IO-0/EL  engine.cpp:277] Engine: Receive new handshake message from message connection
I1102 19:16:30.663007 IO-0/EL  worker_manager.cpp:60] WorkerManager: FuncWorker of func_id 1, client_id 112 connected
I1102 19:16:30.663036 IO-0/EL  message_connection.cpp:269] FuncWorkerConnection[1-112]: Handshake done
I1102 19:16:30.663569 Server/E engine.cpp:674] Engine: New message connection
I1102 19:16:30.663618 IO-0/EL  engine.cpp:277] Engine: Receive new handshake message from message connection
I1102 19:16:30.663630 IO-0/EL  worker_manager.cpp:60] WorkerManager: FuncWorker of func_id 1, client_id 113 connected
I1102 19:16:30.663678 IO-0/EL  message_connection.cpp:269] FuncWorkerConnection[1-113]: Handshake done
I1102 19:16:30.664463 Server/E engine.cpp:674] Engine: New message connection
I1102 19:16:30.664502 IO-0/EL  engine.cpp:277] Engine: Receive new handshake message from message connection
I1102 19:16:30.664517 IO-0/EL  worker_manager.cpp:60] WorkerManager: FuncWorker of func_id 1, client_id 114 connected
I1102 19:16:30.664544 IO-0/EL  message_connection.cpp:269] FuncWorkerConnection[1-114]: Handshake done
I1102 19:16:30.665223 Server/E engine.cpp:674] Engine: New message connection
I1102 19:16:30.665256 IO-0/EL  engine.cpp:277] Engine: Receive new handshake message from message connection
I1102 19:16:30.665270 IO-0/EL  worker_manager.cpp:60] WorkerManager: FuncWorker of func_id 1, client_id 115 connected
I1102 19:16:30.665289 IO-0/EL  message_connection.cpp:269] FuncWorkerConnection[1-115]: Handshake done
I1102 19:16:30.665721 Server/E engine.cpp:674] Engine: New message connection
I1102 19:16:30.665745 IO-0/EL  engine.cpp:277] Engine: Receive new handshake message from message connection
I1102 19:16:30.665750 IO-0/EL  worker_manager.cpp:60] WorkerManager: FuncWorker of func_id 1, client_id 116 connected
I1102 19:16:30.665764 IO-0/EL  message_connection.cpp:269] FuncWorkerConnection[1-116]: Handshake done
I1102 19:16:30.666003 Server/E engine.cpp:674] Engine: New message connection
I1102 19:16:30.666032 IO-0/EL  engine.cpp:277] Engine: Receive new handshake message from message connection
I1102 19:16:30.666037 IO-0/EL  worker_manager.cpp:60] WorkerManager: FuncWorker of func_id 1, client_id 117 connected
I1102 19:16:30.666051 IO-0/EL  message_connection.cpp:269] FuncWorkerConnection[1-117]: Handshake done
I1102 19:16:30.666468 Server/E engine.cpp:674] Engine: New message connection
I1102 19:16:30.666489 IO-0/EL  engine.cpp:277] Engine: Receive new handshake message from message connection
I1102 19:16:30.666494 IO-0/EL  worker_manager.cpp:60] WorkerManager: FuncWorker of func_id 1, client_id 118 connected
I1102 19:16:30.666522 IO-0/EL  message_connection.cpp:269] FuncWorkerConnection[1-118]: Handshake done
I1102 19:16:30.666973 Server/E engine.cpp:674] Engine: New message connection
I1102 19:16:30.667000 IO-0/EL  engine.cpp:277] Engine: Receive new handshake message from message connection
I1102 19:16:30.667005 IO-0/EL  worker_manager.cpp:60] WorkerManager: FuncWorker of func_id 1, client_id 119 connected
I1102 19:16:30.667018 IO-0/EL  message_connection.cpp:269] FuncWorkerConnection[1-119]: Handshake done
I1102 19:16:30.684633 Server/E engine.cpp:674] Engine: New message connection
I1102 19:16:30.684677 IO-0/EL  engine.cpp:277] Engine: Receive new handshake message from message connection
I1102 19:16:30.684682 IO-0/EL  worker_manager.cpp:60] WorkerManager: FuncWorker of func_id 1, client_id 120 connected
I1102 19:16:30.684702 IO-0/EL  message_connection.cpp:269] FuncWorkerConnection[1-120]: Handshake done
I1102 19:16:30.684878 Server/E engine.cpp:674] Engine: New message connection
I1102 19:16:30.684902 IO-0/EL  engine.cpp:277] Engine: Receive new handshake message from message connection
I1102 19:16:30.684907 IO-0/EL  worker_manager.cpp:60] WorkerManager: FuncWorker of func_id 1, client_id 121 connected
I1102 19:16:30.684921 IO-0/EL  message_connection.cpp:269] FuncWorkerConnection[1-121]: Handshake done
I1102 19:16:30.685364 Server/E engine.cpp:674] Engine: New message connection
I1102 19:16:30.685386 IO-0/EL  engine.cpp:277] Engine: Receive new handshake message from message connection
I1102 19:16:30.685390 IO-0/EL  worker_manager.cpp:60] WorkerManager: FuncWorker of func_id 1, client_id 122 connected
I1102 19:16:30.685407 IO-0/EL  message_connection.cpp:269] FuncWorkerConnection[1-122]: Handshake done
I1102 19:16:30.685952 Server/E engine.cpp:674] Engine: New message connection
I1102 19:16:30.685979 IO-0/EL  engine.cpp:277] Engine: Receive new handshake message from message connection
I1102 19:16:30.685984 IO-0/EL  worker_manager.cpp:60] WorkerManager: FuncWorker of func_id 1, client_id 123 connected
I1102 19:16:30.685997 IO-0/EL  message_connection.cpp:269] FuncWorkerConnection[1-123]: Handshake done
I1102 19:16:30.686329 Server/E engine.cpp:674] Engine: New message connection
I1102 19:16:30.686354 IO-0/EL  engine.cpp:277] Engine: Receive new handshake message from message connection
I1102 19:16:30.686359 IO-0/EL  worker_manager.cpp:60] WorkerManager: FuncWorker of func_id 1, client_id 124 connected
I1102 19:16:30.686372 IO-0/EL  message_connection.cpp:269] FuncWorkerConnection[1-124]: Handshake done
I1102 19:16:30.686825 Server/E engine.cpp:674] Engine: New message connection
I1102 19:16:30.686849 IO-0/EL  engine.cpp:277] Engine: Receive new handshake message from message connection
I1102 19:16:30.686854 IO-0/EL  worker_manager.cpp:60] WorkerManager: FuncWorker of func_id 1, client_id 125 connected
I1102 19:16:30.686868 IO-0/EL  message_connection.cpp:269] FuncWorkerConnection[1-125]: Handshake done
I1102 19:16:30.687310 Server/E engine.cpp:674] Engine: New message connection
I1102 19:16:30.687335 IO-0/EL  engine.cpp:277] Engine: Receive new handshake message from message connection
I1102 19:16:30.687339 IO-0/EL  worker_manager.cpp:60] WorkerManager: FuncWorker of func_id 1, client_id 126 connected
I1102 19:16:30.687352 IO-0/EL  message_connection.cpp:269] FuncWorkerConnection[1-126]: Handshake done
I1102 19:16:30.687862 Server/E engine.cpp:674] Engine: New message connection
I1102 19:16:30.687887 IO-0/EL  engine.cpp:277] Engine: Receive new handshake message from message connection
I1102 19:16:30.687892 IO-0/EL  worker_manager.cpp:60] WorkerManager: FuncWorker of func_id 1, client_id 127 connected
I1102 19:16:30.687910 IO-0/EL  message_connection.cpp:269] FuncWorkerConnection[1-127]: Handshake done
I1102 19:16:30.688388 Server/E engine.cpp:674] Engine: New message connection
I1102 19:16:30.688411 IO-0/EL  engine.cpp:277] Engine: Receive new handshake message from message connection
I1102 19:16:30.688415 IO-0/EL  worker_manager.cpp:60] WorkerManager: FuncWorker of func_id 1, client_id 128 connected
I1102 19:16:30.688438 IO-0/EL  message_connection.cpp:269] FuncWorkerConnection[1-128]: Handshake done
I1102 19:16:30.689057 Server/E engine.cpp:674] Engine: New message connection
I1102 19:16:30.689083 IO-0/EL  engine.cpp:277] Engine: Receive new handshake message from message connection
I1102 19:16:30.689089 IO-0/EL  worker_manager.cpp:60] WorkerManager: FuncWorker of func_id 1, client_id 129 connected
I1102 19:16:30.689103 IO-0/EL  message_connection.cpp:269] FuncWorkerConnection[1-129]: Handshake done
I1102 19:16:30.689572 Server/E engine.cpp:674] Engine: New message connection
I1102 19:16:30.689595 IO-0/EL  engine.cpp:277] Engine: Receive new handshake message from message connection
I1102 19:16:30.689600 IO-0/EL  worker_manager.cpp:60] WorkerManager: FuncWorker of func_id 1, client_id 130 connected
I1102 19:16:30.689613 IO-0/EL  message_connection.cpp:269] FuncWorkerConnection[1-130]: Handshake done
I1102 19:16:30.690088 Server/E engine.cpp:674] Engine: New message connection
I1102 19:16:30.690114 IO-0/EL  engine.cpp:277] Engine: Receive new handshake message from message connection
I1102 19:16:30.690119 IO-0/EL  worker_manager.cpp:60] WorkerManager: FuncWorker of func_id 1, client_id 131 connected
I1102 19:16:30.690133 IO-0/EL  message_connection.cpp:269] FuncWorkerConnection[1-131]: Handshake done
I1102 19:16:30.690621 Server/E engine.cpp:674] Engine: New message connection
I1102 19:16:30.690643 IO-0/EL  engine.cpp:277] Engine: Receive new handshake message from message connection
I1102 19:16:30.690648 IO-0/EL  worker_manager.cpp:60] WorkerManager: FuncWorker of func_id 1, client_id 132 connected
I1102 19:16:30.690660 IO-0/EL  message_connection.cpp:269] FuncWorkerConnection[1-132]: Handshake done
I1102 19:16:30.691093 Server/E engine.cpp:674] Engine: New message connection
I1102 19:16:30.691122 IO-0/EL  engine.cpp:277] Engine: Receive new handshake message from message connection
I1102 19:16:30.691127 IO-0/EL  worker_manager.cpp:60] WorkerManager: FuncWorker of func_id 1, client_id 133 connected
I1102 19:16:30.691140 IO-0/EL  message_connection.cpp:269] FuncWorkerConnection[1-133]: Handshake done
I1102 19:16:30.691635 Server/E engine.cpp:674] Engine: New message connection
I1102 19:16:30.691658 IO-0/EL  engine.cpp:277] Engine: Receive new handshake message from message connection
I1102 19:16:30.691662 IO-0/EL  worker_manager.cpp:60] WorkerManager: FuncWorker of func_id 1, client_id 134 connected
I1102 19:16:30.691675 IO-0/EL  message_connection.cpp:269] FuncWorkerConnection[1-134]: Handshake done
I1102 19:16:30.692128 Server/E engine.cpp:674] Engine: New message connection
I1102 19:16:30.692155 IO-0/EL  engine.cpp:277] Engine: Receive new handshake message from message connection
I1102 19:16:30.692160 IO-0/EL  worker_manager.cpp:60] WorkerManager: FuncWorker of func_id 1, client_id 135 connected
I1102 19:16:30.692173 IO-0/EL  message_connection.cpp:269] FuncWorkerConnection[1-135]: Handshake done
I1102 19:16:30.692608 Server/E engine.cpp:674] Engine: New message connection
I1102 19:16:30.692633 IO-0/EL  engine.cpp:277] Engine: Receive new handshake message from message connection
I1102 19:16:30.692638 IO-0/EL  worker_manager.cpp:60] WorkerManager: FuncWorker of func_id 1, client_id 136 connected
I1102 19:16:30.692651 IO-0/EL  message_connection.cpp:269] FuncWorkerConnection[1-136]: Handshake done
I1102 19:16:30.693178 Server/E engine.cpp:674] Engine: New message connection
I1102 19:16:30.693207 IO-0/EL  engine.cpp:277] Engine: Receive new handshake message from message connection
I1102 19:16:30.693212 IO-0/EL  worker_manager.cpp:60] WorkerManager: FuncWorker of func_id 1, client_id 137 connected
I1102 19:16:30.693225 IO-0/EL  message_connection.cpp:269] FuncWorkerConnection[1-137]: Handshake done
I1102 19:16:30.693643 Server/E engine.cpp:674] Engine: New message connection
I1102 19:16:30.693669 IO-0/EL  engine.cpp:277] Engine: Receive new handshake message from message connection
I1102 19:16:30.693674 IO-0/EL  worker_manager.cpp:60] WorkerManager: FuncWorker of func_id 1, client_id 138 connected
I1102 19:16:30.693698 IO-0/EL  message_connection.cpp:269] FuncWorkerConnection[1-138]: Handshake done
I1102 19:16:30.694125 Server/E engine.cpp:674] Engine: New message connection
I1102 19:16:30.694149 IO-0/EL  engine.cpp:277] Engine: Receive new handshake message from message connection
I1102 19:16:30.694154 IO-0/EL  worker_manager.cpp:60] WorkerManager: FuncWorker of func_id 1, client_id 139 connected
I1102 19:16:30.694167 IO-0/EL  message_connection.cpp:269] FuncWorkerConnection[1-139]: Handshake done
I1102 19:16:30.694643 Server/E engine.cpp:674] Engine: New message connection
I1102 19:16:30.694665 IO-0/EL  engine.cpp:277] Engine: Receive new handshake message from message connection
I1102 19:16:30.694670 IO-0/EL  worker_manager.cpp:60] WorkerManager: FuncWorker of func_id 1, client_id 140 connected
I1102 19:16:30.694690 IO-0/EL  message_connection.cpp:269] FuncWorkerConnection[1-140]: Handshake done
I1102 19:16:30.695165 Server/E engine.cpp:674] Engine: New message connection
I1102 19:16:30.695188 IO-0/EL  engine.cpp:277] Engine: Receive new handshake message from message connection
I1102 19:16:30.695193 IO-0/EL  worker_manager.cpp:60] WorkerManager: FuncWorker of func_id 1, client_id 141 connected
I1102 19:16:30.695206 IO-0/EL  message_connection.cpp:269] FuncWorkerConnection[1-141]: Handshake done
I1102 19:16:30.695673 Server/E engine.cpp:674] Engine: New message connection
I1102 19:16:30.695697 IO-0/EL  engine.cpp:277] Engine: Receive new handshake message from message connection
I1102 19:16:30.695702 IO-0/EL  worker_manager.cpp:60] WorkerManager: FuncWorker of func_id 1, client_id 142 connected
I1102 19:16:30.695719 IO-0/EL  message_connection.cpp:269] FuncWorkerConnection[1-142]: Handshake done
I1102 19:16:30.696173 Server/E engine.cpp:674] Engine: New message connection
I1102 19:16:30.696198 IO-0/EL  engine.cpp:277] Engine: Receive new handshake message from message connection
I1102 19:16:30.696203 IO-0/EL  worker_manager.cpp:60] WorkerManager: FuncWorker of func_id 1, client_id 143 connected
I1102 19:16:30.696217 IO-0/EL  message_connection.cpp:269] FuncWorkerConnection[1-143]: Handshake done
I1102 19:16:30.696700 Server/E engine.cpp:674] Engine: New message connection
I1102 19:16:30.696756 IO-0/EL  engine.cpp:277] Engine: Receive new handshake message from message connection
I1102 19:16:30.696761 IO-0/EL  worker_manager.cpp:60] WorkerManager: FuncWorker of func_id 1, client_id 144 connected
I1102 19:16:30.696776 IO-0/EL  message_connection.cpp:269] FuncWorkerConnection[1-144]: Handshake done
I1102 19:16:30.697344 Server/E engine.cpp:674] Engine: New message connection
I1102 19:16:30.697371 IO-0/EL  engine.cpp:277] Engine: Receive new handshake message from message connection
I1102 19:16:30.697375 IO-0/EL  worker_manager.cpp:60] WorkerManager: FuncWorker of func_id 1, client_id 145 connected
I1102 19:16:30.697388 IO-0/EL  message_connection.cpp:269] FuncWorkerConnection[1-145]: Handshake done
I1102 19:16:30.697665 Server/E engine.cpp:674] Engine: New message connection
I1102 19:16:30.697696 IO-0/EL  engine.cpp:277] Engine: Receive new handshake message from message connection
I1102 19:16:30.697701 IO-0/EL  worker_manager.cpp:60] WorkerManager: FuncWorker of func_id 1, client_id 146 connected
I1102 19:16:30.697717 IO-0/EL  message_connection.cpp:269] FuncWorkerConnection[1-146]: Handshake done
I1102 19:16:30.698154 Server/E engine.cpp:674] Engine: New message connection
I1102 19:16:30.698177 IO-0/EL  engine.cpp:277] Engine: Receive new handshake message from message connection
I1102 19:16:30.698182 IO-0/EL  worker_manager.cpp:60] WorkerManager: FuncWorker of func_id 1, client_id 147 connected
I1102 19:16:30.698194 IO-0/EL  message_connection.cpp:269] FuncWorkerConnection[1-147]: Handshake done
I1102 19:16:30.698624 Server/E engine.cpp:674] Engine: New message connection
I1102 19:16:30.698667 IO-0/EL  engine.cpp:277] Engine: Receive new handshake message from message connection
I1102 19:16:30.698672 IO-0/EL  worker_manager.cpp:60] WorkerManager: FuncWorker of func_id 1, client_id 148 connected
I1102 19:16:30.698691 IO-0/EL  message_connection.cpp:269] FuncWorkerConnection[1-148]: Handshake done
I1102 19:16:30.699171 Server/E engine.cpp:674] Engine: New message connection
I1102 19:16:30.699214 IO-0/EL  engine.cpp:277] Engine: Receive new handshake message from message connection
I1102 19:16:30.699218 IO-0/EL  worker_manager.cpp:60] WorkerManager: FuncWorker of func_id 1, client_id 149 connected
I1102 19:16:30.699231 IO-0/EL  message_connection.cpp:269] FuncWorkerConnection[1-149]: Handshake done
I1102 19:16:30.699628 Server/E engine.cpp:674] Engine: New message connection
I1102 19:16:30.699676 IO-0/EL  engine.cpp:277] Engine: Receive new handshake message from message connection
I1102 19:16:30.699681 IO-0/EL  worker_manager.cpp:60] WorkerManager: FuncWorker of func_id 1, client_id 150 connected
I1102 19:16:30.699694 IO-0/EL  message_connection.cpp:269] FuncWorkerConnection[1-150]: Handshake done
I1102 19:16:30.700142 Server/E engine.cpp:674] Engine: New message connection
I1102 19:16:30.700170 IO-0/EL  engine.cpp:277] Engine: Receive new handshake message from message connection
I1102 19:16:30.700174 IO-0/EL  worker_manager.cpp:60] WorkerManager: FuncWorker of func_id 1, client_id 151 connected
I1102 19:16:30.700187 IO-0/EL  message_connection.cpp:269] FuncWorkerConnection[1-151]: Handshake done
I1102 19:16:30.700692 Server/E engine.cpp:674] Engine: New message connection
I1102 19:16:30.700720 IO-0/EL  engine.cpp:277] Engine: Receive new handshake message from message connection
I1102 19:16:30.700725 IO-0/EL  worker_manager.cpp:60] WorkerManager: FuncWorker of func_id 1, client_id 152 connected
I1102 19:16:30.700738 IO-0/EL  message_connection.cpp:269] FuncWorkerConnection[1-152]: Handshake done
I1102 19:16:30.701240 Server/E engine.cpp:674] Engine: New message connection
I1102 19:16:30.701263 IO-0/EL  engine.cpp:277] Engine: Receive new handshake message from message connection
I1102 19:16:30.701268 IO-0/EL  worker_manager.cpp:60] WorkerManager: FuncWorker of func_id 1, client_id 153 connected
I1102 19:16:30.701281 IO-0/EL  message_connection.cpp:269] FuncWorkerConnection[1-153]: Handshake done
I1102 19:16:30.701753 Server/E engine.cpp:674] Engine: New message connection
I1102 19:16:30.701779 IO-0/EL  engine.cpp:277] Engine: Receive new handshake message from message connection
I1102 19:16:30.701784 IO-0/EL  worker_manager.cpp:60] WorkerManager: FuncWorker of func_id 1, client_id 154 connected
I1102 19:16:30.701797 IO-0/EL  message_connection.cpp:269] FuncWorkerConnection[1-154]: Handshake done
I1102 19:16:30.702205 Server/E engine.cpp:674] Engine: New message connection
I1102 19:16:30.702229 IO-0/EL  engine.cpp:277] Engine: Receive new handshake message from message connection
I1102 19:16:30.702234 IO-0/EL  worker_manager.cpp:60] WorkerManager: FuncWorker of func_id 1, client_id 155 connected
I1102 19:16:30.702250 IO-0/EL  message_connection.cpp:269] FuncWorkerConnection[1-155]: Handshake done
I1102 19:16:30.702732 Server/E engine.cpp:674] Engine: New message connection
I1102 19:16:30.702756 IO-0/EL  engine.cpp:277] Engine: Receive new handshake message from message connection
I1102 19:16:30.702760 IO-0/EL  worker_manager.cpp:60] WorkerManager: FuncWorker of func_id 1, client_id 156 connected
I1102 19:16:30.702773 IO-0/EL  message_connection.cpp:269] FuncWorkerConnection[1-156]: Handshake done
I1102 19:16:30.703225 Server/E engine.cpp:674] Engine: New message connection
I1102 19:16:30.703249 IO-0/EL  engine.cpp:277] Engine: Receive new handshake message from message connection
I1102 19:16:30.703254 IO-0/EL  worker_manager.cpp:60] WorkerManager: FuncWorker of func_id 1, client_id 157 connected
I1102 19:16:30.703267 IO-0/EL  message_connection.cpp:269] FuncWorkerConnection[1-157]: Handshake done
I1102 19:16:30.703684 Server/E engine.cpp:674] Engine: New message connection
I1102 19:16:30.703706 IO-0/EL  engine.cpp:277] Engine: Receive new handshake message from message connection
I1102 19:16:30.703714 IO-0/EL  worker_manager.cpp:60] WorkerManager: FuncWorker of func_id 1, client_id 158 connected
I1102 19:16:30.703735 IO-0/EL  message_connection.cpp:269] FuncWorkerConnection[1-158]: Handshake done
I1102 19:16:30.704216 Server/E engine.cpp:674] Engine: New message connection
I1102 19:16:30.704242 IO-0/EL  engine.cpp:277] Engine: Receive new handshake message from message connection
I1102 19:16:30.704247 IO-0/EL  worker_manager.cpp:60] WorkerManager: FuncWorker of func_id 1, client_id 159 connected
I1102 19:16:30.704259 IO-0/EL  message_connection.cpp:269] FuncWorkerConnection[1-159]: Handshake done
I1102 19:16:30.704689 Server/E engine.cpp:674] Engine: New message connection
I1102 19:16:30.704715 IO-0/EL  engine.cpp:277] Engine: Receive new handshake message from message connection
I1102 19:16:30.704721 IO-0/EL  worker_manager.cpp:60] WorkerManager: FuncWorker of func_id 1, client_id 160 connected
I1102 19:16:30.704735 IO-0/EL  message_connection.cpp:269] FuncWorkerConnection[1-160]: Handshake done
I1102 19:16:30.705249 Server/E engine.cpp:674] Engine: New message connection
I1102 19:16:30.705278 IO-0/EL  engine.cpp:277] Engine: Receive new handshake message from message connection
I1102 19:16:30.705283 IO-0/EL  worker_manager.cpp:60] WorkerManager: FuncWorker of func_id 1, client_id 161 connected
I1102 19:16:30.705296 IO-0/EL  message_connection.cpp:269] FuncWorkerConnection[1-161]: Handshake done
I1102 19:16:30.705769 Server/E engine.cpp:674] Engine: New message connection
I1102 19:16:30.705792 IO-0/EL  engine.cpp:277] Engine: Receive new handshake message from message connection
I1102 19:16:30.705797 IO-0/EL  worker_manager.cpp:60] WorkerManager: FuncWorker of func_id 1, client_id 162 connected
I1102 19:16:30.705810 IO-0/EL  message_connection.cpp:269] FuncWorkerConnection[1-162]: Handshake done
I1102 19:16:30.706310 Server/E engine.cpp:674] Engine: New message connection
I1102 19:16:30.706339 IO-0/EL  engine.cpp:277] Engine: Receive new handshake message from message connection
I1102 19:16:30.706343 IO-0/EL  worker_manager.cpp:60] WorkerManager: FuncWorker of func_id 1, client_id 163 connected
I1102 19:16:30.706358 IO-0/EL  message_connection.cpp:269] FuncWorkerConnection[1-163]: Handshake done
I1102 19:16:30.706835 Server/E engine.cpp:674] Engine: New message connection
I1102 19:16:30.726740 Server/E engine.cpp:674] Engine: New message connection
I1102 19:16:30.726780 Server/E engine.cpp:674] Engine: New message connection
I1102 19:16:30.726798 Server/E engine.cpp:674] Engine: New message connection
I1102 19:16:30.726794 IO-0/EL  engine.cpp:277] Engine: Receive new handshake message from message connection
I1102 19:16:30.726810 Server/E engine.cpp:674] Engine: New message connection
I1102 19:16:30.726811 IO-0/EL  worker_manager.cpp:60] WorkerManager: FuncWorker of func_id 1, client_id 164 connected
I1102 19:16:30.726831 Server/E engine.cpp:674] Engine: New message connection
I1102 19:16:30.726845 Server/E engine.cpp:674] Engine: New message connection
I1102 19:16:30.726847 IO-0/EL  message_connection.cpp:269] FuncWorkerConnection[1-164]: Handshake done
I1102 19:16:30.726859 Server/E engine.cpp:674] Engine: New message connection
I1102 19:16:30.726875 Server/E engine.cpp:674] Engine: New message connection
I1102 19:16:30.726883 IO-0/EL  engine.cpp:277] Engine: Receive new handshake message from message connection
I1102 19:16:30.726887 Server/E engine.cpp:674] Engine: New message connection
I1102 19:16:30.726890 IO-0/EL  worker_manager.cpp:60] WorkerManager: FuncWorker of func_id 1, client_id 165 connected
I1102 19:16:30.726903 Server/E engine.cpp:674] Engine: New message connection
I1102 19:16:30.726909 IO-0/EL  message_connection.cpp:269] FuncWorkerConnection[1-165]: Handshake done
I1102 19:16:30.726918 Server/E engine.cpp:674] Engine: New message connection
I1102 19:16:30.726931 Server/E engine.cpp:674] Engine: New message connection
I1102 19:16:30.726931 IO-0/EL  engine.cpp:277] Engine: Receive new handshake message from message connection
I1102 19:16:30.726940 IO-0/EL  worker_manager.cpp:60] WorkerManager: FuncWorker of func_id 1, client_id 166 connected
I1102 19:16:30.726944 Server/E engine.cpp:674] Engine: New message connection
I1102 19:16:30.726961 IO-0/EL  message_connection.cpp:269] FuncWorkerConnection[1-166]: Handshake done
I1102 19:16:30.726970 Server/E engine.cpp:674] Engine: New message connection
I1102 19:16:30.726984 Server/E engine.cpp:674] Engine: New message connection
I1102 19:16:30.726990 IO-0/EL  engine.cpp:277] Engine: Receive new handshake message from message connection
I1102 19:16:30.726998 IO-0/EL  worker_manager.cpp:60] WorkerManager: FuncWorker of func_id 1, client_id 167 connected
I1102 19:16:30.727002 Server/E engine.cpp:674] Engine: New message connection
I1102 19:16:30.727015 Server/E engine.cpp:674] Engine: New message connection
I1102 19:16:30.727022 IO-0/EL  message_connection.cpp:269] FuncWorkerConnection[1-167]: Handshake done
I1102 19:16:30.727028 Server/E engine.cpp:674] Engine: New message connection
I1102 19:16:30.727042 Server/E engine.cpp:674] Engine: New message connection
I1102 19:16:30.727044 IO-0/EL  engine.cpp:277] Engine: Receive new handshake message from message connection
I1102 19:16:30.727051 IO-0/EL  worker_manager.cpp:60] WorkerManager: FuncWorker of func_id 1, client_id 168 connected
I1102 19:16:30.727053 Server/E engine.cpp:674] Engine: New message connection
I1102 19:16:30.727069 Server/E engine.cpp:674] Engine: New message connection
I1102 19:16:30.727077 IO-0/EL  message_connection.cpp:269] FuncWorkerConnection[1-168]: Handshake done
I1102 19:16:30.727081 Server/E engine.cpp:674] Engine: New message connection
I1102 19:16:30.727107 Server/E engine.cpp:674] Engine: New message connection
I1102 19:16:30.727111 IO-0/EL  engine.cpp:277] Engine: Receive new handshake message from message connection
I1102 19:16:30.727118 IO-0/EL  worker_manager.cpp:60] WorkerManager: FuncWorker of func_id 1, client_id 169 connected
I1102 19:16:30.727122 Server/E engine.cpp:674] Engine: New message connection
I1102 19:16:30.727137 Server/E engine.cpp:674] Engine: New message connection
I1102 19:16:30.727140 IO-0/EL  message_connection.cpp:269] FuncWorkerConnection[1-169]: Handshake done
I1102 19:16:30.727150 Server/E engine.cpp:674] Engine: New message connection
I1102 19:16:30.727162 IO-0/EL  engine.cpp:277] Engine: Receive new handshake message from message connection
I1102 19:16:30.727170 IO-0/EL  worker_manager.cpp:60] WorkerManager: FuncWorker of func_id 1, client_id 170 connected
I1102 19:16:30.727163 Server/E engine.cpp:674] Engine: New message connection
I1102 19:16:30.727194 Server/E engine.cpp:674] Engine: New message connection
I1102 19:16:30.727199 IO-0/EL  message_connection.cpp:269] FuncWorkerConnection[1-170]: Handshake done
I1102 19:16:30.727208 Server/E engine.cpp:674] Engine: New message connection
I1102 19:16:30.727222 IO-0/EL  engine.cpp:277] Engine: Receive new handshake message from message connection
I1102 19:16:30.727230 IO-0/EL  worker_manager.cpp:60] WorkerManager: FuncWorker of func_id 1, client_id 171 connected
I1102 19:16:30.727224 Server/E engine.cpp:674] Engine: New message connection
I1102 19:16:30.727252 IO-0/EL  message_connection.cpp:269] FuncWorkerConnection[1-171]: Handshake done
I1102 19:16:30.727254 Server/E engine.cpp:674] Engine: New message connection
I1102 19:16:30.727278 Server/E engine.cpp:674] Engine: New message connection
I1102 19:16:30.727282 IO-0/EL  engine.cpp:277] Engine: Receive new handshake message from message connection
I1102 19:16:30.727291 IO-0/EL  worker_manager.cpp:60] WorkerManager: FuncWorker of func_id 1, client_id 172 connected
I1102 19:16:30.727293 Server/E engine.cpp:674] Engine: New message connection
I1102 19:16:30.727314 IO-0/EL  message_connection.cpp:269] FuncWorkerConnection[1-172]: Handshake done
I1102 19:16:30.727319 Server/E engine.cpp:674] Engine: New message connection
I1102 19:16:30.727335 IO-0/EL  engine.cpp:277] Engine: Receive new handshake message from message connection
I1102 19:16:30.727344 IO-0/EL  worker_manager.cpp:60] WorkerManager: FuncWorker of func_id 1, client_id 173 connected
I1102 19:16:30.727337 Server/E engine.cpp:674] Engine: New message connection
I1102 19:16:30.727367 IO-0/EL  message_connection.cpp:269] FuncWorkerConnection[1-173]: Handshake done
I1102 19:16:30.727374 Server/E engine.cpp:674] Engine: New message connection
I1102 19:16:30.727395 IO-0/EL  engine.cpp:277] Engine: Receive new handshake message from message connection
I1102 19:16:30.727404 IO-0/EL  worker_manager.cpp:60] WorkerManager: FuncWorker of func_id 1, client_id 174 connected
I1102 19:16:30.727397 Server/E engine.cpp:674] Engine: New message connection
I1102 19:16:30.727426 Server/E engine.cpp:674] Engine: New message connection
I1102 19:16:30.727425 IO-0/EL  message_connection.cpp:269] FuncWorkerConnection[1-174]: Handshake done
I1102 19:16:30.727439 Server/E engine.cpp:674] Engine: New message connection
I1102 19:16:30.727453 Server/E engine.cpp:674] Engine: New message connection
I1102 19:16:30.727455 IO-0/EL  engine.cpp:277] Engine: Receive new handshake message from message connection
I1102 19:16:30.727465 IO-0/EL  worker_manager.cpp:60] WorkerManager: FuncWorker of func_id 1, client_id 175 connected
I1102 19:16:30.727474 Server/E engine.cpp:674] Engine: New message connection
I1102 19:16:30.727488 IO-0/EL  message_connection.cpp:269] FuncWorkerConnection[1-175]: Handshake done
I1102 19:16:30.727488 Server/E engine.cpp:674] Engine: New message connection
I1102 19:16:30.727517 IO-0/EL  engine.cpp:277] Engine: Receive new handshake message from message connection
I1102 19:16:30.727525 IO-0/EL  worker_manager.cpp:60] WorkerManager: FuncWorker of func_id 1, client_id 176 connected
I1102 19:16:30.727547 IO-0/EL  message_connection.cpp:269] FuncWorkerConnection[1-176]: Handshake done
I1102 19:16:30.727567 IO-0/EL  engine.cpp:277] Engine: Receive new handshake message from message connection
I1102 19:16:30.727573 IO-0/EL  worker_manager.cpp:60] WorkerManager: FuncWorker of func_id 1, client_id 177 connected
I1102 19:16:30.727594 IO-0/EL  message_connection.cpp:269] FuncWorkerConnection[1-177]: Handshake done
I1102 19:16:30.727629 IO-0/EL  engine.cpp:277] Engine: Receive new handshake message from message connection
I1102 19:16:30.727637 IO-0/EL  worker_manager.cpp:60] WorkerManager: FuncWorker of func_id 1, client_id 178 connected
I1102 19:16:30.727659 IO-0/EL  message_connection.cpp:269] FuncWorkerConnection[1-178]: Handshake done
I1102 19:16:30.727680 IO-0/EL  engine.cpp:277] Engine: Receive new handshake message from message connection
I1102 19:16:30.727686 IO-0/EL  worker_manager.cpp:60] WorkerManager: FuncWorker of func_id 1, client_id 179 connected
I1102 19:16:30.727705 IO-0/EL  message_connection.cpp:269] FuncWorkerConnection[1-179]: Handshake done
I1102 19:16:30.727745 IO-0/EL  engine.cpp:277] Engine: Receive new handshake message from message connection
I1102 19:16:30.727754 IO-0/EL  worker_manager.cpp:60] WorkerManager: FuncWorker of func_id 1, client_id 180 connected
I1102 19:16:30.727775 IO-0/EL  message_connection.cpp:269] FuncWorkerConnection[1-180]: Handshake done
I1102 19:16:30.727800 IO-0/EL  engine.cpp:277] Engine: Receive new handshake message from message connection
I1102 19:16:30.727808 IO-0/EL  worker_manager.cpp:60] WorkerManager: FuncWorker of func_id 1, client_id 181 connected
I1102 19:16:30.727830 IO-0/EL  message_connection.cpp:269] FuncWorkerConnection[1-181]: Handshake done
I1102 19:16:30.727826 Server/E engine.cpp:674] Engine: New message connection
I1102 19:16:30.727861 IO-0/EL  engine.cpp:277] Engine: Receive new handshake message from message connection
I1102 19:16:30.727869 IO-0/EL  worker_manager.cpp:60] WorkerManager: FuncWorker of func_id 1, client_id 182 connected
I1102 19:16:30.727892 IO-0/EL  message_connection.cpp:269] FuncWorkerConnection[1-182]: Handshake done
I1102 19:16:30.727912 IO-0/EL  engine.cpp:277] Engine: Receive new handshake message from message connection
I1102 19:16:30.727918 IO-0/EL  worker_manager.cpp:60] WorkerManager: FuncWorker of func_id 1, client_id 183 connected
I1102 19:16:30.727939 IO-0/EL  message_connection.cpp:269] FuncWorkerConnection[1-183]: Handshake done
I1102 19:16:30.727970 IO-0/EL  engine.cpp:277] Engine: Receive new handshake message from message connection
I1102 19:16:30.727994 IO-0/EL  worker_manager.cpp:60] WorkerManager: FuncWorker of func_id 1, client_id 184 connected
I1102 19:16:30.728014 IO-0/EL  message_connection.cpp:269] FuncWorkerConnection[1-184]: Handshake done
I1102 19:16:30.728037 IO-0/EL  engine.cpp:277] Engine: Receive new handshake message from message connection
I1102 19:16:30.728045 IO-0/EL  worker_manager.cpp:60] WorkerManager: FuncWorker of func_id 1, client_id 185 connected
I1102 19:16:30.728072 IO-0/EL  message_connection.cpp:269] FuncWorkerConnection[1-185]: Handshake done
I1102 19:16:30.728094 IO-0/EL  engine.cpp:277] Engine: Receive new handshake message from message connection
I1102 19:16:30.728101 IO-0/EL  worker_manager.cpp:60] WorkerManager: FuncWorker of func_id 1, client_id 186 connected
I1102 19:16:30.728123 IO-0/EL  message_connection.cpp:269] FuncWorkerConnection[1-186]: Handshake done
I1102 19:16:30.728143 IO-0/EL  engine.cpp:277] Engine: Receive new handshake message from message connection
I1102 19:16:30.728149 IO-0/EL  worker_manager.cpp:60] WorkerManager: FuncWorker of func_id 1, client_id 187 connected
I1102 19:16:30.728179 IO-0/EL  message_connection.cpp:269] FuncWorkerConnection[1-187]: Handshake done
I1102 19:16:30.728200 IO-0/EL  engine.cpp:277] Engine: Receive new handshake message from message connection
I1102 19:16:30.728206 IO-0/EL  worker_manager.cpp:60] WorkerManager: FuncWorker of func_id 1, client_id 188 connected
I1102 19:16:30.728226 IO-0/EL  message_connection.cpp:269] FuncWorkerConnection[1-188]: Handshake done
I1102 19:16:30.728253 IO-0/EL  engine.cpp:277] Engine: Receive new handshake message from message connection
I1102 19:16:30.728259 IO-0/EL  worker_manager.cpp:60] WorkerManager: FuncWorker of func_id 1, client_id 189 connected
I1102 19:16:30.728280 IO-0/EL  message_connection.cpp:269] FuncWorkerConnection[1-189]: Handshake done
I1102 19:16:30.728299 IO-0/EL  engine.cpp:277] Engine: Receive new handshake message from message connection
I1102 19:16:30.728306 IO-0/EL  worker_manager.cpp:60] WorkerManager: FuncWorker of func_id 1, client_id 190 connected
I1102 19:16:30.728325 IO-0/EL  message_connection.cpp:269] FuncWorkerConnection[1-190]: Handshake done
I1102 19:16:30.728354 IO-0/EL  engine.cpp:277] Engine: Receive new handshake message from message connection
I1102 19:16:30.728361 IO-0/EL  worker_manager.cpp:60] WorkerManager: FuncWorker of func_id 1, client_id 191 connected
I1102 19:16:30.728383 IO-0/EL  message_connection.cpp:269] FuncWorkerConnection[1-191]: Handshake done
I1102 19:16:30.728404 IO-0/EL  engine.cpp:277] Engine: Receive new handshake message from message connection
I1102 19:16:30.728410 IO-0/EL  worker_manager.cpp:60] WorkerManager: FuncWorker of func_id 1, client_id 192 connected
I1102 19:16:30.728431 IO-0/EL  message_connection.cpp:269] FuncWorkerConnection[1-192]: Handshake done
I1102 19:16:30.728455 IO-0/EL  engine.cpp:277] Engine: Receive new handshake message from message connection
I1102 19:16:30.728462 IO-0/EL  worker_manager.cpp:60] WorkerManager: FuncWorker of func_id 1, client_id 193 connected
I1102 19:16:30.728484 IO-0/EL  message_connection.cpp:269] FuncWorkerConnection[1-193]: Handshake done
I1102 19:16:30.728504 IO-0/EL  engine.cpp:277] Engine: Receive new handshake message from message connection
I1102 19:16:30.728511 IO-0/EL  worker_manager.cpp:60] WorkerManager: FuncWorker of func_id 1, client_id 194 connected
I1102 19:16:30.728530 IO-0/EL  message_connection.cpp:269] FuncWorkerConnection[1-194]: Handshake done
I1102 19:16:30.728563 IO-0/EL  engine.cpp:277] Engine: Receive new handshake message from message connection
I1102 19:16:30.728571 IO-0/EL  worker_manager.cpp:60] WorkerManager: FuncWorker of func_id 1, client_id 195 connected
I1102 19:16:30.728591 IO-0/EL  message_connection.cpp:269] FuncWorkerConnection[1-195]: Handshake done
I1102 19:16:30.728602 Server/E engine.cpp:674] Engine: New message connection
I1102 19:16:30.728612 IO-0/EL  engine.cpp:277] Engine: Receive new handshake message from message connection
I1102 19:16:30.729307 IO-0/EL  worker_manager.cpp:60] WorkerManager: FuncWorker of func_id 1, client_id 196 connected
I1102 19:16:30.729364 IO-0/EL  message_connection.cpp:269] FuncWorkerConnection[1-196]: Handshake done
I1102 19:16:30.729409 IO-0/EL  engine.cpp:277] Engine: Receive new handshake message from message connection
I1102 19:16:30.729418 IO-0/EL  worker_manager.cpp:60] WorkerManager: FuncWorker of func_id 1, client_id 197 connected
I1102 19:16:30.729440 IO-0/EL  message_connection.cpp:269] FuncWorkerConnection[1-197]: Handshake done
I1102 19:16:30.729461 IO-0/EL  engine.cpp:277] Engine: Receive new handshake message from message connection
I1102 19:16:30.729466 IO-0/EL  worker_manager.cpp:60] WorkerManager: FuncWorker of func_id 1, client_id 198 connected
I1102 19:16:30.729488 IO-0/EL  message_connection.cpp:269] FuncWorkerConnection[1-198]: Handshake done
I1102 19:16:30.729518 IO-0/EL  engine.cpp:277] Engine: Receive new handshake message from message connection
I1102 19:16:30.729525 IO-0/EL  worker_manager.cpp:60] WorkerManager: FuncWorker of func_id 1, client_id 199 connected
I1102 19:16:30.729547 IO-0/EL  message_connection.cpp:269] FuncWorkerConnection[1-199]: Handshake done
I1102 19:16:30.729571 IO-0/EL  engine.cpp:277] Engine: Receive new handshake message from message connection
I1102 19:16:30.729578 IO-0/EL  worker_manager.cpp:60] WorkerManager: FuncWorker of func_id 1, client_id 200 connected
I1102 19:16:30.729591 Server/E engine.cpp:674] Engine: New message connection
I1102 19:16:30.729600 IO-0/EL  message_connection.cpp:269] FuncWorkerConnection[1-200]: Handshake done
I1102 19:16:30.729676 IO-0/EL  engine.cpp:277] Engine: Receive new handshake message from message connection
I1102 19:16:30.729687 IO-0/EL  worker_manager.cpp:60] WorkerManager: FuncWorker of func_id 1, client_id 201 connected
I1102 19:16:30.729722 IO-0/EL  message_connection.cpp:269] FuncWorkerConnection[1-201]: Handshake done
I1102 19:16:30.729744 IO-0/EL  engine.cpp:277] Engine: Receive new handshake message from message connection
I1102 19:16:30.729749 IO-0/EL  worker_manager.cpp:60] WorkerManager: FuncWorker of func_id 1, client_id 202 connected
I1102 19:16:30.729771 IO-0/EL  message_connection.cpp:269] FuncWorkerConnection[1-202]: Handshake done
I1102 19:16:30.729792 IO-0/EL  engine.cpp:277] Engine: Receive new handshake message from message connection
I1102 19:16:30.729797 IO-0/EL  worker_manager.cpp:60] WorkerManager: FuncWorker of func_id 1, client_id 203 connected
I1102 19:16:30.729807 Server/E engine.cpp:674] Engine: New message connection
I1102 19:16:30.729815 IO-0/EL  message_connection.cpp:269] FuncWorkerConnection[1-203]: Handshake done
I1102 19:16:30.729840 IO-0/EL  engine.cpp:277] Engine: Receive new handshake message from message connection
I1102 19:16:30.729845 IO-0/EL  worker_manager.cpp:60] WorkerManager: FuncWorker of func_id 1, client_id 204 connected
I1102 19:16:30.729864 IO-0/EL  message_connection.cpp:269] FuncWorkerConnection[1-204]: Handshake done
I1102 19:16:30.729881 IO-0/EL  engine.cpp:277] Engine: Receive new handshake message from message connection
I1102 19:16:30.729886 IO-0/EL  worker_manager.cpp:60] WorkerManager: FuncWorker of func_id 1, client_id 205 connected
I1102 19:16:30.729903 IO-0/EL  message_connection.cpp:269] FuncWorkerConnection[1-205]: Handshake done
I1102 19:16:30.729924 IO-0/EL  engine.cpp:277] Engine: Receive new handshake message from message connection
I1102 19:16:30.729929 IO-0/EL  worker_manager.cpp:60] WorkerManager: FuncWorker of func_id 1, client_id 206 connected
I1102 19:16:30.729947 IO-0/EL  message_connection.cpp:269] FuncWorkerConnection[1-206]: Handshake done
I1102 19:16:30.729968 IO-0/EL  engine.cpp:277] Engine: Receive new handshake message from message connection
I1102 19:16:30.729973 IO-0/EL  worker_manager.cpp:60] WorkerManager: FuncWorker of func_id 1, client_id 207 connected
I1102 19:16:30.729990 IO-0/EL  message_connection.cpp:269] FuncWorkerConnection[1-207]: Handshake done
I1102 19:16:30.730013 IO-0/EL  engine.cpp:277] Engine: Receive new handshake message from message connection
I1102 19:16:30.730031 IO-0/EL  worker_manager.cpp:60] WorkerManager: FuncWorker of func_id 1, client_id 208 connected
I1102 19:16:30.730049 IO-0/EL  message_connection.cpp:269] FuncWorkerConnection[1-208]: Handshake done
I1102 19:16:30.730066 IO-0/EL  engine.cpp:277] Engine: Receive new handshake message from message connection
I1102 19:16:30.730072 IO-0/EL  worker_manager.cpp:60] WorkerManager: FuncWorker of func_id 1, client_id 209 connected
I1102 19:16:30.730089 IO-0/EL  message_connection.cpp:269] FuncWorkerConnection[1-209]: Handshake done
I1102 19:16:30.730106 IO-0/EL  engine.cpp:277] Engine: Receive new handshake message from message connection
I1102 19:16:30.730112 IO-0/EL  worker_manager.cpp:60] WorkerManager: FuncWorker of func_id 1, client_id 210 connected
I1102 19:16:30.730129 IO-0/EL  message_connection.cpp:269] FuncWorkerConnection[1-210]: Handshake done
I1102 19:16:30.731050 Server/E engine.cpp:674] Engine: New message connection
I1102 19:16:30.731277 IO-0/EL  engine.cpp:277] Engine: Receive new handshake message from message connection
I1102 19:16:30.731295 IO-0/EL  worker_manager.cpp:60] WorkerManager: FuncWorker of func_id 1, client_id 211 connected
I1102 19:16:30.731327 IO-0/EL  message_connection.cpp:269] FuncWorkerConnection[1-211]: Handshake done
I1102 19:16:30.731917 Server/E engine.cpp:674] Engine: New message connection
I1102 19:16:30.731987 IO-0/EL  engine.cpp:277] Engine: Receive new handshake message from message connection
I1102 19:16:30.732001 IO-0/EL  worker_manager.cpp:60] WorkerManager: FuncWorker of func_id 1, client_id 212 connected
I1102 19:16:30.732029 IO-0/EL  message_connection.cpp:269] FuncWorkerConnection[1-212]: Handshake done
I1102 19:16:30.732636 Server/E engine.cpp:674] Engine: New message connection
I1102 19:16:30.732685 IO-0/EL  engine.cpp:277] Engine: Receive new handshake message from message connection
I1102 19:16:30.732697 IO-0/EL  worker_manager.cpp:60] WorkerManager: FuncWorker of func_id 1, client_id 213 connected
I1102 19:16:30.732731 IO-0/EL  message_connection.cpp:269] FuncWorkerConnection[1-213]: Handshake done
I1102 19:16:30.733395 Server/E engine.cpp:674] Engine: New message connection
I1102 19:16:30.733443 IO-0/EL  engine.cpp:277] Engine: Receive new handshake message from message connection
I1102 19:16:30.733459 IO-0/EL  worker_manager.cpp:60] WorkerManager: FuncWorker of func_id 1, client_id 214 connected
I1102 19:16:30.733488 IO-0/EL  message_connection.cpp:269] FuncWorkerConnection[1-214]: Handshake done
I1102 19:16:30.733929 Server/E engine.cpp:674] Engine: New message connection
I1102 19:16:30.733962 IO-0/EL  engine.cpp:277] Engine: Receive new handshake message from message connection
I1102 19:16:30.733973 IO-0/EL  worker_manager.cpp:60] WorkerManager: FuncWorker of func_id 1, client_id 215 connected
I1102 19:16:30.733998 IO-0/EL  message_connection.cpp:269] FuncWorkerConnection[1-215]: Handshake done
I1102 19:16:30.734394 Server/E engine.cpp:674] Engine: New message connection
I1102 19:16:30.734425 IO-0/EL  engine.cpp:277] Engine: Receive new handshake message from message connection
I1102 19:16:30.734431 IO-0/EL  worker_manager.cpp:60] WorkerManager: FuncWorker of func_id 1, client_id 216 connected
I1102 19:16:30.734446 IO-0/EL  message_connection.cpp:269] FuncWorkerConnection[1-216]: Handshake done
I1102 19:16:30.735049 Server/E engine.cpp:674] Engine: New message connection
I1102 19:16:30.735073 IO-0/EL  engine.cpp:277] Engine: Receive new handshake message from message connection
I1102 19:16:30.735078 IO-0/EL  worker_manager.cpp:60] WorkerManager: FuncWorker of func_id 1, client_id 217 connected
I1102 19:16:30.735092 IO-0/EL  message_connection.cpp:269] FuncWorkerConnection[1-217]: Handshake done
I1102 19:16:30.735604 Server/E engine.cpp:674] Engine: New message connection
I1102 19:16:30.735635 IO-0/EL  engine.cpp:277] Engine: Receive new handshake message from message connection
I1102 19:16:30.735640 IO-0/EL  worker_manager.cpp:60] WorkerManager: FuncWorker of func_id 1, client_id 218 connected
I1102 19:16:30.735653 IO-0/EL  message_connection.cpp:269] FuncWorkerConnection[1-218]: Handshake done
I1102 19:16:30.736289 Server/E engine.cpp:674] Engine: New message connection
I1102 19:16:30.736314 IO-0/EL  engine.cpp:277] Engine: Receive new handshake message from message connection
I1102 19:16:30.736320 IO-0/EL  worker_manager.cpp:60] WorkerManager: FuncWorker of func_id 1, client_id 219 connected
I1102 19:16:30.736336 IO-0/EL  message_connection.cpp:269] FuncWorkerConnection[1-219]: Handshake done
I1102 19:16:30.736855 Server/E engine.cpp:674] Engine: New message connection
I1102 19:16:30.736889 IO-0/EL  engine.cpp:277] Engine: Receive new handshake message from message connection
I1102 19:16:30.736895 IO-0/EL  worker_manager.cpp:60] WorkerManager: FuncWorker of func_id 1, client_id 220 connected
I1102 19:16:30.736909 IO-0/EL  message_connection.cpp:269] FuncWorkerConnection[1-220]: Handshake done
I1102 19:16:30.737762 Server/E engine.cpp:674] Engine: New message connection
I1102 19:16:30.737791 IO-0/EL  engine.cpp:277] Engine: Receive new handshake message from message connection
I1102 19:16:30.737796 IO-0/EL  worker_manager.cpp:60] WorkerManager: FuncWorker of func_id 1, client_id 221 connected
I1102 19:16:30.738178 Server/E engine.cpp:674] Engine: New message connection
I1102 19:16:30.738347 IO-0/EL  message_connection.cpp:269] FuncWorkerConnection[1-221]: Handshake done
I1102 19:16:30.738388 IO-0/EL  engine.cpp:277] Engine: Receive new handshake message from message connection
I1102 19:16:30.738394 IO-0/EL  worker_manager.cpp:60] WorkerManager: FuncWorker of func_id 1, client_id 222 connected
I1102 19:16:30.738416 IO-0/EL  message_connection.cpp:269] FuncWorkerConnection[1-222]: Handshake done
I1102 19:16:30.738762 Server/E engine.cpp:674] Engine: New message connection
I1102 19:16:30.738811 IO-0/EL  engine.cpp:277] Engine: Receive new handshake message from message connection
I1102 19:16:30.738818 IO-0/EL  worker_manager.cpp:60] WorkerManager: FuncWorker of func_id 1, client_id 223 connected
I1102 19:16:30.738834 IO-0/EL  message_connection.cpp:269] FuncWorkerConnection[1-223]: Handshake done
I1102 19:16:30.739245 Server/E engine.cpp:674] Engine: New message connection
I1102 19:16:30.739291 IO-0/EL  engine.cpp:277] Engine: Receive new handshake message from message connection
I1102 19:16:30.739296 IO-0/EL  worker_manager.cpp:60] WorkerManager: FuncWorker of func_id 1, client_id 224 connected
I1102 19:16:30.739311 IO-0/EL  message_connection.cpp:269] FuncWorkerConnection[1-224]: Handshake done
I1102 19:16:30.739756 Server/E engine.cpp:674] Engine: New message connection
I1102 19:16:30.739783 IO-0/EL  engine.cpp:277] Engine: Receive new handshake message from message connection
I1102 19:16:30.739789 IO-0/EL  worker_manager.cpp:60] WorkerManager: FuncWorker of func_id 1, client_id 225 connected
I1102 19:16:30.739821 IO-0/EL  message_connection.cpp:269] FuncWorkerConnection[1-225]: Handshake done
I1102 19:16:30.740229 Server/E engine.cpp:674] Engine: New message connection
I1102 19:16:30.740265 IO-0/EL  engine.cpp:277] Engine: Receive new handshake message from message connection
I1102 19:16:30.740269 IO-0/EL  worker_manager.cpp:60] WorkerManager: FuncWorker of func_id 1, client_id 226 connected
I1102 19:16:30.740283 IO-0/EL  message_connection.cpp:269] FuncWorkerConnection[1-226]: Handshake done
I1102 19:16:30.740799 Server/E engine.cpp:674] Engine: New message connection
I1102 19:16:30.740839 IO-0/EL  engine.cpp:277] Engine: Receive new handshake message from message connection
I1102 19:16:30.740844 IO-0/EL  worker_manager.cpp:60] WorkerManager: FuncWorker of func_id 1, client_id 227 connected
I1102 19:16:30.740858 IO-0/EL  message_connection.cpp:269] FuncWorkerConnection[1-227]: Handshake done
I1102 19:16:30.741252 Server/E engine.cpp:674] Engine: New message connection
I1102 19:16:30.741287 IO-0/EL  engine.cpp:277] Engine: Receive new handshake message from message connection
I1102 19:16:30.741291 IO-0/EL  worker_manager.cpp:60] WorkerManager: FuncWorker of func_id 1, client_id 228 connected
I1102 19:16:30.741305 IO-0/EL  message_connection.cpp:269] FuncWorkerConnection[1-228]: Handshake done
I1102 19:16:30.741807 Server/E engine.cpp:674] Engine: New message connection
I1102 19:16:30.741843 IO-0/EL  engine.cpp:277] Engine: Receive new handshake message from message connection
I1102 19:16:30.741849 IO-0/EL  worker_manager.cpp:60] WorkerManager: FuncWorker of func_id 1, client_id 229 connected
I1102 19:16:30.741864 IO-0/EL  message_connection.cpp:269] FuncWorkerConnection[1-229]: Handshake done
I1102 19:16:30.742445 Server/E engine.cpp:674] Engine: New message connection
I1102 19:16:30.742478 IO-0/EL  engine.cpp:277] Engine: Receive new handshake message from message connection
I1102 19:16:30.742483 IO-0/EL  worker_manager.cpp:60] WorkerManager: FuncWorker of func_id 1, client_id 230 connected
I1102 19:16:30.742497 IO-0/EL  message_connection.cpp:269] FuncWorkerConnection[1-230]: Handshake done
I1102 19:16:30.743008 Server/E engine.cpp:674] Engine: New message connection
I1102 19:16:30.743042 IO-0/EL  engine.cpp:277] Engine: Receive new handshake message from message connection
I1102 19:16:30.743047 IO-0/EL  worker_manager.cpp:60] WorkerManager: FuncWorker of func_id 1, client_id 231 connected
I1102 19:16:30.743061 IO-0/EL  message_connection.cpp:269] FuncWorkerConnection[1-231]: Handshake done
I1102 19:16:30.743559 Server/E engine.cpp:674] Engine: New message connection
I1102 19:16:30.743597 IO-0/EL  engine.cpp:277] Engine: Receive new handshake message from message connection
I1102 19:16:30.743602 IO-0/EL  worker_manager.cpp:60] WorkerManager: FuncWorker of func_id 1, client_id 232 connected
I1102 19:16:30.743615 IO-0/EL  message_connection.cpp:269] FuncWorkerConnection[1-232]: Handshake done
I1102 19:16:30.744168 Server/E engine.cpp:674] Engine: New message connection
I1102 19:16:30.744195 IO-0/EL  engine.cpp:277] Engine: Receive new handshake message from message connection
I1102 19:16:30.744201 IO-0/EL  worker_manager.cpp:60] WorkerManager: FuncWorker of func_id 1, client_id 233 connected
I1102 19:16:30.744215 IO-0/EL  message_connection.cpp:269] FuncWorkerConnection[1-233]: Handshake done
I1102 19:16:30.744769 Server/E engine.cpp:674] Engine: New message connection
I1102 19:16:30.744813 IO-0/EL  engine.cpp:277] Engine: Receive new handshake message from message connection
I1102 19:16:30.744818 IO-0/EL  worker_manager.cpp:60] WorkerManager: FuncWorker of func_id 1, client_id 234 connected
I1102 19:16:30.744832 IO-0/EL  message_connection.cpp:269] FuncWorkerConnection[1-234]: Handshake done
I1102 19:16:30.745268 Server/E engine.cpp:674] Engine: New message connection
I1102 19:16:30.745293 IO-0/EL  engine.cpp:277] Engine: Receive new handshake message from message connection
I1102 19:16:30.745298 IO-0/EL  worker_manager.cpp:60] WorkerManager: FuncWorker of func_id 1, client_id 235 connected
I1102 19:16:30.745313 IO-0/EL  message_connection.cpp:269] FuncWorkerConnection[1-235]: Handshake done
I1102 19:16:30.745852 Server/E engine.cpp:674] Engine: New message connection
I1102 19:16:30.745882 IO-0/EL  engine.cpp:277] Engine: Receive new handshake message from message connection
I1102 19:16:30.745887 IO-0/EL  worker_manager.cpp:60] WorkerManager: FuncWorker of func_id 1, client_id 236 connected
I1102 19:16:30.745901 IO-0/EL  message_connection.cpp:269] FuncWorkerConnection[1-236]: Handshake done
I1102 19:16:30.746310 Server/E engine.cpp:674] Engine: New message connection
I1102 19:16:30.746333 IO-0/EL  engine.cpp:277] Engine: Receive new handshake message from message connection
I1102 19:16:30.746337 IO-0/EL  worker_manager.cpp:60] WorkerManager: FuncWorker of func_id 1, client_id 237 connected
I1102 19:16:30.746354 IO-0/EL  message_connection.cpp:269] FuncWorkerConnection[1-237]: Handshake done
I1102 19:16:30.746778 Server/E engine.cpp:674] Engine: New message connection
I1102 19:16:30.746803 IO-0/EL  engine.cpp:277] Engine: Receive new handshake message from message connection
I1102 19:16:30.746808 IO-0/EL  worker_manager.cpp:60] WorkerManager: FuncWorker of func_id 1, client_id 238 connected
I1102 19:16:30.746821 IO-0/EL  message_connection.cpp:269] FuncWorkerConnection[1-238]: Handshake done
I1102 19:16:30.747369 Server/E engine.cpp:674] Engine: New message connection
I1102 19:16:30.747396 IO-0/EL  engine.cpp:277] Engine: Receive new handshake message from message connection
I1102 19:16:30.747402 IO-0/EL  worker_manager.cpp:60] WorkerManager: FuncWorker of func_id 1, client_id 239 connected
I1102 19:16:30.747416 IO-0/EL  message_connection.cpp:269] FuncWorkerConnection[1-239]: Handshake done
I1102 19:16:30.747946 Server/E engine.cpp:674] Engine: New message connection
I1102 19:16:30.747989 IO-0/EL  engine.cpp:277] Engine: Receive new handshake message from message connection
I1102 19:16:30.748000 IO-0/EL  worker_manager.cpp:60] WorkerManager: FuncWorker of func_id 1, client_id 240 connected
I1102 19:16:30.748019 IO-0/EL  message_connection.cpp:269] FuncWorkerConnection[1-240]: Handshake done
I1102 19:16:30.748483 Server/E engine.cpp:674] Engine: New message connection
I1102 19:16:30.748530 IO-0/EL  engine.cpp:277] Engine: Receive new handshake message from message connection
I1102 19:16:30.748534 IO-0/EL  worker_manager.cpp:60] WorkerManager: FuncWorker of func_id 1, client_id 241 connected
I1102 19:16:30.748548 IO-0/EL  message_connection.cpp:269] FuncWorkerConnection[1-241]: Handshake done
I1102 19:16:30.748982 Server/E engine.cpp:674] Engine: New message connection
I1102 19:16:30.749016 IO-0/EL  engine.cpp:277] Engine: Receive new handshake message from message connection
I1102 19:16:30.749021 IO-0/EL  worker_manager.cpp:60] WorkerManager: FuncWorker of func_id 1, client_id 242 connected
I1102 19:16:30.749034 IO-0/EL  message_connection.cpp:269] FuncWorkerConnection[1-242]: Handshake done
I1102 19:16:30.749543 Server/E engine.cpp:674] Engine: New message connection
I1102 19:16:30.749587 IO-0/EL  engine.cpp:277] Engine: Receive new handshake message from message connection
I1102 19:16:30.749591 IO-0/EL  worker_manager.cpp:60] WorkerManager: FuncWorker of func_id 1, client_id 243 connected
I1102 19:16:30.749604 IO-0/EL  message_connection.cpp:269] FuncWorkerConnection[1-243]: Handshake done
I1102 19:16:30.750036 Server/E engine.cpp:674] Engine: New message connection
I1102 19:16:30.750061 IO-0/EL  engine.cpp:277] Engine: Receive new handshake message from message connection
I1102 19:16:30.750065 IO-0/EL  worker_manager.cpp:60] WorkerManager: FuncWorker of func_id 1, client_id 244 connected
I1102 19:16:30.750079 IO-0/EL  message_connection.cpp:269] FuncWorkerConnection[1-244]: Handshake done
I1102 19:16:30.750655 Server/E engine.cpp:674] Engine: New message connection
I1102 19:16:30.750681 IO-0/EL  engine.cpp:277] Engine: Receive new handshake message from message connection
I1102 19:16:30.750686 IO-0/EL  worker_manager.cpp:60] WorkerManager: FuncWorker of func_id 1, client_id 245 connected
I1102 19:16:30.750700 IO-0/EL  message_connection.cpp:269] FuncWorkerConnection[1-245]: Handshake done
I1102 19:16:30.751116 Server/E engine.cpp:674] Engine: New message connection
I1102 19:16:30.751138 IO-0/EL  engine.cpp:277] Engine: Receive new handshake message from message connection
I1102 19:16:30.751143 IO-0/EL  worker_manager.cpp:60] WorkerManager: FuncWorker of func_id 1, client_id 246 connected
I1102 19:16:30.751157 IO-0/EL  message_connection.cpp:269] FuncWorkerConnection[1-246]: Handshake done
I1102 19:16:30.751639 Server/E engine.cpp:674] Engine: New message connection
I1102 19:16:30.751663 IO-0/EL  engine.cpp:277] Engine: Receive new handshake message from message connection
I1102 19:16:30.751668 IO-0/EL  worker_manager.cpp:60] WorkerManager: FuncWorker of func_id 1, client_id 247 connected
I1102 19:16:30.751681 IO-0/EL  message_connection.cpp:269] FuncWorkerConnection[1-247]: Handshake done
I1102 19:16:30.762301 Server/E engine.cpp:674] Engine: New message connection
I1102 19:16:30.762345 IO-0/EL  engine.cpp:277] Engine: Receive new handshake message from message connection
I1102 19:16:30.762350 IO-0/EL  worker_manager.cpp:60] WorkerManager: FuncWorker of func_id 1, client_id 248 connected
I1102 19:16:30.762365 IO-0/EL  message_connection.cpp:269] FuncWorkerConnection[1-248]: Handshake done
I1102 19:16:30.762846 Server/E engine.cpp:674] Engine: New message connection
I1102 19:16:30.762874 IO-0/EL  engine.cpp:277] Engine: Receive new handshake message from message connection
I1102 19:16:30.762879 IO-0/EL  worker_manager.cpp:60] WorkerManager: FuncWorker of func_id 1, client_id 249 connected
I1102 19:16:30.762893 IO-0/EL  message_connection.cpp:269] FuncWorkerConnection[1-249]: Handshake done
I1102 19:16:30.763397 Server/E engine.cpp:674] Engine: New message connection
I1102 19:16:30.763421 IO-0/EL  engine.cpp:277] Engine: Receive new handshake message from message connection
I1102 19:16:30.763425 IO-0/EL  worker_manager.cpp:60] WorkerManager: FuncWorker of func_id 1, client_id 250 connected
I1102 19:16:30.763438 IO-0/EL  message_connection.cpp:269] FuncWorkerConnection[1-250]: Handshake done
I1102 19:16:30.763893 Server/E engine.cpp:674] Engine: New message connection
I1102 19:16:30.763920 IO-0/EL  engine.cpp:277] Engine: Receive new handshake message from message connection
I1102 19:16:30.763924 IO-0/EL  worker_manager.cpp:60] WorkerManager: FuncWorker of func_id 1, client_id 251 connected
I1102 19:16:30.763937 IO-0/EL  message_connection.cpp:269] FuncWorkerConnection[1-251]: Handshake done
I1102 19:16:30.764428 Server/E engine.cpp:674] Engine: New message connection
I1102 19:16:30.764468 IO-0/EL  engine.cpp:277] Engine: Receive new handshake message from message connection
I1102 19:16:30.764473 IO-0/EL  worker_manager.cpp:60] WorkerManager: FuncWorker of func_id 1, client_id 252 connected
I1102 19:16:30.764490 IO-0/EL  message_connection.cpp:269] FuncWorkerConnection[1-252]: Handshake done
I1102 19:16:30.764935 Server/E engine.cpp:674] Engine: New message connection
I1102 19:16:30.764964 IO-0/EL  engine.cpp:277] Engine: Receive new handshake message from message connection
I1102 19:16:30.764968 IO-0/EL  worker_manager.cpp:60] WorkerManager: FuncWorker of func_id 1, client_id 253 connected
I1102 19:16:30.764982 IO-0/EL  message_connection.cpp:269] FuncWorkerConnection[1-253]: Handshake done
I1102 19:16:30.765537 Server/E engine.cpp:674] Engine: New message connection
I1102 19:16:30.765561 IO-0/EL  engine.cpp:277] Engine: Receive new handshake message from message connection
I1102 19:16:30.765565 IO-0/EL  worker_manager.cpp:60] WorkerManager: FuncWorker of func_id 1, client_id 254 connected
I1102 19:16:30.765578 IO-0/EL  message_connection.cpp:269] FuncWorkerConnection[1-254]: Handshake done
I1102 19:16:30.766018 Server/E engine.cpp:674] Engine: New message connection
I1102 19:16:30.766043 IO-0/EL  engine.cpp:277] Engine: Receive new handshake message from message connection
I1102 19:16:30.766047 IO-0/EL  worker_manager.cpp:60] WorkerManager: FuncWorker of func_id 1, client_id 255 connected
I1102 19:16:30.766060 IO-0/EL  message_connection.cpp:269] FuncWorkerConnection[1-255]: Handshake done
I1102 19:16:30.766436 Server/E engine.cpp:674] Engine: New message connection
I1102 19:16:30.766466 IO-0/EL  engine.cpp:277] Engine: Receive new handshake message from message connection
I1102 19:16:30.766471 IO-0/EL  worker_manager.cpp:60] WorkerManager: FuncWorker of func_id 1, client_id 256 connected
I1102 19:16:30.766489 IO-0/EL  message_connection.cpp:269] FuncWorkerConnection[1-256]: Handshake done
I1102 19:16:33.433659 IO-0/EL  buffer_pool.h:25] BufferPool[IO-0_Write]: Allocate new buffer, current buffer count is 5
I1102 19:16:33.433684 IO-0/EL  buffer_pool.h:25] BufferPool[IO-0_Write]: Allocate new buffer, current buffer count is 6
I1102 19:16:33.433694 IO-0/EL  buffer_pool.h:25] BufferPool[IO-0_Write]: Allocate new buffer, current buffer count is 7
I1102 19:16:33.433704 IO-0/EL  buffer_pool.h:25] BufferPool[IO-0_Write]: Allocate new buffer, current buffer count is 8
I1102 19:16:33.433716 IO-0/EL  buffer_pool.h:25] BufferPool[IO-0_Write]: Allocate new buffer, current buffer count is 9
I1102 19:16:33.433725 IO-0/EL  buffer_pool.h:25] BufferPool[IO-0_Write]: Allocate new buffer, current buffer count is 10
I1102 19:16:33.433737 IO-0/EL  buffer_pool.h:25] BufferPool[IO-0_Write]: Allocate new buffer, current buffer count is 11
I1102 19:16:33.433759 IO-0/EL  buffer_pool.h:25] BufferPool[IO-0_Write]: Allocate new buffer, current buffer count is 12
I1102 19:16:33.433771 IO-0/EL  buffer_pool.h:25] BufferPool[IO-0_Write]: Allocate new buffer, current buffer count is 13
I1102 19:16:33.433785 IO-0/EL  buffer_pool.h:25] BufferPool[IO-0_Write]: Allocate new buffer, current buffer count is 14
I1102 19:16:33.433798 IO-0/EL  buffer_pool.h:25] BufferPool[IO-0_Write]: Allocate new buffer, current buffer count is 15
I1102 19:16:33.433808 IO-0/EL  buffer_pool.h:25] BufferPool[IO-0_Write]: Allocate new buffer, current buffer count is 16
I1102 19:16:33.433822 IO-0/EL  buffer_pool.h:25] BufferPool[IO-0_Write]: Allocate new buffer, current buffer count is 17
I1102 19:16:33.433831 IO-0/EL  buffer_pool.h:25] BufferPool[IO-0_Write]: Allocate new buffer, current buffer count is 18
I1102 19:16:33.433843 IO-0/EL  buffer_pool.h:25] BufferPool[IO-0_Write]: Allocate new buffer, current buffer count is 19
I1102 19:16:33.433852 IO-0/EL  buffer_pool.h:25] BufferPool[IO-0_Write]: Allocate new buffer, current buffer count is 20
I1102 19:16:33.433867 IO-0/EL  buffer_pool.h:25] BufferPool[IO-0_Write]: Allocate new buffer, current buffer count is 21
I1102 19:16:33.433877 IO-0/EL  buffer_pool.h:25] BufferPool[IO-0_Write]: Allocate new buffer, current buffer count is 22
I1102 19:16:33.433886 IO-0/EL  buffer_pool.h:25] BufferPool[IO-0_Write]: Allocate new buffer, current buffer count is 23
I1102 19:16:33.433900 IO-0/EL  buffer_pool.h:25] BufferPool[IO-0_Write]: Allocate new buffer, current buffer count is 24
I1102 19:16:33.433912 IO-0/EL  buffer_pool.h:25] BufferPool[IO-0_Write]: Allocate new buffer, current buffer count is 25
I1102 19:16:33.433933 IO-0/EL  buffer_pool.h:25] BufferPool[IO-0_Write]: Allocate new buffer, current buffer count is 26
I1102 19:16:33.433947 IO-0/EL  buffer_pool.h:25] BufferPool[IO-0_Write]: Allocate new buffer, current buffer count is 27
I1102 19:16:33.433970 IO-0/EL  buffer_pool.h:25] BufferPool[IO-0_Write]: Allocate new buffer, current buffer count is 28
I1102 19:16:33.433993 IO-0/EL  buffer_pool.h:25] BufferPool[IO-0_Write]: Allocate new buffer, current buffer count is 29
I1102 19:16:33.434008 IO-0/EL  buffer_pool.h:25] BufferPool[IO-0_Write]: Allocate new buffer, current buffer count is 30
I1102 19:16:33.434029 IO-0/EL  buffer_pool.h:25] BufferPool[IO-0_Write]: Allocate new buffer, current buffer count is 31
I1102 19:16:33.434043 IO-0/EL  buffer_pool.h:25] BufferPool[IO-0_Write]: Allocate new buffer, current buffer count is 32
I1102 19:16:33.434063 IO-0/EL  buffer_pool.h:25] BufferPool[IO-0_Write]: Allocate new buffer, current buffer count is 33
I1102 19:16:33.434088 IO-0/EL  buffer_pool.h:25] BufferPool[IO-0_Write]: Allocate new buffer, current buffer count is 34
I1102 19:16:33.434104 IO-0/EL  buffer_pool.h:25] BufferPool[IO-0_Write]: Allocate new buffer, current buffer count is 35
I1102 19:16:33.434121 IO-0/EL  buffer_pool.h:25] BufferPool[IO-0_Write]: Allocate new buffer, current buffer count is 36
I1102 19:16:33.434144 IO-0/EL  buffer_pool.h:25] BufferPool[IO-0_Write]: Allocate new buffer, current buffer count is 37
I1102 19:16:33.434163 IO-0/EL  buffer_pool.h:25] BufferPool[IO-0_Write]: Allocate new buffer, current buffer count is 38
I1102 19:16:33.434184 IO-0/EL  buffer_pool.h:25] BufferPool[IO-0_Write]: Allocate new buffer, current buffer count is 39
I1102 19:16:33.434199 IO-0/EL  buffer_pool.h:25] BufferPool[IO-0_Write]: Allocate new buffer, current buffer count is 40
I1102 19:16:33.434218 IO-0/EL  buffer_pool.h:25] BufferPool[IO-0_Write]: Allocate new buffer, current buffer count is 41
I1102 19:16:33.434236 IO-0/EL  buffer_pool.h:25] BufferPool[IO-0_Write]: Allocate new buffer, current buffer count is 42
I1102 19:16:33.434255 IO-0/EL  buffer_pool.h:25] BufferPool[IO-0_Write]: Allocate new buffer, current buffer count is 43
I1102 19:16:33.434272 IO-0/EL  buffer_pool.h:25] BufferPool[IO-0_Write]: Allocate new buffer, current buffer count is 44
I1102 19:16:33.434289 IO-0/EL  buffer_pool.h:25] BufferPool[IO-0_Write]: Allocate new buffer, current buffer count is 45
I1102 19:16:33.434318 IO-0/EL  buffer_pool.h:25] BufferPool[IO-0_Write]: Allocate new buffer, current buffer count is 46
I1102 19:16:33.434335 IO-0/EL  buffer_pool.h:25] BufferPool[IO-0_Write]: Allocate new buffer, current buffer count is 47
I1102 19:16:33.434353 IO-0/EL  buffer_pool.h:25] BufferPool[IO-0_Write]: Allocate new buffer, current buffer count is 48
I1102 19:16:33.434367 IO-0/EL  buffer_pool.h:25] BufferPool[IO-0_Write]: Allocate new buffer, current buffer count is 49
I1102 19:16:33.434388 IO-0/EL  buffer_pool.h:25] BufferPool[IO-0_Write]: Allocate new buffer, current buffer count is 50
I1102 19:16:33.434403 IO-0/EL  buffer_pool.h:25] BufferPool[IO-0_Write]: Allocate new buffer, current buffer count is 51
I1102 19:16:33.434417 IO-0/EL  buffer_pool.h:25] BufferPool[IO-0_Write]: Allocate new buffer, current buffer count is 52
I1102 19:16:33.434428 IO-0/EL  buffer_pool.h:25] BufferPool[IO-0_Write]: Allocate new buffer, current buffer count is 53
I1102 19:16:33.434441 IO-0/EL  buffer_pool.h:25] BufferPool[IO-0_Write]: Allocate new buffer, current buffer count is 54
I1102 19:16:33.434451 IO-0/EL  buffer_pool.h:25] BufferPool[IO-0_Write]: Allocate new buffer, current buffer count is 55
I1102 19:16:33.434466 IO-0/EL  buffer_pool.h:25] BufferPool[IO-0_Write]: Allocate new buffer, current buffer count is 56
I1102 19:16:33.434480 IO-0/EL  buffer_pool.h:25] BufferPool[IO-0_Write]: Allocate new buffer, current buffer count is 57
I1102 19:16:33.434492 IO-0/EL  buffer_pool.h:25] BufferPool[IO-0_Write]: Allocate new buffer, current buffer count is 58
I1102 19:16:33.434504 IO-0/EL  buffer_pool.h:25] BufferPool[IO-0_Write]: Allocate new buffer, current buffer count is 59
I1102 19:16:33.434515 IO-0/EL  buffer_pool.h:25] BufferPool[IO-0_Write]: Allocate new buffer, current buffer count is 60
I1102 19:16:33.434527 IO-0/EL  buffer_pool.h:25] BufferPool[IO-0_Write]: Allocate new buffer, current buffer count is 61
I1102 19:16:33.434540 IO-0/EL  buffer_pool.h:25] BufferPool[IO-0_Write]: Allocate new buffer, current buffer count is 62
I1102 19:16:33.434557 IO-0/EL  buffer_pool.h:25] BufferPool[IO-0_Write]: Allocate new buffer, current buffer count is 63
I1102 19:16:33.434570 IO-0/EL  buffer_pool.h:25] BufferPool[IO-0_Write]: Allocate new buffer, current buffer count is 64
I1102 19:16:33.434597 IO-0/EL  buffer_pool.h:25] BufferPool[IO-0_Write]: Allocate new buffer, current buffer count is 65
I1102 19:16:33.434613 IO-0/EL  buffer_pool.h:25] BufferPool[IO-0_Write]: Allocate new buffer, current buffer count is 66
I1102 19:16:33.434631 IO-0/EL  buffer_pool.h:25] BufferPool[IO-0_Write]: Allocate new buffer, current buffer count is 67
I1102 19:16:33.434646 IO-0/EL  buffer_pool.h:25] BufferPool[IO-0_Write]: Allocate new buffer, current buffer count is 68
I1102 19:16:33.434664 IO-0/EL  buffer_pool.h:25] BufferPool[IO-0_Write]: Allocate new buffer, current buffer count is 69
I1102 19:16:33.434679 IO-0/EL  buffer_pool.h:25] BufferPool[IO-0_Write]: Allocate new buffer, current buffer count is 70
I1102 19:16:33.434694 IO-0/EL  buffer_pool.h:25] BufferPool[IO-0_Write]: Allocate new buffer, current buffer count is 71
I1102 19:16:33.434707 IO-0/EL  buffer_pool.h:25] BufferPool[IO-0_Write]: Allocate new buffer, current buffer count is 72
I1102 19:16:33.434721 IO-0/EL  buffer_pool.h:25] BufferPool[IO-0_Write]: Allocate new buffer, current buffer count is 73
I1102 19:16:33.434737 IO-0/EL  buffer_pool.h:25] BufferPool[IO-0_Write]: Allocate new buffer, current buffer count is 74
I1102 19:16:33.434748 IO-0/EL  buffer_pool.h:25] BufferPool[IO-0_Write]: Allocate new buffer, current buffer count is 75
I1102 19:16:33.434761 IO-0/EL  buffer_pool.h:25] BufferPool[IO-0_Write]: Allocate new buffer, current buffer count is 76
I1102 19:16:33.434772 IO-0/EL  buffer_pool.h:25] BufferPool[IO-0_Write]: Allocate new buffer, current buffer count is 77
I1102 19:16:33.434786 IO-0/EL  buffer_pool.h:25] BufferPool[IO-0_Write]: Allocate new buffer, current buffer count is 78
I1102 19:16:33.434798 IO-0/EL  buffer_pool.h:25] BufferPool[IO-0_Write]: Allocate new buffer, current buffer count is 79
I1102 19:16:33.434829 IO-0/EL  buffer_pool.h:25] BufferPool[IO-0_Write]: Allocate new buffer, current buffer count is 80
I1102 19:16:33.434850 IO-0/EL  buffer_pool.h:25] BufferPool[IO-0_Write]: Allocate new buffer, current buffer count is 81
I1102 19:16:33.434871 IO-0/EL  buffer_pool.h:25] BufferPool[IO-0_Write]: Allocate new buffer, current buffer count is 82
I1102 19:16:33.434885 IO-0/EL  buffer_pool.h:25] BufferPool[IO-0_Write]: Allocate new buffer, current buffer count is 83
I1102 19:16:33.434902 IO-0/EL  buffer_pool.h:25] BufferPool[IO-0_Write]: Allocate new buffer, current buffer count is 84
I1102 19:16:33.434922 IO-0/EL  buffer_pool.h:25] BufferPool[IO-0_Write]: Allocate new buffer, current buffer count is 85
I1102 19:16:33.434939 IO-0/EL  buffer_pool.h:25] BufferPool[IO-0_Write]: Allocate new buffer, current buffer count is 86
I1102 19:16:33.434957 IO-0/EL  buffer_pool.h:25] BufferPool[IO-0_Write]: Allocate new buffer, current buffer count is 87
I1102 19:16:33.434968 IO-0/EL  buffer_pool.h:25] BufferPool[IO-0_Write]: Allocate new buffer, current buffer count is 88
I1102 19:16:33.434981 IO-0/EL  buffer_pool.h:25] BufferPool[IO-0_Write]: Allocate new buffer, current buffer count is 89
I1102 19:16:33.434992 IO-0/EL  buffer_pool.h:25] BufferPool[IO-0_Write]: Allocate new buffer, current buffer count is 90
I1102 19:16:33.435003 IO-0/EL  buffer_pool.h:25] BufferPool[IO-0_Write]: Allocate new buffer, current buffer count is 91
I1102 19:16:33.435012 IO-0/EL  buffer_pool.h:25] BufferPool[IO-0_Write]: Allocate new buffer, current buffer count is 92
I1102 19:16:33.435025 IO-0/EL  buffer_pool.h:25] BufferPool[IO-0_Write]: Allocate new buffer, current buffer count is 93
I1102 19:16:33.435034 IO-0/EL  buffer_pool.h:25] BufferPool[IO-0_Write]: Allocate new buffer, current buffer count is 94
I1102 19:16:33.435046 IO-0/EL  buffer_pool.h:25] BufferPool[IO-0_Write]: Allocate new buffer, current buffer count is 95
I1102 19:16:33.435059 IO-0/EL  buffer_pool.h:25] BufferPool[IO-0_Write]: Allocate new buffer, current buffer count is 96
I1102 19:16:33.435068 IO-0/EL  buffer_pool.h:25] BufferPool[IO-0_Write]: Allocate new buffer, current buffer count is 97
I1102 19:16:33.435082 IO-0/EL  buffer_pool.h:25] BufferPool[IO-0_Write]: Allocate new buffer, current buffer count is 98
I1102 19:16:33.435091 IO-0/EL  buffer_pool.h:25] BufferPool[IO-0_Write]: Allocate new buffer, current buffer count is 99
I1102 19:16:33.435104 IO-0/EL  buffer_pool.h:25] BufferPool[IO-0_Write]: Allocate new buffer, current buffer count is 100
I1102 19:16:33.435114 IO-0/EL  buffer_pool.h:25] BufferPool[IO-0_Write]: Allocate new buffer, current buffer count is 101
I1102 19:16:33.435126 IO-0/EL  buffer_pool.h:25] BufferPool[IO-0_Write]: Allocate new buffer, current buffer count is 102
I1102 19:16:33.435141 IO-0/EL  buffer_pool.h:25] BufferPool[IO-0_Write]: Allocate new buffer, current buffer count is 103
I1102 19:16:33.435156 IO-0/EL  buffer_pool.h:25] BufferPool[IO-0_Write]: Allocate new buffer, current buffer count is 104
I1102 19:16:33.435171 IO-0/EL  buffer_pool.h:25] BufferPool[IO-0_Write]: Allocate new buffer, current buffer count is 105
I1102 19:16:33.435193 IO-0/EL  buffer_pool.h:25] BufferPool[IO-0_Write]: Allocate new buffer, current buffer count is 106
I1102 19:16:33.435208 IO-0/EL  buffer_pool.h:25] BufferPool[IO-0_Write]: Allocate new buffer, current buffer count is 107
I1102 19:16:33.435224 IO-0/EL  buffer_pool.h:25] BufferPool[IO-0_Write]: Allocate new buffer, current buffer count is 108
I1102 19:16:33.435242 IO-0/EL  buffer_pool.h:25] BufferPool[IO-0_Write]: Allocate new buffer, current buffer count is 109
I1102 19:16:33.435257 IO-0/EL  buffer_pool.h:25] BufferPool[IO-0_Write]: Allocate new buffer, current buffer count is 110
I1102 19:16:33.435280 IO-0/EL  buffer_pool.h:25] BufferPool[IO-0_Write]: Allocate new buffer, current buffer count is 111
I1102 19:16:33.435292 IO-0/EL  buffer_pool.h:25] BufferPool[IO-0_Write]: Allocate new buffer, current buffer count is 112
I1102 19:16:33.435310 IO-0/EL  buffer_pool.h:25] BufferPool[IO-0_Write]: Allocate new buffer, current buffer count is 113
I1102 19:16:33.435331 IO-0/EL  buffer_pool.h:25] BufferPool[IO-0_Write]: Allocate new buffer, current buffer count is 114
I1102 19:16:33.435346 IO-0/EL  buffer_pool.h:25] BufferPool[IO-0_Write]: Allocate new buffer, current buffer count is 115
I1102 19:16:33.435360 IO-0/EL  buffer_pool.h:25] BufferPool[IO-0_Write]: Allocate new buffer, current buffer count is 116
I1102 19:16:33.435373 IO-0/EL  buffer_pool.h:25] BufferPool[IO-0_Write]: Allocate new buffer, current buffer count is 117
I1102 19:16:33.435393 IO-0/EL  buffer_pool.h:25] BufferPool[IO-0_Write]: Allocate new buffer, current buffer count is 118
I1102 19:16:33.435409 IO-0/EL  buffer_pool.h:25] BufferPool[IO-0_Write]: Allocate new buffer, current buffer count is 119
I1102 19:16:33.435429 IO-0/EL  buffer_pool.h:25] BufferPool[IO-0_Write]: Allocate new buffer, current buffer count is 120
I1102 19:16:33.435446 IO-0/EL  buffer_pool.h:25] BufferPool[IO-0_Write]: Allocate new buffer, current buffer count is 121
I1102 19:16:33.435459 IO-0/EL  buffer_pool.h:25] BufferPool[IO-0_Write]: Allocate new buffer, current buffer count is 122
I1102 19:16:33.435478 IO-0/EL  buffer_pool.h:25] BufferPool[IO-0_Write]: Allocate new buffer, current buffer count is 123
I1102 19:16:33.435495 IO-0/EL  buffer_pool.h:25] BufferPool[IO-0_Write]: Allocate new buffer, current buffer count is 124
I1102 19:16:33.435514 IO-0/EL  buffer_pool.h:25] BufferPool[IO-0_Write]: Allocate new buffer, current buffer count is 125
I1102 19:16:33.435526 IO-0/EL  buffer_pool.h:25] BufferPool[IO-0_Write]: Allocate new buffer, current buffer count is 126
I1102 19:16:33.435539 IO-0/EL  buffer_pool.h:25] BufferPool[IO-0_Write]: Allocate new buffer, current buffer count is 127
I1102 19:16:33.435549 IO-0/EL  buffer_pool.h:25] BufferPool[IO-0_Write]: Allocate new buffer, current buffer count is 128
I1102 19:16:33.435565 IO-0/EL  buffer_pool.h:25] BufferPool[IO-0_Write]: Allocate new buffer, current buffer count is 129
I1102 19:16:33.435575 IO-0/EL  buffer_pool.h:25] BufferPool[IO-0_Write]: Allocate new buffer, current buffer count is 130
I1102 19:16:33.435588 IO-0/EL  buffer_pool.h:25] BufferPool[IO-0_Write]: Allocate new buffer, current buffer count is 131
I1102 19:16:33.435599 IO-0/EL  buffer_pool.h:25] BufferPool[IO-0_Write]: Allocate new buffer, current buffer count is 132
I1102 19:16:33.435614 IO-0/EL  buffer_pool.h:25] BufferPool[IO-0_Write]: Allocate new buffer, current buffer count is 133
I1102 19:16:33.435636 IO-0/EL  buffer_pool.h:25] BufferPool[IO-0_Write]: Allocate new buffer, current buffer count is 134
I1102 19:16:33.435654 IO-0/EL  buffer_pool.h:25] BufferPool[IO-0_Write]: Allocate new buffer, current buffer count is 135
I1102 19:16:33.435675 IO-0/EL  buffer_pool.h:25] BufferPool[IO-0_Write]: Allocate new buffer, current buffer count is 136
I1102 19:16:33.435688 IO-0/EL  buffer_pool.h:25] BufferPool[IO-0_Write]: Allocate new buffer, current buffer count is 137
I1102 19:16:33.435706 IO-0/EL  buffer_pool.h:25] BufferPool[IO-0_Write]: Allocate new buffer, current buffer count is 138
I1102 19:16:33.435728 IO-0/EL  buffer_pool.h:25] BufferPool[IO-0_Write]: Allocate new buffer, current buffer count is 139
I1102 19:16:33.435748 IO-0/EL  buffer_pool.h:25] BufferPool[IO-0_Write]: Allocate new buffer, current buffer count is 140
I1102 19:16:33.435766 IO-0/EL  buffer_pool.h:25] BufferPool[IO-0_Write]: Allocate new buffer, current buffer count is 141
I1102 19:16:33.435779 IO-0/EL  buffer_pool.h:25] BufferPool[IO-0_Write]: Allocate new buffer, current buffer count is 142
I1102 19:16:33.435789 IO-0/EL  buffer_pool.h:25] BufferPool[IO-0_Write]: Allocate new buffer, current buffer count is 143
I1102 19:16:33.435801 IO-0/EL  buffer_pool.h:25] BufferPool[IO-0_Write]: Allocate new buffer, current buffer count is 144
I1102 19:16:33.435816 IO-0/EL  buffer_pool.h:25] BufferPool[IO-0_Write]: Allocate new buffer, current buffer count is 145
I1102 19:16:33.435828 IO-0/EL  buffer_pool.h:25] BufferPool[IO-0_Write]: Allocate new buffer, current buffer count is 146
I1102 19:16:33.435853 IO-0/EL  buffer_pool.h:25] BufferPool[IO-0_Write]: Allocate new buffer, current buffer count is 147
I1102 19:16:33.435869 IO-0/EL  buffer_pool.h:25] BufferPool[IO-0_Write]: Allocate new buffer, current buffer count is 148
I1102 19:16:33.435891 IO-0/EL  buffer_pool.h:25] BufferPool[IO-0_Write]: Allocate new buffer, current buffer count is 149
I1102 19:16:33.435908 IO-0/EL  buffer_pool.h:25] BufferPool[IO-0_Write]: Allocate new buffer, current buffer count is 150
I1102 19:16:33.435927 IO-0/EL  buffer_pool.h:25] BufferPool[IO-0_Write]: Allocate new buffer, current buffer count is 151
I1102 19:16:33.435941 IO-0/EL  buffer_pool.h:25] BufferPool[IO-0_Write]: Allocate new buffer, current buffer count is 152
I1102 19:16:33.435957 IO-0/EL  buffer_pool.h:25] BufferPool[IO-0_Write]: Allocate new buffer, current buffer count is 153
I1102 19:16:33.435976 IO-0/EL  buffer_pool.h:25] BufferPool[IO-0_Write]: Allocate new buffer, current buffer count is 154
I1102 19:16:33.435993 IO-0/EL  buffer_pool.h:25] BufferPool[IO-0_Write]: Allocate new buffer, current buffer count is 155
I1102 19:16:33.436004 IO-0/EL  buffer_pool.h:25] BufferPool[IO-0_Write]: Allocate new buffer, current buffer count is 156
I1102 19:16:33.436017 IO-0/EL  buffer_pool.h:25] BufferPool[IO-0_Write]: Allocate new buffer, current buffer count is 157
I1102 19:16:33.436031 IO-0/EL  buffer_pool.h:25] BufferPool[IO-0_Write]: Allocate new buffer, current buffer count is 158
I1102 19:16:33.436041 IO-0/EL  buffer_pool.h:25] BufferPool[IO-0_Write]: Allocate new buffer, current buffer count is 159
I1102 19:16:33.436054 IO-0/EL  buffer_pool.h:25] BufferPool[IO-0_Write]: Allocate new buffer, current buffer count is 160
I1102 19:16:33.436064 IO-0/EL  buffer_pool.h:25] BufferPool[IO-0_Write]: Allocate new buffer, current buffer count is 161
I1102 19:16:33.436078 IO-0/EL  buffer_pool.h:25] BufferPool[IO-0_Write]: Allocate new buffer, current buffer count is 162
I1102 19:16:33.436089 IO-0/EL  buffer_pool.h:25] BufferPool[IO-0_Write]: Allocate new buffer, current buffer count is 163
I1102 19:16:33.436101 IO-0/EL  buffer_pool.h:25] BufferPool[IO-0_Write]: Allocate new buffer, current buffer count is 164
I1102 19:16:33.436111 IO-0/EL  buffer_pool.h:25] BufferPool[IO-0_Write]: Allocate new buffer, current buffer count is 165
I1102 19:16:33.436123 IO-0/EL  buffer_pool.h:25] BufferPool[IO-0_Write]: Allocate new buffer, current buffer count is 166
I1102 19:16:33.436134 IO-0/EL  buffer_pool.h:25] BufferPool[IO-0_Write]: Allocate new buffer, current buffer count is 167
I1102 19:16:33.436144 IO-0/EL  buffer_pool.h:25] BufferPool[IO-0_Write]: Allocate new buffer, current buffer count is 168
I1102 19:16:33.436158 IO-0/EL  buffer_pool.h:25] BufferPool[IO-0_Write]: Allocate new buffer, current buffer count is 169
I1102 19:16:33.436169 IO-0/EL  buffer_pool.h:25] BufferPool[IO-0_Write]: Allocate new buffer, current buffer count is 170
I1102 19:16:33.436184 IO-0/EL  buffer_pool.h:25] BufferPool[IO-0_Write]: Allocate new buffer, current buffer count is 171
I1102 19:16:33.436197 IO-0/EL  buffer_pool.h:25] BufferPool[IO-0_Write]: Allocate new buffer, current buffer count is 172
I1102 19:16:33.436221 IO-0/EL  buffer_pool.h:25] BufferPool[IO-0_Write]: Allocate new buffer, current buffer count is 173
I1102 19:16:33.436239 IO-0/EL  buffer_pool.h:25] BufferPool[IO-0_Write]: Allocate new buffer, current buffer count is 174
I1102 19:16:33.436256 IO-0/EL  buffer_pool.h:25] BufferPool[IO-0_Write]: Allocate new buffer, current buffer count is 175
I1102 19:16:33.436274 IO-0/EL  buffer_pool.h:25] BufferPool[IO-0_Write]: Allocate new buffer, current buffer count is 176
I1102 19:16:33.436292 IO-0/EL  buffer_pool.h:25] BufferPool[IO-0_Write]: Allocate new buffer, current buffer count is 177
I1102 19:16:33.436306 IO-0/EL  buffer_pool.h:25] BufferPool[IO-0_Write]: Allocate new buffer, current buffer count is 178
I1102 19:16:33.436321 IO-0/EL  buffer_pool.h:25] BufferPool[IO-0_Write]: Allocate new buffer, current buffer count is 179
I1102 19:16:33.436335 IO-0/EL  buffer_pool.h:25] BufferPool[IO-0_Write]: Allocate new buffer, current buffer count is 180
I1102 19:16:33.436354 IO-0/EL  buffer_pool.h:25] BufferPool[IO-0_Write]: Allocate new buffer, current buffer count is 181
I1102 19:16:33.436367 IO-0/EL  buffer_pool.h:25] BufferPool[IO-0_Write]: Allocate new buffer, current buffer count is 182
I1102 19:16:33.436377 IO-0/EL  buffer_pool.h:25] BufferPool[IO-0_Write]: Allocate new buffer, current buffer count is 183
I1102 19:16:33.436391 IO-0/EL  buffer_pool.h:25] BufferPool[IO-0_Write]: Allocate new buffer, current buffer count is 184
I1102 19:16:33.436402 IO-0/EL  buffer_pool.h:25] BufferPool[IO-0_Write]: Allocate new buffer, current buffer count is 185
I1102 19:16:33.436416 IO-0/EL  buffer_pool.h:25] BufferPool[IO-0_Write]: Allocate new buffer, current buffer count is 186
I1102 19:16:33.436426 IO-0/EL  buffer_pool.h:25] BufferPool[IO-0_Write]: Allocate new buffer, current buffer count is 187
I1102 19:16:33.436438 IO-0/EL  buffer_pool.h:25] BufferPool[IO-0_Write]: Allocate new buffer, current buffer count is 188
I1102 19:16:33.436449 IO-0/EL  buffer_pool.h:25] BufferPool[IO-0_Write]: Allocate new buffer, current buffer count is 189
I1102 19:16:33.436466 IO-0/EL  buffer_pool.h:25] BufferPool[IO-0_Write]: Allocate new buffer, current buffer count is 190
I1102 19:16:33.436482 IO-0/EL  buffer_pool.h:25] BufferPool[IO-0_Write]: Allocate new buffer, current buffer count is 191
I1102 19:16:33.436504 IO-0/EL  buffer_pool.h:25] BufferPool[IO-0_Write]: Allocate new buffer, current buffer count is 192
I1102 19:16:33.436559 IO-0/EL  buffer_pool.h:25] BufferPool[IO-0_Write]: Allocate new buffer, current buffer count is 193
I1102 19:16:33.436576 IO-0/EL  buffer_pool.h:25] BufferPool[IO-0_Write]: Allocate new buffer, current buffer count is 194
I1102 19:16:33.436593 IO-0/EL  buffer_pool.h:25] BufferPool[IO-0_Write]: Allocate new buffer, current buffer count is 195
I1102 19:16:33.436605 IO-0/EL  buffer_pool.h:25] BufferPool[IO-0_Write]: Allocate new buffer, current buffer count is 196
I1102 19:16:33.436624 IO-0/EL  buffer_pool.h:25] BufferPool[IO-0_Write]: Allocate new buffer, current buffer count is 197
I1102 19:16:33.436637 IO-0/EL  buffer_pool.h:25] BufferPool[IO-0_Write]: Allocate new buffer, current buffer count is 198
I1102 19:16:33.436662 IO-0/EL  buffer_pool.h:25] BufferPool[IO-0_Write]: Allocate new buffer, current buffer count is 199
I1102 19:16:33.436676 IO-0/EL  buffer_pool.h:25] BufferPool[IO-0_Write]: Allocate new buffer, current buffer count is 200
I1102 19:16:33.436694 IO-0/EL  buffer_pool.h:25] BufferPool[IO-0_Write]: Allocate new buffer, current buffer count is 201
I1102 19:16:33.436757 IO-0/EL  buffer_pool.h:25] BufferPool[IO-0_Write]: Allocate new buffer, current buffer count is 202
I1102 19:16:33.436770 IO-0/EL  buffer_pool.h:25] BufferPool[IO-0_Write]: Allocate new buffer, current buffer count is 203
I1102 19:16:33.436786 IO-0/EL  buffer_pool.h:25] BufferPool[IO-0_Write]: Allocate new buffer, current buffer count is 204
I1102 19:16:33.436801 IO-0/EL  buffer_pool.h:25] BufferPool[IO-0_Write]: Allocate new buffer, current buffer count is 205
I1102 19:16:33.436826 IO-0/EL  buffer_pool.h:25] BufferPool[IO-0_Write]: Allocate new buffer, current buffer count is 206
I1102 19:16:33.436843 IO-0/EL  buffer_pool.h:25] BufferPool[IO-0_Write]: Allocate new buffer, current buffer count is 207
I1102 19:16:33.436864 IO-0/EL  buffer_pool.h:25] BufferPool[IO-0_Write]: Allocate new buffer, current buffer count is 208
I1102 19:16:33.436879 IO-0/EL  buffer_pool.h:25] BufferPool[IO-0_Write]: Allocate new buffer, current buffer count is 209
I1102 19:16:33.436895 IO-0/EL  buffer_pool.h:25] BufferPool[IO-0_Write]: Allocate new buffer, current buffer count is 210
I1102 19:16:33.436909 IO-0/EL  buffer_pool.h:25] BufferPool[IO-0_Write]: Allocate new buffer, current buffer count is 211
I1102 19:16:33.436926 IO-0/EL  buffer_pool.h:25] BufferPool[IO-0_Write]: Allocate new buffer, current buffer count is 212
I1102 19:16:33.436936 IO-0/EL  buffer_pool.h:25] BufferPool[IO-0_Write]: Allocate new buffer, current buffer count is 213
I1102 19:16:33.436947 IO-0/EL  buffer_pool.h:25] BufferPool[IO-0_Write]: Allocate new buffer, current buffer count is 214
I1102 19:16:33.436969 IO-0/EL  buffer_pool.h:25] BufferPool[IO-0_Write]: Allocate new buffer, current buffer count is 215
I1102 19:16:33.436979 IO-0/EL  buffer_pool.h:25] BufferPool[IO-0_Write]: Allocate new buffer, current buffer count is 216
I1102 19:16:33.436991 IO-0/EL  buffer_pool.h:25] BufferPool[IO-0_Write]: Allocate new buffer, current buffer count is 217
I1102 19:16:33.437001 IO-0/EL  buffer_pool.h:25] BufferPool[IO-0_Write]: Allocate new buffer, current buffer count is 218
I1102 19:16:33.437016 IO-0/EL  buffer_pool.h:25] BufferPool[IO-0_Write]: Allocate new buffer, current buffer count is 219
I1102 19:16:33.437027 IO-0/EL  buffer_pool.h:25] BufferPool[IO-0_Write]: Allocate new buffer, current buffer count is 220
I1102 19:16:33.437046 IO-0/EL  buffer_pool.h:25] BufferPool[IO-0_Write]: Allocate new buffer, current buffer count is 221
I1102 19:16:33.437063 IO-0/EL  buffer_pool.h:25] BufferPool[IO-0_Write]: Allocate new buffer, current buffer count is 222
I1102 19:16:33.437085 IO-0/EL  buffer_pool.h:25] BufferPool[IO-0_Write]: Allocate new buffer, current buffer count is 223
I1102 19:16:33.437101 IO-0/EL  buffer_pool.h:25] BufferPool[IO-0_Write]: Allocate new buffer, current buffer count is 224
I1102 19:16:33.437132 IO-0/EL  buffer_pool.h:25] BufferPool[IO-0_Write]: Allocate new buffer, current buffer count is 225
I1102 19:16:33.437148 IO-0/EL  buffer_pool.h:25] BufferPool[IO-0_Write]: Allocate new buffer, current buffer count is 226
I1102 19:16:33.437173 IO-0/EL  buffer_pool.h:25] BufferPool[IO-0_Write]: Allocate new buffer, current buffer count is 227
I1102 19:16:33.437185 IO-0/EL  buffer_pool.h:25] BufferPool[IO-0_Write]: Allocate new buffer, current buffer count is 228
I1102 19:16:33.437197 IO-0/EL  buffer_pool.h:25] BufferPool[IO-0_Write]: Allocate new buffer, current buffer count is 229
I1102 19:16:33.437208 IO-0/EL  buffer_pool.h:25] BufferPool[IO-0_Write]: Allocate new buffer, current buffer count is 230
I1102 19:16:33.437220 IO-0/EL  buffer_pool.h:25] BufferPool[IO-0_Write]: Allocate new buffer, current buffer count is 231
I1102 19:16:33.437236 IO-0/EL  buffer_pool.h:25] BufferPool[IO-0_Write]: Allocate new buffer, current buffer count is 232
I1102 19:16:33.437252 IO-0/EL  buffer_pool.h:25] BufferPool[IO-0_Write]: Allocate new buffer, current buffer count is 233
I1102 19:16:33.437275 IO-0/EL  buffer_pool.h:25] BufferPool[IO-0_Write]: Allocate new buffer, current buffer count is 234
I1102 19:16:33.437292 IO-0/EL  buffer_pool.h:25] BufferPool[IO-0_Write]: Allocate new buffer, current buffer count is 235
I1102 19:16:33.437313 IO-0/EL  buffer_pool.h:25] BufferPool[IO-0_Write]: Allocate new buffer, current buffer count is 236
I1102 19:16:33.437326 IO-0/EL  buffer_pool.h:25] BufferPool[IO-0_Write]: Allocate new buffer, current buffer count is 237
I1102 19:16:33.437342 IO-0/EL  buffer_pool.h:25] BufferPool[IO-0_Write]: Allocate new buffer, current buffer count is 238
I1102 19:16:33.437356 IO-0/EL  buffer_pool.h:25] BufferPool[IO-0_Write]: Allocate new buffer, current buffer count is 239
I1102 19:16:33.437375 IO-0/EL  buffer_pool.h:25] BufferPool[IO-0_Write]: Allocate new buffer, current buffer count is 240
I1102 19:16:33.437390 IO-0/EL  buffer_pool.h:25] BufferPool[IO-0_Write]: Allocate new buffer, current buffer count is 241
I1102 19:16:33.437404 IO-0/EL  buffer_pool.h:25] BufferPool[IO-0_Write]: Allocate new buffer, current buffer count is 242
I1102 19:16:33.437426 IO-0/EL  buffer_pool.h:25] BufferPool[IO-0_Write]: Allocate new buffer, current buffer count is 243
I1102 19:16:33.437445 IO-0/EL  buffer_pool.h:25] BufferPool[IO-0_Write]: Allocate new buffer, current buffer count is 244
I1102 19:16:33.437463 IO-0/EL  buffer_pool.h:25] BufferPool[IO-0_Write]: Allocate new buffer, current buffer count is 245
I1102 19:16:33.437475 IO-0/EL  buffer_pool.h:25] BufferPool[IO-0_Write]: Allocate new buffer, current buffer count is 246
I1102 19:16:33.437497 IO-0/EL  buffer_pool.h:25] BufferPool[IO-0_Write]: Allocate new buffer, current buffer count is 247
I1102 19:16:33.437523 IO-0/EL  buffer_pool.h:25] BufferPool[IO-0_Write]: Allocate new buffer, current buffer count is 248
I1102 19:16:33.437538 IO-0/EL  buffer_pool.h:25] BufferPool[IO-0_Write]: Allocate new buffer, current buffer count is 249
I1102 19:16:33.437549 IO-0/EL  buffer_pool.h:25] BufferPool[IO-0_Write]: Allocate new buffer, current buffer count is 250
I1102 19:16:33.437565 IO-0/EL  buffer_pool.h:25] BufferPool[IO-0_Write]: Allocate new buffer, current buffer count is 251
I1102 19:16:33.437579 IO-0/EL  buffer_pool.h:25] BufferPool[IO-0_Write]: Allocate new buffer, current buffer count is 252
I1102 19:16:33.437597 IO-0/EL  buffer_pool.h:25] BufferPool[IO-0_Write]: Allocate new buffer, current buffer count is 253
I1102 19:16:33.437615 IO-0/EL  buffer_pool.h:25] BufferPool[IO-0_Write]: Allocate new buffer, current buffer count is 254
I1102 19:16:33.437632 IO-0/EL  buffer_pool.h:25] BufferPool[IO-0_Write]: Allocate new buffer, current buffer count is 255
I1102 19:16:33.437649 IO-0/EL  buffer_pool.h:25] BufferPool[IO-0_Write]: Allocate new buffer, current buffer count is 256
I1102 19:16:33.438455 IO-0/EL  buffer_pool.h:25] BufferPool[IO-0_Write]: Allocate new buffer, current buffer count is 257
I1102 19:16:33.438477 IO-0/EL  buffer_pool.h:25] BufferPool[IO-0_Write]: Allocate new buffer, current buffer count is 258
I1102 19:16:33.438488 IO-0/EL  buffer_pool.h:25] BufferPool[IO-0_Write]: Allocate new buffer, current buffer count is 259
I1102 19:16:33.438498 IO-0/EL  buffer_pool.h:25] BufferPool[IO-0_Write]: Allocate new buffer, current buffer count is 260
I1102 19:16:33.438510 IO-0/EL  buffer_pool.h:25] BufferPool[IO-0_Write]: Allocate new buffer, current buffer count is 261
I1102 19:16:33.438524 IO-0/EL  buffer_pool.h:25] BufferPool[IO-0_Write]: Allocate new buffer, current buffer count is 262
I1102 19:16:33.438537 IO-0/EL  buffer_pool.h:25] BufferPool[IO-0_Write]: Allocate new buffer, current buffer count is 263
I1102 19:16:33.438557 IO-0/EL  buffer_pool.h:25] BufferPool[IO-0_Write]: Allocate new buffer, current buffer count is 264
I1102 19:16:33.438572 IO-0/EL  buffer_pool.h:25] BufferPool[IO-0_Write]: Allocate new buffer, current buffer count is 265
I1102 19:16:33.438587 IO-0/EL  buffer_pool.h:25] BufferPool[IO-0_Write]: Allocate new buffer, current buffer count is 266
I1102 19:16:33.438603 IO-0/EL  buffer_pool.h:25] BufferPool[IO-0_Write]: Allocate new buffer, current buffer count is 267
I1102 19:16:33.438615 IO-0/EL  buffer_pool.h:25] BufferPool[IO-0_Write]: Allocate new buffer, current buffer count is 268
I1102 19:16:33.438625 IO-0/EL  buffer_pool.h:25] BufferPool[IO-0_Write]: Allocate new buffer, current buffer count is 269
I1102 19:16:33.438636 IO-0/EL  buffer_pool.h:25] BufferPool[IO-0_Write]: Allocate new buffer, current buffer count is 270
I1102 19:16:33.438649 IO-0/EL  buffer_pool.h:25] BufferPool[IO-0_Write]: Allocate new buffer, current buffer count is 271
I1102 19:16:33.438660 IO-0/EL  buffer_pool.h:25] BufferPool[IO-0_Write]: Allocate new buffer, current buffer count is 272
I1102 19:16:33.438669 IO-0/EL  buffer_pool.h:25] BufferPool[IO-0_Write]: Allocate new buffer, current buffer count is 273
I1102 19:16:33.438679 IO-0/EL  buffer_pool.h:25] BufferPool[IO-0_Write]: Allocate new buffer, current buffer count is 274
I1102 19:16:33.438690 IO-0/EL  buffer_pool.h:25] BufferPool[IO-0_Write]: Allocate new buffer, current buffer count is 275
I1102 19:16:33.438701 IO-0/EL  buffer_pool.h:25] BufferPool[IO-0_Write]: Allocate new buffer, current buffer count is 276
I1102 19:16:33.438715 IO-0/EL  buffer_pool.h:25] BufferPool[IO-0_Write]: Allocate new buffer, current buffer count is 277
I1102 19:16:33.438727 IO-0/EL  buffer_pool.h:25] BufferPool[IO-0_Write]: Allocate new buffer, current buffer count is 278
I1102 19:16:33.438740 IO-0/EL  buffer_pool.h:25] BufferPool[IO-0_Write]: Allocate new buffer, current buffer count is 279
I1102 19:16:33.438754 IO-0/EL  buffer_pool.h:25] BufferPool[IO-0_Write]: Allocate new buffer, current buffer count is 280
I1102 19:16:33.438771 IO-0/EL  buffer_pool.h:25] BufferPool[IO-0_Write]: Allocate new buffer, current buffer count is 281
I1102 19:16:33.438798 IO-0/EL  buffer_pool.h:25] BufferPool[IO-0_Write]: Allocate new buffer, current buffer count is 282
I1102 19:16:33.438815 IO-0/EL  buffer_pool.h:25] BufferPool[IO-0_Write]: Allocate new buffer, current buffer count is 283
I1102 19:16:33.438826 IO-0/EL  buffer_pool.h:25] BufferPool[IO-0_Write]: Allocate new buffer, current buffer count is 284
I1102 19:16:33.438836 IO-0/EL  buffer_pool.h:25] BufferPool[IO-0_Write]: Allocate new buffer, current buffer count is 285
I1102 19:16:33.438847 IO-0/EL  buffer_pool.h:25] BufferPool[IO-0_Write]: Allocate new buffer, current buffer count is 286
I1102 19:16:33.438858 IO-0/EL  buffer_pool.h:25] BufferPool[IO-0_Write]: Allocate new buffer, current buffer count is 287
I1102 19:16:33.438871 IO-0/EL  buffer_pool.h:25] BufferPool[IO-0_Write]: Allocate new buffer, current buffer count is 288
I1102 19:16:33.438885 IO-0/EL  buffer_pool.h:25] BufferPool[IO-0_Write]: Allocate new buffer, current buffer count is 289
I1102 19:16:33.438895 IO-0/EL  buffer_pool.h:25] BufferPool[IO-0_Write]: Allocate new buffer, current buffer count is 290
I1102 19:16:33.438906 IO-0/EL  buffer_pool.h:25] BufferPool[IO-0_Write]: Allocate new buffer, current buffer count is 291
I1102 19:16:33.438919 IO-0/EL  buffer_pool.h:25] BufferPool[IO-0_Write]: Allocate new buffer, current buffer count is 292
I1102 19:16:33.438933 IO-0/EL  buffer_pool.h:25] BufferPool[IO-0_Write]: Allocate new buffer, current buffer count is 293
I1102 19:16:33.438950 IO-0/EL  buffer_pool.h:25] BufferPool[IO-0_Write]: Allocate new buffer, current buffer count is 294
I1102 19:16:33.438966 IO-0/EL  buffer_pool.h:25] BufferPool[IO-0_Write]: Allocate new buffer, current buffer count is 295
I1102 19:16:33.438981 IO-0/EL  buffer_pool.h:25] BufferPool[IO-0_Write]: Allocate new buffer, current buffer count is 296
I1102 19:16:33.438996 IO-0/EL  buffer_pool.h:25] BufferPool[IO-0_Write]: Allocate new buffer, current buffer count is 297
I1102 19:16:33.439007 IO-0/EL  buffer_pool.h:25] BufferPool[IO-0_Write]: Allocate new buffer, current buffer count is 298
I1102 19:16:33.439018 IO-0/EL  buffer_pool.h:25] BufferPool[IO-0_Write]: Allocate new buffer, current buffer count is 299
I1102 19:16:33.439030 IO-0/EL  buffer_pool.h:25] BufferPool[IO-0_Write]: Allocate new buffer, current buffer count is 300
I1102 19:16:33.439041 IO-0/EL  buffer_pool.h:25] BufferPool[IO-0_Write]: Allocate new buffer, current buffer count is 301
I1102 19:16:33.439051 IO-0/EL  buffer_pool.h:25] BufferPool[IO-0_Write]: Allocate new buffer, current buffer count is 302
I1102 19:16:33.439060 IO-0/EL  buffer_pool.h:25] BufferPool[IO-0_Write]: Allocate new buffer, current buffer count is 303
I1102 19:16:33.439072 IO-0/EL  buffer_pool.h:25] BufferPool[IO-0_Write]: Allocate new buffer, current buffer count is 304
I1102 19:16:33.439087 IO-0/EL  buffer_pool.h:25] BufferPool[IO-0_Write]: Allocate new buffer, current buffer count is 305
I1102 19:16:33.439103 IO-0/EL  buffer_pool.h:25] BufferPool[IO-0_Write]: Allocate new buffer, current buffer count is 306
I1102 19:16:33.439125 IO-0/EL  buffer_pool.h:25] BufferPool[IO-0_Write]: Allocate new buffer, current buffer count is 307
I1102 19:16:33.439141 IO-0/EL  buffer_pool.h:25] BufferPool[IO-0_Write]: Allocate new buffer, current buffer count is 308
I1102 19:16:33.439158 IO-0/EL  buffer_pool.h:25] BufferPool[IO-0_Write]: Allocate new buffer, current buffer count is 309
I1102 19:16:33.439169 IO-0/EL  buffer_pool.h:25] BufferPool[IO-0_Write]: Allocate new buffer, current buffer count is 310
I1102 19:16:33.439180 IO-0/EL  buffer_pool.h:25] BufferPool[IO-0_Write]: Allocate new buffer, current buffer count is 311
I1102 19:16:33.439190 IO-0/EL  buffer_pool.h:25] BufferPool[IO-0_Write]: Allocate new buffer, current buffer count is 312
I1102 19:16:33.439200 IO-0/EL  buffer_pool.h:25] BufferPool[IO-0_Write]: Allocate new buffer, current buffer count is 313
I1102 19:16:33.439209 IO-0/EL  buffer_pool.h:25] BufferPool[IO-0_Write]: Allocate new buffer, current buffer count is 314
I1102 19:16:33.439227 IO-0/EL  buffer_pool.h:25] BufferPool[IO-0_Write]: Allocate new buffer, current buffer count is 315
I1102 19:16:33.439238 IO-0/EL  buffer_pool.h:25] BufferPool[IO-0_Write]: Allocate new buffer, current buffer count is 316
I1102 19:16:33.439248 IO-0/EL  buffer_pool.h:25] BufferPool[IO-0_Write]: Allocate new buffer, current buffer count is 317
I1102 19:16:33.439258 IO-0/EL  buffer_pool.h:25] BufferPool[IO-0_Write]: Allocate new buffer, current buffer count is 318
I1102 19:16:33.439268 IO-0/EL  buffer_pool.h:25] BufferPool[IO-0_Write]: Allocate new buffer, current buffer count is 319
I1102 19:16:33.439278 IO-0/EL  buffer_pool.h:25] BufferPool[IO-0_Write]: Allocate new buffer, current buffer count is 320
I1102 19:16:33.439290 IO-0/EL  buffer_pool.h:25] BufferPool[IO-0_Write]: Allocate new buffer, current buffer count is 321
I1102 19:16:33.439301 IO-0/EL  buffer_pool.h:25] BufferPool[IO-0_Write]: Allocate new buffer, current buffer count is 322
I1102 19:16:33.439314 IO-0/EL  buffer_pool.h:25] BufferPool[IO-0_Write]: Allocate new buffer, current buffer count is 323
I1102 19:16:33.439325 IO-0/EL  buffer_pool.h:25] BufferPool[IO-0_Write]: Allocate new buffer, current buffer count is 324
I1102 19:16:33.439337 IO-0/EL  buffer_pool.h:25] BufferPool[IO-0_Write]: Allocate new buffer, current buffer count is 325
I1102 19:16:33.439353 IO-0/EL  buffer_pool.h:25] BufferPool[IO-0_Write]: Allocate new buffer, current buffer count is 326
I1102 19:16:33.439367 IO-0/EL  buffer_pool.h:25] BufferPool[IO-0_Write]: Allocate new buffer, current buffer count is 327
I1102 19:16:33.439385 IO-0/EL  buffer_pool.h:25] BufferPool[IO-0_Write]: Allocate new buffer, current buffer count is 328
I1102 19:16:33.439402 IO-0/EL  buffer_pool.h:25] BufferPool[IO-0_Write]: Allocate new buffer, current buffer count is 329
I1102 19:16:33.439417 IO-0/EL  buffer_pool.h:25] BufferPool[IO-0_Write]: Allocate new buffer, current buffer count is 330
I1102 19:16:33.439432 IO-0/EL  buffer_pool.h:25] BufferPool[IO-0_Write]: Allocate new buffer, current buffer count is 331
I1102 19:16:33.439443 IO-0/EL  buffer_pool.h:25] BufferPool[IO-0_Write]: Allocate new buffer, current buffer count is 332
I1102 19:16:33.439454 IO-0/EL  buffer_pool.h:25] BufferPool[IO-0_Write]: Allocate new buffer, current buffer count is 333
I1102 19:16:33.439464 IO-0/EL  buffer_pool.h:25] BufferPool[IO-0_Write]: Allocate new buffer, current buffer count is 334
I1102 19:16:33.439475 IO-0/EL  buffer_pool.h:25] BufferPool[IO-0_Write]: Allocate new buffer, current buffer count is 335
I1102 19:16:33.439484 IO-0/EL  buffer_pool.h:25] BufferPool[IO-0_Write]: Allocate new buffer, current buffer count is 336
I1102 19:16:33.439494 IO-0/EL  buffer_pool.h:25] BufferPool[IO-0_Write]: Allocate new buffer, current buffer count is 337
I1102 19:16:33.439505 IO-0/EL  buffer_pool.h:25] BufferPool[IO-0_Write]: Allocate new buffer, current buffer count is 338
I1102 19:16:33.439516 IO-0/EL  buffer_pool.h:25] BufferPool[IO-0_Write]: Allocate new buffer, current buffer count is 339
I1102 19:16:33.439527 IO-0/EL  buffer_pool.h:25] BufferPool[IO-0_Write]: Allocate new buffer, current buffer count is 340
I1102 19:16:33.439538 IO-0/EL  buffer_pool.h:25] BufferPool[IO-0_Write]: Allocate new buffer, current buffer count is 341
I1102 19:16:33.439549 IO-0/EL  buffer_pool.h:25] BufferPool[IO-0_Write]: Allocate new buffer, current buffer count is 342
I1102 19:16:33.439561 IO-0/EL  buffer_pool.h:25] BufferPool[IO-0_Write]: Allocate new buffer, current buffer count is 343
I1102 19:16:33.439576 IO-0/EL  buffer_pool.h:25] BufferPool[IO-0_Write]: Allocate new buffer, current buffer count is 344
I1102 19:16:33.439587 IO-0/EL  buffer_pool.h:25] BufferPool[IO-0_Write]: Allocate new buffer, current buffer count is 345
I1102 19:16:33.439596 IO-0/EL  buffer_pool.h:25] BufferPool[IO-0_Write]: Allocate new buffer, current buffer count is 346
I1102 19:16:33.439607 IO-0/EL  buffer_pool.h:25] BufferPool[IO-0_Write]: Allocate new buffer, current buffer count is 347
I1102 19:16:33.439617 IO-0/EL  buffer_pool.h:25] BufferPool[IO-0_Write]: Allocate new buffer, current buffer count is 348
I1102 19:16:33.439637 IO-0/EL  buffer_pool.h:25] BufferPool[IO-0_Write]: Allocate new buffer, current buffer count is 349
I1102 19:16:33.439653 IO-0/EL  buffer_pool.h:25] BufferPool[IO-0_Write]: Allocate new buffer, current buffer count is 350
I1102 19:16:33.439670 IO-0/EL  buffer_pool.h:25] BufferPool[IO-0_Write]: Allocate new buffer, current buffer count is 351
I1102 19:16:33.439686 IO-0/EL  buffer_pool.h:25] BufferPool[IO-0_Write]: Allocate new buffer, current buffer count is 352
I1102 19:16:33.439701 IO-0/EL  buffer_pool.h:25] BufferPool[IO-0_Write]: Allocate new buffer, current buffer count is 353
I1102 19:16:33.439721 IO-0/EL  buffer_pool.h:25] BufferPool[IO-0_Write]: Allocate new buffer, current buffer count is 354
I1102 19:16:33.439734 IO-0/EL  buffer_pool.h:25] BufferPool[IO-0_Write]: Allocate new buffer, current buffer count is 355
I1102 19:16:33.439745 IO-0/EL  buffer_pool.h:25] BufferPool[IO-0_Write]: Allocate new buffer, current buffer count is 356
I1102 19:16:33.439755 IO-0/EL  buffer_pool.h:25] BufferPool[IO-0_Write]: Allocate new buffer, current buffer count is 357
I1102 19:16:33.439765 IO-0/EL  buffer_pool.h:25] BufferPool[IO-0_Write]: Allocate new buffer, current buffer count is 358
I1102 19:16:33.439777 IO-0/EL  buffer_pool.h:25] BufferPool[IO-0_Write]: Allocate new buffer, current buffer count is 359
I1102 19:16:33.439788 IO-0/EL  buffer_pool.h:25] BufferPool[IO-0_Write]: Allocate new buffer, current buffer count is 360
I1102 19:16:33.439800 IO-0/EL  buffer_pool.h:25] BufferPool[IO-0_Write]: Allocate new buffer, current buffer count is 361
I1102 19:16:33.439813 IO-0/EL  buffer_pool.h:25] BufferPool[IO-0_Write]: Allocate new buffer, current buffer count is 362
I1102 19:16:33.439823 IO-0/EL  buffer_pool.h:25] BufferPool[IO-0_Write]: Allocate new buffer, current buffer count is 363
I1102 19:16:33.439834 IO-0/EL  buffer_pool.h:25] BufferPool[IO-0_Write]: Allocate new buffer, current buffer count is 364
I1102 19:16:33.439846 IO-0/EL  buffer_pool.h:25] BufferPool[IO-0_Write]: Allocate new buffer, current buffer count is 365
I1102 19:16:33.439862 IO-0/EL  buffer_pool.h:25] BufferPool[IO-0_Write]: Allocate new buffer, current buffer count is 366
I1102 19:16:33.439878 IO-0/EL  buffer_pool.h:25] BufferPool[IO-0_Write]: Allocate new buffer, current buffer count is 367
I1102 19:16:33.439894 IO-0/EL  buffer_pool.h:25] BufferPool[IO-0_Write]: Allocate new buffer, current buffer count is 368
I1102 19:16:33.439908 IO-0/EL  buffer_pool.h:25] BufferPool[IO-0_Write]: Allocate new buffer, current buffer count is 369
I1102 19:16:33.439924 IO-0/EL  buffer_pool.h:25] BufferPool[IO-0_Write]: Allocate new buffer, current buffer count is 370
I1102 19:16:33.439935 IO-0/EL  buffer_pool.h:25] BufferPool[IO-0_Write]: Allocate new buffer, current buffer count is 371
I1102 19:16:33.439945 IO-0/EL  buffer_pool.h:25] BufferPool[IO-0_Write]: Allocate new buffer, current buffer count is 372
I1102 19:16:33.439954 IO-0/EL  buffer_pool.h:25] BufferPool[IO-0_Write]: Allocate new buffer, current buffer count is 373
I1102 19:16:33.439965 IO-0/EL  buffer_pool.h:25] BufferPool[IO-0_Write]: Allocate new buffer, current buffer count is 374
I1102 19:16:33.439975 IO-0/EL  buffer_pool.h:25] BufferPool[IO-0_Write]: Allocate new buffer, current buffer count is 375
I1102 19:16:33.439985 IO-0/EL  buffer_pool.h:25] BufferPool[IO-0_Write]: Allocate new buffer, current buffer count is 376
I1102 19:16:33.440000 IO-0/EL  buffer_pool.h:25] BufferPool[IO-0_Write]: Allocate new buffer, current buffer count is 377
I1102 19:16:33.440015 IO-0/EL  buffer_pool.h:25] BufferPool[IO-0_Write]: Allocate new buffer, current buffer count is 378
I1102 19:16:33.440037 IO-0/EL  buffer_pool.h:25] BufferPool[IO-0_Write]: Allocate new buffer, current buffer count is 379
I1102 19:16:33.440056 IO-0/EL  buffer_pool.h:25] BufferPool[IO-0_Write]: Allocate new buffer, current buffer count is 380
I1102 19:16:33.440072 IO-0/EL  buffer_pool.h:25] BufferPool[IO-0_Write]: Allocate new buffer, current buffer count is 381
I1102 19:16:33.440091 IO-0/EL  buffer_pool.h:25] BufferPool[IO-0_Write]: Allocate new buffer, current buffer count is 382
I1102 19:16:33.440101 IO-0/EL  buffer_pool.h:25] BufferPool[IO-0_Write]: Allocate new buffer, current buffer count is 383
I1102 19:16:33.440111 IO-0/EL  buffer_pool.h:25] BufferPool[IO-0_Write]: Allocate new buffer, current buffer count is 384
I1102 19:16:33.440122 IO-0/EL  buffer_pool.h:25] BufferPool[IO-0_Write]: Allocate new buffer, current buffer count is 385
I1102 19:16:33.440133 IO-0/EL  buffer_pool.h:25] BufferPool[IO-0_Write]: Allocate new buffer, current buffer count is 386
I1102 19:16:33.440144 IO-0/EL  buffer_pool.h:25] BufferPool[IO-0_Write]: Allocate new buffer, current buffer count is 387
I1102 19:16:33.440158 IO-0/EL  buffer_pool.h:25] BufferPool[IO-0_Write]: Allocate new buffer, current buffer count is 388
I1102 19:16:33.440169 IO-0/EL  buffer_pool.h:25] BufferPool[IO-0_Write]: Allocate new buffer, current buffer count is 389
I1102 19:16:33.440182 IO-0/EL  buffer_pool.h:25] BufferPool[IO-0_Write]: Allocate new buffer, current buffer count is 390
I1102 19:16:33.440192 IO-0/EL  buffer_pool.h:25] BufferPool[IO-0_Write]: Allocate new buffer, current buffer count is 391
I1102 19:16:33.440202 IO-0/EL  buffer_pool.h:25] BufferPool[IO-0_Write]: Allocate new buffer, current buffer count is 392
I1102 19:16:33.440214 IO-0/EL  buffer_pool.h:25] BufferPool[IO-0_Write]: Allocate new buffer, current buffer count is 393
I1102 19:16:33.440229 IO-0/EL  buffer_pool.h:25] BufferPool[IO-0_Write]: Allocate new buffer, current buffer count is 394
I1102 19:16:33.440247 IO-0/EL  buffer_pool.h:25] BufferPool[IO-0_Write]: Allocate new buffer, current buffer count is 395
I1102 19:16:33.440264 IO-0/EL  buffer_pool.h:25] BufferPool[IO-0_Write]: Allocate new buffer, current buffer count is 396
I1102 19:16:33.440280 IO-0/EL  buffer_pool.h:25] BufferPool[IO-0_Write]: Allocate new buffer, current buffer count is 397
I1102 19:16:33.440291 IO-0/EL  buffer_pool.h:25] BufferPool[IO-0_Write]: Allocate new buffer, current buffer count is 398
I1102 19:16:33.440301 IO-0/EL  buffer_pool.h:25] BufferPool[IO-0_Write]: Allocate new buffer, current buffer count is 399
I1102 19:16:33.440312 IO-0/EL  buffer_pool.h:25] BufferPool[IO-0_Write]: Allocate new buffer, current buffer count is 400
I1102 19:16:33.440322 IO-0/EL  buffer_pool.h:25] BufferPool[IO-0_Write]: Allocate new buffer, current buffer count is 401
I1102 19:16:33.440332 IO-0/EL  buffer_pool.h:25] BufferPool[IO-0_Write]: Allocate new buffer, current buffer count is 402
I1102 19:16:33.440341 IO-0/EL  buffer_pool.h:25] BufferPool[IO-0_Write]: Allocate new buffer, current buffer count is 403
I1102 19:16:33.440353 IO-0/EL  buffer_pool.h:25] BufferPool[IO-0_Write]: Allocate new buffer, current buffer count is 404
I1102 19:16:33.440364 IO-0/EL  buffer_pool.h:25] BufferPool[IO-0_Write]: Allocate new buffer, current buffer count is 405
I1102 19:16:33.440375 IO-0/EL  buffer_pool.h:25] BufferPool[IO-0_Write]: Allocate new buffer, current buffer count is 406
I1102 19:16:33.440387 IO-0/EL  buffer_pool.h:25] BufferPool[IO-0_Write]: Allocate new buffer, current buffer count is 407
I1102 19:16:33.440401 IO-0/EL  buffer_pool.h:25] BufferPool[IO-0_Write]: Allocate new buffer, current buffer count is 408
I1102 19:16:33.440413 IO-0/EL  buffer_pool.h:25] BufferPool[IO-0_Write]: Allocate new buffer, current buffer count is 409
I1102 19:16:33.440423 IO-0/EL  buffer_pool.h:25] BufferPool[IO-0_Write]: Allocate new buffer, current buffer count is 410
I1102 19:16:33.440433 IO-0/EL  buffer_pool.h:25] BufferPool[IO-0_Write]: Allocate new buffer, current buffer count is 411
I1102 19:16:33.440443 IO-0/EL  buffer_pool.h:25] BufferPool[IO-0_Write]: Allocate new buffer, current buffer count is 412
I1102 19:16:33.440454 IO-0/EL  buffer_pool.h:25] BufferPool[IO-0_Write]: Allocate new buffer, current buffer count is 413
I1102 19:16:33.440464 IO-0/EL  buffer_pool.h:25] BufferPool[IO-0_Write]: Allocate new buffer, current buffer count is 414
I1102 19:16:33.440475 IO-0/EL  buffer_pool.h:25] BufferPool[IO-0_Write]: Allocate new buffer, current buffer count is 415
I1102 19:16:33.440492 IO-0/EL  buffer_pool.h:25] BufferPool[IO-0_Write]: Allocate new buffer, current buffer count is 416
I1102 19:16:33.440503 IO-0/EL  buffer_pool.h:25] BufferPool[IO-0_Write]: Allocate new buffer, current buffer count is 417
I1102 19:16:33.440516 IO-0/EL  buffer_pool.h:25] BufferPool[IO-0_Write]: Allocate new buffer, current buffer count is 418
I1102 19:16:33.440531 IO-0/EL  buffer_pool.h:25] BufferPool[IO-0_Write]: Allocate new buffer, current buffer count is 419
I1102 19:16:33.440549 IO-0/EL  buffer_pool.h:25] BufferPool[IO-0_Write]: Allocate new buffer, current buffer count is 420
I1102 19:16:33.440564 IO-0/EL  buffer_pool.h:25] BufferPool[IO-0_Write]: Allocate new buffer, current buffer count is 421
I1102 19:16:33.440579 IO-0/EL  buffer_pool.h:25] BufferPool[IO-0_Write]: Allocate new buffer, current buffer count is 422
I1102 19:16:33.440596 IO-0/EL  buffer_pool.h:25] BufferPool[IO-0_Write]: Allocate new buffer, current buffer count is 423
I1102 19:16:33.440607 IO-0/EL  buffer_pool.h:25] BufferPool[IO-0_Write]: Allocate new buffer, current buffer count is 424
I1102 19:16:33.440619 IO-0/EL  buffer_pool.h:25] BufferPool[IO-0_Write]: Allocate new buffer, current buffer count is 425
I1102 19:16:33.440632 IO-0/EL  buffer_pool.h:25] BufferPool[IO-0_Write]: Allocate new buffer, current buffer count is 426
I1102 19:16:33.440643 IO-0/EL  buffer_pool.h:25] BufferPool[IO-0_Write]: Allocate new buffer, current buffer count is 427
I1102 19:16:33.440653 IO-0/EL  buffer_pool.h:25] BufferPool[IO-0_Write]: Allocate new buffer, current buffer count is 428
I1102 19:16:33.440662 IO-0/EL  buffer_pool.h:25] BufferPool[IO-0_Write]: Allocate new buffer, current buffer count is 429
I1102 19:16:33.440672 IO-0/EL  buffer_pool.h:25] BufferPool[IO-0_Write]: Allocate new buffer, current buffer count is 430
I1102 19:16:33.440682 IO-0/EL  buffer_pool.h:25] BufferPool[IO-0_Write]: Allocate new buffer, current buffer count is 431
I1102 19:16:33.440692 IO-0/EL  buffer_pool.h:25] BufferPool[IO-0_Write]: Allocate new buffer, current buffer count is 432
I1102 19:16:33.440704 IO-0/EL  buffer_pool.h:25] BufferPool[IO-0_Write]: Allocate new buffer, current buffer count is 433
I1102 19:16:33.440720 IO-0/EL  buffer_pool.h:25] BufferPool[IO-0_Write]: Allocate new buffer, current buffer count is 434
I1102 19:16:33.440730 IO-0/EL  buffer_pool.h:25] BufferPool[IO-0_Write]: Allocate new buffer, current buffer count is 435
I1102 19:16:33.440740 IO-0/EL  buffer_pool.h:25] BufferPool[IO-0_Write]: Allocate new buffer, current buffer count is 436
I1102 19:16:33.440750 IO-0/EL  buffer_pool.h:25] BufferPool[IO-0_Write]: Allocate new buffer, current buffer count is 437
I1102 19:16:33.440760 IO-0/EL  buffer_pool.h:25] BufferPool[IO-0_Write]: Allocate new buffer, current buffer count is 438
I1102 19:16:33.440772 IO-0/EL  buffer_pool.h:25] BufferPool[IO-0_Write]: Allocate new buffer, current buffer count is 439
I1102 19:16:33.440786 IO-0/EL  buffer_pool.h:25] BufferPool[IO-0_Write]: Allocate new buffer, current buffer count is 440
I1102 19:16:33.440806 IO-0/EL  buffer_pool.h:25] BufferPool[IO-0_Write]: Allocate new buffer, current buffer count is 441
I1102 19:16:33.440825 IO-0/EL  buffer_pool.h:25] BufferPool[IO-0_Write]: Allocate new buffer, current buffer count is 442
I1102 19:16:33.440842 IO-0/EL  buffer_pool.h:25] BufferPool[IO-0_Write]: Allocate new buffer, current buffer count is 443
I1102 19:16:33.440861 IO-0/EL  buffer_pool.h:25] BufferPool[IO-0_Write]: Allocate new buffer, current buffer count is 444
I1102 19:16:33.440872 IO-0/EL  buffer_pool.h:25] BufferPool[IO-0_Write]: Allocate new buffer, current buffer count is 445
I1102 19:16:33.440883 IO-0/EL  buffer_pool.h:25] BufferPool[IO-0_Write]: Allocate new buffer, current buffer count is 446
I1102 19:16:33.440893 IO-0/EL  buffer_pool.h:25] BufferPool[IO-0_Write]: Allocate new buffer, current buffer count is 447
I1102 19:16:33.440905 IO-0/EL  buffer_pool.h:25] BufferPool[IO-0_Write]: Allocate new buffer, current buffer count is 448
I1102 19:16:33.440920 IO-0/EL  buffer_pool.h:25] BufferPool[IO-0_Write]: Allocate new buffer, current buffer count is 449
I1102 19:16:33.440948 IO-0/EL  buffer_pool.h:25] BufferPool[IO-0_Write]: Allocate new buffer, current buffer count is 450
I1102 19:16:33.440966 IO-0/EL  buffer_pool.h:25] BufferPool[IO-0_Write]: Allocate new buffer, current buffer count is 451
I1102 19:16:33.440982 IO-0/EL  buffer_pool.h:25] BufferPool[IO-0_Write]: Allocate new buffer, current buffer count is 452
I1102 19:16:33.440992 IO-0/EL  buffer_pool.h:25] BufferPool[IO-0_Write]: Allocate new buffer, current buffer count is 453
I1102 19:16:33.441002 IO-0/EL  buffer_pool.h:25] BufferPool[IO-0_Write]: Allocate new buffer, current buffer count is 454
I1102 19:16:33.441016 IO-0/EL  buffer_pool.h:25] BufferPool[IO-0_Write]: Allocate new buffer, current buffer count is 455
I1102 19:16:33.441029 IO-0/EL  buffer_pool.h:25] BufferPool[IO-0_Write]: Allocate new buffer, current buffer count is 456
I1102 19:16:33.441048 IO-0/EL  buffer_pool.h:25] BufferPool[IO-0_Write]: Allocate new buffer, current buffer count is 457
I1102 19:16:33.441064 IO-0/EL  buffer_pool.h:25] BufferPool[IO-0_Write]: Allocate new buffer, current buffer count is 458
I1102 19:16:33.441080 IO-0/EL  buffer_pool.h:25] BufferPool[IO-0_Write]: Allocate new buffer, current buffer count is 459
I1102 19:16:33.441096 IO-0/EL  buffer_pool.h:25] BufferPool[IO-0_Write]: Allocate new buffer, current buffer count is 460
I1102 19:16:33.441109 IO-0/EL  buffer_pool.h:25] BufferPool[IO-0_Write]: Allocate new buffer, current buffer count is 461
I1102 19:16:33.441121 IO-0/EL  buffer_pool.h:25] BufferPool[IO-0_Write]: Allocate new buffer, current buffer count is 462
I1102 19:16:33.441135 IO-0/EL  buffer_pool.h:25] BufferPool[IO-0_Write]: Allocate new buffer, current buffer count is 463
I1102 19:16:33.441145 IO-0/EL  buffer_pool.h:25] BufferPool[IO-0_Write]: Allocate new buffer, current buffer count is 464
I1102 19:16:33.441158 IO-0/EL  buffer_pool.h:25] BufferPool[IO-0_Write]: Allocate new buffer, current buffer count is 465
I1102 19:16:33.441174 IO-0/EL  buffer_pool.h:25] BufferPool[IO-0_Write]: Allocate new buffer, current buffer count is 466
I1102 19:16:33.441191 IO-0/EL  buffer_pool.h:25] BufferPool[IO-0_Write]: Allocate new buffer, current buffer count is 467
I1102 19:16:33.441207 IO-0/EL  buffer_pool.h:25] BufferPool[IO-0_Write]: Allocate new buffer, current buffer count is 468
I1102 19:16:33.441221 IO-0/EL  buffer_pool.h:25] BufferPool[IO-0_Write]: Allocate new buffer, current buffer count is 469
I1102 19:16:33.441235 IO-0/EL  buffer_pool.h:25] BufferPool[IO-0_Write]: Allocate new buffer, current buffer count is 470
I1102 19:16:33.441246 IO-0/EL  buffer_pool.h:25] BufferPool[IO-0_Write]: Allocate new buffer, current buffer count is 471
I1102 19:16:33.441255 IO-0/EL  buffer_pool.h:25] BufferPool[IO-0_Write]: Allocate new buffer, current buffer count is 472
I1102 19:16:33.441265 IO-0/EL  buffer_pool.h:25] BufferPool[IO-0_Write]: Allocate new buffer, current buffer count is 473
I1102 19:16:33.441275 IO-0/EL  buffer_pool.h:25] BufferPool[IO-0_Write]: Allocate new buffer, current buffer count is 474
I1102 19:16:33.441286 IO-0/EL  buffer_pool.h:25] BufferPool[IO-0_Write]: Allocate new buffer, current buffer count is 475
I1102 19:16:33.441295 IO-0/EL  buffer_pool.h:25] BufferPool[IO-0_Write]: Allocate new buffer, current buffer count is 476
I1102 19:16:33.441307 IO-0/EL  buffer_pool.h:25] BufferPool[IO-0_Write]: Allocate new buffer, current buffer count is 477
I1102 19:16:33.441317 IO-0/EL  buffer_pool.h:25] BufferPool[IO-0_Write]: Allocate new buffer, current buffer count is 478
I1102 19:16:33.441330 IO-0/EL  buffer_pool.h:25] BufferPool[IO-0_Write]: Allocate new buffer, current buffer count is 479
I1102 19:16:33.441343 IO-0/EL  buffer_pool.h:25] BufferPool[IO-0_Write]: Allocate new buffer, current buffer count is 480
I1102 19:16:33.441357 IO-0/EL  buffer_pool.h:25] BufferPool[IO-0_Write]: Allocate new buffer, current buffer count is 481
I1102 19:16:33.441372 IO-0/EL  buffer_pool.h:25] BufferPool[IO-0_Write]: Allocate new buffer, current buffer count is 482
I1102 19:16:33.441406 IO-0/EL  buffer_pool.h:25] BufferPool[IO-0_Write]: Allocate new buffer, current buffer count is 483
I1102 19:16:33.441423 IO-0/EL  buffer_pool.h:25] BufferPool[IO-0_Write]: Allocate new buffer, current buffer count is 484
I1102 19:16:33.441434 IO-0/EL  buffer_pool.h:25] BufferPool[IO-0_Write]: Allocate new buffer, current buffer count is 485
I1102 19:16:33.441445 IO-0/EL  buffer_pool.h:25] BufferPool[IO-0_Write]: Allocate new buffer, current buffer count is 486
I1102 19:16:33.441456 IO-0/EL  buffer_pool.h:25] BufferPool[IO-0_Write]: Allocate new buffer, current buffer count is 487
I1102 19:16:33.441466 IO-0/EL  buffer_pool.h:25] BufferPool[IO-0_Write]: Allocate new buffer, current buffer count is 488
I1102 19:16:33.441476 IO-0/EL  buffer_pool.h:25] BufferPool[IO-0_Write]: Allocate new buffer, current buffer count is 489
I1102 19:16:33.441486 IO-0/EL  buffer_pool.h:25] BufferPool[IO-0_Write]: Allocate new buffer, current buffer count is 490
I1102 19:16:33.441498 IO-0/EL  buffer_pool.h:25] BufferPool[IO-0_Write]: Allocate new buffer, current buffer count is 491
I1102 19:16:33.441512 IO-0/EL  buffer_pool.h:25] BufferPool[IO-0_Write]: Allocate new buffer, current buffer count is 492
I1102 19:16:33.441529 IO-0/EL  buffer_pool.h:25] BufferPool[IO-0_Write]: Allocate new buffer, current buffer count is 493
I1102 19:16:33.441546 IO-0/EL  buffer_pool.h:25] BufferPool[IO-0_Write]: Allocate new buffer, current buffer count is 494
I1102 19:16:33.441560 IO-0/EL  buffer_pool.h:25] BufferPool[IO-0_Write]: Allocate new buffer, current buffer count is 495
I1102 19:16:33.441574 IO-0/EL  buffer_pool.h:25] BufferPool[IO-0_Write]: Allocate new buffer, current buffer count is 496
I1102 19:16:33.441585 IO-0/EL  buffer_pool.h:25] BufferPool[IO-0_Write]: Allocate new buffer, current buffer count is 497
I1102 19:16:33.441597 IO-0/EL  buffer_pool.h:25] BufferPool[IO-0_Write]: Allocate new buffer, current buffer count is 498
I1102 19:16:33.441608 IO-0/EL  buffer_pool.h:25] BufferPool[IO-0_Write]: Allocate new buffer, current buffer count is 499
I1102 19:16:33.441621 IO-0/EL  buffer_pool.h:25] BufferPool[IO-0_Write]: Allocate new buffer, current buffer count is 500
I1102 19:16:33.441634 IO-0/EL  buffer_pool.h:25] BufferPool[IO-0_Write]: Allocate new buffer, current buffer count is 501
I1102 19:16:33.441643 IO-0/EL  buffer_pool.h:25] BufferPool[IO-0_Write]: Allocate new buffer, current buffer count is 502
I1102 19:16:33.441655 IO-0/EL  buffer_pool.h:25] BufferPool[IO-0_Write]: Allocate new buffer, current buffer count is 503
I1102 19:16:33.441669 IO-0/EL  buffer_pool.h:25] BufferPool[IO-0_Write]: Allocate new buffer, current buffer count is 504
I1102 19:16:33.441686 IO-0/EL  buffer_pool.h:25] BufferPool[IO-0_Write]: Allocate new buffer, current buffer count is 505
I1102 19:16:33.441701 IO-0/EL  buffer_pool.h:25] BufferPool[IO-0_Write]: Allocate new buffer, current buffer count is 506
I1102 19:16:33.441722 IO-0/EL  buffer_pool.h:25] BufferPool[IO-0_Write]: Allocate new buffer, current buffer count is 507
I1102 19:16:33.441737 IO-0/EL  buffer_pool.h:25] BufferPool[IO-0_Write]: Allocate new buffer, current buffer count is 508
I1102 19:16:33.441747 IO-0/EL  buffer_pool.h:25] BufferPool[IO-0_Write]: Allocate new buffer, current buffer count is 509
I1102 19:16:33.441757 IO-0/EL  buffer_pool.h:25] BufferPool[IO-0_Write]: Allocate new buffer, current buffer count is 510
I1102 19:16:33.441768 IO-0/EL  buffer_pool.h:25] BufferPool[IO-0_Write]: Allocate new buffer, current buffer count is 511
I1102 19:16:33.441778 IO-0/EL  buffer_pool.h:25] BufferPool[IO-0_Write]: Allocate new buffer, current buffer count is 512
I1102 19:16:38.528659 Main     server_base.cpp:35] Server: Scheduled to stop
I1102 19:16:38.528802 IO-0/EL  message_connection.cpp:284] LauncherConnection[1]: Connection closed remotely
I1102 19:16:38.528778 Server/E server_base.cpp:109] Server: Start stopping process
I1102 19:16:38.528860 IO-0/EL  io_worker.cpp:206] IO-0: Start stopping process
I1102 19:16:38.528933 Server/E server_base.cpp:55] Server: Event loop finishes
