I1102 19:13:38.552044 Main     thread.cpp:100] Register main thread: tid=1403813
E1102 19:13:38.554167 Main     docker.cpp:59] Cannot find docker's cgroup in /proc/self/cgroup
I1102 19:13:38.554227 Main     func_config.cpp:135] Load configuration for function Echo[1]
I1102 19:13:38.554238 Main     engine.cpp:109] Engine: Start 1 IO workers
I1102 19:13:38.557455 IO-0/EL  thread.cpp:40] Start thread: IO-0/EL
I1102 19:13:38.557502 IO-0/EL  io_worker.cpp:192] IO-0: Event loop starts
Checking for file descriptor...
Got a file descriptor!
I1102 19:13:40.368566 Main     engine.cpp:180] Engine: Created 1 Machnet connections to Gateway at 10.10.1.2:10007
I1102 19:13:40.368674 Main     engine.cpp:208] Engine: Listen on /dev/shm/faas_ipc/engine.sock for IPC connections
I1102 19:13:40.368966 Server/E thread.cpp:40] Start thread: Server/EL
I1102 19:13:40.369110 Server/E server_base.cpp:50] Server: Event loop starts
I1102 19:13:40.555312 Server/E engine.cpp:674] Engine: New message connection
I1102 19:13:40.558548 IO-0/EL  buffer_pool.h:25] BufferPool[IO-0_Read]: Allocate new buffer, current buffer count is 1
I1102 19:13:40.558578 IO-0/EL  engine.cpp:277] Engine: Receive new handshake message from message connection
I1102 19:13:40.558583 IO-0/EL  worker_manager.cpp:23] WorkerManager: Launcher of func_id 1 connected
I1102 19:13:40.558586 IO-0/EL  worker_manager.cpp:131] WorkerManager: Request new FuncWorker for func_id 1 with client_id 1
I1102 19:13:40.558603 IO-0/EL  worker_manager.cpp:131] WorkerManager: Request new FuncWorker for func_id 1 with client_id 2
I1102 19:13:40.558612 IO-0/EL  worker_manager.cpp:131] WorkerManager: Request new FuncWorker for func_id 1 with client_id 3
I1102 19:13:40.558619 IO-0/EL  worker_manager.cpp:131] WorkerManager: Request new FuncWorker for func_id 1 with client_id 4
I1102 19:13:40.558626 IO-0/EL  worker_manager.cpp:131] WorkerManager: Request new FuncWorker for func_id 1 with client_id 5
I1102 19:13:40.558633 IO-0/EL  worker_manager.cpp:131] WorkerManager: Request new FuncWorker for func_id 1 with client_id 6
I1102 19:13:40.558641 IO-0/EL  worker_manager.cpp:131] WorkerManager: Request new FuncWorker for func_id 1 with client_id 7
I1102 19:13:40.558648 IO-0/EL  worker_manager.cpp:131] WorkerManager: Request new FuncWorker for func_id 1 with client_id 8
I1102 19:13:40.558657 IO-0/EL  worker_manager.cpp:131] WorkerManager: Request new FuncWorker for func_id 1 with client_id 9
I1102 19:13:40.558664 IO-0/EL  worker_manager.cpp:131] WorkerManager: Request new FuncWorker for func_id 1 with client_id 10
I1102 19:13:40.558672 IO-0/EL  worker_manager.cpp:131] WorkerManager: Request new FuncWorker for func_id 1 with client_id 11
I1102 19:13:40.558679 IO-0/EL  worker_manager.cpp:131] WorkerManager: Request new FuncWorker for func_id 1 with client_id 12
I1102 19:13:40.558688 IO-0/EL  worker_manager.cpp:131] WorkerManager: Request new FuncWorker for func_id 1 with client_id 13
I1102 19:13:40.558695 IO-0/EL  worker_manager.cpp:131] WorkerManager: Request new FuncWorker for func_id 1 with client_id 14
I1102 19:13:40.558702 IO-0/EL  worker_manager.cpp:131] WorkerManager: Request new FuncWorker for func_id 1 with client_id 15
I1102 19:13:40.558712 IO-0/EL  worker_manager.cpp:131] WorkerManager: Request new FuncWorker for func_id 1 with client_id 16
I1102 19:13:40.558720 IO-0/EL  worker_manager.cpp:131] WorkerManager: Request new FuncWorker for func_id 1 with client_id 17
I1102 19:13:40.558736 IO-0/EL  worker_manager.cpp:131] WorkerManager: Request new FuncWorker for func_id 1 with client_id 18
I1102 19:13:40.558744 IO-0/EL  worker_manager.cpp:131] WorkerManager: Request new FuncWorker for func_id 1 with client_id 19
I1102 19:13:40.558752 IO-0/EL  worker_manager.cpp:131] WorkerManager: Request new FuncWorker for func_id 1 with client_id 20
I1102 19:13:40.558760 IO-0/EL  worker_manager.cpp:131] WorkerManager: Request new FuncWorker for func_id 1 with client_id 21
I1102 19:13:40.558767 IO-0/EL  worker_manager.cpp:131] WorkerManager: Request new FuncWorker for func_id 1 with client_id 22
I1102 19:13:40.558774 IO-0/EL  worker_manager.cpp:131] WorkerManager: Request new FuncWorker for func_id 1 with client_id 23
I1102 19:13:40.558796 IO-0/EL  worker_manager.cpp:131] WorkerManager: Request new FuncWorker for func_id 1 with client_id 24
I1102 19:13:40.558804 IO-0/EL  worker_manager.cpp:131] WorkerManager: Request new FuncWorker for func_id 1 with client_id 25
I1102 19:13:40.558810 IO-0/EL  worker_manager.cpp:131] WorkerManager: Request new FuncWorker for func_id 1 with client_id 26
I1102 19:13:40.558817 IO-0/EL  worker_manager.cpp:131] WorkerManager: Request new FuncWorker for func_id 1 with client_id 27
I1102 19:13:40.558826 IO-0/EL  worker_manager.cpp:131] WorkerManager: Request new FuncWorker for func_id 1 with client_id 28
I1102 19:13:40.558834 IO-0/EL  worker_manager.cpp:131] WorkerManager: Request new FuncWorker for func_id 1 with client_id 29
I1102 19:13:40.558841 IO-0/EL  worker_manager.cpp:131] WorkerManager: Request new FuncWorker for func_id 1 with client_id 30
I1102 19:13:40.558848 IO-0/EL  worker_manager.cpp:131] WorkerManager: Request new FuncWorker for func_id 1 with client_id 31
I1102 19:13:40.558855 IO-0/EL  worker_manager.cpp:131] WorkerManager: Request new FuncWorker for func_id 1 with client_id 32
I1102 19:13:40.558862 IO-0/EL  worker_manager.cpp:131] WorkerManager: Request new FuncWorker for func_id 1 with client_id 33
I1102 19:13:40.558890 IO-0/EL  worker_manager.cpp:131] WorkerManager: Request new FuncWorker for func_id 1 with client_id 34
I1102 19:13:40.558898 IO-0/EL  worker_manager.cpp:131] WorkerManager: Request new FuncWorker for func_id 1 with client_id 35
I1102 19:13:40.558908 IO-0/EL  worker_manager.cpp:131] WorkerManager: Request new FuncWorker for func_id 1 with client_id 36
I1102 19:13:40.558915 IO-0/EL  worker_manager.cpp:131] WorkerManager: Request new FuncWorker for func_id 1 with client_id 37
I1102 19:13:40.558922 IO-0/EL  worker_manager.cpp:131] WorkerManager: Request new FuncWorker for func_id 1 with client_id 38
I1102 19:13:40.558929 IO-0/EL  worker_manager.cpp:131] WorkerManager: Request new FuncWorker for func_id 1 with client_id 39
I1102 19:13:40.558937 IO-0/EL  worker_manager.cpp:131] WorkerManager: Request new FuncWorker for func_id 1 with client_id 40
I1102 19:13:40.558944 IO-0/EL  worker_manager.cpp:131] WorkerManager: Request new FuncWorker for func_id 1 with client_id 41
I1102 19:13:40.558951 IO-0/EL  worker_manager.cpp:131] WorkerManager: Request new FuncWorker for func_id 1 with client_id 42
I1102 19:13:40.558959 IO-0/EL  worker_manager.cpp:131] WorkerManager: Request new FuncWorker for func_id 1 with client_id 43
I1102 19:13:40.558968 IO-0/EL  worker_manager.cpp:131] WorkerManager: Request new FuncWorker for func_id 1 with client_id 44
I1102 19:13:40.558976 IO-0/EL  worker_manager.cpp:131] WorkerManager: Request new FuncWorker for func_id 1 with client_id 45
I1102 19:13:40.558984 IO-0/EL  worker_manager.cpp:131] WorkerManager: Request new FuncWorker for func_id 1 with client_id 46
I1102 19:13:40.558990 IO-0/EL  worker_manager.cpp:131] WorkerManager: Request new FuncWorker for func_id 1 with client_id 47
I1102 19:13:40.558998 IO-0/EL  worker_manager.cpp:131] WorkerManager: Request new FuncWorker for func_id 1 with client_id 48
I1102 19:13:40.559005 IO-0/EL  worker_manager.cpp:131] WorkerManager: Request new FuncWorker for func_id 1 with client_id 49
I1102 19:13:40.559012 IO-0/EL  worker_manager.cpp:131] WorkerManager: Request new FuncWorker for func_id 1 with client_id 50
I1102 19:13:40.559019 IO-0/EL  worker_manager.cpp:131] WorkerManager: Request new FuncWorker for func_id 1 with client_id 51
I1102 19:13:40.559028 IO-0/EL  worker_manager.cpp:131] WorkerManager: Request new FuncWorker for func_id 1 with client_id 52
I1102 19:13:40.559035 IO-0/EL  worker_manager.cpp:131] WorkerManager: Request new FuncWorker for func_id 1 with client_id 53
I1102 19:13:40.559043 IO-0/EL  worker_manager.cpp:131] WorkerManager: Request new FuncWorker for func_id 1 with client_id 54
I1102 19:13:40.559050 IO-0/EL  worker_manager.cpp:131] WorkerManager: Request new FuncWorker for func_id 1 with client_id 55
I1102 19:13:40.559058 IO-0/EL  worker_manager.cpp:131] WorkerManager: Request new FuncWorker for func_id 1 with client_id 56
I1102 19:13:40.559069 IO-0/EL  worker_manager.cpp:131] WorkerManager: Request new FuncWorker for func_id 1 with client_id 57
I1102 19:13:40.559078 IO-0/EL  worker_manager.cpp:131] WorkerManager: Request new FuncWorker for func_id 1 with client_id 58
I1102 19:13:40.559085 IO-0/EL  worker_manager.cpp:131] WorkerManager: Request new FuncWorker for func_id 1 with client_id 59
I1102 19:13:40.559093 IO-0/EL  worker_manager.cpp:131] WorkerManager: Request new FuncWorker for func_id 1 with client_id 60
I1102 19:13:40.559103 IO-0/EL  worker_manager.cpp:131] WorkerManager: Request new FuncWorker for func_id 1 with client_id 61
I1102 19:13:40.559109 IO-0/EL  worker_manager.cpp:131] WorkerManager: Request new FuncWorker for func_id 1 with client_id 62
I1102 19:13:40.559116 IO-0/EL  worker_manager.cpp:131] WorkerManager: Request new FuncWorker for func_id 1 with client_id 63
I1102 19:13:40.559122 IO-0/EL  worker_manager.cpp:131] WorkerManager: Request new FuncWorker for func_id 1 with client_id 64
I1102 19:13:40.559129 IO-0/EL  worker_manager.cpp:131] WorkerManager: Request new FuncWorker for func_id 1 with client_id 65
I1102 19:13:40.559169 IO-0/EL  worker_manager.cpp:131] WorkerManager: Request new FuncWorker for func_id 1 with client_id 66
I1102 19:13:40.559177 IO-0/EL  worker_manager.cpp:131] WorkerManager: Request new FuncWorker for func_id 1 with client_id 67
I1102 19:13:40.559184 IO-0/EL  worker_manager.cpp:131] WorkerManager: Request new FuncWorker for func_id 1 with client_id 68
I1102 19:13:40.559193 IO-0/EL  worker_manager.cpp:131] WorkerManager: Request new FuncWorker for func_id 1 with client_id 69
I1102 19:13:40.559200 IO-0/EL  worker_manager.cpp:131] WorkerManager: Request new FuncWorker for func_id 1 with client_id 70
I1102 19:13:40.559206 IO-0/EL  worker_manager.cpp:131] WorkerManager: Request new FuncWorker for func_id 1 with client_id 71
I1102 19:13:40.559213 IO-0/EL  worker_manager.cpp:131] WorkerManager: Request new FuncWorker for func_id 1 with client_id 72
I1102 19:13:40.559223 IO-0/EL  worker_manager.cpp:131] WorkerManager: Request new FuncWorker for func_id 1 with client_id 73
I1102 19:13:40.559230 IO-0/EL  worker_manager.cpp:131] WorkerManager: Request new FuncWorker for func_id 1 with client_id 74
I1102 19:13:40.559236 IO-0/EL  worker_manager.cpp:131] WorkerManager: Request new FuncWorker for func_id 1 with client_id 75
I1102 19:13:40.559245 IO-0/EL  worker_manager.cpp:131] WorkerManager: Request new FuncWorker for func_id 1 with client_id 76
I1102 19:13:40.559253 IO-0/EL  worker_manager.cpp:131] WorkerManager: Request new FuncWorker for func_id 1 with client_id 77
I1102 19:13:40.559260 IO-0/EL  worker_manager.cpp:131] WorkerManager: Request new FuncWorker for func_id 1 with client_id 78
I1102 19:13:40.559267 IO-0/EL  worker_manager.cpp:131] WorkerManager: Request new FuncWorker for func_id 1 with client_id 79
I1102 19:13:40.559274 IO-0/EL  worker_manager.cpp:131] WorkerManager: Request new FuncWorker for func_id 1 with client_id 80
I1102 19:13:40.559284 IO-0/EL  worker_manager.cpp:131] WorkerManager: Request new FuncWorker for func_id 1 with client_id 81
I1102 19:13:40.559291 IO-0/EL  worker_manager.cpp:131] WorkerManager: Request new FuncWorker for func_id 1 with client_id 82
I1102 19:13:40.559297 IO-0/EL  worker_manager.cpp:131] WorkerManager: Request new FuncWorker for func_id 1 with client_id 83
I1102 19:13:40.559306 IO-0/EL  worker_manager.cpp:131] WorkerManager: Request new FuncWorker for func_id 1 with client_id 84
I1102 19:13:40.559315 IO-0/EL  worker_manager.cpp:131] WorkerManager: Request new FuncWorker for func_id 1 with client_id 85
I1102 19:13:40.559322 IO-0/EL  worker_manager.cpp:131] WorkerManager: Request new FuncWorker for func_id 1 with client_id 86
I1102 19:13:40.559330 IO-0/EL  worker_manager.cpp:131] WorkerManager: Request new FuncWorker for func_id 1 with client_id 87
I1102 19:13:40.559338 IO-0/EL  worker_manager.cpp:131] WorkerManager: Request new FuncWorker for func_id 1 with client_id 88
I1102 19:13:40.559351 IO-0/EL  worker_manager.cpp:131] WorkerManager: Request new FuncWorker for func_id 1 with client_id 89
I1102 19:13:40.559358 IO-0/EL  worker_manager.cpp:131] WorkerManager: Request new FuncWorker for func_id 1 with client_id 90
I1102 19:13:40.559365 IO-0/EL  worker_manager.cpp:131] WorkerManager: Request new FuncWorker for func_id 1 with client_id 91
I1102 19:13:40.559372 IO-0/EL  worker_manager.cpp:131] WorkerManager: Request new FuncWorker for func_id 1 with client_id 92
I1102 19:13:40.559380 IO-0/EL  worker_manager.cpp:131] WorkerManager: Request new FuncWorker for func_id 1 with client_id 93
I1102 19:13:40.559388 IO-0/EL  worker_manager.cpp:131] WorkerManager: Request new FuncWorker for func_id 1 with client_id 94
I1102 19:13:40.559395 IO-0/EL  worker_manager.cpp:131] WorkerManager: Request new FuncWorker for func_id 1 with client_id 95
I1102 19:13:40.559403 IO-0/EL  worker_manager.cpp:131] WorkerManager: Request new FuncWorker for func_id 1 with client_id 96
I1102 19:13:40.559412 IO-0/EL  worker_manager.cpp:131] WorkerManager: Request new FuncWorker for func_id 1 with client_id 97
I1102 19:13:40.559419 IO-0/EL  worker_manager.cpp:131] WorkerManager: Request new FuncWorker for func_id 1 with client_id 98
I1102 19:13:40.559427 IO-0/EL  worker_manager.cpp:131] WorkerManager: Request new FuncWorker for func_id 1 with client_id 99
I1102 19:13:40.559434 IO-0/EL  worker_manager.cpp:131] WorkerManager: Request new FuncWorker for func_id 1 with client_id 100
I1102 19:13:40.559442 IO-0/EL  worker_manager.cpp:131] WorkerManager: Request new FuncWorker for func_id 1 with client_id 101
I1102 19:13:40.559449 IO-0/EL  worker_manager.cpp:131] WorkerManager: Request new FuncWorker for func_id 1 with client_id 102
I1102 19:13:40.559457 IO-0/EL  worker_manager.cpp:131] WorkerManager: Request new FuncWorker for func_id 1 with client_id 103
I1102 19:13:40.559464 IO-0/EL  worker_manager.cpp:131] WorkerManager: Request new FuncWorker for func_id 1 with client_id 104
I1102 19:13:40.559472 IO-0/EL  worker_manager.cpp:131] WorkerManager: Request new FuncWorker for func_id 1 with client_id 105
I1102 19:13:40.559480 IO-0/EL  worker_manager.cpp:131] WorkerManager: Request new FuncWorker for func_id 1 with client_id 106
I1102 19:13:40.559487 IO-0/EL  worker_manager.cpp:131] WorkerManager: Request new FuncWorker for func_id 1 with client_id 107
I1102 19:13:40.559494 IO-0/EL  worker_manager.cpp:131] WorkerManager: Request new FuncWorker for func_id 1 with client_id 108
I1102 19:13:40.559502 IO-0/EL  worker_manager.cpp:131] WorkerManager: Request new FuncWorker for func_id 1 with client_id 109
I1102 19:13:40.559509 IO-0/EL  worker_manager.cpp:131] WorkerManager: Request new FuncWorker for func_id 1 with client_id 110
I1102 19:13:40.559517 IO-0/EL  worker_manager.cpp:131] WorkerManager: Request new FuncWorker for func_id 1 with client_id 111
I1102 19:13:40.559524 IO-0/EL  worker_manager.cpp:131] WorkerManager: Request new FuncWorker for func_id 1 with client_id 112
I1102 19:13:40.559532 IO-0/EL  worker_manager.cpp:131] WorkerManager: Request new FuncWorker for func_id 1 with client_id 113
I1102 19:13:40.559541 IO-0/EL  worker_manager.cpp:131] WorkerManager: Request new FuncWorker for func_id 1 with client_id 114
I1102 19:13:40.559548 IO-0/EL  worker_manager.cpp:131] WorkerManager: Request new FuncWorker for func_id 1 with client_id 115
I1102 19:13:40.559555 IO-0/EL  worker_manager.cpp:131] WorkerManager: Request new FuncWorker for func_id 1 with client_id 116
I1102 19:13:40.559564 IO-0/EL  worker_manager.cpp:131] WorkerManager: Request new FuncWorker for func_id 1 with client_id 117
I1102 19:13:40.559572 IO-0/EL  worker_manager.cpp:131] WorkerManager: Request new FuncWorker for func_id 1 with client_id 118
I1102 19:13:40.559579 IO-0/EL  worker_manager.cpp:131] WorkerManager: Request new FuncWorker for func_id 1 with client_id 119
I1102 19:13:40.559586 IO-0/EL  worker_manager.cpp:131] WorkerManager: Request new FuncWorker for func_id 1 with client_id 120
I1102 19:13:40.559597 IO-0/EL  worker_manager.cpp:131] WorkerManager: Request new FuncWorker for func_id 1 with client_id 121
I1102 19:13:40.559607 IO-0/EL  worker_manager.cpp:131] WorkerManager: Request new FuncWorker for func_id 1 with client_id 122
I1102 19:13:40.559614 IO-0/EL  worker_manager.cpp:131] WorkerManager: Request new FuncWorker for func_id 1 with client_id 123
I1102 19:13:40.559621 IO-0/EL  worker_manager.cpp:131] WorkerManager: Request new FuncWorker for func_id 1 with client_id 124
I1102 19:13:40.559630 IO-0/EL  worker_manager.cpp:131] WorkerManager: Request new FuncWorker for func_id 1 with client_id 125
I1102 19:13:40.559638 IO-0/EL  worker_manager.cpp:131] WorkerManager: Request new FuncWorker for func_id 1 with client_id 126
I1102 19:13:40.559645 IO-0/EL  worker_manager.cpp:131] WorkerManager: Request new FuncWorker for func_id 1 with client_id 127
I1102 19:13:40.559652 IO-0/EL  worker_manager.cpp:131] WorkerManager: Request new FuncWorker for func_id 1 with client_id 128
I1102 19:13:40.559661 IO-0/EL  worker_manager.cpp:131] WorkerManager: Request new FuncWorker for func_id 1 with client_id 129
I1102 19:13:40.559739 IO-0/EL  worker_manager.cpp:131] WorkerManager: Request new FuncWorker for func_id 1 with client_id 130
I1102 19:13:40.559749 IO-0/EL  worker_manager.cpp:131] WorkerManager: Request new FuncWorker for func_id 1 with client_id 131
I1102 19:13:40.559756 IO-0/EL  worker_manager.cpp:131] WorkerManager: Request new FuncWorker for func_id 1 with client_id 132
I1102 19:13:40.559767 IO-0/EL  worker_manager.cpp:131] WorkerManager: Request new FuncWorker for func_id 1 with client_id 133
I1102 19:13:40.559775 IO-0/EL  worker_manager.cpp:131] WorkerManager: Request new FuncWorker for func_id 1 with client_id 134
I1102 19:13:40.559781 IO-0/EL  worker_manager.cpp:131] WorkerManager: Request new FuncWorker for func_id 1 with client_id 135
I1102 19:13:40.559789 IO-0/EL  worker_manager.cpp:131] WorkerManager: Request new FuncWorker for func_id 1 with client_id 136
I1102 19:13:40.559798 IO-0/EL  worker_manager.cpp:131] WorkerManager: Request new FuncWorker for func_id 1 with client_id 137
I1102 19:13:40.559805 IO-0/EL  worker_manager.cpp:131] WorkerManager: Request new FuncWorker for func_id 1 with client_id 138
I1102 19:13:40.559812 IO-0/EL  worker_manager.cpp:131] WorkerManager: Request new FuncWorker for func_id 1 with client_id 139
I1102 19:13:40.559819 IO-0/EL  worker_manager.cpp:131] WorkerManager: Request new FuncWorker for func_id 1 with client_id 140
I1102 19:13:40.559829 IO-0/EL  worker_manager.cpp:131] WorkerManager: Request new FuncWorker for func_id 1 with client_id 141
I1102 19:13:40.559836 IO-0/EL  worker_manager.cpp:131] WorkerManager: Request new FuncWorker for func_id 1 with client_id 142
I1102 19:13:40.559843 IO-0/EL  worker_manager.cpp:131] WorkerManager: Request new FuncWorker for func_id 1 with client_id 143
I1102 19:13:40.559852 IO-0/EL  worker_manager.cpp:131] WorkerManager: Request new FuncWorker for func_id 1 with client_id 144
I1102 19:13:40.559860 IO-0/EL  worker_manager.cpp:131] WorkerManager: Request new FuncWorker for func_id 1 with client_id 145
I1102 19:13:40.559867 IO-0/EL  worker_manager.cpp:131] WorkerManager: Request new FuncWorker for func_id 1 with client_id 146
I1102 19:13:40.559874 IO-0/EL  worker_manager.cpp:131] WorkerManager: Request new FuncWorker for func_id 1 with client_id 147
I1102 19:13:40.559883 IO-0/EL  worker_manager.cpp:131] WorkerManager: Request new FuncWorker for func_id 1 with client_id 148
I1102 19:13:40.559892 IO-0/EL  worker_manager.cpp:131] WorkerManager: Request new FuncWorker for func_id 1 with client_id 149
I1102 19:13:40.559899 IO-0/EL  worker_manager.cpp:131] WorkerManager: Request new FuncWorker for func_id 1 with client_id 150
I1102 19:13:40.559907 IO-0/EL  worker_manager.cpp:131] WorkerManager: Request new FuncWorker for func_id 1 with client_id 151
I1102 19:13:40.559914 IO-0/EL  worker_manager.cpp:131] WorkerManager: Request new FuncWorker for func_id 1 with client_id 152
I1102 19:13:40.559922 IO-0/EL  worker_manager.cpp:131] WorkerManager: Request new FuncWorker for func_id 1 with client_id 153
I1102 19:13:40.559934 IO-0/EL  worker_manager.cpp:131] WorkerManager: Request new FuncWorker for func_id 1 with client_id 154
I1102 19:13:40.559941 IO-0/EL  worker_manager.cpp:131] WorkerManager: Request new FuncWorker for func_id 1 with client_id 155
I1102 19:13:40.559950 IO-0/EL  worker_manager.cpp:131] WorkerManager: Request new FuncWorker for func_id 1 with client_id 156
I1102 19:13:40.559958 IO-0/EL  worker_manager.cpp:131] WorkerManager: Request new FuncWorker for func_id 1 with client_id 157
I1102 19:13:40.559965 IO-0/EL  worker_manager.cpp:131] WorkerManager: Request new FuncWorker for func_id 1 with client_id 158
I1102 19:13:40.559974 IO-0/EL  worker_manager.cpp:131] WorkerManager: Request new FuncWorker for func_id 1 with client_id 159
I1102 19:13:40.559981 IO-0/EL  worker_manager.cpp:131] WorkerManager: Request new FuncWorker for func_id 1 with client_id 160
I1102 19:13:40.559989 IO-0/EL  worker_manager.cpp:131] WorkerManager: Request new FuncWorker for func_id 1 with client_id 161
I1102 19:13:40.559996 IO-0/EL  worker_manager.cpp:131] WorkerManager: Request new FuncWorker for func_id 1 with client_id 162
I1102 19:13:40.560004 IO-0/EL  worker_manager.cpp:131] WorkerManager: Request new FuncWorker for func_id 1 with client_id 163
I1102 19:13:40.560011 IO-0/EL  worker_manager.cpp:131] WorkerManager: Request new FuncWorker for func_id 1 with client_id 164
I1102 19:13:40.560019 IO-0/EL  worker_manager.cpp:131] WorkerManager: Request new FuncWorker for func_id 1 with client_id 165
I1102 19:13:40.560027 IO-0/EL  worker_manager.cpp:131] WorkerManager: Request new FuncWorker for func_id 1 with client_id 166
I1102 19:13:40.560034 IO-0/EL  worker_manager.cpp:131] WorkerManager: Request new FuncWorker for func_id 1 with client_id 167
I1102 19:13:40.560041 IO-0/EL  worker_manager.cpp:131] WorkerManager: Request new FuncWorker for func_id 1 with client_id 168
I1102 19:13:40.560049 IO-0/EL  worker_manager.cpp:131] WorkerManager: Request new FuncWorker for func_id 1 with client_id 169
I1102 19:13:40.560056 IO-0/EL  worker_manager.cpp:131] WorkerManager: Request new FuncWorker for func_id 1 with client_id 170
I1102 19:13:40.560064 IO-0/EL  worker_manager.cpp:131] WorkerManager: Request new FuncWorker for func_id 1 with client_id 171
I1102 19:13:40.560071 IO-0/EL  worker_manager.cpp:131] WorkerManager: Request new FuncWorker for func_id 1 with client_id 172
I1102 19:13:40.560080 IO-0/EL  worker_manager.cpp:131] WorkerManager: Request new FuncWorker for func_id 1 with client_id 173
I1102 19:13:40.560088 IO-0/EL  worker_manager.cpp:131] WorkerManager: Request new FuncWorker for func_id 1 with client_id 174
I1102 19:13:40.560095 IO-0/EL  worker_manager.cpp:131] WorkerManager: Request new FuncWorker for func_id 1 with client_id 175
I1102 19:13:40.560102 IO-0/EL  worker_manager.cpp:131] WorkerManager: Request new FuncWorker for func_id 1 with client_id 176
I1102 19:13:40.560110 IO-0/EL  worker_manager.cpp:131] WorkerManager: Request new FuncWorker for func_id 1 with client_id 177
I1102 19:13:40.560118 IO-0/EL  worker_manager.cpp:131] WorkerManager: Request new FuncWorker for func_id 1 with client_id 178
I1102 19:13:40.560125 IO-0/EL  worker_manager.cpp:131] WorkerManager: Request new FuncWorker for func_id 1 with client_id 179
I1102 19:13:40.560132 IO-0/EL  worker_manager.cpp:131] WorkerManager: Request new FuncWorker for func_id 1 with client_id 180
I1102 19:13:40.560141 IO-0/EL  worker_manager.cpp:131] WorkerManager: Request new FuncWorker for func_id 1 with client_id 181
I1102 19:13:40.560148 IO-0/EL  worker_manager.cpp:131] WorkerManager: Request new FuncWorker for func_id 1 with client_id 182
I1102 19:13:40.560155 IO-0/EL  worker_manager.cpp:131] WorkerManager: Request new FuncWorker for func_id 1 with client_id 183
I1102 19:13:40.560161 IO-0/EL  worker_manager.cpp:131] WorkerManager: Request new FuncWorker for func_id 1 with client_id 184
I1102 19:13:40.560171 IO-0/EL  worker_manager.cpp:131] WorkerManager: Request new FuncWorker for func_id 1 with client_id 185
I1102 19:13:40.560179 IO-0/EL  worker_manager.cpp:131] WorkerManager: Request new FuncWorker for func_id 1 with client_id 186
I1102 19:13:40.560190 IO-0/EL  worker_manager.cpp:131] WorkerManager: Request new FuncWorker for func_id 1 with client_id 187
I1102 19:13:40.560197 IO-0/EL  worker_manager.cpp:131] WorkerManager: Request new FuncWorker for func_id 1 with client_id 188
I1102 19:13:40.560207 IO-0/EL  worker_manager.cpp:131] WorkerManager: Request new FuncWorker for func_id 1 with client_id 189
I1102 19:13:40.560214 IO-0/EL  worker_manager.cpp:131] WorkerManager: Request new FuncWorker for func_id 1 with client_id 190
I1102 19:13:40.560221 IO-0/EL  worker_manager.cpp:131] WorkerManager: Request new FuncWorker for func_id 1 with client_id 191
I1102 19:13:40.560228 IO-0/EL  worker_manager.cpp:131] WorkerManager: Request new FuncWorker for func_id 1 with client_id 192
I1102 19:13:40.560238 IO-0/EL  worker_manager.cpp:131] WorkerManager: Request new FuncWorker for func_id 1 with client_id 193
I1102 19:13:40.560246 IO-0/EL  worker_manager.cpp:131] WorkerManager: Request new FuncWorker for func_id 1 with client_id 194
I1102 19:13:40.560253 IO-0/EL  worker_manager.cpp:131] WorkerManager: Request new FuncWorker for func_id 1 with client_id 195
I1102 19:13:40.560261 IO-0/EL  worker_manager.cpp:131] WorkerManager: Request new FuncWorker for func_id 1 with client_id 196
I1102 19:13:40.560270 IO-0/EL  worker_manager.cpp:131] WorkerManager: Request new FuncWorker for func_id 1 with client_id 197
I1102 19:13:40.560277 IO-0/EL  worker_manager.cpp:131] WorkerManager: Request new FuncWorker for func_id 1 with client_id 198
I1102 19:13:40.560283 IO-0/EL  worker_manager.cpp:131] WorkerManager: Request new FuncWorker for func_id 1 with client_id 199
I1102 19:13:40.560290 IO-0/EL  worker_manager.cpp:131] WorkerManager: Request new FuncWorker for func_id 1 with client_id 200
I1102 19:13:40.560299 IO-0/EL  worker_manager.cpp:131] WorkerManager: Request new FuncWorker for func_id 1 with client_id 201
I1102 19:13:40.560306 IO-0/EL  worker_manager.cpp:131] WorkerManager: Request new FuncWorker for func_id 1 with client_id 202
I1102 19:13:40.560313 IO-0/EL  worker_manager.cpp:131] WorkerManager: Request new FuncWorker for func_id 1 with client_id 203
I1102 19:13:40.560321 IO-0/EL  worker_manager.cpp:131] WorkerManager: Request new FuncWorker for func_id 1 with client_id 204
I1102 19:13:40.560330 IO-0/EL  worker_manager.cpp:131] WorkerManager: Request new FuncWorker for func_id 1 with client_id 205
I1102 19:13:40.560336 IO-0/EL  worker_manager.cpp:131] WorkerManager: Request new FuncWorker for func_id 1 with client_id 206
I1102 19:13:40.560343 IO-0/EL  worker_manager.cpp:131] WorkerManager: Request new FuncWorker for func_id 1 with client_id 207
I1102 19:13:40.560351 IO-0/EL  worker_manager.cpp:131] WorkerManager: Request new FuncWorker for func_id 1 with client_id 208
I1102 19:13:40.560360 IO-0/EL  worker_manager.cpp:131] WorkerManager: Request new FuncWorker for func_id 1 with client_id 209
I1102 19:13:40.560367 IO-0/EL  worker_manager.cpp:131] WorkerManager: Request new FuncWorker for func_id 1 with client_id 210
I1102 19:13:40.560375 IO-0/EL  worker_manager.cpp:131] WorkerManager: Request new FuncWorker for func_id 1 with client_id 211
I1102 19:13:40.560382 IO-0/EL  worker_manager.cpp:131] WorkerManager: Request new FuncWorker for func_id 1 with client_id 212
I1102 19:13:40.560390 IO-0/EL  worker_manager.cpp:131] WorkerManager: Request new FuncWorker for func_id 1 with client_id 213
I1102 19:13:40.560397 IO-0/EL  worker_manager.cpp:131] WorkerManager: Request new FuncWorker for func_id 1 with client_id 214
I1102 19:13:40.560404 IO-0/EL  worker_manager.cpp:131] WorkerManager: Request new FuncWorker for func_id 1 with client_id 215
I1102 19:13:40.560413 IO-0/EL  worker_manager.cpp:131] WorkerManager: Request new FuncWorker for func_id 1 with client_id 216
I1102 19:13:40.560421 IO-0/EL  worker_manager.cpp:131] WorkerManager: Request new FuncWorker for func_id 1 with client_id 217
I1102 19:13:40.560428 IO-0/EL  worker_manager.cpp:131] WorkerManager: Request new FuncWorker for func_id 1 with client_id 218
I1102 19:13:40.560439 IO-0/EL  worker_manager.cpp:131] WorkerManager: Request new FuncWorker for func_id 1 with client_id 219
I1102 19:13:40.560446 IO-0/EL  worker_manager.cpp:131] WorkerManager: Request new FuncWorker for func_id 1 with client_id 220
I1102 19:13:40.560455 IO-0/EL  worker_manager.cpp:131] WorkerManager: Request new FuncWorker for func_id 1 with client_id 221
I1102 19:13:40.560461 IO-0/EL  worker_manager.cpp:131] WorkerManager: Request new FuncWorker for func_id 1 with client_id 222
I1102 19:13:40.560469 IO-0/EL  worker_manager.cpp:131] WorkerManager: Request new FuncWorker for func_id 1 with client_id 223
I1102 19:13:40.560476 IO-0/EL  worker_manager.cpp:131] WorkerManager: Request new FuncWorker for func_id 1 with client_id 224
I1102 19:13:40.560484 IO-0/EL  worker_manager.cpp:131] WorkerManager: Request new FuncWorker for func_id 1 with client_id 225
I1102 19:13:40.560492 IO-0/EL  worker_manager.cpp:131] WorkerManager: Request new FuncWorker for func_id 1 with client_id 226
I1102 19:13:40.560504 IO-0/EL  worker_manager.cpp:131] WorkerManager: Request new FuncWorker for func_id 1 with client_id 227
I1102 19:13:40.560512 IO-0/EL  worker_manager.cpp:131] WorkerManager: Request new FuncWorker for func_id 1 with client_id 228
I1102 19:13:40.560520 IO-0/EL  worker_manager.cpp:131] WorkerManager: Request new FuncWorker for func_id 1 with client_id 229
I1102 19:13:40.560526 IO-0/EL  worker_manager.cpp:131] WorkerManager: Request new FuncWorker for func_id 1 with client_id 230
I1102 19:13:40.560535 IO-0/EL  worker_manager.cpp:131] WorkerManager: Request new FuncWorker for func_id 1 with client_id 231
I1102 19:13:40.560542 IO-0/EL  worker_manager.cpp:131] WorkerManager: Request new FuncWorker for func_id 1 with client_id 232
I1102 19:13:40.560550 IO-0/EL  worker_manager.cpp:131] WorkerManager: Request new FuncWorker for func_id 1 with client_id 233
I1102 19:13:40.560559 IO-0/EL  worker_manager.cpp:131] WorkerManager: Request new FuncWorker for func_id 1 with client_id 234
I1102 19:13:40.560566 IO-0/EL  worker_manager.cpp:131] WorkerManager: Request new FuncWorker for func_id 1 with client_id 235
I1102 19:13:40.560573 IO-0/EL  worker_manager.cpp:131] WorkerManager: Request new FuncWorker for func_id 1 with client_id 236
I1102 19:13:40.560581 IO-0/EL  worker_manager.cpp:131] WorkerManager: Request new FuncWorker for func_id 1 with client_id 237
I1102 19:13:40.560590 IO-0/EL  worker_manager.cpp:131] WorkerManager: Request new FuncWorker for func_id 1 with client_id 238
I1102 19:13:40.560597 IO-0/EL  worker_manager.cpp:131] WorkerManager: Request new FuncWorker for func_id 1 with client_id 239
I1102 19:13:40.560604 IO-0/EL  worker_manager.cpp:131] WorkerManager: Request new FuncWorker for func_id 1 with client_id 240
I1102 19:13:40.560613 IO-0/EL  worker_manager.cpp:131] WorkerManager: Request new FuncWorker for func_id 1 with client_id 241
I1102 19:13:40.560620 IO-0/EL  worker_manager.cpp:131] WorkerManager: Request new FuncWorker for func_id 1 with client_id 242
I1102 19:13:40.560626 IO-0/EL  worker_manager.cpp:131] WorkerManager: Request new FuncWorker for func_id 1 with client_id 243
I1102 19:13:40.560633 IO-0/EL  worker_manager.cpp:131] WorkerManager: Request new FuncWorker for func_id 1 with client_id 244
I1102 19:13:40.560641 IO-0/EL  worker_manager.cpp:131] WorkerManager: Request new FuncWorker for func_id 1 with client_id 245
I1102 19:13:40.560649 IO-0/EL  worker_manager.cpp:131] WorkerManager: Request new FuncWorker for func_id 1 with client_id 246
I1102 19:13:40.560656 IO-0/EL  worker_manager.cpp:131] WorkerManager: Request new FuncWorker for func_id 1 with client_id 247
I1102 19:13:40.560667 IO-0/EL  worker_manager.cpp:131] WorkerManager: Request new FuncWorker for func_id 1 with client_id 248
I1102 19:13:40.560676 IO-0/EL  worker_manager.cpp:131] WorkerManager: Request new FuncWorker for func_id 1 with client_id 249
I1102 19:13:40.560683 IO-0/EL  worker_manager.cpp:131] WorkerManager: Request new FuncWorker for func_id 1 with client_id 250
I1102 19:13:40.560690 IO-0/EL  worker_manager.cpp:131] WorkerManager: Request new FuncWorker for func_id 1 with client_id 251
I1102 19:13:40.560701 IO-0/EL  worker_manager.cpp:131] WorkerManager: Request new FuncWorker for func_id 1 with client_id 252
I1102 19:13:40.560714 IO-0/EL  worker_manager.cpp:131] WorkerManager: Request new FuncWorker for func_id 1 with client_id 253
I1102 19:13:40.560722 IO-0/EL  worker_manager.cpp:131] WorkerManager: Request new FuncWorker for func_id 1 with client_id 254
I1102 19:13:40.560729 IO-0/EL  worker_manager.cpp:131] WorkerManager: Request new FuncWorker for func_id 1 with client_id 255
I1102 19:13:40.560737 IO-0/EL  worker_manager.cpp:131] WorkerManager: Request new FuncWorker for func_id 1 with client_id 256
I1102 19:13:40.560873 IO-0/EL  buffer_pool.h:25] BufferPool[IO-0_Write]: Allocate new buffer, current buffer count is 1
I1102 19:13:40.560904 IO-0/EL  buffer_pool.h:25] BufferPool[IO-0_Write]: Allocate new buffer, current buffer count is 2
I1102 19:13:40.560930 IO-0/EL  buffer_pool.h:25] BufferPool[IO-0_Write]: Allocate new buffer, current buffer count is 3
I1102 19:13:40.560964 IO-0/EL  buffer_pool.h:25] BufferPool[IO-0_Write]: Allocate new buffer, current buffer count is 4
I1102 19:13:40.560995 IO-0/EL  message_connection.cpp:269] LauncherConnection[1]: Handshake done
I1102 19:13:40.564304 Server/E engine.cpp:674] Engine: New message connection
I1102 19:13:40.564337 IO-0/EL  engine.cpp:277] Engine: Receive new handshake message from message connection
I1102 19:13:40.564343 IO-0/EL  worker_manager.cpp:60] WorkerManager: FuncWorker of func_id 1, client_id 1 connected
I1102 19:13:40.564352 IO-0/EL  dispatcher.cpp:47] Dispatcher[1]: min_workers=256
I1102 19:13:40.564356 IO-0/EL  dispatcher.cpp:51] Dispatcher[1]: max_workers=256
I1102 19:13:40.564374 IO-0/EL  message_connection.cpp:269] FuncWorkerConnection[1-1]: Handshake done
I1102 19:13:40.566545 Server/E engine.cpp:674] Engine: New message connection
I1102 19:13:40.566574 IO-0/EL  engine.cpp:277] Engine: Receive new handshake message from message connection
I1102 19:13:40.566580 IO-0/EL  worker_manager.cpp:60] WorkerManager: FuncWorker of func_id 1, client_id 2 connected
I1102 19:13:40.566593 IO-0/EL  message_connection.cpp:269] FuncWorkerConnection[1-2]: Handshake done
I1102 19:13:40.566967 Server/E engine.cpp:674] Engine: New message connection
I1102 19:13:40.566989 IO-0/EL  engine.cpp:277] Engine: Receive new handshake message from message connection
I1102 19:13:40.566993 IO-0/EL  worker_manager.cpp:60] WorkerManager: FuncWorker of func_id 1, client_id 3 connected
I1102 19:13:40.567005 IO-0/EL  message_connection.cpp:269] FuncWorkerConnection[1-3]: Handshake done
I1102 19:13:40.567784 Server/E engine.cpp:674] Engine: New message connection
I1102 19:13:40.567825 IO-0/EL  engine.cpp:277] Engine: Receive new handshake message from message connection
I1102 19:13:40.567830 IO-0/EL  worker_manager.cpp:60] WorkerManager: FuncWorker of func_id 1, client_id 5 connected
I1102 19:13:40.567842 IO-0/EL  message_connection.cpp:269] FuncWorkerConnection[1-5]: Handshake done
I1102 19:13:40.568337 Server/E engine.cpp:674] Engine: New message connection
I1102 19:13:40.568361 IO-0/EL  engine.cpp:277] Engine: Receive new handshake message from message connection
I1102 19:13:40.568366 IO-0/EL  worker_manager.cpp:60] WorkerManager: FuncWorker of func_id 1, client_id 6 connected
I1102 19:13:40.568377 IO-0/EL  message_connection.cpp:269] FuncWorkerConnection[1-6]: Handshake done
I1102 19:13:40.568737 Server/E engine.cpp:674] Engine: New message connection
I1102 19:13:40.568765 IO-0/EL  engine.cpp:277] Engine: Receive new handshake message from message connection
I1102 19:13:40.568770 IO-0/EL  worker_manager.cpp:60] WorkerManager: FuncWorker of func_id 1, client_id 4 connected
I1102 19:13:40.568781 IO-0/EL  message_connection.cpp:269] FuncWorkerConnection[1-4]: Handshake done
I1102 19:13:40.569807 Server/E engine.cpp:674] Engine: New message connection
I1102 19:13:40.569839 IO-0/EL  engine.cpp:277] Engine: Receive new handshake message from message connection
I1102 19:13:40.569843 IO-0/EL  worker_manager.cpp:60] WorkerManager: FuncWorker of func_id 1, client_id 8 connected
I1102 19:13:40.569868 IO-0/EL  message_connection.cpp:269] FuncWorkerConnection[1-8]: Handshake done
I1102 19:13:40.570306 Server/E engine.cpp:674] Engine: New message connection
I1102 19:13:40.570329 IO-0/EL  engine.cpp:277] Engine: Receive new handshake message from message connection
I1102 19:13:40.570333 IO-0/EL  worker_manager.cpp:60] WorkerManager: FuncWorker of func_id 1, client_id 9 connected
I1102 19:13:40.570344 IO-0/EL  message_connection.cpp:269] FuncWorkerConnection[1-9]: Handshake done
I1102 19:13:40.571040 Server/E engine.cpp:674] Engine: New message connection
I1102 19:13:40.571085 IO-0/EL  engine.cpp:277] Engine: Receive new handshake message from message connection
I1102 19:13:40.571089 IO-0/EL  worker_manager.cpp:60] WorkerManager: FuncWorker of func_id 1, client_id 10 connected
I1102 19:13:40.571101 IO-0/EL  message_connection.cpp:269] FuncWorkerConnection[1-10]: Handshake done
I1102 19:13:40.571651 Server/E engine.cpp:674] Engine: New message connection
I1102 19:13:40.571692 IO-0/EL  engine.cpp:277] Engine: Receive new handshake message from message connection
I1102 19:13:40.571696 IO-0/EL  worker_manager.cpp:60] WorkerManager: FuncWorker of func_id 1, client_id 7 connected
I1102 19:13:40.571707 IO-0/EL  message_connection.cpp:269] FuncWorkerConnection[1-7]: Handshake done
I1102 19:13:40.571755 Server/E engine.cpp:674] Engine: New message connection
I1102 19:13:40.571788 IO-0/EL  engine.cpp:277] Engine: Receive new handshake message from message connection
I1102 19:13:40.571793 IO-0/EL  worker_manager.cpp:60] WorkerManager: FuncWorker of func_id 1, client_id 11 connected
I1102 19:13:40.571804 IO-0/EL  message_connection.cpp:269] FuncWorkerConnection[1-11]: Handshake done
I1102 19:13:40.572190 Server/E engine.cpp:674] Engine: New message connection
I1102 19:13:40.572225 IO-0/EL  engine.cpp:277] Engine: Receive new handshake message from message connection
I1102 19:13:40.572229 IO-0/EL  worker_manager.cpp:60] WorkerManager: FuncWorker of func_id 1, client_id 12 connected
I1102 19:13:40.572240 IO-0/EL  message_connection.cpp:269] FuncWorkerConnection[1-12]: Handshake done
I1102 19:13:40.572583 Server/E engine.cpp:674] Engine: New message connection
I1102 19:13:40.572617 IO-0/EL  engine.cpp:277] Engine: Receive new handshake message from message connection
I1102 19:13:40.572621 IO-0/EL  worker_manager.cpp:60] WorkerManager: FuncWorker of func_id 1, client_id 13 connected
I1102 19:13:40.572632 IO-0/EL  message_connection.cpp:269] FuncWorkerConnection[1-13]: Handshake done
I1102 19:13:40.573146 Server/E engine.cpp:674] Engine: New message connection
I1102 19:13:40.573181 IO-0/EL  engine.cpp:277] Engine: Receive new handshake message from message connection
I1102 19:13:40.573185 IO-0/EL  worker_manager.cpp:60] WorkerManager: FuncWorker of func_id 1, client_id 14 connected
I1102 19:13:40.573200 IO-0/EL  message_connection.cpp:269] FuncWorkerConnection[1-14]: Handshake done
I1102 19:13:40.573539 Server/E engine.cpp:674] Engine: New message connection
I1102 19:13:40.573575 IO-0/EL  engine.cpp:277] Engine: Receive new handshake message from message connection
I1102 19:13:40.573579 IO-0/EL  worker_manager.cpp:60] WorkerManager: FuncWorker of func_id 1, client_id 15 connected
I1102 19:13:40.573594 IO-0/EL  message_connection.cpp:269] FuncWorkerConnection[1-15]: Handshake done
I1102 19:13:40.573955 Server/E engine.cpp:674] Engine: New message connection
I1102 19:13:40.573993 IO-0/EL  engine.cpp:277] Engine: Receive new handshake message from message connection
I1102 19:13:40.573997 IO-0/EL  worker_manager.cpp:60] WorkerManager: FuncWorker of func_id 1, client_id 16 connected
I1102 19:13:40.574009 IO-0/EL  message_connection.cpp:269] FuncWorkerConnection[1-16]: Handshake done
I1102 19:13:40.574377 Server/E engine.cpp:674] Engine: New message connection
I1102 19:13:40.574419 IO-0/EL  engine.cpp:277] Engine: Receive new handshake message from message connection
I1102 19:13:40.574423 IO-0/EL  worker_manager.cpp:60] WorkerManager: FuncWorker of func_id 1, client_id 17 connected
I1102 19:13:40.574441 IO-0/EL  message_connection.cpp:269] FuncWorkerConnection[1-17]: Handshake done
I1102 19:13:40.574450 Server/E engine.cpp:674] Engine: New message connection
I1102 19:13:40.574479 IO-0/EL  engine.cpp:277] Engine: Receive new handshake message from message connection
I1102 19:13:40.574483 IO-0/EL  worker_manager.cpp:60] WorkerManager: FuncWorker of func_id 1, client_id 18 connected
I1102 19:13:40.574494 IO-0/EL  message_connection.cpp:269] FuncWorkerConnection[1-18]: Handshake done
I1102 19:13:40.575284 Server/E engine.cpp:674] Engine: New message connection
I1102 19:13:40.575327 IO-0/EL  engine.cpp:277] Engine: Receive new handshake message from message connection
I1102 19:13:40.575332 IO-0/EL  worker_manager.cpp:60] WorkerManager: FuncWorker of func_id 1, client_id 19 connected
I1102 19:13:40.575344 IO-0/EL  message_connection.cpp:269] FuncWorkerConnection[1-19]: Handshake done
I1102 19:13:40.575818 Server/E engine.cpp:674] Engine: New message connection
I1102 19:13:40.575858 IO-0/EL  engine.cpp:277] Engine: Receive new handshake message from message connection
I1102 19:13:40.575862 IO-0/EL  worker_manager.cpp:60] WorkerManager: FuncWorker of func_id 1, client_id 20 connected
I1102 19:13:40.575873 IO-0/EL  message_connection.cpp:269] FuncWorkerConnection[1-20]: Handshake done
I1102 19:13:40.576185 Server/E engine.cpp:674] Engine: New message connection
I1102 19:13:40.576222 IO-0/EL  engine.cpp:277] Engine: Receive new handshake message from message connection
I1102 19:13:40.576226 IO-0/EL  worker_manager.cpp:60] WorkerManager: FuncWorker of func_id 1, client_id 21 connected
I1102 19:13:40.576237 IO-0/EL  message_connection.cpp:269] FuncWorkerConnection[1-21]: Handshake done
I1102 19:13:40.576526 Server/E engine.cpp:674] Engine: New message connection
I1102 19:13:40.576562 IO-0/EL  engine.cpp:277] Engine: Receive new handshake message from message connection
I1102 19:13:40.576566 IO-0/EL  worker_manager.cpp:60] WorkerManager: FuncWorker of func_id 1, client_id 22 connected
I1102 19:13:40.576577 IO-0/EL  message_connection.cpp:269] FuncWorkerConnection[1-22]: Handshake done
I1102 19:13:40.577131 Server/E engine.cpp:674] Engine: New message connection
I1102 19:13:40.577174 IO-0/EL  engine.cpp:277] Engine: Receive new handshake message from message connection
I1102 19:13:40.577178 IO-0/EL  worker_manager.cpp:60] WorkerManager: FuncWorker of func_id 1, client_id 23 connected
I1102 19:13:40.577189 IO-0/EL  message_connection.cpp:269] FuncWorkerConnection[1-23]: Handshake done
I1102 19:13:40.577645 Server/E engine.cpp:674] Engine: New message connection
I1102 19:13:40.577676 IO-0/EL  engine.cpp:277] Engine: Receive new handshake message from message connection
I1102 19:13:40.577680 IO-0/EL  worker_manager.cpp:60] WorkerManager: FuncWorker of func_id 1, client_id 24 connected
I1102 19:13:40.577691 IO-0/EL  message_connection.cpp:269] FuncWorkerConnection[1-24]: Handshake done
I1102 19:13:40.577940 Server/E engine.cpp:674] Engine: New message connection
I1102 19:13:40.577977 IO-0/EL  engine.cpp:277] Engine: Receive new handshake message from message connection
I1102 19:13:40.577981 IO-0/EL  worker_manager.cpp:60] WorkerManager: FuncWorker of func_id 1, client_id 25 connected
I1102 19:13:40.577992 IO-0/EL  message_connection.cpp:269] FuncWorkerConnection[1-25]: Handshake done
I1102 19:13:40.578567 Server/E engine.cpp:674] Engine: New message connection
I1102 19:13:40.578600 IO-0/EL  engine.cpp:277] Engine: Receive new handshake message from message connection
I1102 19:13:40.578604 IO-0/EL  worker_manager.cpp:60] WorkerManager: FuncWorker of func_id 1, client_id 26 connected
I1102 19:13:40.578615 IO-0/EL  message_connection.cpp:269] FuncWorkerConnection[1-26]: Handshake done
I1102 19:13:40.578641 Server/E engine.cpp:674] Engine: New message connection
I1102 19:13:40.578665 IO-0/EL  engine.cpp:277] Engine: Receive new handshake message from message connection
I1102 19:13:40.578669 IO-0/EL  worker_manager.cpp:60] WorkerManager: FuncWorker of func_id 1, client_id 27 connected
I1102 19:13:40.578679 IO-0/EL  message_connection.cpp:269] FuncWorkerConnection[1-27]: Handshake done
I1102 19:13:40.579413 Server/E engine.cpp:674] Engine: New message connection
I1102 19:13:40.579460 IO-0/EL  engine.cpp:277] Engine: Receive new handshake message from message connection
I1102 19:13:40.579464 IO-0/EL  worker_manager.cpp:60] WorkerManager: FuncWorker of func_id 1, client_id 28 connected
I1102 19:13:40.579476 IO-0/EL  message_connection.cpp:269] FuncWorkerConnection[1-28]: Handshake done
I1102 19:13:40.579936 Server/E engine.cpp:674] Engine: New message connection
I1102 19:13:40.579980 IO-0/EL  engine.cpp:277] Engine: Receive new handshake message from message connection
I1102 19:13:40.579985 IO-0/EL  worker_manager.cpp:60] WorkerManager: FuncWorker of func_id 1, client_id 29 connected
I1102 19:13:40.579999 IO-0/EL  message_connection.cpp:269] FuncWorkerConnection[1-29]: Handshake done
I1102 19:13:40.580466 Server/E engine.cpp:674] Engine: New message connection
I1102 19:13:40.580490 IO-0/EL  engine.cpp:277] Engine: Receive new handshake message from message connection
I1102 19:13:40.580494 IO-0/EL  worker_manager.cpp:60] WorkerManager: FuncWorker of func_id 1, client_id 30 connected
I1102 19:13:40.580505 IO-0/EL  message_connection.cpp:269] FuncWorkerConnection[1-30]: Handshake done
I1102 19:13:40.580906 Server/E engine.cpp:674] Engine: New message connection
I1102 19:13:40.580929 IO-0/EL  engine.cpp:277] Engine: Receive new handshake message from message connection
I1102 19:13:40.580933 IO-0/EL  worker_manager.cpp:60] WorkerManager: FuncWorker of func_id 1, client_id 31 connected
I1102 19:13:40.580944 IO-0/EL  message_connection.cpp:269] FuncWorkerConnection[1-31]: Handshake done
I1102 19:13:40.581370 Server/E engine.cpp:674] Engine: New message connection
I1102 19:13:40.581394 IO-0/EL  engine.cpp:277] Engine: Receive new handshake message from message connection
I1102 19:13:40.581398 IO-0/EL  worker_manager.cpp:60] WorkerManager: FuncWorker of func_id 1, client_id 32 connected
I1102 19:13:40.581409 IO-0/EL  message_connection.cpp:269] FuncWorkerConnection[1-32]: Handshake done
I1102 19:13:40.581878 Server/E engine.cpp:674] Engine: New message connection
I1102 19:13:40.581900 IO-0/EL  engine.cpp:277] Engine: Receive new handshake message from message connection
I1102 19:13:40.581904 IO-0/EL  worker_manager.cpp:60] WorkerManager: FuncWorker of func_id 1, client_id 33 connected
I1102 19:13:40.581915 IO-0/EL  message_connection.cpp:269] FuncWorkerConnection[1-33]: Handshake done
I1102 19:13:40.582304 Server/E engine.cpp:674] Engine: New message connection
I1102 19:13:40.582328 IO-0/EL  engine.cpp:277] Engine: Receive new handshake message from message connection
I1102 19:13:40.582332 IO-0/EL  worker_manager.cpp:60] WorkerManager: FuncWorker of func_id 1, client_id 34 connected
I1102 19:13:40.582344 IO-0/EL  message_connection.cpp:269] FuncWorkerConnection[1-34]: Handshake done
I1102 19:13:40.582440 Server/E engine.cpp:674] Engine: New message connection
I1102 19:13:40.582461 IO-0/EL  engine.cpp:277] Engine: Receive new handshake message from message connection
I1102 19:13:40.582465 IO-0/EL  worker_manager.cpp:60] WorkerManager: FuncWorker of func_id 1, client_id 35 connected
I1102 19:13:40.582476 IO-0/EL  message_connection.cpp:269] FuncWorkerConnection[1-35]: Handshake done
I1102 19:13:40.583170 Server/E engine.cpp:674] Engine: New message connection
I1102 19:13:40.583196 IO-0/EL  engine.cpp:277] Engine: Receive new handshake message from message connection
I1102 19:13:40.583200 IO-0/EL  worker_manager.cpp:60] WorkerManager: FuncWorker of func_id 1, client_id 36 connected
I1102 19:13:40.583211 IO-0/EL  message_connection.cpp:269] FuncWorkerConnection[1-36]: Handshake done
I1102 19:13:40.583643 Server/E engine.cpp:674] Engine: New message connection
I1102 19:13:40.583665 IO-0/EL  engine.cpp:277] Engine: Receive new handshake message from message connection
I1102 19:13:40.583669 IO-0/EL  worker_manager.cpp:60] WorkerManager: FuncWorker of func_id 1, client_id 37 connected
I1102 19:13:40.583681 IO-0/EL  message_connection.cpp:269] FuncWorkerConnection[1-37]: Handshake done
I1102 19:13:40.584105 Server/E engine.cpp:674] Engine: New message connection
I1102 19:13:40.584130 IO-0/EL  engine.cpp:277] Engine: Receive new handshake message from message connection
I1102 19:13:40.584135 IO-0/EL  worker_manager.cpp:60] WorkerManager: FuncWorker of func_id 1, client_id 38 connected
I1102 19:13:40.584146 IO-0/EL  message_connection.cpp:269] FuncWorkerConnection[1-38]: Handshake done
I1102 19:13:40.584519 Server/E engine.cpp:674] Engine: New message connection
I1102 19:13:40.584544 IO-0/EL  engine.cpp:277] Engine: Receive new handshake message from message connection
I1102 19:13:40.584548 IO-0/EL  worker_manager.cpp:60] WorkerManager: FuncWorker of func_id 1, client_id 39 connected
I1102 19:13:40.584559 IO-0/EL  message_connection.cpp:269] FuncWorkerConnection[1-39]: Handshake done
I1102 19:13:40.585053 Server/E engine.cpp:674] Engine: New message connection
I1102 19:13:40.585080 IO-0/EL  engine.cpp:277] Engine: Receive new handshake message from message connection
I1102 19:13:40.585085 IO-0/EL  worker_manager.cpp:60] WorkerManager: FuncWorker of func_id 1, client_id 40 connected
I1102 19:13:40.585096 IO-0/EL  message_connection.cpp:269] FuncWorkerConnection[1-40]: Handshake done
I1102 19:13:40.585610 Server/E engine.cpp:674] Engine: New message connection
I1102 19:13:40.585631 IO-0/EL  engine.cpp:277] Engine: Receive new handshake message from message connection
I1102 19:13:40.585635 IO-0/EL  worker_manager.cpp:60] WorkerManager: FuncWorker of func_id 1, client_id 41 connected
I1102 19:13:40.585649 IO-0/EL  message_connection.cpp:269] FuncWorkerConnection[1-41]: Handshake done
I1102 19:13:40.586089 Server/E engine.cpp:674] Engine: New message connection
I1102 19:13:40.586130 IO-0/EL  engine.cpp:277] Engine: Receive new handshake message from message connection
I1102 19:13:40.586134 IO-0/EL  worker_manager.cpp:60] WorkerManager: FuncWorker of func_id 1, client_id 42 connected
I1102 19:13:40.586145 IO-0/EL  message_connection.cpp:269] FuncWorkerConnection[1-42]: Handshake done
I1102 19:13:40.586548 Server/E engine.cpp:674] Engine: New message connection
I1102 19:13:40.586579 IO-0/EL  engine.cpp:277] Engine: Receive new handshake message from message connection
I1102 19:13:40.586583 IO-0/EL  worker_manager.cpp:60] WorkerManager: FuncWorker of func_id 1, client_id 43 connected
I1102 19:13:40.586595 IO-0/EL  message_connection.cpp:269] FuncWorkerConnection[1-43]: Handshake done
I1102 19:13:40.587093 Server/E engine.cpp:674] Engine: New message connection
I1102 19:13:40.587122 IO-0/EL  engine.cpp:277] Engine: Receive new handshake message from message connection
I1102 19:13:40.587126 IO-0/EL  worker_manager.cpp:60] WorkerManager: FuncWorker of func_id 1, client_id 44 connected
I1102 19:13:40.587138 IO-0/EL  message_connection.cpp:269] FuncWorkerConnection[1-44]: Handshake done
I1102 19:13:40.587518 Server/E engine.cpp:674] Engine: New message connection
I1102 19:13:40.587560 IO-0/EL  engine.cpp:277] Engine: Receive new handshake message from message connection
I1102 19:13:40.587564 IO-0/EL  worker_manager.cpp:60] WorkerManager: FuncWorker of func_id 1, client_id 45 connected
I1102 19:13:40.587574 IO-0/EL  message_connection.cpp:269] FuncWorkerConnection[1-45]: Handshake done
I1102 19:13:40.588005 Server/E engine.cpp:674] Engine: New message connection
I1102 19:13:40.588028 IO-0/EL  engine.cpp:277] Engine: Receive new handshake message from message connection
I1102 19:13:40.588032 IO-0/EL  worker_manager.cpp:60] WorkerManager: FuncWorker of func_id 1, client_id 46 connected
I1102 19:13:40.588043 IO-0/EL  message_connection.cpp:269] FuncWorkerConnection[1-46]: Handshake done
I1102 19:13:40.588549 Server/E engine.cpp:674] Engine: New message connection
I1102 19:13:40.588588 IO-0/EL  engine.cpp:277] Engine: Receive new handshake message from message connection
I1102 19:13:40.588592 IO-0/EL  worker_manager.cpp:60] WorkerManager: FuncWorker of func_id 1, client_id 47 connected
I1102 19:13:40.588603 IO-0/EL  message_connection.cpp:269] FuncWorkerConnection[1-47]: Handshake done
I1102 19:13:40.589004 Server/E engine.cpp:674] Engine: New message connection
I1102 19:13:40.589031 IO-0/EL  engine.cpp:277] Engine: Receive new handshake message from message connection
I1102 19:13:40.589035 IO-0/EL  worker_manager.cpp:60] WorkerManager: FuncWorker of func_id 1, client_id 48 connected
I1102 19:13:40.589047 IO-0/EL  message_connection.cpp:269] FuncWorkerConnection[1-48]: Handshake done
I1102 19:13:40.589523 Server/E engine.cpp:674] Engine: New message connection
I1102 19:13:40.589565 IO-0/EL  engine.cpp:277] Engine: Receive new handshake message from message connection
I1102 19:13:40.589570 IO-0/EL  worker_manager.cpp:60] WorkerManager: FuncWorker of func_id 1, client_id 49 connected
I1102 19:13:40.589582 IO-0/EL  message_connection.cpp:269] FuncWorkerConnection[1-49]: Handshake done
I1102 19:13:40.589942 Server/E engine.cpp:674] Engine: New message connection
I1102 19:13:40.589986 IO-0/EL  engine.cpp:277] Engine: Receive new handshake message from message connection
I1102 19:13:40.589990 IO-0/EL  worker_manager.cpp:60] WorkerManager: FuncWorker of func_id 1, client_id 50 connected
I1102 19:13:40.590002 IO-0/EL  message_connection.cpp:269] FuncWorkerConnection[1-50]: Handshake done
I1102 19:13:40.590411 Server/E engine.cpp:674] Engine: New message connection
I1102 19:13:40.590450 IO-0/EL  engine.cpp:277] Engine: Receive new handshake message from message connection
I1102 19:13:40.590454 IO-0/EL  worker_manager.cpp:60] WorkerManager: FuncWorker of func_id 1, client_id 51 connected
I1102 19:13:40.590466 IO-0/EL  message_connection.cpp:269] FuncWorkerConnection[1-51]: Handshake done
I1102 19:13:40.590899 Server/E engine.cpp:674] Engine: New message connection
I1102 19:13:40.590924 IO-0/EL  engine.cpp:277] Engine: Receive new handshake message from message connection
I1102 19:13:40.590928 IO-0/EL  worker_manager.cpp:60] WorkerManager: FuncWorker of func_id 1, client_id 52 connected
I1102 19:13:40.590938 IO-0/EL  message_connection.cpp:269] FuncWorkerConnection[1-52]: Handshake done
I1102 19:13:40.591400 Server/E engine.cpp:674] Engine: New message connection
I1102 19:13:40.591433 IO-0/EL  engine.cpp:277] Engine: Receive new handshake message from message connection
I1102 19:13:40.591438 IO-0/EL  worker_manager.cpp:60] WorkerManager: FuncWorker of func_id 1, client_id 53 connected
I1102 19:13:40.591449 IO-0/EL  message_connection.cpp:269] FuncWorkerConnection[1-53]: Handshake done
I1102 19:13:40.591849 Server/E engine.cpp:674] Engine: New message connection
I1102 19:13:40.591887 IO-0/EL  engine.cpp:277] Engine: Receive new handshake message from message connection
I1102 19:13:40.591892 IO-0/EL  worker_manager.cpp:60] WorkerManager: FuncWorker of func_id 1, client_id 54 connected
I1102 19:13:40.591903 IO-0/EL  message_connection.cpp:269] FuncWorkerConnection[1-54]: Handshake done
I1102 19:13:40.592317 Server/E engine.cpp:674] Engine: New message connection
I1102 19:13:40.592344 IO-0/EL  engine.cpp:277] Engine: Receive new handshake message from message connection
I1102 19:13:40.592348 IO-0/EL  worker_manager.cpp:60] WorkerManager: FuncWorker of func_id 1, client_id 55 connected
I1102 19:13:40.592359 IO-0/EL  message_connection.cpp:269] FuncWorkerConnection[1-55]: Handshake done
I1102 19:13:40.592805 Server/E engine.cpp:674] Engine: New message connection
I1102 19:13:40.592851 IO-0/EL  engine.cpp:277] Engine: Receive new handshake message from message connection
I1102 19:13:40.592855 IO-0/EL  worker_manager.cpp:60] WorkerManager: FuncWorker of func_id 1, client_id 56 connected
I1102 19:13:40.592866 IO-0/EL  message_connection.cpp:269] FuncWorkerConnection[1-56]: Handshake done
I1102 19:13:40.593305 Server/E engine.cpp:674] Engine: New message connection
I1102 19:13:40.593330 IO-0/EL  engine.cpp:277] Engine: Receive new handshake message from message connection
I1102 19:13:40.593334 IO-0/EL  worker_manager.cpp:60] WorkerManager: FuncWorker of func_id 1, client_id 57 connected
I1102 19:13:40.593352 IO-0/EL  message_connection.cpp:269] FuncWorkerConnection[1-57]: Handshake done
I1102 19:13:40.593876 Server/E engine.cpp:674] Engine: New message connection
I1102 19:13:40.593909 IO-0/EL  engine.cpp:277] Engine: Receive new handshake message from message connection
I1102 19:13:40.593914 IO-0/EL  worker_manager.cpp:60] WorkerManager: FuncWorker of func_id 1, client_id 58 connected
I1102 19:13:40.593925 IO-0/EL  message_connection.cpp:269] FuncWorkerConnection[1-58]: Handshake done
I1102 19:13:40.594313 Server/E engine.cpp:674] Engine: New message connection
I1102 19:13:40.594334 IO-0/EL  engine.cpp:277] Engine: Receive new handshake message from message connection
I1102 19:13:40.594338 IO-0/EL  worker_manager.cpp:60] WorkerManager: FuncWorker of func_id 1, client_id 59 connected
I1102 19:13:40.594349 IO-0/EL  message_connection.cpp:269] FuncWorkerConnection[1-59]: Handshake done
I1102 19:13:40.594842 Server/E engine.cpp:674] Engine: New message connection
I1102 19:13:40.594867 IO-0/EL  engine.cpp:277] Engine: Receive new handshake message from message connection
I1102 19:13:40.594871 IO-0/EL  worker_manager.cpp:60] WorkerManager: FuncWorker of func_id 1, client_id 60 connected
I1102 19:13:40.594883 IO-0/EL  message_connection.cpp:269] FuncWorkerConnection[1-60]: Handshake done
I1102 19:13:40.595288 Server/E engine.cpp:674] Engine: New message connection
I1102 19:13:40.595307 IO-0/EL  engine.cpp:277] Engine: Receive new handshake message from message connection
I1102 19:13:40.595311 IO-0/EL  worker_manager.cpp:60] WorkerManager: FuncWorker of func_id 1, client_id 61 connected
I1102 19:13:40.595322 IO-0/EL  message_connection.cpp:269] FuncWorkerConnection[1-61]: Handshake done
I1102 19:13:40.595820 Server/E engine.cpp:674] Engine: New message connection
I1102 19:13:40.595846 IO-0/EL  engine.cpp:277] Engine: Receive new handshake message from message connection
I1102 19:13:40.595850 IO-0/EL  worker_manager.cpp:60] WorkerManager: FuncWorker of func_id 1, client_id 62 connected
I1102 19:13:40.595861 IO-0/EL  message_connection.cpp:269] FuncWorkerConnection[1-62]: Handshake done
I1102 19:13:40.596255 Server/E engine.cpp:674] Engine: New message connection
I1102 19:13:40.596275 IO-0/EL  engine.cpp:277] Engine: Receive new handshake message from message connection
I1102 19:13:40.596279 IO-0/EL  worker_manager.cpp:60] WorkerManager: FuncWorker of func_id 1, client_id 63 connected
I1102 19:13:40.596293 IO-0/EL  message_connection.cpp:269] FuncWorkerConnection[1-63]: Handshake done
I1102 19:13:40.596768 Server/E engine.cpp:674] Engine: New message connection
I1102 19:13:40.596791 IO-0/EL  engine.cpp:277] Engine: Receive new handshake message from message connection
I1102 19:13:40.596795 IO-0/EL  worker_manager.cpp:60] WorkerManager: FuncWorker of func_id 1, client_id 64 connected
I1102 19:13:40.596807 IO-0/EL  message_connection.cpp:269] FuncWorkerConnection[1-64]: Handshake done
I1102 19:13:40.597281 Server/E engine.cpp:674] Engine: New message connection
I1102 19:13:40.597318 IO-0/EL  engine.cpp:277] Engine: Receive new handshake message from message connection
I1102 19:13:40.597322 IO-0/EL  worker_manager.cpp:60] WorkerManager: FuncWorker of func_id 1, client_id 65 connected
I1102 19:13:40.597334 IO-0/EL  message_connection.cpp:269] FuncWorkerConnection[1-65]: Handshake done
I1102 19:13:40.597955 Server/E engine.cpp:674] Engine: New message connection
I1102 19:13:40.597983 IO-0/EL  engine.cpp:277] Engine: Receive new handshake message from message connection
I1102 19:13:40.597988 IO-0/EL  worker_manager.cpp:60] WorkerManager: FuncWorker of func_id 1, client_id 66 connected
I1102 19:13:40.597998 IO-0/EL  message_connection.cpp:269] FuncWorkerConnection[1-66]: Handshake done
I1102 19:13:40.598422 Server/E engine.cpp:674] Engine: New message connection
I1102 19:13:40.598452 IO-0/EL  engine.cpp:277] Engine: Receive new handshake message from message connection
I1102 19:13:40.598456 IO-0/EL  worker_manager.cpp:60] WorkerManager: FuncWorker of func_id 1, client_id 67 connected
I1102 19:13:40.598467 IO-0/EL  message_connection.cpp:269] FuncWorkerConnection[1-67]: Handshake done
I1102 19:13:40.598842 Server/E engine.cpp:674] Engine: New message connection
I1102 19:13:40.598882 IO-0/EL  engine.cpp:277] Engine: Receive new handshake message from message connection
I1102 19:13:40.598886 IO-0/EL  worker_manager.cpp:60] WorkerManager: FuncWorker of func_id 1, client_id 68 connected
I1102 19:13:40.598897 IO-0/EL  message_connection.cpp:269] FuncWorkerConnection[1-68]: Handshake done
I1102 19:13:40.599295 Server/E engine.cpp:674] Engine: New message connection
I1102 19:13:40.599322 IO-0/EL  engine.cpp:277] Engine: Receive new handshake message from message connection
I1102 19:13:40.599326 IO-0/EL  worker_manager.cpp:60] WorkerManager: FuncWorker of func_id 1, client_id 69 connected
I1102 19:13:40.599337 IO-0/EL  message_connection.cpp:269] FuncWorkerConnection[1-69]: Handshake done
I1102 19:13:40.599741 Server/E engine.cpp:674] Engine: New message connection
I1102 19:13:40.599782 IO-0/EL  engine.cpp:277] Engine: Receive new handshake message from message connection
I1102 19:13:40.599786 IO-0/EL  worker_manager.cpp:60] WorkerManager: FuncWorker of func_id 1, client_id 70 connected
I1102 19:13:40.599800 IO-0/EL  message_connection.cpp:269] FuncWorkerConnection[1-70]: Handshake done
I1102 19:13:40.600224 Server/E engine.cpp:674] Engine: New message connection
I1102 19:13:40.600259 IO-0/EL  engine.cpp:277] Engine: Receive new handshake message from message connection
I1102 19:13:40.600263 IO-0/EL  worker_manager.cpp:60] WorkerManager: FuncWorker of func_id 1, client_id 71 connected
I1102 19:13:40.600273 IO-0/EL  message_connection.cpp:269] FuncWorkerConnection[1-71]: Handshake done
I1102 19:13:40.600619 Server/E engine.cpp:674] Engine: New message connection
I1102 19:13:40.600648 IO-0/EL  engine.cpp:277] Engine: Receive new handshake message from message connection
I1102 19:13:40.600653 IO-0/EL  worker_manager.cpp:60] WorkerManager: FuncWorker of func_id 1, client_id 72 connected
I1102 19:13:40.600664 IO-0/EL  message_connection.cpp:269] FuncWorkerConnection[1-72]: Handshake done
I1102 19:13:40.601103 Server/E engine.cpp:674] Engine: New message connection
I1102 19:13:40.601132 IO-0/EL  engine.cpp:277] Engine: Receive new handshake message from message connection
I1102 19:13:40.601136 IO-0/EL  worker_manager.cpp:60] WorkerManager: FuncWorker of func_id 1, client_id 73 connected
I1102 19:13:40.601147 IO-0/EL  message_connection.cpp:269] FuncWorkerConnection[1-73]: Handshake done
I1102 19:13:40.601589 Server/E engine.cpp:674] Engine: New message connection
I1102 19:13:40.601617 IO-0/EL  engine.cpp:277] Engine: Receive new handshake message from message connection
I1102 19:13:40.601621 IO-0/EL  worker_manager.cpp:60] WorkerManager: FuncWorker of func_id 1, client_id 74 connected
I1102 19:13:40.601632 IO-0/EL  message_connection.cpp:269] FuncWorkerConnection[1-74]: Handshake done
I1102 19:13:40.602245 Server/E engine.cpp:674] Engine: New message connection
I1102 19:13:40.602274 IO-0/EL  engine.cpp:277] Engine: Receive new handshake message from message connection
I1102 19:13:40.602278 IO-0/EL  worker_manager.cpp:60] WorkerManager: FuncWorker of func_id 1, client_id 75 connected
I1102 19:13:40.602289 IO-0/EL  message_connection.cpp:269] FuncWorkerConnection[1-75]: Handshake done
I1102 19:13:40.602607 Server/E engine.cpp:674] Engine: New message connection
I1102 19:13:40.602637 IO-0/EL  engine.cpp:277] Engine: Receive new handshake message from message connection
I1102 19:13:40.602641 IO-0/EL  worker_manager.cpp:60] WorkerManager: FuncWorker of func_id 1, client_id 76 connected
I1102 19:13:40.602652 IO-0/EL  message_connection.cpp:269] FuncWorkerConnection[1-76]: Handshake done
I1102 19:13:40.603098 Server/E engine.cpp:674] Engine: New message connection
I1102 19:13:40.603126 IO-0/EL  engine.cpp:277] Engine: Receive new handshake message from message connection
I1102 19:13:40.603130 IO-0/EL  worker_manager.cpp:60] WorkerManager: FuncWorker of func_id 1, client_id 77 connected
I1102 19:13:40.603141 IO-0/EL  message_connection.cpp:269] FuncWorkerConnection[1-77]: Handshake done
I1102 19:13:40.603611 Server/E engine.cpp:674] Engine: New message connection
I1102 19:13:40.603643 IO-0/EL  engine.cpp:277] Engine: Receive new handshake message from message connection
I1102 19:13:40.603662 IO-0/EL  worker_manager.cpp:60] WorkerManager: FuncWorker of func_id 1, client_id 78 connected
I1102 19:13:40.603673 IO-0/EL  message_connection.cpp:269] FuncWorkerConnection[1-78]: Handshake done
I1102 19:13:40.621738 Server/E engine.cpp:674] Engine: New message connection
I1102 19:13:40.621787 Server/E engine.cpp:674] Engine: New message connection
I1102 19:13:40.621794 IO-0/EL  engine.cpp:277] Engine: Receive new handshake message from message connection
I1102 19:13:40.621800 IO-0/EL  worker_manager.cpp:60] WorkerManager: FuncWorker of func_id 1, client_id 79 connected
I1102 19:13:40.621806 Server/E engine.cpp:674] Engine: New message connection
I1102 19:13:40.621814 IO-0/EL  message_connection.cpp:269] FuncWorkerConnection[1-79]: Handshake done
I1102 19:13:40.621821 Server/E engine.cpp:674] Engine: New message connection
I1102 19:13:40.621833 IO-0/EL  engine.cpp:277] Engine: Receive new handshake message from message connection
I1102 19:13:40.621836 Server/E engine.cpp:674] Engine: New message connection
I1102 19:13:40.621837 IO-0/EL  worker_manager.cpp:60] WorkerManager: FuncWorker of func_id 1, client_id 80 connected
I1102 19:13:40.621851 Server/E engine.cpp:674] Engine: New message connection
I1102 19:13:40.621855 IO-0/EL  message_connection.cpp:269] FuncWorkerConnection[1-80]: Handshake done
I1102 19:13:40.621864 Server/E engine.cpp:674] Engine: New message connection
I1102 19:13:40.621868 IO-0/EL  engine.cpp:277] Engine: Receive new handshake message from message connection
I1102 19:13:40.621872 IO-0/EL  worker_manager.cpp:60] WorkerManager: FuncWorker of func_id 1, client_id 81 connected
I1102 19:13:40.621879 Server/E engine.cpp:674] Engine: New message connection
I1102 19:13:40.621883 IO-0/EL  message_connection.cpp:269] FuncWorkerConnection[1-81]: Handshake done
I1102 19:13:40.621892 Server/E engine.cpp:674] Engine: New message connection
I1102 19:13:40.621898 IO-0/EL  engine.cpp:277] Engine: Receive new handshake message from message connection
I1102 19:13:40.621902 IO-0/EL  worker_manager.cpp:60] WorkerManager: FuncWorker of func_id 1, client_id 82 connected
I1102 19:13:40.621905 Server/E engine.cpp:674] Engine: New message connection
I1102 19:13:40.621913 IO-0/EL  message_connection.cpp:269] FuncWorkerConnection[1-82]: Handshake done
I1102 19:13:40.621921 Server/E engine.cpp:674] Engine: New message connection
I1102 19:13:40.621924 IO-0/EL  engine.cpp:277] Engine: Receive new handshake message from message connection
I1102 19:13:40.621928 IO-0/EL  worker_manager.cpp:60] WorkerManager: FuncWorker of func_id 1, client_id 83 connected
I1102 19:13:40.621940 IO-0/EL  message_connection.cpp:269] FuncWorkerConnection[1-83]: Handshake done
I1102 19:13:40.621940 Server/E engine.cpp:674] Engine: New message connection
I1102 19:13:40.621955 IO-0/EL  engine.cpp:277] Engine: Receive new handshake message from message connection
I1102 19:13:40.621959 IO-0/EL  worker_manager.cpp:60] WorkerManager: FuncWorker of func_id 1, client_id 84 connected
I1102 19:13:40.621959 Server/E engine.cpp:674] Engine: New message connection
I1102 19:13:40.621974 IO-0/EL  message_connection.cpp:269] FuncWorkerConnection[1-84]: Handshake done
I1102 19:13:40.621974 Server/E engine.cpp:674] Engine: New message connection
I1102 19:13:40.621987 IO-0/EL  engine.cpp:277] Engine: Receive new handshake message from message connection
I1102 19:13:40.621991 IO-0/EL  worker_manager.cpp:60] WorkerManager: FuncWorker of func_id 1, client_id 85 connected
I1102 19:13:40.621994 Server/E engine.cpp:674] Engine: New message connection
I1102 19:13:40.622006 IO-0/EL  message_connection.cpp:269] FuncWorkerConnection[1-85]: Handshake done
I1102 19:13:40.622009 Server/E engine.cpp:674] Engine: New message connection
I1102 19:13:40.622019 IO-0/EL  engine.cpp:277] Engine: Receive new handshake message from message connection
I1102 19:13:40.622022 Server/E engine.cpp:674] Engine: New message connection
I1102 19:13:40.622023 IO-0/EL  worker_manager.cpp:60] WorkerManager: FuncWorker of func_id 1, client_id 86 connected
I1102 19:13:40.622040 Server/E engine.cpp:674] Engine: New message connection
I1102 19:13:40.622057 IO-0/EL  message_connection.cpp:269] FuncWorkerConnection[1-86]: Handshake done
I1102 19:13:40.622067 Server/E engine.cpp:674] Engine: New message connection
I1102 19:13:40.622075 IO-0/EL  engine.cpp:277] Engine: Receive new handshake message from message connection
I1102 19:13:40.622079 IO-0/EL  worker_manager.cpp:60] WorkerManager: FuncWorker of func_id 1, client_id 87 connected
I1102 19:13:40.622081 Server/E engine.cpp:674] Engine: New message connection
I1102 19:13:40.622092 IO-0/EL  message_connection.cpp:269] FuncWorkerConnection[1-87]: Handshake done
I1102 19:13:40.622096 Server/E engine.cpp:674] Engine: New message connection
I1102 19:13:40.622104 IO-0/EL  engine.cpp:277] Engine: Receive new handshake message from message connection
I1102 19:13:40.622108 IO-0/EL  worker_manager.cpp:60] WorkerManager: FuncWorker of func_id 1, client_id 88 connected
I1102 19:13:40.622114 Server/E engine.cpp:674] Engine: New message connection
I1102 19:13:40.622119 IO-0/EL  message_connection.cpp:269] FuncWorkerConnection[1-88]: Handshake done
I1102 19:13:40.622126 Server/E engine.cpp:674] Engine: New message connection
I1102 19:13:40.622136 IO-0/EL  engine.cpp:277] Engine: Receive new handshake message from message connection
I1102 19:13:40.622140 IO-0/EL  worker_manager.cpp:60] WorkerManager: FuncWorker of func_id 1, client_id 89 connected
I1102 19:13:40.622141 Server/E engine.cpp:674] Engine: New message connection
I1102 19:13:40.622152 IO-0/EL  message_connection.cpp:269] FuncWorkerConnection[1-89]: Handshake done
I1102 19:13:40.622156 Server/E engine.cpp:674] Engine: New message connection
I1102 19:13:40.622164 IO-0/EL  engine.cpp:277] Engine: Receive new handshake message from message connection
I1102 19:13:40.622168 IO-0/EL  worker_manager.cpp:60] WorkerManager: FuncWorker of func_id 1, client_id 90 connected
I1102 19:13:40.622173 Server/E engine.cpp:674] Engine: New message connection
I1102 19:13:40.622179 IO-0/EL  message_connection.cpp:269] FuncWorkerConnection[1-90]: Handshake done
I1102 19:13:40.622194 IO-0/EL  engine.cpp:277] Engine: Receive new handshake message from message connection
I1102 19:13:40.622195 Server/E engine.cpp:674] Engine: New message connection
I1102 19:13:40.622198 IO-0/EL  worker_manager.cpp:60] WorkerManager: FuncWorker of func_id 1, client_id 91 connected
I1102 19:13:40.622222 IO-0/EL  message_connection.cpp:269] FuncWorkerConnection[1-91]: Handshake done
I1102 19:13:40.622222 Server/E engine.cpp:674] Engine: New message connection
I1102 19:13:40.622236 IO-0/EL  engine.cpp:277] Engine: Receive new handshake message from message connection
I1102 19:13:40.622240 IO-0/EL  worker_manager.cpp:60] WorkerManager: FuncWorker of func_id 1, client_id 92 connected
I1102 19:13:40.622245 Server/E engine.cpp:674] Engine: New message connection
I1102 19:13:40.622252 IO-0/EL  message_connection.cpp:269] FuncWorkerConnection[1-92]: Handshake done
I1102 19:13:40.622268 IO-0/EL  engine.cpp:277] Engine: Receive new handshake message from message connection
I1102 19:13:40.622268 Server/E engine.cpp:674] Engine: New message connection
I1102 19:13:40.622271 IO-0/EL  worker_manager.cpp:60] WorkerManager: FuncWorker of func_id 1, client_id 93 connected
I1102 19:13:40.622298 Server/E engine.cpp:674] Engine: New message connection
I1102 19:13:40.622303 IO-0/EL  message_connection.cpp:269] FuncWorkerConnection[1-93]: Handshake done
I1102 19:13:40.622319 IO-0/EL  engine.cpp:277] Engine: Receive new handshake message from message connection
I1102 19:13:40.622323 IO-0/EL  worker_manager.cpp:60] WorkerManager: FuncWorker of func_id 1, client_id 94 connected
I1102 19:13:40.622324 Server/E engine.cpp:674] Engine: New message connection
I1102 19:13:40.622334 IO-0/EL  message_connection.cpp:269] FuncWorkerConnection[1-94]: Handshake done
I1102 19:13:40.622344 Server/E engine.cpp:674] Engine: New message connection
I1102 19:13:40.622351 IO-0/EL  engine.cpp:277] Engine: Receive new handshake message from message connection
I1102 19:13:40.622360 IO-0/EL  worker_manager.cpp:60] WorkerManager: FuncWorker of func_id 1, client_id 95 connected
I1102 19:13:40.622367 Server/E engine.cpp:674] Engine: New message connection
I1102 19:13:40.622372 IO-0/EL  message_connection.cpp:269] FuncWorkerConnection[1-95]: Handshake done
I1102 19:13:40.622396 IO-0/EL  engine.cpp:277] Engine: Receive new handshake message from message connection
I1102 19:13:40.622400 IO-0/EL  worker_manager.cpp:60] WorkerManager: FuncWorker of func_id 1, client_id 96 connected
I1102 19:13:40.622400 Server/E engine.cpp:674] Engine: New message connection
I1102 19:13:40.622412 IO-0/EL  message_connection.cpp:269] FuncWorkerConnection[1-96]: Handshake done
I1102 19:13:40.622422 Server/E engine.cpp:674] Engine: New message connection
I1102 19:13:40.622433 IO-0/EL  engine.cpp:277] Engine: Receive new handshake message from message connection
I1102 19:13:40.622437 IO-0/EL  worker_manager.cpp:60] WorkerManager: FuncWorker of func_id 1, client_id 97 connected
I1102 19:13:40.622443 Server/E engine.cpp:674] Engine: New message connection
I1102 19:13:40.622448 IO-0/EL  message_connection.cpp:269] FuncWorkerConnection[1-97]: Handshake done
I1102 19:13:40.622462 IO-0/EL  engine.cpp:277] Engine: Receive new handshake message from message connection
I1102 19:13:40.622466 IO-0/EL  worker_manager.cpp:60] WorkerManager: FuncWorker of func_id 1, client_id 98 connected
I1102 19:13:40.622465 Server/E engine.cpp:674] Engine: New message connection
I1102 19:13:40.622481 IO-0/EL  message_connection.cpp:269] FuncWorkerConnection[1-98]: Handshake done
I1102 19:13:40.622492 Server/E engine.cpp:674] Engine: New message connection
I1102 19:13:40.622497 IO-0/EL  engine.cpp:277] Engine: Receive new handshake message from message connection
I1102 19:13:40.622502 IO-0/EL  worker_manager.cpp:60] WorkerManager: FuncWorker of func_id 1, client_id 99 connected
I1102 19:13:40.622512 Server/E engine.cpp:674] Engine: New message connection
I1102 19:13:40.622514 IO-0/EL  message_connection.cpp:269] FuncWorkerConnection[1-99]: Handshake done
I1102 19:13:40.622544 IO-0/EL  engine.cpp:277] Engine: Receive new handshake message from message connection
I1102 19:13:40.622548 IO-0/EL  worker_manager.cpp:60] WorkerManager: FuncWorker of func_id 1, client_id 100 connected
I1102 19:13:40.622566 IO-0/EL  message_connection.cpp:269] FuncWorkerConnection[1-100]: Handshake done
I1102 19:13:40.622582 IO-0/EL  engine.cpp:277] Engine: Receive new handshake message from message connection
I1102 19:13:40.622586 IO-0/EL  worker_manager.cpp:60] WorkerManager: FuncWorker of func_id 1, client_id 101 connected
I1102 19:13:40.622598 IO-0/EL  message_connection.cpp:269] FuncWorkerConnection[1-101]: Handshake done
I1102 19:13:40.622614 IO-0/EL  engine.cpp:277] Engine: Receive new handshake message from message connection
I1102 19:13:40.622618 IO-0/EL  worker_manager.cpp:60] WorkerManager: FuncWorker of func_id 1, client_id 102 connected
I1102 19:13:40.622628 IO-0/EL  message_connection.cpp:269] FuncWorkerConnection[1-102]: Handshake done
I1102 19:13:40.622642 IO-0/EL  engine.cpp:277] Engine: Receive new handshake message from message connection
I1102 19:13:40.622647 IO-0/EL  worker_manager.cpp:60] WorkerManager: FuncWorker of func_id 1, client_id 103 connected
I1102 19:13:40.622662 IO-0/EL  message_connection.cpp:269] FuncWorkerConnection[1-103]: Handshake done
I1102 19:13:40.622684 IO-0/EL  engine.cpp:277] Engine: Receive new handshake message from message connection
I1102 19:13:40.622690 IO-0/EL  worker_manager.cpp:60] WorkerManager: FuncWorker of func_id 1, client_id 104 connected
I1102 19:13:40.622706 IO-0/EL  message_connection.cpp:269] FuncWorkerConnection[1-104]: Handshake done
I1102 19:13:40.622732 IO-0/EL  engine.cpp:277] Engine: Receive new handshake message from message connection
I1102 19:13:40.622738 IO-0/EL  worker_manager.cpp:60] WorkerManager: FuncWorker of func_id 1, client_id 105 connected
I1102 19:13:40.622754 IO-0/EL  message_connection.cpp:269] FuncWorkerConnection[1-105]: Handshake done
I1102 19:13:40.622789 IO-0/EL  engine.cpp:277] Engine: Receive new handshake message from message connection
I1102 19:13:40.622796 IO-0/EL  worker_manager.cpp:60] WorkerManager: FuncWorker of func_id 1, client_id 106 connected
I1102 19:13:40.622815 IO-0/EL  message_connection.cpp:269] FuncWorkerConnection[1-106]: Handshake done
I1102 19:13:40.622832 IO-0/EL  engine.cpp:277] Engine: Receive new handshake message from message connection
I1102 19:13:40.622838 IO-0/EL  worker_manager.cpp:60] WorkerManager: FuncWorker of func_id 1, client_id 107 connected
I1102 19:13:40.622846 Server/E engine.cpp:674] Engine: New message connection
I1102 19:13:40.622855 IO-0/EL  message_connection.cpp:269] FuncWorkerConnection[1-107]: Handshake done
I1102 19:13:40.622946 IO-0/EL  engine.cpp:277] Engine: Receive new handshake message from message connection
I1102 19:13:40.622957 IO-0/EL  worker_manager.cpp:60] WorkerManager: FuncWorker of func_id 1, client_id 108 connected
I1102 19:13:40.622987 IO-0/EL  message_connection.cpp:269] FuncWorkerConnection[1-108]: Handshake done
I1102 19:13:40.623006 IO-0/EL  engine.cpp:277] Engine: Receive new handshake message from message connection
I1102 19:13:40.623011 IO-0/EL  worker_manager.cpp:60] WorkerManager: FuncWorker of func_id 1, client_id 109 connected
I1102 19:13:40.623029 IO-0/EL  message_connection.cpp:269] FuncWorkerConnection[1-109]: Handshake done
I1102 19:13:40.623053 IO-0/EL  engine.cpp:277] Engine: Receive new handshake message from message connection
I1102 19:13:40.623059 IO-0/EL  worker_manager.cpp:60] WorkerManager: FuncWorker of func_id 1, client_id 110 connected
I1102 19:13:40.623076 IO-0/EL  message_connection.cpp:269] FuncWorkerConnection[1-110]: Handshake done
I1102 19:13:40.623104 IO-0/EL  engine.cpp:277] Engine: Receive new handshake message from message connection
I1102 19:13:40.623109 IO-0/EL  worker_manager.cpp:60] WorkerManager: FuncWorker of func_id 1, client_id 111 connected
I1102 19:13:40.623127 IO-0/EL  message_connection.cpp:269] FuncWorkerConnection[1-111]: Handshake done
I1102 19:13:40.623148 IO-0/EL  engine.cpp:277] Engine: Receive new handshake message from message connection
I1102 19:13:40.623153 IO-0/EL  worker_manager.cpp:60] WorkerManager: FuncWorker of func_id 1, client_id 112 connected
I1102 19:13:40.623171 IO-0/EL  message_connection.cpp:269] FuncWorkerConnection[1-112]: Handshake done
I1102 19:13:40.623188 IO-0/EL  engine.cpp:277] Engine: Receive new handshake message from message connection
I1102 19:13:40.623193 IO-0/EL  worker_manager.cpp:60] WorkerManager: FuncWorker of func_id 1, client_id 113 connected
I1102 19:13:40.623225 IO-0/EL  message_connection.cpp:269] FuncWorkerConnection[1-113]: Handshake done
I1102 19:13:40.623246 IO-0/EL  engine.cpp:277] Engine: Receive new handshake message from message connection
I1102 19:13:40.623251 IO-0/EL  worker_manager.cpp:60] WorkerManager: FuncWorker of func_id 1, client_id 114 connected
I1102 19:13:40.623269 IO-0/EL  message_connection.cpp:269] FuncWorkerConnection[1-114]: Handshake done
I1102 19:13:40.623289 IO-0/EL  engine.cpp:277] Engine: Receive new handshake message from message connection
I1102 19:13:40.623295 IO-0/EL  worker_manager.cpp:60] WorkerManager: FuncWorker of func_id 1, client_id 115 connected
I1102 19:13:40.623839 IO-0/EL  message_connection.cpp:269] FuncWorkerConnection[1-115]: Handshake done
I1102 19:13:40.623893 IO-0/EL  engine.cpp:277] Engine: Receive new handshake message from message connection
I1102 19:13:40.623902 IO-0/EL  worker_manager.cpp:60] WorkerManager: FuncWorker of func_id 1, client_id 116 connected
I1102 19:13:40.623936 IO-0/EL  message_connection.cpp:269] FuncWorkerConnection[1-116]: Handshake done
I1102 19:13:40.623974 IO-0/EL  engine.cpp:277] Engine: Receive new handshake message from message connection
I1102 19:13:40.623982 IO-0/EL  worker_manager.cpp:60] WorkerManager: FuncWorker of func_id 1, client_id 117 connected
I1102 19:13:40.624006 IO-0/EL  message_connection.cpp:269] FuncWorkerConnection[1-117]: Handshake done
I1102 19:13:40.624030 IO-0/EL  engine.cpp:277] Engine: Receive new handshake message from message connection
I1102 19:13:40.624052 IO-0/EL  worker_manager.cpp:60] WorkerManager: FuncWorker of func_id 1, client_id 118 connected
I1102 19:13:40.624079 IO-0/EL  message_connection.cpp:269] FuncWorkerConnection[1-118]: Handshake done
I1102 19:13:40.624099 IO-0/EL  engine.cpp:277] Engine: Receive new handshake message from message connection
I1102 19:13:40.624106 IO-0/EL  worker_manager.cpp:60] WorkerManager: FuncWorker of func_id 1, client_id 119 connected
I1102 19:13:40.624126 IO-0/EL  message_connection.cpp:269] FuncWorkerConnection[1-119]: Handshake done
I1102 19:13:40.635048 Server/E engine.cpp:674] Engine: New message connection
I1102 19:13:40.635106 IO-0/EL  engine.cpp:277] Engine: Receive new handshake message from message connection
I1102 19:13:40.635121 IO-0/EL  worker_manager.cpp:60] WorkerManager: FuncWorker of func_id 1, client_id 120 connected
I1102 19:13:40.635154 IO-0/EL  message_connection.cpp:269] FuncWorkerConnection[1-120]: Handshake done
I1102 19:13:40.635423 Server/E engine.cpp:674] Engine: New message connection
I1102 19:13:40.635466 IO-0/EL  engine.cpp:277] Engine: Receive new handshake message from message connection
I1102 19:13:40.635470 IO-0/EL  worker_manager.cpp:60] WorkerManager: FuncWorker of func_id 1, client_id 121 connected
I1102 19:13:40.635484 IO-0/EL  message_connection.cpp:269] FuncWorkerConnection[1-121]: Handshake done
I1102 19:13:40.635790 Server/E engine.cpp:674] Engine: New message connection
I1102 19:13:40.635822 IO-0/EL  engine.cpp:277] Engine: Receive new handshake message from message connection
I1102 19:13:40.635828 IO-0/EL  worker_manager.cpp:60] WorkerManager: FuncWorker of func_id 1, client_id 122 connected
I1102 19:13:40.635847 IO-0/EL  message_connection.cpp:269] FuncWorkerConnection[1-122]: Handshake done
I1102 19:13:40.636175 Server/E engine.cpp:674] Engine: New message connection
I1102 19:13:40.636212 IO-0/EL  engine.cpp:277] Engine: Receive new handshake message from message connection
I1102 19:13:40.636216 IO-0/EL  worker_manager.cpp:60] WorkerManager: FuncWorker of func_id 1, client_id 123 connected
I1102 19:13:40.636229 IO-0/EL  message_connection.cpp:269] FuncWorkerConnection[1-123]: Handshake done
I1102 19:13:40.636723 Server/E engine.cpp:674] Engine: New message connection
I1102 19:13:40.636767 IO-0/EL  engine.cpp:277] Engine: Receive new handshake message from message connection
I1102 19:13:40.636772 IO-0/EL  worker_manager.cpp:60] WorkerManager: FuncWorker of func_id 1, client_id 124 connected
I1102 19:13:40.636786 IO-0/EL  message_connection.cpp:269] FuncWorkerConnection[1-124]: Handshake done
I1102 19:13:40.637299 Server/E engine.cpp:674] Engine: New message connection
I1102 19:13:40.637327 IO-0/EL  engine.cpp:277] Engine: Receive new handshake message from message connection
I1102 19:13:40.637332 IO-0/EL  worker_manager.cpp:60] WorkerManager: FuncWorker of func_id 1, client_id 125 connected
I1102 19:13:40.637348 IO-0/EL  message_connection.cpp:269] FuncWorkerConnection[1-125]: Handshake done
I1102 19:13:40.637654 Server/E engine.cpp:674] Engine: New message connection
I1102 19:13:40.637690 IO-0/EL  engine.cpp:277] Engine: Receive new handshake message from message connection
I1102 19:13:40.637695 IO-0/EL  worker_manager.cpp:60] WorkerManager: FuncWorker of func_id 1, client_id 126 connected
I1102 19:13:40.637708 IO-0/EL  message_connection.cpp:269] FuncWorkerConnection[1-126]: Handshake done
I1102 19:13:40.638174 Server/E engine.cpp:674] Engine: New message connection
I1102 19:13:40.638211 IO-0/EL  engine.cpp:277] Engine: Receive new handshake message from message connection
I1102 19:13:40.638216 IO-0/EL  worker_manager.cpp:60] WorkerManager: FuncWorker of func_id 1, client_id 127 connected
I1102 19:13:40.638236 IO-0/EL  message_connection.cpp:269] FuncWorkerConnection[1-127]: Handshake done
I1102 19:13:40.638890 Server/E engine.cpp:674] Engine: New message connection
I1102 19:13:40.638930 IO-0/EL  engine.cpp:277] Engine: Receive new handshake message from message connection
I1102 19:13:40.638935 IO-0/EL  worker_manager.cpp:60] WorkerManager: FuncWorker of func_id 1, client_id 128 connected
I1102 19:13:40.638961 IO-0/EL  message_connection.cpp:269] FuncWorkerConnection[1-128]: Handshake done
I1102 19:13:40.639444 Server/E engine.cpp:674] Engine: New message connection
I1102 19:13:40.639486 IO-0/EL  engine.cpp:277] Engine: Receive new handshake message from message connection
I1102 19:13:40.639491 IO-0/EL  worker_manager.cpp:60] WorkerManager: FuncWorker of func_id 1, client_id 129 connected
I1102 19:13:40.639504 IO-0/EL  message_connection.cpp:269] FuncWorkerConnection[1-129]: Handshake done
I1102 19:13:40.640216 Server/E engine.cpp:674] Engine: New message connection
I1102 19:13:40.640256 IO-0/EL  engine.cpp:277] Engine: Receive new handshake message from message connection
I1102 19:13:40.640261 IO-0/EL  worker_manager.cpp:60] WorkerManager: FuncWorker of func_id 1, client_id 130 connected
I1102 19:13:40.640274 IO-0/EL  message_connection.cpp:269] FuncWorkerConnection[1-130]: Handshake done
I1102 19:13:40.640673 Server/E engine.cpp:674] Engine: New message connection
I1102 19:13:40.640704 IO-0/EL  engine.cpp:277] Engine: Receive new handshake message from message connection
I1102 19:13:40.640713 IO-0/EL  worker_manager.cpp:60] WorkerManager: FuncWorker of func_id 1, client_id 131 connected
I1102 19:13:40.640729 IO-0/EL  message_connection.cpp:269] FuncWorkerConnection[1-131]: Handshake done
I1102 19:13:40.641056 Server/E engine.cpp:674] Engine: New message connection
I1102 19:13:40.641078 IO-0/EL  engine.cpp:277] Engine: Receive new handshake message from message connection
I1102 19:13:40.641083 IO-0/EL  worker_manager.cpp:60] WorkerManager: FuncWorker of func_id 1, client_id 132 connected
I1102 19:13:40.641095 IO-0/EL  message_connection.cpp:269] FuncWorkerConnection[1-132]: Handshake done
I1102 19:13:40.641597 Server/E engine.cpp:674] Engine: New message connection
I1102 19:13:40.641637 IO-0/EL  engine.cpp:277] Engine: Receive new handshake message from message connection
I1102 19:13:40.641641 IO-0/EL  worker_manager.cpp:60] WorkerManager: FuncWorker of func_id 1, client_id 133 connected
I1102 19:13:40.641655 IO-0/EL  message_connection.cpp:269] FuncWorkerConnection[1-133]: Handshake done
I1102 19:13:40.642127 Server/E engine.cpp:674] Engine: New message connection
I1102 19:13:40.642172 IO-0/EL  engine.cpp:277] Engine: Receive new handshake message from message connection
I1102 19:13:40.642177 IO-0/EL  worker_manager.cpp:60] WorkerManager: FuncWorker of func_id 1, client_id 134 connected
I1102 19:13:40.642191 IO-0/EL  message_connection.cpp:269] FuncWorkerConnection[1-134]: Handshake done
I1102 19:13:40.642601 Server/E engine.cpp:674] Engine: New message connection
I1102 19:13:40.642626 IO-0/EL  engine.cpp:277] Engine: Receive new handshake message from message connection
I1102 19:13:40.642631 IO-0/EL  worker_manager.cpp:60] WorkerManager: FuncWorker of func_id 1, client_id 135 connected
I1102 19:13:40.642644 IO-0/EL  message_connection.cpp:269] FuncWorkerConnection[1-135]: Handshake done
I1102 19:13:40.643057 Server/E engine.cpp:674] Engine: New message connection
I1102 19:13:40.643089 IO-0/EL  engine.cpp:277] Engine: Receive new handshake message from message connection
I1102 19:13:40.643094 IO-0/EL  worker_manager.cpp:60] WorkerManager: FuncWorker of func_id 1, client_id 136 connected
I1102 19:13:40.643107 IO-0/EL  message_connection.cpp:269] FuncWorkerConnection[1-136]: Handshake done
I1102 19:13:40.643869 Server/E engine.cpp:674] Engine: New message connection
I1102 19:13:40.643898 IO-0/EL  engine.cpp:277] Engine: Receive new handshake message from message connection
I1102 19:13:40.643904 IO-0/EL  worker_manager.cpp:60] WorkerManager: FuncWorker of func_id 1, client_id 137 connected
I1102 19:13:40.643919 IO-0/EL  message_connection.cpp:269] FuncWorkerConnection[1-137]: Handshake done
I1102 19:13:40.644494 Server/E engine.cpp:674] Engine: New message connection
I1102 19:13:40.644517 IO-0/EL  engine.cpp:277] Engine: Receive new handshake message from message connection
I1102 19:13:40.644521 IO-0/EL  worker_manager.cpp:60] WorkerManager: FuncWorker of func_id 1, client_id 138 connected
I1102 19:13:40.644545 IO-0/EL  message_connection.cpp:269] FuncWorkerConnection[1-138]: Handshake done
I1102 19:13:40.644784 Server/E engine.cpp:674] Engine: New message connection
I1102 19:13:40.644808 IO-0/EL  engine.cpp:277] Engine: Receive new handshake message from message connection
I1102 19:13:40.644813 IO-0/EL  worker_manager.cpp:60] WorkerManager: FuncWorker of func_id 1, client_id 139 connected
I1102 19:13:40.644826 IO-0/EL  message_connection.cpp:269] FuncWorkerConnection[1-139]: Handshake done
I1102 19:13:40.645290 Server/E engine.cpp:674] Engine: New message connection
I1102 19:13:40.645310 IO-0/EL  engine.cpp:277] Engine: Receive new handshake message from message connection
I1102 19:13:40.645315 IO-0/EL  worker_manager.cpp:60] WorkerManager: FuncWorker of func_id 1, client_id 140 connected
I1102 19:13:40.645332 IO-0/EL  message_connection.cpp:269] FuncWorkerConnection[1-140]: Handshake done
I1102 19:13:40.645759 Server/E engine.cpp:674] Engine: New message connection
I1102 19:13:40.645804 IO-0/EL  engine.cpp:277] Engine: Receive new handshake message from message connection
I1102 19:13:40.645809 IO-0/EL  worker_manager.cpp:60] WorkerManager: FuncWorker of func_id 1, client_id 141 connected
I1102 19:13:40.645824 IO-0/EL  message_connection.cpp:269] FuncWorkerConnection[1-141]: Handshake done
I1102 19:13:40.646313 Server/E engine.cpp:674] Engine: New message connection
I1102 19:13:40.646338 IO-0/EL  engine.cpp:277] Engine: Receive new handshake message from message connection
I1102 19:13:40.646343 IO-0/EL  worker_manager.cpp:60] WorkerManager: FuncWorker of func_id 1, client_id 142 connected
I1102 19:13:40.646356 IO-0/EL  message_connection.cpp:269] FuncWorkerConnection[1-142]: Handshake done
I1102 19:13:40.646839 Server/E engine.cpp:674] Engine: New message connection
I1102 19:13:40.646865 IO-0/EL  engine.cpp:277] Engine: Receive new handshake message from message connection
I1102 19:13:40.646869 IO-0/EL  worker_manager.cpp:60] WorkerManager: FuncWorker of func_id 1, client_id 143 connected
I1102 19:13:40.646883 IO-0/EL  message_connection.cpp:269] FuncWorkerConnection[1-143]: Handshake done
I1102 19:13:40.647640 Server/E engine.cpp:674] Engine: New message connection
I1102 19:13:40.647666 IO-0/EL  engine.cpp:277] Engine: Receive new handshake message from message connection
I1102 19:13:40.647671 IO-0/EL  worker_manager.cpp:60] WorkerManager: FuncWorker of func_id 1, client_id 144 connected
I1102 19:13:40.647684 IO-0/EL  message_connection.cpp:269] FuncWorkerConnection[1-144]: Handshake done
I1102 19:13:40.648038 Server/E engine.cpp:674] Engine: New message connection
I1102 19:13:40.648060 IO-0/EL  engine.cpp:277] Engine: Receive new handshake message from message connection
I1102 19:13:40.648065 IO-0/EL  worker_manager.cpp:60] WorkerManager: FuncWorker of func_id 1, client_id 145 connected
I1102 19:13:40.648079 IO-0/EL  message_connection.cpp:269] FuncWorkerConnection[1-145]: Handshake done
I1102 19:13:40.648553 Server/E engine.cpp:674] Engine: New message connection
I1102 19:13:40.648579 IO-0/EL  engine.cpp:277] Engine: Receive new handshake message from message connection
I1102 19:13:40.648584 IO-0/EL  worker_manager.cpp:60] WorkerManager: FuncWorker of func_id 1, client_id 146 connected
I1102 19:13:40.648597 IO-0/EL  message_connection.cpp:269] FuncWorkerConnection[1-146]: Handshake done
I1102 19:13:40.649179 Server/E engine.cpp:674] Engine: New message connection
I1102 19:13:40.649201 IO-0/EL  engine.cpp:277] Engine: Receive new handshake message from message connection
I1102 19:13:40.649206 IO-0/EL  worker_manager.cpp:60] WorkerManager: FuncWorker of func_id 1, client_id 147 connected
I1102 19:13:40.649219 IO-0/EL  message_connection.cpp:269] FuncWorkerConnection[1-147]: Handshake done
I1102 19:13:40.649738 Server/E engine.cpp:674] Engine: New message connection
I1102 19:13:40.649784 IO-0/EL  engine.cpp:277] Engine: Receive new handshake message from message connection
I1102 19:13:40.649789 IO-0/EL  worker_manager.cpp:60] WorkerManager: FuncWorker of func_id 1, client_id 148 connected
I1102 19:13:40.649809 IO-0/EL  message_connection.cpp:269] FuncWorkerConnection[1-148]: Handshake done
I1102 19:13:40.650265 Server/E engine.cpp:674] Engine: New message connection
I1102 19:13:40.650288 IO-0/EL  engine.cpp:277] Engine: Receive new handshake message from message connection
I1102 19:13:40.650292 IO-0/EL  worker_manager.cpp:60] WorkerManager: FuncWorker of func_id 1, client_id 149 connected
I1102 19:13:40.650305 IO-0/EL  message_connection.cpp:269] FuncWorkerConnection[1-149]: Handshake done
I1102 19:13:40.650780 Server/E engine.cpp:674] Engine: New message connection
I1102 19:13:40.650809 IO-0/EL  engine.cpp:277] Engine: Receive new handshake message from message connection
I1102 19:13:40.650814 IO-0/EL  worker_manager.cpp:60] WorkerManager: FuncWorker of func_id 1, client_id 150 connected
I1102 19:13:40.650827 IO-0/EL  message_connection.cpp:269] FuncWorkerConnection[1-150]: Handshake done
I1102 19:13:40.651239 Server/E engine.cpp:674] Engine: New message connection
I1102 19:13:40.651261 IO-0/EL  engine.cpp:277] Engine: Receive new handshake message from message connection
I1102 19:13:40.651265 IO-0/EL  worker_manager.cpp:60] WorkerManager: FuncWorker of func_id 1, client_id 151 connected
I1102 19:13:40.651278 IO-0/EL  message_connection.cpp:269] FuncWorkerConnection[1-151]: Handshake done
I1102 19:13:40.652023 Server/E engine.cpp:674] Engine: New message connection
I1102 19:13:40.652053 IO-0/EL  engine.cpp:277] Engine: Receive new handshake message from message connection
I1102 19:13:40.652058 IO-0/EL  worker_manager.cpp:60] WorkerManager: FuncWorker of func_id 1, client_id 152 connected
I1102 19:13:40.652072 IO-0/EL  message_connection.cpp:269] FuncWorkerConnection[1-152]: Handshake done
I1102 19:13:40.652280 Server/E engine.cpp:674] Engine: New message connection
I1102 19:13:40.652301 IO-0/EL  engine.cpp:277] Engine: Receive new handshake message from message connection
I1102 19:13:40.652306 IO-0/EL  worker_manager.cpp:60] WorkerManager: FuncWorker of func_id 1, client_id 153 connected
I1102 19:13:40.652319 IO-0/EL  message_connection.cpp:269] FuncWorkerConnection[1-153]: Handshake done
I1102 19:13:40.652908 Server/E engine.cpp:674] Engine: New message connection
I1102 19:13:40.652934 IO-0/EL  engine.cpp:277] Engine: Receive new handshake message from message connection
I1102 19:13:40.652939 IO-0/EL  worker_manager.cpp:60] WorkerManager: FuncWorker of func_id 1, client_id 154 connected
I1102 19:13:40.652952 IO-0/EL  message_connection.cpp:269] FuncWorkerConnection[1-154]: Handshake done
I1102 19:13:40.653373 Server/E engine.cpp:674] Engine: New message connection
I1102 19:13:40.653395 IO-0/EL  engine.cpp:277] Engine: Receive new handshake message from message connection
I1102 19:13:40.653399 IO-0/EL  worker_manager.cpp:60] WorkerManager: FuncWorker of func_id 1, client_id 155 connected
I1102 19:13:40.653415 IO-0/EL  message_connection.cpp:269] FuncWorkerConnection[1-155]: Handshake done
I1102 19:13:40.654148 Server/E engine.cpp:674] Engine: New message connection
I1102 19:13:40.654187 IO-0/EL  engine.cpp:277] Engine: Receive new handshake message from message connection
I1102 19:13:40.654192 IO-0/EL  worker_manager.cpp:60] WorkerManager: FuncWorker of func_id 1, client_id 156 connected
I1102 19:13:40.654206 IO-0/EL  message_connection.cpp:269] FuncWorkerConnection[1-156]: Handshake done
I1102 19:13:40.654438 Server/E engine.cpp:674] Engine: New message connection
I1102 19:13:40.654479 IO-0/EL  engine.cpp:277] Engine: Receive new handshake message from message connection
I1102 19:13:40.654484 IO-0/EL  worker_manager.cpp:60] WorkerManager: FuncWorker of func_id 1, client_id 157 connected
I1102 19:13:40.654499 IO-0/EL  message_connection.cpp:269] FuncWorkerConnection[1-157]: Handshake done
I1102 19:13:40.654928 Server/E engine.cpp:674] Engine: New message connection
I1102 19:13:40.654952 IO-0/EL  engine.cpp:277] Engine: Receive new handshake message from message connection
I1102 19:13:40.654956 IO-0/EL  worker_manager.cpp:60] WorkerManager: FuncWorker of func_id 1, client_id 158 connected
I1102 19:13:40.654976 IO-0/EL  message_connection.cpp:269] FuncWorkerConnection[1-158]: Handshake done
I1102 19:13:40.655486 Server/E engine.cpp:674] Engine: New message connection
I1102 19:13:40.655512 IO-0/EL  engine.cpp:277] Engine: Receive new handshake message from message connection
I1102 19:13:40.655517 IO-0/EL  worker_manager.cpp:60] WorkerManager: FuncWorker of func_id 1, client_id 159 connected
I1102 19:13:40.655530 IO-0/EL  message_connection.cpp:269] FuncWorkerConnection[1-159]: Handshake done
I1102 19:13:40.655974 Server/E engine.cpp:674] Engine: New message connection
I1102 19:13:40.656008 IO-0/EL  engine.cpp:277] Engine: Receive new handshake message from message connection
I1102 19:13:40.656012 IO-0/EL  worker_manager.cpp:60] WorkerManager: FuncWorker of func_id 1, client_id 160 connected
I1102 19:13:40.656024 IO-0/EL  message_connection.cpp:269] FuncWorkerConnection[1-160]: Handshake done
I1102 19:13:40.656435 Server/E engine.cpp:674] Engine: New message connection
I1102 19:13:40.656474 IO-0/EL  engine.cpp:277] Engine: Receive new handshake message from message connection
I1102 19:13:40.656478 IO-0/EL  worker_manager.cpp:60] WorkerManager: FuncWorker of func_id 1, client_id 161 connected
I1102 19:13:40.656492 IO-0/EL  message_connection.cpp:269] FuncWorkerConnection[1-161]: Handshake done
I1102 19:13:40.657001 Server/E engine.cpp:674] Engine: New message connection
I1102 19:13:40.657025 IO-0/EL  engine.cpp:277] Engine: Receive new handshake message from message connection
I1102 19:13:40.657030 IO-0/EL  worker_manager.cpp:60] WorkerManager: FuncWorker of func_id 1, client_id 162 connected
I1102 19:13:40.657043 IO-0/EL  message_connection.cpp:269] FuncWorkerConnection[1-162]: Handshake done
I1102 19:13:40.657576 Server/E engine.cpp:674] Engine: New message connection
I1102 19:13:40.657600 IO-0/EL  engine.cpp:277] Engine: Receive new handshake message from message connection
I1102 19:13:40.657605 IO-0/EL  worker_manager.cpp:60] WorkerManager: FuncWorker of func_id 1, client_id 163 connected
I1102 19:13:40.657618 IO-0/EL  message_connection.cpp:269] FuncWorkerConnection[1-163]: Handshake done
I1102 19:13:40.658114 Server/E engine.cpp:674] Engine: New message connection
I1102 19:13:40.675761 Server/E engine.cpp:674] Engine: New message connection
I1102 19:13:40.675798 Server/E engine.cpp:674] Engine: New message connection
I1102 19:13:40.675813 Server/E engine.cpp:674] Engine: New message connection
I1102 19:13:40.675830 Server/E engine.cpp:674] Engine: New message connection
I1102 19:13:40.675829 IO-0/EL  engine.cpp:277] Engine: Receive new handshake message from message connection
I1102 19:13:40.675843 IO-0/EL  worker_manager.cpp:60] WorkerManager: FuncWorker of func_id 1, client_id 164 connected
I1102 19:13:40.675844 Server/E engine.cpp:674] Engine: New message connection
I1102 19:13:40.675861 Server/E engine.cpp:674] Engine: New message connection
I1102 19:13:40.675866 IO-0/EL  message_connection.cpp:269] FuncWorkerConnection[1-164]: Handshake done
I1102 19:13:40.675875 Server/E engine.cpp:674] Engine: New message connection
I1102 19:13:40.675891 Server/E engine.cpp:674] Engine: New message connection
I1102 19:13:40.675892 IO-0/EL  engine.cpp:277] Engine: Receive new handshake message from message connection
I1102 19:13:40.675899 IO-0/EL  worker_manager.cpp:60] WorkerManager: FuncWorker of func_id 1, client_id 165 connected
I1102 19:13:40.675905 Server/E engine.cpp:674] Engine: New message connection
I1102 19:13:40.675915 IO-0/EL  message_connection.cpp:269] FuncWorkerConnection[1-165]: Handshake done
I1102 19:13:40.675917 Server/E engine.cpp:674] Engine: New message connection
I1102 19:13:40.675929 IO-0/EL  engine.cpp:277] Engine: Receive new handshake message from message connection
I1102 19:13:40.675933 Server/E engine.cpp:674] Engine: New message connection
I1102 19:13:40.675934 IO-0/EL  worker_manager.cpp:60] WorkerManager: FuncWorker of func_id 1, client_id 166 connected
I1102 19:13:40.675949 Server/E engine.cpp:674] Engine: New message connection
I1102 19:13:40.675953 IO-0/EL  message_connection.cpp:269] FuncWorkerConnection[1-166]: Handshake done
I1102 19:13:40.675962 Server/E engine.cpp:674] Engine: New message connection
I1102 19:13:40.675989 IO-0/EL  engine.cpp:277] Engine: Receive new handshake message from message connection
I1102 19:13:40.675992 Server/E engine.cpp:674] Engine: New message connection
I1102 19:13:40.675994 IO-0/EL  worker_manager.cpp:60] WorkerManager: FuncWorker of func_id 1, client_id 167 connected
I1102 19:13:40.676010 Server/E engine.cpp:674] Engine: New message connection
I1102 19:13:40.676021 IO-0/EL  message_connection.cpp:269] FuncWorkerConnection[1-167]: Handshake done
I1102 19:13:40.676027 Server/E engine.cpp:674] Engine: New message connection
I1102 19:13:40.676039 IO-0/EL  engine.cpp:277] Engine: Receive new handshake message from message connection
I1102 19:13:40.676042 Server/E engine.cpp:674] Engine: New message connection
I1102 19:13:40.676043 IO-0/EL  worker_manager.cpp:60] WorkerManager: FuncWorker of func_id 1, client_id 168 connected
I1102 19:13:40.676057 Server/E engine.cpp:674] Engine: New message connection
I1102 19:13:40.676066 IO-0/EL  message_connection.cpp:269] FuncWorkerConnection[1-168]: Handshake done
I1102 19:13:40.676071 Server/E engine.cpp:674] Engine: New message connection
I1102 19:13:40.676085 Server/E engine.cpp:674] Engine: New message connection
I1102 19:13:40.676086 IO-0/EL  engine.cpp:277] Engine: Receive new handshake message from message connection
I1102 19:13:40.676093 IO-0/EL  worker_manager.cpp:60] WorkerManager: FuncWorker of func_id 1, client_id 169 connected
I1102 19:13:40.676098 Server/E engine.cpp:674] Engine: New message connection
I1102 19:13:40.676106 IO-0/EL  message_connection.cpp:269] FuncWorkerConnection[1-169]: Handshake done
I1102 19:13:40.676113 Server/E engine.cpp:674] Engine: New message connection
I1102 19:13:40.676121 IO-0/EL  engine.cpp:277] Engine: Receive new handshake message from message connection
I1102 19:13:40.676125 IO-0/EL  worker_manager.cpp:60] WorkerManager: FuncWorker of func_id 1, client_id 170 connected
I1102 19:13:40.676125 Server/E engine.cpp:674] Engine: New message connection
I1102 19:13:40.676146 IO-0/EL  message_connection.cpp:269] FuncWorkerConnection[1-170]: Handshake done
I1102 19:13:40.676150 Server/E engine.cpp:674] Engine: New message connection
I1102 19:13:40.676161 IO-0/EL  engine.cpp:277] Engine: Receive new handshake message from message connection
I1102 19:13:40.676163 Server/E engine.cpp:674] Engine: New message connection
I1102 19:13:40.676166 IO-0/EL  worker_manager.cpp:60] WorkerManager: FuncWorker of func_id 1, client_id 171 connected
I1102 19:13:40.676189 Server/E engine.cpp:674] Engine: New message connection
I1102 19:13:40.676194 IO-0/EL  message_connection.cpp:269] FuncWorkerConnection[1-171]: Handshake done
I1102 19:13:40.676204 Server/E engine.cpp:674] Engine: New message connection
I1102 19:13:40.676213 IO-0/EL  engine.cpp:277] Engine: Receive new handshake message from message connection
I1102 19:13:40.676217 IO-0/EL  worker_manager.cpp:60] WorkerManager: FuncWorker of func_id 1, client_id 172 connected
I1102 19:13:40.676219 Server/E engine.cpp:674] Engine: New message connection
I1102 19:13:40.676231 IO-0/EL  message_connection.cpp:269] FuncWorkerConnection[1-172]: Handshake done
I1102 19:13:40.676233 Server/E engine.cpp:674] Engine: New message connection
I1102 19:13:40.676246 IO-0/EL  engine.cpp:277] Engine: Receive new handshake message from message connection
I1102 19:13:40.676248 Server/E engine.cpp:674] Engine: New message connection
I1102 19:13:40.676250 IO-0/EL  worker_manager.cpp:60] WorkerManager: FuncWorker of func_id 1, client_id 173 connected
I1102 19:13:40.676268 Server/E engine.cpp:674] Engine: New message connection
I1102 19:13:40.676275 IO-0/EL  message_connection.cpp:269] FuncWorkerConnection[1-173]: Handshake done
I1102 19:13:40.676282 Server/E engine.cpp:674] Engine: New message connection
I1102 19:13:40.676295 IO-0/EL  engine.cpp:277] Engine: Receive new handshake message from message connection
I1102 19:13:40.676301 IO-0/EL  worker_manager.cpp:60] WorkerManager: FuncWorker of func_id 1, client_id 174 connected
I1102 19:13:40.676295 Server/E engine.cpp:674] Engine: New message connection
I1102 19:13:40.676326 IO-0/EL  message_connection.cpp:269] FuncWorkerConnection[1-174]: Handshake done
I1102 19:13:40.676335 Server/E engine.cpp:674] Engine: New message connection
I1102 19:13:40.676342 IO-0/EL  engine.cpp:277] Engine: Receive new handshake message from message connection
I1102 19:13:40.676347 IO-0/EL  worker_manager.cpp:60] WorkerManager: FuncWorker of func_id 1, client_id 175 connected
I1102 19:13:40.676354 Server/E engine.cpp:674] Engine: New message connection
I1102 19:13:40.676360 IO-0/EL  message_connection.cpp:269] FuncWorkerConnection[1-175]: Handshake done
I1102 19:13:40.676369 Server/E engine.cpp:674] Engine: New message connection
I1102 19:13:40.676379 IO-0/EL  engine.cpp:277] Engine: Receive new handshake message from message connection
I1102 19:13:40.676383 IO-0/EL  worker_manager.cpp:60] WorkerManager: FuncWorker of func_id 1, client_id 176 connected
I1102 19:13:40.676384 Server/E engine.cpp:674] Engine: New message connection
I1102 19:13:40.676400 IO-0/EL  message_connection.cpp:269] FuncWorkerConnection[1-176]: Handshake done
I1102 19:13:40.676415 IO-0/EL  engine.cpp:277] Engine: Receive new handshake message from message connection
I1102 19:13:40.676419 IO-0/EL  worker_manager.cpp:60] WorkerManager: FuncWorker of func_id 1, client_id 177 connected
I1102 19:13:40.676434 IO-0/EL  message_connection.cpp:269] FuncWorkerConnection[1-177]: Handshake done
I1102 19:13:40.676455 IO-0/EL  engine.cpp:277] Engine: Receive new handshake message from message connection
I1102 19:13:40.676459 IO-0/EL  worker_manager.cpp:60] WorkerManager: FuncWorker of func_id 1, client_id 178 connected
I1102 19:13:40.676472 IO-0/EL  message_connection.cpp:269] FuncWorkerConnection[1-178]: Handshake done
I1102 19:13:40.676486 IO-0/EL  engine.cpp:277] Engine: Receive new handshake message from message connection
I1102 19:13:40.676490 IO-0/EL  worker_manager.cpp:60] WorkerManager: FuncWorker of func_id 1, client_id 179 connected
I1102 19:13:40.676503 IO-0/EL  message_connection.cpp:269] FuncWorkerConnection[1-179]: Handshake done
I1102 19:13:40.676520 IO-0/EL  engine.cpp:277] Engine: Receive new handshake message from message connection
I1102 19:13:40.676524 IO-0/EL  worker_manager.cpp:60] WorkerManager: FuncWorker of func_id 1, client_id 180 connected
I1102 19:13:40.676537 IO-0/EL  message_connection.cpp:269] FuncWorkerConnection[1-180]: Handshake done
I1102 19:13:40.676551 IO-0/EL  engine.cpp:277] Engine: Receive new handshake message from message connection
I1102 19:13:40.676555 IO-0/EL  worker_manager.cpp:60] WorkerManager: FuncWorker of func_id 1, client_id 181 connected
I1102 19:13:40.676576 IO-0/EL  message_connection.cpp:269] FuncWorkerConnection[1-181]: Handshake done
I1102 19:13:40.676592 Server/E engine.cpp:674] Engine: New message connection
I1102 19:13:40.676601 IO-0/EL  engine.cpp:277] Engine: Receive new handshake message from message connection
I1102 19:13:40.676620 IO-0/EL  worker_manager.cpp:60] WorkerManager: FuncWorker of func_id 1, client_id 182 connected
I1102 19:13:40.676641 IO-0/EL  message_connection.cpp:269] FuncWorkerConnection[1-182]: Handshake done
I1102 19:13:40.676663 IO-0/EL  engine.cpp:277] Engine: Receive new handshake message from message connection
I1102 19:13:40.676668 IO-0/EL  worker_manager.cpp:60] WorkerManager: FuncWorker of func_id 1, client_id 183 connected
I1102 19:13:40.676682 IO-0/EL  message_connection.cpp:269] FuncWorkerConnection[1-183]: Handshake done
I1102 19:13:40.676703 IO-0/EL  engine.cpp:277] Engine: Receive new handshake message from message connection
I1102 19:13:40.676719 IO-0/EL  worker_manager.cpp:60] WorkerManager: FuncWorker of func_id 1, client_id 184 connected
I1102 19:13:40.676739 IO-0/EL  message_connection.cpp:269] FuncWorkerConnection[1-184]: Handshake done
I1102 19:13:40.676762 IO-0/EL  engine.cpp:277] Engine: Receive new handshake message from message connection
I1102 19:13:40.676769 IO-0/EL  worker_manager.cpp:60] WorkerManager: FuncWorker of func_id 1, client_id 185 connected
I1102 19:13:40.676805 IO-0/EL  message_connection.cpp:269] FuncWorkerConnection[1-185]: Handshake done
I1102 19:13:40.676828 IO-0/EL  engine.cpp:277] Engine: Receive new handshake message from message connection
I1102 19:13:40.676835 IO-0/EL  worker_manager.cpp:60] WorkerManager: FuncWorker of func_id 1, client_id 186 connected
I1102 19:13:40.676856 IO-0/EL  message_connection.cpp:269] FuncWorkerConnection[1-186]: Handshake done
I1102 19:13:40.676877 IO-0/EL  engine.cpp:277] Engine: Receive new handshake message from message connection
I1102 19:13:40.676884 IO-0/EL  worker_manager.cpp:60] WorkerManager: FuncWorker of func_id 1, client_id 187 connected
I1102 19:13:40.676916 IO-0/EL  message_connection.cpp:269] FuncWorkerConnection[1-187]: Handshake done
I1102 19:13:40.676943 IO-0/EL  engine.cpp:277] Engine: Receive new handshake message from message connection
I1102 19:13:40.676951 IO-0/EL  worker_manager.cpp:60] WorkerManager: FuncWorker of func_id 1, client_id 188 connected
I1102 19:13:40.676971 IO-0/EL  message_connection.cpp:269] FuncWorkerConnection[1-188]: Handshake done
I1102 19:13:40.677002 IO-0/EL  engine.cpp:277] Engine: Receive new handshake message from message connection
I1102 19:13:40.677010 IO-0/EL  worker_manager.cpp:60] WorkerManager: FuncWorker of func_id 1, client_id 189 connected
I1102 19:13:40.677030 IO-0/EL  message_connection.cpp:269] FuncWorkerConnection[1-189]: Handshake done
I1102 19:13:40.677051 IO-0/EL  engine.cpp:277] Engine: Receive new handshake message from message connection
I1102 19:13:40.677057 IO-0/EL  worker_manager.cpp:60] WorkerManager: FuncWorker of func_id 1, client_id 190 connected
I1102 19:13:40.677077 IO-0/EL  message_connection.cpp:269] FuncWorkerConnection[1-190]: Handshake done
I1102 19:13:40.677107 IO-0/EL  engine.cpp:277] Engine: Receive new handshake message from message connection
I1102 19:13:40.677114 IO-0/EL  worker_manager.cpp:60] WorkerManager: FuncWorker of func_id 1, client_id 191 connected
I1102 19:13:40.677136 IO-0/EL  message_connection.cpp:269] FuncWorkerConnection[1-191]: Handshake done
I1102 19:13:40.677159 IO-0/EL  engine.cpp:277] Engine: Receive new handshake message from message connection
I1102 19:13:40.677166 IO-0/EL  worker_manager.cpp:60] WorkerManager: FuncWorker of func_id 1, client_id 192 connected
I1102 19:13:40.677185 IO-0/EL  message_connection.cpp:269] FuncWorkerConnection[1-192]: Handshake done
I1102 19:13:40.677213 IO-0/EL  engine.cpp:277] Engine: Receive new handshake message from message connection
I1102 19:13:40.677220 IO-0/EL  worker_manager.cpp:60] WorkerManager: FuncWorker of func_id 1, client_id 193 connected
I1102 19:13:40.677242 IO-0/EL  message_connection.cpp:269] FuncWorkerConnection[1-193]: Handshake done
I1102 19:13:40.677266 IO-0/EL  engine.cpp:277] Engine: Receive new handshake message from message connection
I1102 19:13:40.677273 IO-0/EL  worker_manager.cpp:60] WorkerManager: FuncWorker of func_id 1, client_id 194 connected
I1102 19:13:40.677293 IO-0/EL  message_connection.cpp:269] FuncWorkerConnection[1-194]: Handshake done
I1102 19:13:40.677320 IO-0/EL  engine.cpp:277] Engine: Receive new handshake message from message connection
I1102 19:13:40.677326 IO-0/EL  worker_manager.cpp:60] WorkerManager: FuncWorker of func_id 1, client_id 195 connected
I1102 19:13:40.677345 IO-0/EL  message_connection.cpp:269] FuncWorkerConnection[1-195]: Handshake done
I1102 19:13:40.677370 IO-0/EL  engine.cpp:277] Engine: Receive new handshake message from message connection
I1102 19:13:40.677377 IO-0/EL  worker_manager.cpp:60] WorkerManager: FuncWorker of func_id 1, client_id 196 connected
I1102 19:13:40.677398 IO-0/EL  message_connection.cpp:269] FuncWorkerConnection[1-196]: Handshake done
I1102 19:13:40.677427 IO-0/EL  engine.cpp:277] Engine: Receive new handshake message from message connection
I1102 19:13:40.677434 IO-0/EL  worker_manager.cpp:60] WorkerManager: FuncWorker of func_id 1, client_id 197 connected
I1102 19:13:40.677455 IO-0/EL  message_connection.cpp:269] FuncWorkerConnection[1-197]: Handshake done
I1102 19:13:40.677491 IO-0/EL  engine.cpp:277] Engine: Receive new handshake message from message connection
I1102 19:13:40.677497 IO-0/EL  worker_manager.cpp:60] WorkerManager: FuncWorker of func_id 1, client_id 198 connected
I1102 19:13:40.677519 IO-0/EL  message_connection.cpp:269] FuncWorkerConnection[1-198]: Handshake done
I1102 19:13:40.677550 IO-0/EL  engine.cpp:277] Engine: Receive new handshake message from message connection
I1102 19:13:40.677558 IO-0/EL  worker_manager.cpp:60] WorkerManager: FuncWorker of func_id 1, client_id 199 connected
I1102 19:13:40.677579 IO-0/EL  message_connection.cpp:269] FuncWorkerConnection[1-199]: Handshake done
I1102 19:13:40.677605 IO-0/EL  engine.cpp:277] Engine: Receive new handshake message from message connection
I1102 19:13:40.677612 IO-0/EL  worker_manager.cpp:60] WorkerManager: FuncWorker of func_id 1, client_id 200 connected
I1102 19:13:40.677633 IO-0/EL  message_connection.cpp:269] FuncWorkerConnection[1-200]: Handshake done
I1102 19:13:40.677663 IO-0/EL  engine.cpp:277] Engine: Receive new handshake message from message connection
I1102 19:13:40.677670 IO-0/EL  worker_manager.cpp:60] WorkerManager: FuncWorker of func_id 1, client_id 201 connected
I1102 19:13:40.677693 IO-0/EL  message_connection.cpp:269] FuncWorkerConnection[1-201]: Handshake done
I1102 19:13:40.677719 IO-0/EL  engine.cpp:277] Engine: Receive new handshake message from message connection
I1102 19:13:40.677726 IO-0/EL  worker_manager.cpp:60] WorkerManager: FuncWorker of func_id 1, client_id 202 connected
I1102 19:13:40.677746 IO-0/EL  message_connection.cpp:269] FuncWorkerConnection[1-202]: Handshake done
I1102 19:13:40.678186 Server/E engine.cpp:674] Engine: New message connection
I1102 19:13:40.678228 Server/E engine.cpp:674] Engine: New message connection
I1102 19:13:40.678252 IO-0/EL  engine.cpp:277] Engine: Receive new handshake message from message connection
I1102 19:13:40.678263 IO-0/EL  worker_manager.cpp:60] WorkerManager: FuncWorker of func_id 1, client_id 203 connected
I1102 19:13:40.678287 IO-0/EL  message_connection.cpp:269] FuncWorkerConnection[1-203]: Handshake done
I1102 19:13:40.678312 IO-0/EL  engine.cpp:277] Engine: Receive new handshake message from message connection
I1102 19:13:40.678318 IO-0/EL  worker_manager.cpp:60] WorkerManager: FuncWorker of func_id 1, client_id 204 connected
I1102 19:13:40.678342 IO-0/EL  message_connection.cpp:269] FuncWorkerConnection[1-204]: Handshake done
I1102 19:13:40.678840 Server/E engine.cpp:674] Engine: New message connection
I1102 19:13:40.678903 IO-0/EL  engine.cpp:277] Engine: Receive new handshake message from message connection
I1102 19:13:40.678915 IO-0/EL  worker_manager.cpp:60] WorkerManager: FuncWorker of func_id 1, client_id 205 connected
I1102 19:13:40.678942 IO-0/EL  message_connection.cpp:269] FuncWorkerConnection[1-205]: Handshake done
I1102 19:13:40.679896 Server/E engine.cpp:674] Engine: New message connection
I1102 19:13:40.680337 IO-0/EL  engine.cpp:277] Engine: Receive new handshake message from message connection
I1102 19:13:40.680357 IO-0/EL  worker_manager.cpp:60] WorkerManager: FuncWorker of func_id 1, client_id 206 connected
I1102 19:13:40.680391 IO-0/EL  message_connection.cpp:269] FuncWorkerConnection[1-206]: Handshake done
I1102 19:13:40.680505 Server/E engine.cpp:674] Engine: New message connection
I1102 19:13:40.680540 IO-0/EL  engine.cpp:277] Engine: Receive new handshake message from message connection
I1102 19:13:40.680549 IO-0/EL  worker_manager.cpp:60] WorkerManager: FuncWorker of func_id 1, client_id 207 connected
I1102 19:13:40.680572 IO-0/EL  message_connection.cpp:269] FuncWorkerConnection[1-207]: Handshake done
I1102 19:13:40.681411 Server/E engine.cpp:674] Engine: New message connection
I1102 19:13:40.681464 IO-0/EL  engine.cpp:277] Engine: Receive new handshake message from message connection
I1102 19:13:40.681479 IO-0/EL  worker_manager.cpp:60] WorkerManager: FuncWorker of func_id 1, client_id 208 connected
I1102 19:13:40.681508 IO-0/EL  message_connection.cpp:269] FuncWorkerConnection[1-208]: Handshake done
I1102 19:13:40.682203 Server/E engine.cpp:674] Engine: New message connection
I1102 19:13:40.682237 IO-0/EL  engine.cpp:277] Engine: Receive new handshake message from message connection
I1102 19:13:40.682244 IO-0/EL  worker_manager.cpp:60] WorkerManager: FuncWorker of func_id 1, client_id 209 connected
I1102 19:13:40.682262 IO-0/EL  message_connection.cpp:269] FuncWorkerConnection[1-209]: Handshake done
I1102 19:13:40.682557 Server/E engine.cpp:674] Engine: New message connection
I1102 19:13:40.682593 IO-0/EL  engine.cpp:277] Engine: Receive new handshake message from message connection
I1102 19:13:40.682597 IO-0/EL  worker_manager.cpp:60] WorkerManager: FuncWorker of func_id 1, client_id 210 connected
I1102 19:13:40.682611 IO-0/EL  message_connection.cpp:269] FuncWorkerConnection[1-210]: Handshake done
I1102 19:13:40.683168 Server/E engine.cpp:674] Engine: New message connection
I1102 19:13:40.683201 IO-0/EL  engine.cpp:277] Engine: Receive new handshake message from message connection
I1102 19:13:40.683207 IO-0/EL  worker_manager.cpp:60] WorkerManager: FuncWorker of func_id 1, client_id 211 connected
I1102 19:13:40.683221 IO-0/EL  message_connection.cpp:269] FuncWorkerConnection[1-211]: Handshake done
I1102 19:13:40.683817 Server/E engine.cpp:674] Engine: New message connection
I1102 19:13:40.683852 IO-0/EL  engine.cpp:277] Engine: Receive new handshake message from message connection
I1102 19:13:40.683857 IO-0/EL  worker_manager.cpp:60] WorkerManager: FuncWorker of func_id 1, client_id 212 connected
I1102 19:13:40.683871 IO-0/EL  message_connection.cpp:269] FuncWorkerConnection[1-212]: Handshake done
I1102 19:13:40.684425 Server/E engine.cpp:674] Engine: New message connection
I1102 19:13:40.684456 IO-0/EL  engine.cpp:277] Engine: Receive new handshake message from message connection
I1102 19:13:40.684460 IO-0/EL  worker_manager.cpp:60] WorkerManager: FuncWorker of func_id 1, client_id 213 connected
I1102 19:13:40.684473 IO-0/EL  message_connection.cpp:269] FuncWorkerConnection[1-213]: Handshake done
I1102 19:13:40.685145 Server/E engine.cpp:674] Engine: New message connection
I1102 19:13:40.685182 IO-0/EL  engine.cpp:277] Engine: Receive new handshake message from message connection
I1102 19:13:40.685188 IO-0/EL  worker_manager.cpp:60] WorkerManager: FuncWorker of func_id 1, client_id 214 connected
I1102 19:13:40.685202 IO-0/EL  message_connection.cpp:269] FuncWorkerConnection[1-214]: Handshake done
I1102 19:13:40.685773 Server/E engine.cpp:674] Engine: New message connection
I1102 19:13:40.685804 IO-0/EL  engine.cpp:277] Engine: Receive new handshake message from message connection
I1102 19:13:40.685809 IO-0/EL  worker_manager.cpp:60] WorkerManager: FuncWorker of func_id 1, client_id 215 connected
I1102 19:13:40.685823 IO-0/EL  message_connection.cpp:269] FuncWorkerConnection[1-215]: Handshake done
I1102 19:13:40.686408 Server/E engine.cpp:674] Engine: New message connection
I1102 19:13:40.686445 IO-0/EL  engine.cpp:277] Engine: Receive new handshake message from message connection
I1102 19:13:40.686450 IO-0/EL  worker_manager.cpp:60] WorkerManager: FuncWorker of func_id 1, client_id 216 connected
I1102 19:13:40.686463 IO-0/EL  message_connection.cpp:269] FuncWorkerConnection[1-216]: Handshake done
I1102 19:13:40.686962 Server/E engine.cpp:674] Engine: New message connection
I1102 19:13:40.686998 IO-0/EL  engine.cpp:277] Engine: Receive new handshake message from message connection
I1102 19:13:40.687003 IO-0/EL  worker_manager.cpp:60] WorkerManager: FuncWorker of func_id 1, client_id 217 connected
I1102 19:13:40.687017 IO-0/EL  message_connection.cpp:269] FuncWorkerConnection[1-217]: Handshake done
I1102 19:13:40.687658 Server/E engine.cpp:674] Engine: New message connection
I1102 19:13:40.687714 IO-0/EL  engine.cpp:277] Engine: Receive new handshake message from message connection
I1102 19:13:40.687722 IO-0/EL  worker_manager.cpp:60] WorkerManager: FuncWorker of func_id 1, client_id 218 connected
I1102 19:13:40.687736 IO-0/EL  message_connection.cpp:269] FuncWorkerConnection[1-218]: Handshake done
I1102 19:13:40.688273 Server/E engine.cpp:674] Engine: New message connection
I1102 19:13:40.688311 IO-0/EL  engine.cpp:277] Engine: Receive new handshake message from message connection
I1102 19:13:40.688316 IO-0/EL  worker_manager.cpp:60] WorkerManager: FuncWorker of func_id 1, client_id 219 connected
I1102 19:13:40.688330 IO-0/EL  message_connection.cpp:269] FuncWorkerConnection[1-219]: Handshake done
I1102 19:13:40.688774 Server/E engine.cpp:674] Engine: New message connection
I1102 19:13:40.688819 IO-0/EL  engine.cpp:277] Engine: Receive new handshake message from message connection
I1102 19:13:40.688824 IO-0/EL  worker_manager.cpp:60] WorkerManager: FuncWorker of func_id 1, client_id 220 connected
I1102 19:13:40.688838 IO-0/EL  message_connection.cpp:269] FuncWorkerConnection[1-220]: Handshake done
I1102 19:13:40.689310 Server/E engine.cpp:674] Engine: New message connection
I1102 19:13:40.689352 IO-0/EL  engine.cpp:277] Engine: Receive new handshake message from message connection
I1102 19:13:40.689356 IO-0/EL  worker_manager.cpp:60] WorkerManager: FuncWorker of func_id 1, client_id 221 connected
I1102 19:13:40.689374 IO-0/EL  message_connection.cpp:269] FuncWorkerConnection[1-221]: Handshake done
I1102 19:13:40.689957 Server/E engine.cpp:674] Engine: New message connection
I1102 19:13:40.689997 IO-0/EL  engine.cpp:277] Engine: Receive new handshake message from message connection
I1102 19:13:40.690003 IO-0/EL  worker_manager.cpp:60] WorkerManager: FuncWorker of func_id 1, client_id 222 connected
I1102 19:13:40.690017 IO-0/EL  message_connection.cpp:269] FuncWorkerConnection[1-222]: Handshake done
I1102 19:13:40.690401 Server/E engine.cpp:674] Engine: New message connection
I1102 19:13:40.690447 IO-0/EL  engine.cpp:277] Engine: Receive new handshake message from message connection
I1102 19:13:40.690451 IO-0/EL  worker_manager.cpp:60] WorkerManager: FuncWorker of func_id 1, client_id 223 connected
I1102 19:13:40.690465 IO-0/EL  message_connection.cpp:269] FuncWorkerConnection[1-223]: Handshake done
I1102 19:13:40.690971 Server/E engine.cpp:674] Engine: New message connection
I1102 19:13:40.691024 IO-0/EL  engine.cpp:277] Engine: Receive new handshake message from message connection
I1102 19:13:40.691030 IO-0/EL  worker_manager.cpp:60] WorkerManager: FuncWorker of func_id 1, client_id 224 connected
I1102 19:13:40.691044 IO-0/EL  message_connection.cpp:269] FuncWorkerConnection[1-224]: Handshake done
I1102 19:13:40.691619 Server/E engine.cpp:674] Engine: New message connection
I1102 19:13:40.691653 IO-0/EL  engine.cpp:277] Engine: Receive new handshake message from message connection
I1102 19:13:40.691658 IO-0/EL  worker_manager.cpp:60] WorkerManager: FuncWorker of func_id 1, client_id 225 connected
I1102 19:13:40.691690 IO-0/EL  message_connection.cpp:269] FuncWorkerConnection[1-225]: Handshake done
I1102 19:13:40.692284 Server/E engine.cpp:674] Engine: New message connection
I1102 19:13:40.692327 IO-0/EL  engine.cpp:277] Engine: Receive new handshake message from message connection
I1102 19:13:40.692332 IO-0/EL  worker_manager.cpp:60] WorkerManager: FuncWorker of func_id 1, client_id 226 connected
I1102 19:13:40.692346 IO-0/EL  message_connection.cpp:269] FuncWorkerConnection[1-226]: Handshake done
I1102 19:13:40.692873 Server/E engine.cpp:674] Engine: New message connection
I1102 19:13:40.692901 IO-0/EL  engine.cpp:277] Engine: Receive new handshake message from message connection
I1102 19:13:40.692906 IO-0/EL  worker_manager.cpp:60] WorkerManager: FuncWorker of func_id 1, client_id 227 connected
I1102 19:13:40.692920 IO-0/EL  message_connection.cpp:269] FuncWorkerConnection[1-227]: Handshake done
I1102 19:13:40.693367 Server/E engine.cpp:674] Engine: New message connection
I1102 19:13:40.693401 IO-0/EL  engine.cpp:277] Engine: Receive new handshake message from message connection
I1102 19:13:40.693406 IO-0/EL  worker_manager.cpp:60] WorkerManager: FuncWorker of func_id 1, client_id 228 connected
I1102 19:13:40.693419 IO-0/EL  message_connection.cpp:269] FuncWorkerConnection[1-228]: Handshake done
I1102 19:13:40.694104 Server/E engine.cpp:674] Engine: New message connection
I1102 19:13:40.694139 IO-0/EL  engine.cpp:277] Engine: Receive new handshake message from message connection
I1102 19:13:40.694144 IO-0/EL  worker_manager.cpp:60] WorkerManager: FuncWorker of func_id 1, client_id 229 connected
I1102 19:13:40.694158 IO-0/EL  message_connection.cpp:269] FuncWorkerConnection[1-229]: Handshake done
I1102 19:13:40.694666 Server/E engine.cpp:674] Engine: New message connection
I1102 19:13:40.694715 IO-0/EL  engine.cpp:277] Engine: Receive new handshake message from message connection
I1102 19:13:40.694723 IO-0/EL  worker_manager.cpp:60] WorkerManager: FuncWorker of func_id 1, client_id 230 connected
I1102 19:13:40.694737 IO-0/EL  message_connection.cpp:269] FuncWorkerConnection[1-230]: Handshake done
I1102 19:13:40.695264 Server/E engine.cpp:674] Engine: New message connection
I1102 19:13:40.695293 IO-0/EL  engine.cpp:277] Engine: Receive new handshake message from message connection
I1102 19:13:40.695298 IO-0/EL  worker_manager.cpp:60] WorkerManager: FuncWorker of func_id 1, client_id 231 connected
I1102 19:13:40.695311 IO-0/EL  message_connection.cpp:269] FuncWorkerConnection[1-231]: Handshake done
I1102 19:13:40.695871 Server/E engine.cpp:674] Engine: New message connection
I1102 19:13:40.695903 IO-0/EL  engine.cpp:277] Engine: Receive new handshake message from message connection
I1102 19:13:40.695909 IO-0/EL  worker_manager.cpp:60] WorkerManager: FuncWorker of func_id 1, client_id 232 connected
I1102 19:13:40.695923 IO-0/EL  message_connection.cpp:269] FuncWorkerConnection[1-232]: Handshake done
I1102 19:13:40.696466 Server/E engine.cpp:674] Engine: New message connection
I1102 19:13:40.696488 IO-0/EL  engine.cpp:277] Engine: Receive new handshake message from message connection
I1102 19:13:40.696492 IO-0/EL  worker_manager.cpp:60] WorkerManager: FuncWorker of func_id 1, client_id 233 connected
I1102 19:13:40.696505 IO-0/EL  message_connection.cpp:269] FuncWorkerConnection[1-233]: Handshake done
I1102 19:13:40.697094 Server/E engine.cpp:674] Engine: New message connection
I1102 19:13:40.697124 IO-0/EL  engine.cpp:277] Engine: Receive new handshake message from message connection
I1102 19:13:40.697129 IO-0/EL  worker_manager.cpp:60] WorkerManager: FuncWorker of func_id 1, client_id 234 connected
I1102 19:13:40.697143 IO-0/EL  message_connection.cpp:269] FuncWorkerConnection[1-234]: Handshake done
I1102 19:13:40.697676 Server/E engine.cpp:674] Engine: New message connection
I1102 19:13:40.697698 IO-0/EL  engine.cpp:277] Engine: Receive new handshake message from message connection
I1102 19:13:40.697702 IO-0/EL  worker_manager.cpp:60] WorkerManager: FuncWorker of func_id 1, client_id 235 connected
I1102 19:13:40.697721 IO-0/EL  message_connection.cpp:269] FuncWorkerConnection[1-235]: Handshake done
I1102 19:13:40.698202 Server/E engine.cpp:674] Engine: New message connection
I1102 19:13:40.698230 IO-0/EL  engine.cpp:277] Engine: Receive new handshake message from message connection
I1102 19:13:40.698235 IO-0/EL  worker_manager.cpp:60] WorkerManager: FuncWorker of func_id 1, client_id 236 connected
I1102 19:13:40.698248 IO-0/EL  message_connection.cpp:269] FuncWorkerConnection[1-236]: Handshake done
I1102 19:13:40.698870 Server/E engine.cpp:674] Engine: New message connection
I1102 19:13:40.698894 IO-0/EL  engine.cpp:277] Engine: Receive new handshake message from message connection
I1102 19:13:40.698899 IO-0/EL  worker_manager.cpp:60] WorkerManager: FuncWorker of func_id 1, client_id 237 connected
I1102 19:13:40.698915 IO-0/EL  message_connection.cpp:269] FuncWorkerConnection[1-237]: Handshake done
I1102 19:13:40.699367 Server/E engine.cpp:674] Engine: New message connection
I1102 19:13:40.699387 IO-0/EL  engine.cpp:277] Engine: Receive new handshake message from message connection
I1102 19:13:40.699392 IO-0/EL  worker_manager.cpp:60] WorkerManager: FuncWorker of func_id 1, client_id 238 connected
I1102 19:13:40.699405 IO-0/EL  message_connection.cpp:269] FuncWorkerConnection[1-238]: Handshake done
I1102 19:13:40.699972 Server/E engine.cpp:674] Engine: New message connection
I1102 19:13:40.700001 IO-0/EL  engine.cpp:277] Engine: Receive new handshake message from message connection
I1102 19:13:40.700006 IO-0/EL  worker_manager.cpp:60] WorkerManager: FuncWorker of func_id 1, client_id 239 connected
I1102 19:13:40.700021 IO-0/EL  message_connection.cpp:269] FuncWorkerConnection[1-239]: Handshake done
I1102 19:13:40.700584 Server/E engine.cpp:674] Engine: New message connection
I1102 19:13:40.700605 IO-0/EL  engine.cpp:277] Engine: Receive new handshake message from message connection
I1102 19:13:40.700609 IO-0/EL  worker_manager.cpp:60] WorkerManager: FuncWorker of func_id 1, client_id 240 connected
I1102 19:13:40.700622 IO-0/EL  message_connection.cpp:269] FuncWorkerConnection[1-240]: Handshake done
I1102 19:13:40.701062 Server/E engine.cpp:674] Engine: New message connection
I1102 19:13:40.701093 IO-0/EL  engine.cpp:277] Engine: Receive new handshake message from message connection
I1102 19:13:40.701098 IO-0/EL  worker_manager.cpp:60] WorkerManager: FuncWorker of func_id 1, client_id 241 connected
I1102 19:13:40.701112 IO-0/EL  message_connection.cpp:269] FuncWorkerConnection[1-241]: Handshake done
I1102 19:13:40.701747 Server/E engine.cpp:674] Engine: New message connection
I1102 19:13:40.701787 IO-0/EL  engine.cpp:277] Engine: Receive new handshake message from message connection
I1102 19:13:40.701792 IO-0/EL  worker_manager.cpp:60] WorkerManager: FuncWorker of func_id 1, client_id 242 connected
I1102 19:13:40.701805 IO-0/EL  message_connection.cpp:269] FuncWorkerConnection[1-242]: Handshake done
I1102 19:13:40.702238 Server/E engine.cpp:674] Engine: New message connection
I1102 19:13:40.702263 IO-0/EL  engine.cpp:277] Engine: Receive new handshake message from message connection
I1102 19:13:40.702268 IO-0/EL  worker_manager.cpp:60] WorkerManager: FuncWorker of func_id 1, client_id 243 connected
I1102 19:13:40.702281 IO-0/EL  message_connection.cpp:269] FuncWorkerConnection[1-243]: Handshake done
I1102 19:13:40.702811 Server/E engine.cpp:674] Engine: New message connection
I1102 19:13:40.702834 IO-0/EL  engine.cpp:277] Engine: Receive new handshake message from message connection
I1102 19:13:40.702839 IO-0/EL  worker_manager.cpp:60] WorkerManager: FuncWorker of func_id 1, client_id 244 connected
I1102 19:13:40.702852 IO-0/EL  message_connection.cpp:269] FuncWorkerConnection[1-244]: Handshake done
I1102 19:13:40.703336 Server/E engine.cpp:674] Engine: New message connection
I1102 19:13:40.703361 IO-0/EL  engine.cpp:277] Engine: Receive new handshake message from message connection
I1102 19:13:40.703365 IO-0/EL  worker_manager.cpp:60] WorkerManager: FuncWorker of func_id 1, client_id 245 connected
I1102 19:13:40.703378 IO-0/EL  message_connection.cpp:269] FuncWorkerConnection[1-245]: Handshake done
I1102 19:13:40.704018 Server/E engine.cpp:674] Engine: New message connection
I1102 19:13:40.704041 IO-0/EL  engine.cpp:277] Engine: Receive new handshake message from message connection
I1102 19:13:40.704046 IO-0/EL  worker_manager.cpp:60] WorkerManager: FuncWorker of func_id 1, client_id 246 connected
I1102 19:13:40.704060 IO-0/EL  message_connection.cpp:269] FuncWorkerConnection[1-246]: Handshake done
I1102 19:13:40.704751 Server/E engine.cpp:674] Engine: New message connection
I1102 19:13:40.704778 IO-0/EL  engine.cpp:277] Engine: Receive new handshake message from message connection
I1102 19:13:40.704783 IO-0/EL  worker_manager.cpp:60] WorkerManager: FuncWorker of func_id 1, client_id 247 connected
I1102 19:13:40.704797 IO-0/EL  message_connection.cpp:269] FuncWorkerConnection[1-247]: Handshake done
I1102 19:13:40.714426 Server/E engine.cpp:674] Engine: New message connection
I1102 19:13:40.714451 IO-0/EL  engine.cpp:277] Engine: Receive new handshake message from message connection
I1102 19:13:40.714456 IO-0/EL  worker_manager.cpp:60] WorkerManager: FuncWorker of func_id 1, client_id 248 connected
I1102 19:13:40.714470 IO-0/EL  message_connection.cpp:269] FuncWorkerConnection[1-248]: Handshake done
I1102 19:13:40.715018 Server/E engine.cpp:674] Engine: New message connection
I1102 19:13:40.715049 IO-0/EL  engine.cpp:277] Engine: Receive new handshake message from message connection
I1102 19:13:40.715054 IO-0/EL  worker_manager.cpp:60] WorkerManager: FuncWorker of func_id 1, client_id 249 connected
I1102 19:13:40.715068 IO-0/EL  message_connection.cpp:269] FuncWorkerConnection[1-249]: Handshake done
I1102 19:13:40.715716 Server/E engine.cpp:674] Engine: New message connection
I1102 19:13:40.715753 IO-0/EL  engine.cpp:277] Engine: Receive new handshake message from message connection
I1102 19:13:40.715758 IO-0/EL  worker_manager.cpp:60] WorkerManager: FuncWorker of func_id 1, client_id 250 connected
I1102 19:13:40.715771 IO-0/EL  message_connection.cpp:269] FuncWorkerConnection[1-250]: Handshake done
I1102 19:13:40.716250 Server/E engine.cpp:674] Engine: New message connection
I1102 19:13:40.716274 IO-0/EL  engine.cpp:277] Engine: Receive new handshake message from message connection
I1102 19:13:40.716278 IO-0/EL  worker_manager.cpp:60] WorkerManager: FuncWorker of func_id 1, client_id 251 connected
I1102 19:13:40.716291 IO-0/EL  message_connection.cpp:269] FuncWorkerConnection[1-251]: Handshake done
I1102 19:13:40.716852 Server/E engine.cpp:674] Engine: New message connection
I1102 19:13:40.716878 IO-0/EL  engine.cpp:277] Engine: Receive new handshake message from message connection
I1102 19:13:40.716882 IO-0/EL  worker_manager.cpp:60] WorkerManager: FuncWorker of func_id 1, client_id 252 connected
I1102 19:13:40.716899 IO-0/EL  message_connection.cpp:269] FuncWorkerConnection[1-252]: Handshake done
I1102 19:13:40.717419 Server/E engine.cpp:674] Engine: New message connection
I1102 19:13:40.717440 IO-0/EL  engine.cpp:277] Engine: Receive new handshake message from message connection
I1102 19:13:40.717445 IO-0/EL  worker_manager.cpp:60] WorkerManager: FuncWorker of func_id 1, client_id 253 connected
I1102 19:13:40.717458 IO-0/EL  message_connection.cpp:269] FuncWorkerConnection[1-253]: Handshake done
I1102 19:13:40.717963 Server/E engine.cpp:674] Engine: New message connection
I1102 19:13:40.717989 IO-0/EL  engine.cpp:277] Engine: Receive new handshake message from message connection
I1102 19:13:40.717994 IO-0/EL  worker_manager.cpp:60] WorkerManager: FuncWorker of func_id 1, client_id 254 connected
I1102 19:13:40.718007 IO-0/EL  message_connection.cpp:269] FuncWorkerConnection[1-254]: Handshake done
I1102 19:13:40.718572 Server/E engine.cpp:674] Engine: New message connection
I1102 19:13:40.718593 IO-0/EL  engine.cpp:277] Engine: Receive new handshake message from message connection
I1102 19:13:40.718598 IO-0/EL  worker_manager.cpp:60] WorkerManager: FuncWorker of func_id 1, client_id 255 connected
I1102 19:13:40.718610 IO-0/EL  message_connection.cpp:269] FuncWorkerConnection[1-255]: Handshake done
I1102 19:13:40.719177 Server/E engine.cpp:674] Engine: New message connection
I1102 19:13:40.719202 IO-0/EL  engine.cpp:277] Engine: Receive new handshake message from message connection
I1102 19:13:40.719207 IO-0/EL  worker_manager.cpp:60] WorkerManager: FuncWorker of func_id 1, client_id 256 connected
I1102 19:13:40.719226 IO-0/EL  message_connection.cpp:269] FuncWorkerConnection[1-256]: Handshake done
I1102 19:13:46.659666 IO-0/EL  buffer_pool.h:25] BufferPool[IO-0_Write]: Allocate new buffer, current buffer count is 5
I1102 19:13:46.659697 IO-0/EL  buffer_pool.h:25] BufferPool[IO-0_Write]: Allocate new buffer, current buffer count is 6
I1102 19:13:46.659707 IO-0/EL  buffer_pool.h:25] BufferPool[IO-0_Write]: Allocate new buffer, current buffer count is 7
I1102 19:13:48.396051 Main     server_base.cpp:35] Server: Scheduled to stop
I1102 19:13:48.396245 Server/E server_base.cpp:109] Server: Start stopping process
I1102 19:13:48.396320 IO-0/EL  io_worker.cpp:206] IO-0: Start stopping process
I1102 19:13:48.396377 Server/E server_base.cpp:55] Server: Event loop finishes
