I1102 18:26:02.610475 Main     thread.cpp:100] Register main thread: tid=1378134
E1102 18:26:02.611660 Main     docker.cpp:59] Cannot find docker's cgroup in /proc/self/cgroup
I1102 18:26:02.611718 Main     func_config.cpp:135] Load configuration for function Noop[1]
I1102 18:26:02.611730 Main     engine.cpp:109] Engine: Start 1 IO workers
I1102 18:26:02.614985 IO-0/EL  thread.cpp:40] Start thread: IO-0/EL
I1102 18:26:02.615033 IO-0/EL  io_worker.cpp:192] IO-0: Event loop starts
Checking for file descriptor...
Got a file descriptor!
I1102 18:26:04.357450 Main     engine.cpp:180] Engine: Created 1 Machnet connections to Gateway at 10.10.1.2:10007
I1102 18:26:04.357516 Main     engine.cpp:208] Engine: Listen on /dev/shm/faas_ipc/engine.sock for IPC connections
I1102 18:26:04.357646 Server/E thread.cpp:40] Start thread: Server/EL
I1102 18:26:04.357800 Server/E server_base.cpp:50] Server: Event loop starts
I1102 18:26:04.614147 Server/E engine.cpp:674] Engine: New message connection
I1102 18:26:04.617418 IO-0/EL  buffer_pool.h:25] BufferPool[IO-0_Read]: Allocate new buffer, current buffer count is 1
I1102 18:26:04.617453 IO-0/EL  engine.cpp:277] Engine: Receive new handshake message from message connection
I1102 18:26:04.617461 IO-0/EL  worker_manager.cpp:23] WorkerManager: Launcher of func_id 1 connected
I1102 18:26:04.617465 IO-0/EL  worker_manager.cpp:131] WorkerManager: Request new FuncWorker for func_id 1 with client_id 1
I1102 18:26:04.617486 IO-0/EL  worker_manager.cpp:131] WorkerManager: Request new FuncWorker for func_id 1 with client_id 2
I1102 18:26:04.617498 IO-0/EL  worker_manager.cpp:131] WorkerManager: Request new FuncWorker for func_id 1 with client_id 3
I1102 18:26:04.617507 IO-0/EL  worker_manager.cpp:131] WorkerManager: Request new FuncWorker for func_id 1 with client_id 4
I1102 18:26:04.617517 IO-0/EL  worker_manager.cpp:131] WorkerManager: Request new FuncWorker for func_id 1 with client_id 5
I1102 18:26:04.617526 IO-0/EL  worker_manager.cpp:131] WorkerManager: Request new FuncWorker for func_id 1 with client_id 6
I1102 18:26:04.617537 IO-0/EL  worker_manager.cpp:131] WorkerManager: Request new FuncWorker for func_id 1 with client_id 7
I1102 18:26:04.617547 IO-0/EL  worker_manager.cpp:131] WorkerManager: Request new FuncWorker for func_id 1 with client_id 8
I1102 18:26:04.617559 IO-0/EL  worker_manager.cpp:131] WorkerManager: Request new FuncWorker for func_id 1 with client_id 9
I1102 18:26:04.617568 IO-0/EL  worker_manager.cpp:131] WorkerManager: Request new FuncWorker for func_id 1 with client_id 10
I1102 18:26:04.617579 IO-0/EL  worker_manager.cpp:131] WorkerManager: Request new FuncWorker for func_id 1 with client_id 11
I1102 18:26:04.617589 IO-0/EL  worker_manager.cpp:131] WorkerManager: Request new FuncWorker for func_id 1 with client_id 12
I1102 18:26:04.617601 IO-0/EL  worker_manager.cpp:131] WorkerManager: Request new FuncWorker for func_id 1 with client_id 13
I1102 18:26:04.617610 IO-0/EL  worker_manager.cpp:131] WorkerManager: Request new FuncWorker for func_id 1 with client_id 14
I1102 18:26:04.617619 IO-0/EL  worker_manager.cpp:131] WorkerManager: Request new FuncWorker for func_id 1 with client_id 15
I1102 18:26:04.617630 IO-0/EL  worker_manager.cpp:131] WorkerManager: Request new FuncWorker for func_id 1 with client_id 16
I1102 18:26:04.617640 IO-0/EL  worker_manager.cpp:131] WorkerManager: Request new FuncWorker for func_id 1 with client_id 17
I1102 18:26:04.617660 IO-0/EL  worker_manager.cpp:131] WorkerManager: Request new FuncWorker for func_id 1 with client_id 18
I1102 18:26:04.617670 IO-0/EL  worker_manager.cpp:131] WorkerManager: Request new FuncWorker for func_id 1 with client_id 19
I1102 18:26:04.617681 IO-0/EL  worker_manager.cpp:131] WorkerManager: Request new FuncWorker for func_id 1 with client_id 20
I1102 18:26:04.617693 IO-0/EL  worker_manager.cpp:131] WorkerManager: Request new FuncWorker for func_id 1 with client_id 21
I1102 18:26:04.617703 IO-0/EL  worker_manager.cpp:131] WorkerManager: Request new FuncWorker for func_id 1 with client_id 22
I1102 18:26:04.617721 IO-0/EL  worker_manager.cpp:131] WorkerManager: Request new FuncWorker for func_id 1 with client_id 23
I1102 18:26:04.617749 IO-0/EL  worker_manager.cpp:131] WorkerManager: Request new FuncWorker for func_id 1 with client_id 24
I1102 18:26:04.617760 IO-0/EL  worker_manager.cpp:131] WorkerManager: Request new FuncWorker for func_id 1 with client_id 25
I1102 18:26:04.617769 IO-0/EL  worker_manager.cpp:131] WorkerManager: Request new FuncWorker for func_id 1 with client_id 26
I1102 18:26:04.617778 IO-0/EL  worker_manager.cpp:131] WorkerManager: Request new FuncWorker for func_id 1 with client_id 27
I1102 18:26:04.617790 IO-0/EL  worker_manager.cpp:131] WorkerManager: Request new FuncWorker for func_id 1 with client_id 28
I1102 18:26:04.617801 IO-0/EL  worker_manager.cpp:131] WorkerManager: Request new FuncWorker for func_id 1 with client_id 29
I1102 18:26:04.617810 IO-0/EL  worker_manager.cpp:131] WorkerManager: Request new FuncWorker for func_id 1 with client_id 30
I1102 18:26:04.617821 IO-0/EL  worker_manager.cpp:131] WorkerManager: Request new FuncWorker for func_id 1 with client_id 31
I1102 18:26:04.617830 IO-0/EL  worker_manager.cpp:131] WorkerManager: Request new FuncWorker for func_id 1 with client_id 32
I1102 18:26:04.617839 IO-0/EL  worker_manager.cpp:131] WorkerManager: Request new FuncWorker for func_id 1 with client_id 33
I1102 18:26:04.617876 IO-0/EL  worker_manager.cpp:131] WorkerManager: Request new FuncWorker for func_id 1 with client_id 34
I1102 18:26:04.617887 IO-0/EL  worker_manager.cpp:131] WorkerManager: Request new FuncWorker for func_id 1 with client_id 35
I1102 18:26:04.617900 IO-0/EL  worker_manager.cpp:131] WorkerManager: Request new FuncWorker for func_id 1 with client_id 36
I1102 18:26:04.617909 IO-0/EL  worker_manager.cpp:131] WorkerManager: Request new FuncWorker for func_id 1 with client_id 37
I1102 18:26:04.617919 IO-0/EL  worker_manager.cpp:131] WorkerManager: Request new FuncWorker for func_id 1 with client_id 38
I1102 18:26:04.617929 IO-0/EL  worker_manager.cpp:131] WorkerManager: Request new FuncWorker for func_id 1 with client_id 39
I1102 18:26:04.617940 IO-0/EL  worker_manager.cpp:131] WorkerManager: Request new FuncWorker for func_id 1 with client_id 40
I1102 18:26:04.617950 IO-0/EL  worker_manager.cpp:131] WorkerManager: Request new FuncWorker for func_id 1 with client_id 41
I1102 18:26:04.617959 IO-0/EL  worker_manager.cpp:131] WorkerManager: Request new FuncWorker for func_id 1 with client_id 42
I1102 18:26:04.617970 IO-0/EL  worker_manager.cpp:131] WorkerManager: Request new FuncWorker for func_id 1 with client_id 43
I1102 18:26:04.617981 IO-0/EL  worker_manager.cpp:131] WorkerManager: Request new FuncWorker for func_id 1 with client_id 44
I1102 18:26:04.617991 IO-0/EL  worker_manager.cpp:131] WorkerManager: Request new FuncWorker for func_id 1 with client_id 45
I1102 18:26:04.618002 IO-0/EL  worker_manager.cpp:131] WorkerManager: Request new FuncWorker for func_id 1 with client_id 46
I1102 18:26:04.618012 IO-0/EL  worker_manager.cpp:131] WorkerManager: Request new FuncWorker for func_id 1 with client_id 47
I1102 18:26:04.618023 IO-0/EL  worker_manager.cpp:131] WorkerManager: Request new FuncWorker for func_id 1 with client_id 48
I1102 18:26:04.618032 IO-0/EL  worker_manager.cpp:131] WorkerManager: Request new FuncWorker for func_id 1 with client_id 49
I1102 18:26:04.618041 IO-0/EL  worker_manager.cpp:131] WorkerManager: Request new FuncWorker for func_id 1 with client_id 50
I1102 18:26:04.618051 IO-0/EL  worker_manager.cpp:131] WorkerManager: Request new FuncWorker for func_id 1 with client_id 51
I1102 18:26:04.618062 IO-0/EL  worker_manager.cpp:131] WorkerManager: Request new FuncWorker for func_id 1 with client_id 52
I1102 18:26:04.618072 IO-0/EL  worker_manager.cpp:131] WorkerManager: Request new FuncWorker for func_id 1 with client_id 53
I1102 18:26:04.618083 IO-0/EL  worker_manager.cpp:131] WorkerManager: Request new FuncWorker for func_id 1 with client_id 54
I1102 18:26:04.618092 IO-0/EL  worker_manager.cpp:131] WorkerManager: Request new FuncWorker for func_id 1 with client_id 55
I1102 18:26:04.618103 IO-0/EL  worker_manager.cpp:131] WorkerManager: Request new FuncWorker for func_id 1 with client_id 56
I1102 18:26:04.618118 IO-0/EL  worker_manager.cpp:131] WorkerManager: Request new FuncWorker for func_id 1 with client_id 57
I1102 18:26:04.618129 IO-0/EL  worker_manager.cpp:131] WorkerManager: Request new FuncWorker for func_id 1 with client_id 58
I1102 18:26:04.618138 IO-0/EL  worker_manager.cpp:131] WorkerManager: Request new FuncWorker for func_id 1 with client_id 59
I1102 18:26:04.618149 IO-0/EL  worker_manager.cpp:131] WorkerManager: Request new FuncWorker for func_id 1 with client_id 60
I1102 18:26:04.618160 IO-0/EL  worker_manager.cpp:131] WorkerManager: Request new FuncWorker for func_id 1 with client_id 61
I1102 18:26:04.618169 IO-0/EL  worker_manager.cpp:131] WorkerManager: Request new FuncWorker for func_id 1 with client_id 62
I1102 18:26:04.618178 IO-0/EL  worker_manager.cpp:131] WorkerManager: Request new FuncWorker for func_id 1 with client_id 63
I1102 18:26:04.618187 IO-0/EL  worker_manager.cpp:131] WorkerManager: Request new FuncWorker for func_id 1 with client_id 64
I1102 18:26:04.618197 IO-0/EL  worker_manager.cpp:131] WorkerManager: Request new FuncWorker for func_id 1 with client_id 65
I1102 18:26:04.618250 IO-0/EL  worker_manager.cpp:131] WorkerManager: Request new FuncWorker for func_id 1 with client_id 66
I1102 18:26:04.618261 IO-0/EL  worker_manager.cpp:131] WorkerManager: Request new FuncWorker for func_id 1 with client_id 67
I1102 18:26:04.618270 IO-0/EL  worker_manager.cpp:131] WorkerManager: Request new FuncWorker for func_id 1 with client_id 68
I1102 18:26:04.618284 IO-0/EL  worker_manager.cpp:131] WorkerManager: Request new FuncWorker for func_id 1 with client_id 69
I1102 18:26:04.618295 IO-0/EL  worker_manager.cpp:131] WorkerManager: Request new FuncWorker for func_id 1 with client_id 70
I1102 18:26:04.618304 IO-0/EL  worker_manager.cpp:131] WorkerManager: Request new FuncWorker for func_id 1 with client_id 71
I1102 18:26:04.618313 IO-0/EL  worker_manager.cpp:131] WorkerManager: Request new FuncWorker for func_id 1 with client_id 72
I1102 18:26:04.618325 IO-0/EL  worker_manager.cpp:131] WorkerManager: Request new FuncWorker for func_id 1 with client_id 73
I1102 18:26:04.618335 IO-0/EL  worker_manager.cpp:131] WorkerManager: Request new FuncWorker for func_id 1 with client_id 74
I1102 18:26:04.618344 IO-0/EL  worker_manager.cpp:131] WorkerManager: Request new FuncWorker for func_id 1 with client_id 75
I1102 18:26:04.618356 IO-0/EL  worker_manager.cpp:131] WorkerManager: Request new FuncWorker for func_id 1 with client_id 76
I1102 18:26:04.618368 IO-0/EL  worker_manager.cpp:131] WorkerManager: Request new FuncWorker for func_id 1 with client_id 77
I1102 18:26:04.618378 IO-0/EL  worker_manager.cpp:131] WorkerManager: Request new FuncWorker for func_id 1 with client_id 78
I1102 18:26:04.618386 IO-0/EL  worker_manager.cpp:131] WorkerManager: Request new FuncWorker for func_id 1 with client_id 79
I1102 18:26:04.618396 IO-0/EL  worker_manager.cpp:131] WorkerManager: Request new FuncWorker for func_id 1 with client_id 80
I1102 18:26:04.618409 IO-0/EL  worker_manager.cpp:131] WorkerManager: Request new FuncWorker for func_id 1 with client_id 81
I1102 18:26:04.618418 IO-0/EL  worker_manager.cpp:131] WorkerManager: Request new FuncWorker for func_id 1 with client_id 82
I1102 18:26:04.618427 IO-0/EL  worker_manager.cpp:131] WorkerManager: Request new FuncWorker for func_id 1 with client_id 83
I1102 18:26:04.618438 IO-0/EL  worker_manager.cpp:131] WorkerManager: Request new FuncWorker for func_id 1 with client_id 84
I1102 18:26:04.618451 IO-0/EL  worker_manager.cpp:131] WorkerManager: Request new FuncWorker for func_id 1 with client_id 85
I1102 18:26:04.618461 IO-0/EL  worker_manager.cpp:131] WorkerManager: Request new FuncWorker for func_id 1 with client_id 86
I1102 18:26:04.618470 IO-0/EL  worker_manager.cpp:131] WorkerManager: Request new FuncWorker for func_id 1 with client_id 87
I1102 18:26:04.618481 IO-0/EL  worker_manager.cpp:131] WorkerManager: Request new FuncWorker for func_id 1 with client_id 88
I1102 18:26:04.618499 IO-0/EL  worker_manager.cpp:131] WorkerManager: Request new FuncWorker for func_id 1 with client_id 89
I1102 18:26:04.618508 IO-0/EL  worker_manager.cpp:131] WorkerManager: Request new FuncWorker for func_id 1 with client_id 90
I1102 18:26:04.618519 IO-0/EL  worker_manager.cpp:131] WorkerManager: Request new FuncWorker for func_id 1 with client_id 91
I1102 18:26:04.618528 IO-0/EL  worker_manager.cpp:131] WorkerManager: Request new FuncWorker for func_id 1 with client_id 92
I1102 18:26:04.618539 IO-0/EL  worker_manager.cpp:131] WorkerManager: Request new FuncWorker for func_id 1 with client_id 93
I1102 18:26:04.618549 IO-0/EL  worker_manager.cpp:131] WorkerManager: Request new FuncWorker for func_id 1 with client_id 94
I1102 18:26:04.618558 IO-0/EL  worker_manager.cpp:131] WorkerManager: Request new FuncWorker for func_id 1 with client_id 95
I1102 18:26:04.618569 IO-0/EL  worker_manager.cpp:131] WorkerManager: Request new FuncWorker for func_id 1 with client_id 96
I1102 18:26:04.618580 IO-0/EL  worker_manager.cpp:131] WorkerManager: Request new FuncWorker for func_id 1 with client_id 97
I1102 18:26:04.618590 IO-0/EL  worker_manager.cpp:131] WorkerManager: Request new FuncWorker for func_id 1 with client_id 98
I1102 18:26:04.618600 IO-0/EL  worker_manager.cpp:131] WorkerManager: Request new FuncWorker for func_id 1 with client_id 99
I1102 18:26:04.618610 IO-0/EL  worker_manager.cpp:131] WorkerManager: Request new FuncWorker for func_id 1 with client_id 100
I1102 18:26:04.618621 IO-0/EL  worker_manager.cpp:131] WorkerManager: Request new FuncWorker for func_id 1 with client_id 101
I1102 18:26:04.618631 IO-0/EL  worker_manager.cpp:131] WorkerManager: Request new FuncWorker for func_id 1 with client_id 102
I1102 18:26:04.618642 IO-0/EL  worker_manager.cpp:131] WorkerManager: Request new FuncWorker for func_id 1 with client_id 103
I1102 18:26:04.618651 IO-0/EL  worker_manager.cpp:131] WorkerManager: Request new FuncWorker for func_id 1 with client_id 104
I1102 18:26:04.618664 IO-0/EL  worker_manager.cpp:131] WorkerManager: Request new FuncWorker for func_id 1 with client_id 105
I1102 18:26:04.618675 IO-0/EL  worker_manager.cpp:131] WorkerManager: Request new FuncWorker for func_id 1 with client_id 106
I1102 18:26:04.618685 IO-0/EL  worker_manager.cpp:131] WorkerManager: Request new FuncWorker for func_id 1 with client_id 107
I1102 18:26:04.618695 IO-0/EL  worker_manager.cpp:131] WorkerManager: Request new FuncWorker for func_id 1 with client_id 108
I1102 18:26:04.618706 IO-0/EL  worker_manager.cpp:131] WorkerManager: Request new FuncWorker for func_id 1 with client_id 109
I1102 18:26:04.618720 IO-0/EL  worker_manager.cpp:131] WorkerManager: Request new FuncWorker for func_id 1 with client_id 110
I1102 18:26:04.618732 IO-0/EL  worker_manager.cpp:131] WorkerManager: Request new FuncWorker for func_id 1 with client_id 111
I1102 18:26:04.618741 IO-0/EL  worker_manager.cpp:131] WorkerManager: Request new FuncWorker for func_id 1 with client_id 112
I1102 18:26:04.618753 IO-0/EL  worker_manager.cpp:131] WorkerManager: Request new FuncWorker for func_id 1 with client_id 113
I1102 18:26:04.618765 IO-0/EL  worker_manager.cpp:131] WorkerManager: Request new FuncWorker for func_id 1 with client_id 114
I1102 18:26:04.618775 IO-0/EL  worker_manager.cpp:131] WorkerManager: Request new FuncWorker for func_id 1 with client_id 115
I1102 18:26:04.618784 IO-0/EL  worker_manager.cpp:131] WorkerManager: Request new FuncWorker for func_id 1 with client_id 116
I1102 18:26:04.618795 IO-0/EL  worker_manager.cpp:131] WorkerManager: Request new FuncWorker for func_id 1 with client_id 117
I1102 18:26:04.618807 IO-0/EL  worker_manager.cpp:131] WorkerManager: Request new FuncWorker for func_id 1 with client_id 118
I1102 18:26:04.618816 IO-0/EL  worker_manager.cpp:131] WorkerManager: Request new FuncWorker for func_id 1 with client_id 119
I1102 18:26:04.618825 IO-0/EL  worker_manager.cpp:131] WorkerManager: Request new FuncWorker for func_id 1 with client_id 120
I1102 18:26:04.618839 IO-0/EL  worker_manager.cpp:131] WorkerManager: Request new FuncWorker for func_id 1 with client_id 121
I1102 18:26:04.618854 IO-0/EL  worker_manager.cpp:131] WorkerManager: Request new FuncWorker for func_id 1 with client_id 122
I1102 18:26:04.618863 IO-0/EL  worker_manager.cpp:131] WorkerManager: Request new FuncWorker for func_id 1 with client_id 123
I1102 18:26:04.618872 IO-0/EL  worker_manager.cpp:131] WorkerManager: Request new FuncWorker for func_id 1 with client_id 124
I1102 18:26:04.618884 IO-0/EL  worker_manager.cpp:131] WorkerManager: Request new FuncWorker for func_id 1 with client_id 125
I1102 18:26:04.618896 IO-0/EL  worker_manager.cpp:131] WorkerManager: Request new FuncWorker for func_id 1 with client_id 126
I1102 18:26:04.618905 IO-0/EL  worker_manager.cpp:131] WorkerManager: Request new FuncWorker for func_id 1 with client_id 127
I1102 18:26:04.618914 IO-0/EL  worker_manager.cpp:131] WorkerManager: Request new FuncWorker for func_id 1 with client_id 128
I1102 18:26:04.619023 IO-0/EL  buffer_pool.h:25] BufferPool[IO-0_Write]: Allocate new buffer, current buffer count is 1
I1102 18:26:04.619054 IO-0/EL  buffer_pool.h:25] BufferPool[IO-0_Write]: Allocate new buffer, current buffer count is 2
I1102 18:26:04.619085 IO-0/EL  message_connection.cpp:269] LauncherConnection[1]: Handshake done
I1102 18:26:04.621901 Server/E engine.cpp:674] Engine: New message connection
I1102 18:26:04.621939 IO-0/EL  engine.cpp:277] Engine: Receive new handshake message from message connection
I1102 18:26:04.621945 IO-0/EL  worker_manager.cpp:60] WorkerManager: FuncWorker of func_id 1, client_id 1 connected
I1102 18:26:04.621956 IO-0/EL  dispatcher.cpp:47] Dispatcher[1]: min_workers=128
I1102 18:26:04.621960 IO-0/EL  dispatcher.cpp:51] Dispatcher[1]: max_workers=128
I1102 18:26:04.621981 IO-0/EL  message_connection.cpp:269] FuncWorkerConnection[1-1]: Handshake done
I1102 18:26:04.623955 Server/E engine.cpp:674] Engine: New message connection
I1102 18:26:04.623986 IO-0/EL  engine.cpp:277] Engine: Receive new handshake message from message connection
I1102 18:26:04.623991 IO-0/EL  worker_manager.cpp:60] WorkerManager: FuncWorker of func_id 1, client_id 2 connected
I1102 18:26:04.624006 IO-0/EL  message_connection.cpp:269] FuncWorkerConnection[1-2]: Handshake done
I1102 18:26:04.624338 Server/E engine.cpp:674] Engine: New message connection
I1102 18:26:04.624361 IO-0/EL  engine.cpp:277] Engine: Receive new handshake message from message connection
I1102 18:26:04.624365 IO-0/EL  worker_manager.cpp:60] WorkerManager: FuncWorker of func_id 1, client_id 3 connected
I1102 18:26:04.624379 IO-0/EL  message_connection.cpp:269] FuncWorkerConnection[1-3]: Handshake done
I1102 18:26:04.624698 Server/E engine.cpp:674] Engine: New message connection
I1102 18:26:04.624730 IO-0/EL  engine.cpp:277] Engine: Receive new handshake message from message connection
I1102 18:26:04.624735 IO-0/EL  worker_manager.cpp:60] WorkerManager: FuncWorker of func_id 1, client_id 4 connected
I1102 18:26:04.624749 IO-0/EL  message_connection.cpp:269] FuncWorkerConnection[1-4]: Handshake done
I1102 18:26:04.626133 Server/E engine.cpp:674] Engine: New message connection
I1102 18:26:04.626225 IO-0/EL  engine.cpp:277] Engine: Receive new handshake message from message connection
I1102 18:26:04.626231 IO-0/EL  worker_manager.cpp:60] WorkerManager: FuncWorker of func_id 1, client_id 5 connected
I1102 18:26:04.626245 IO-0/EL  message_connection.cpp:269] FuncWorkerConnection[1-5]: Handshake done
I1102 18:26:04.626578 Server/E engine.cpp:674] Engine: New message connection
I1102 18:26:04.626636 IO-0/EL  engine.cpp:277] Engine: Receive new handshake message from message connection
I1102 18:26:04.626641 IO-0/EL  worker_manager.cpp:60] WorkerManager: FuncWorker of func_id 1, client_id 6 connected
I1102 18:26:04.626654 IO-0/EL  message_connection.cpp:269] FuncWorkerConnection[1-6]: Handshake done
I1102 18:26:04.627895 Server/E engine.cpp:674] Engine: New message connection
I1102 18:26:04.627939 IO-0/EL  engine.cpp:277] Engine: Receive new handshake message from message connection
I1102 18:26:04.627944 IO-0/EL  worker_manager.cpp:60] WorkerManager: FuncWorker of func_id 1, client_id 7 connected
I1102 18:26:04.627967 IO-0/EL  message_connection.cpp:269] FuncWorkerConnection[1-7]: Handshake done
I1102 18:26:04.627966 Server/E engine.cpp:674] Engine: New message connection
I1102 18:26:04.628002 IO-0/EL  engine.cpp:277] Engine: Receive new handshake message from message connection
I1102 18:26:04.628007 IO-0/EL  worker_manager.cpp:60] WorkerManager: FuncWorker of func_id 1, client_id 8 connected
I1102 18:26:04.628020 IO-0/EL  message_connection.cpp:269] FuncWorkerConnection[1-8]: Handshake done
I1102 18:26:04.629943 Server/E engine.cpp:674] Engine: New message connection
I1102 18:26:04.629973 Server/E engine.cpp:674] Engine: New message connection
I1102 18:26:04.629986 IO-0/EL  engine.cpp:277] Engine: Receive new handshake message from message connection
I1102 18:26:04.629991 IO-0/EL  worker_manager.cpp:60] WorkerManager: FuncWorker of func_id 1, client_id 10 connected
I1102 18:26:04.630006 IO-0/EL  message_connection.cpp:269] FuncWorkerConnection[1-10]: Handshake done
I1102 18:26:04.630019 IO-0/EL  engine.cpp:277] Engine: Receive new handshake message from message connection
I1102 18:26:04.630023 IO-0/EL  worker_manager.cpp:60] WorkerManager: FuncWorker of func_id 1, client_id 9 connected
I1102 18:26:04.630036 IO-0/EL  message_connection.cpp:269] FuncWorkerConnection[1-9]: Handshake done
I1102 18:26:04.630928 Server/E engine.cpp:674] Engine: New message connection
I1102 18:26:04.630963 IO-0/EL  engine.cpp:277] Engine: Receive new handshake message from message connection
I1102 18:26:04.630968 IO-0/EL  worker_manager.cpp:60] WorkerManager: FuncWorker of func_id 1, client_id 11 connected
I1102 18:26:04.630982 IO-0/EL  message_connection.cpp:269] FuncWorkerConnection[1-11]: Handshake done
I1102 18:26:04.631305 Server/E engine.cpp:674] Engine: New message connection
I1102 18:26:04.631334 IO-0/EL  engine.cpp:277] Engine: Receive new handshake message from message connection
I1102 18:26:04.631338 IO-0/EL  worker_manager.cpp:60] WorkerManager: FuncWorker of func_id 1, client_id 12 connected
I1102 18:26:04.631351 IO-0/EL  message_connection.cpp:269] FuncWorkerConnection[1-12]: Handshake done
I1102 18:26:04.631691 Server/E engine.cpp:674] Engine: New message connection
I1102 18:26:04.631730 IO-0/EL  engine.cpp:277] Engine: Receive new handshake message from message connection
I1102 18:26:04.631736 IO-0/EL  worker_manager.cpp:60] WorkerManager: FuncWorker of func_id 1, client_id 13 connected
I1102 18:26:04.631749 IO-0/EL  message_connection.cpp:269] FuncWorkerConnection[1-13]: Handshake done
I1102 18:26:04.632110 Server/E engine.cpp:674] Engine: New message connection
I1102 18:26:04.632141 IO-0/EL  engine.cpp:277] Engine: Receive new handshake message from message connection
I1102 18:26:04.632145 IO-0/EL  worker_manager.cpp:60] WorkerManager: FuncWorker of func_id 1, client_id 14 connected
I1102 18:26:04.632158 IO-0/EL  message_connection.cpp:269] FuncWorkerConnection[1-14]: Handshake done
I1102 18:26:04.633270 Server/E engine.cpp:674] Engine: New message connection
I1102 18:26:04.633324 IO-0/EL  engine.cpp:277] Engine: Receive new handshake message from message connection
I1102 18:26:04.633330 IO-0/EL  worker_manager.cpp:60] WorkerManager: FuncWorker of func_id 1, client_id 15 connected
I1102 18:26:04.633344 IO-0/EL  message_connection.cpp:269] FuncWorkerConnection[1-15]: Handshake done
I1102 18:26:04.633546 Server/E engine.cpp:674] Engine: New message connection
I1102 18:26:04.633587 IO-0/EL  engine.cpp:277] Engine: Receive new handshake message from message connection
I1102 18:26:04.633592 IO-0/EL  worker_manager.cpp:60] WorkerManager: FuncWorker of func_id 1, client_id 16 connected
I1102 18:26:04.633605 IO-0/EL  message_connection.cpp:269] FuncWorkerConnection[1-16]: Handshake done
I1102 18:26:04.634029 Server/E engine.cpp:674] Engine: New message connection
I1102 18:26:04.634068 IO-0/EL  engine.cpp:277] Engine: Receive new handshake message from message connection
I1102 18:26:04.634073 IO-0/EL  worker_manager.cpp:60] WorkerManager: FuncWorker of func_id 1, client_id 17 connected
I1102 18:26:04.634099 IO-0/EL  message_connection.cpp:269] FuncWorkerConnection[1-17]: Handshake done
I1102 18:26:04.634432 Server/E engine.cpp:674] Engine: New message connection
I1102 18:26:04.634472 IO-0/EL  engine.cpp:277] Engine: Receive new handshake message from message connection
I1102 18:26:04.634476 IO-0/EL  worker_manager.cpp:60] WorkerManager: FuncWorker of func_id 1, client_id 18 connected
I1102 18:26:04.634490 IO-0/EL  message_connection.cpp:269] FuncWorkerConnection[1-18]: Handshake done
I1102 18:26:04.634862 Server/E engine.cpp:674] Engine: New message connection
I1102 18:26:04.634904 IO-0/EL  engine.cpp:277] Engine: Receive new handshake message from message connection
I1102 18:26:04.634909 IO-0/EL  worker_manager.cpp:60] WorkerManager: FuncWorker of func_id 1, client_id 19 connected
I1102 18:26:04.634922 IO-0/EL  message_connection.cpp:269] FuncWorkerConnection[1-19]: Handshake done
I1102 18:26:04.635407 Server/E engine.cpp:674] Engine: New message connection
I1102 18:26:04.635444 IO-0/EL  engine.cpp:277] Engine: Receive new handshake message from message connection
I1102 18:26:04.635448 IO-0/EL  worker_manager.cpp:60] WorkerManager: FuncWorker of func_id 1, client_id 20 connected
I1102 18:26:04.635461 IO-0/EL  message_connection.cpp:269] FuncWorkerConnection[1-20]: Handshake done
I1102 18:26:04.635869 Server/E engine.cpp:674] Engine: New message connection
I1102 18:26:04.635912 IO-0/EL  engine.cpp:277] Engine: Receive new handshake message from message connection
I1102 18:26:04.635917 IO-0/EL  worker_manager.cpp:60] WorkerManager: FuncWorker of func_id 1, client_id 21 connected
I1102 18:26:04.635930 IO-0/EL  message_connection.cpp:269] FuncWorkerConnection[1-21]: Handshake done
I1102 18:26:04.636323 Server/E engine.cpp:674] Engine: New message connection
I1102 18:26:04.636354 IO-0/EL  engine.cpp:277] Engine: Receive new handshake message from message connection
I1102 18:26:04.636359 IO-0/EL  worker_manager.cpp:60] WorkerManager: FuncWorker of func_id 1, client_id 22 connected
I1102 18:26:04.636371 IO-0/EL  message_connection.cpp:269] FuncWorkerConnection[1-22]: Handshake done
I1102 18:26:04.636754 Server/E engine.cpp:674] Engine: New message connection
I1102 18:26:04.636792 IO-0/EL  engine.cpp:277] Engine: Receive new handshake message from message connection
I1102 18:26:04.636798 IO-0/EL  worker_manager.cpp:60] WorkerManager: FuncWorker of func_id 1, client_id 23 connected
I1102 18:26:04.636811 IO-0/EL  message_connection.cpp:269] FuncWorkerConnection[1-23]: Handshake done
I1102 18:26:04.637182 Server/E engine.cpp:674] Engine: New message connection
I1102 18:26:04.637211 IO-0/EL  engine.cpp:277] Engine: Receive new handshake message from message connection
I1102 18:26:04.637215 IO-0/EL  worker_manager.cpp:60] WorkerManager: FuncWorker of func_id 1, client_id 24 connected
I1102 18:26:04.637229 IO-0/EL  message_connection.cpp:269] FuncWorkerConnection[1-24]: Handshake done
I1102 18:26:04.637593 Server/E engine.cpp:674] Engine: New message connection
I1102 18:26:04.637631 IO-0/EL  engine.cpp:277] Engine: Receive new handshake message from message connection
I1102 18:26:04.637636 IO-0/EL  worker_manager.cpp:60] WorkerManager: FuncWorker of func_id 1, client_id 25 connected
I1102 18:26:04.637649 IO-0/EL  message_connection.cpp:269] FuncWorkerConnection[1-25]: Handshake done
I1102 18:26:04.638064 Server/E engine.cpp:674] Engine: New message connection
I1102 18:26:04.638096 IO-0/EL  engine.cpp:277] Engine: Receive new handshake message from message connection
I1102 18:26:04.638101 IO-0/EL  worker_manager.cpp:60] WorkerManager: FuncWorker of func_id 1, client_id 26 connected
I1102 18:26:04.638113 IO-0/EL  message_connection.cpp:269] FuncWorkerConnection[1-26]: Handshake done
I1102 18:26:04.638553 Server/E engine.cpp:674] Engine: New message connection
I1102 18:26:04.638587 IO-0/EL  engine.cpp:277] Engine: Receive new handshake message from message connection
I1102 18:26:04.638592 IO-0/EL  worker_manager.cpp:60] WorkerManager: FuncWorker of func_id 1, client_id 27 connected
I1102 18:26:04.638611 IO-0/EL  message_connection.cpp:269] FuncWorkerConnection[1-27]: Handshake done
I1102 18:26:04.638934 Server/E engine.cpp:674] Engine: New message connection
I1102 18:26:04.638973 IO-0/EL  engine.cpp:277] Engine: Receive new handshake message from message connection
I1102 18:26:04.638978 IO-0/EL  worker_manager.cpp:60] WorkerManager: FuncWorker of func_id 1, client_id 28 connected
I1102 18:26:04.638992 IO-0/EL  message_connection.cpp:269] FuncWorkerConnection[1-28]: Handshake done
I1102 18:26:04.639384 Server/E engine.cpp:674] Engine: New message connection
I1102 18:26:04.639414 IO-0/EL  engine.cpp:277] Engine: Receive new handshake message from message connection
I1102 18:26:04.639418 IO-0/EL  worker_manager.cpp:60] WorkerManager: FuncWorker of func_id 1, client_id 29 connected
I1102 18:26:04.639440 IO-0/EL  message_connection.cpp:269] FuncWorkerConnection[1-29]: Handshake done
I1102 18:26:04.639841 Server/E engine.cpp:674] Engine: New message connection
I1102 18:26:04.639879 IO-0/EL  engine.cpp:277] Engine: Receive new handshake message from message connection
I1102 18:26:04.639884 IO-0/EL  worker_manager.cpp:60] WorkerManager: FuncWorker of func_id 1, client_id 30 connected
I1102 18:26:04.639897 IO-0/EL  message_connection.cpp:269] FuncWorkerConnection[1-30]: Handshake done
I1102 18:26:04.640225 Server/E engine.cpp:674] Engine: New message connection
I1102 18:26:04.640256 IO-0/EL  engine.cpp:277] Engine: Receive new handshake message from message connection
I1102 18:26:04.640261 IO-0/EL  worker_manager.cpp:60] WorkerManager: FuncWorker of func_id 1, client_id 31 connected
I1102 18:26:04.640274 IO-0/EL  message_connection.cpp:269] FuncWorkerConnection[1-31]: Handshake done
I1102 18:26:04.640689 Server/E engine.cpp:674] Engine: New message connection
I1102 18:26:04.640730 IO-0/EL  engine.cpp:277] Engine: Receive new handshake message from message connection
I1102 18:26:04.640736 IO-0/EL  worker_manager.cpp:60] WorkerManager: FuncWorker of func_id 1, client_id 32 connected
I1102 18:26:04.640750 IO-0/EL  message_connection.cpp:269] FuncWorkerConnection[1-32]: Handshake done
I1102 18:26:04.641073 Server/E engine.cpp:674] Engine: New message connection
I1102 18:26:04.641100 IO-0/EL  engine.cpp:277] Engine: Receive new handshake message from message connection
I1102 18:26:04.641105 IO-0/EL  worker_manager.cpp:60] WorkerManager: FuncWorker of func_id 1, client_id 33 connected
I1102 18:26:04.641118 IO-0/EL  message_connection.cpp:269] FuncWorkerConnection[1-33]: Handshake done
I1102 18:26:04.641595 Server/E engine.cpp:674] Engine: New message connection
I1102 18:26:04.641635 IO-0/EL  engine.cpp:277] Engine: Receive new handshake message from message connection
I1102 18:26:04.641640 IO-0/EL  worker_manager.cpp:60] WorkerManager: FuncWorker of func_id 1, client_id 34 connected
I1102 18:26:04.641653 IO-0/EL  message_connection.cpp:269] FuncWorkerConnection[1-34]: Handshake done
I1102 18:26:04.642006 Server/E engine.cpp:674] Engine: New message connection
I1102 18:26:04.642038 IO-0/EL  engine.cpp:277] Engine: Receive new handshake message from message connection
I1102 18:26:04.642042 IO-0/EL  worker_manager.cpp:60] WorkerManager: FuncWorker of func_id 1, client_id 35 connected
I1102 18:26:04.642055 IO-0/EL  message_connection.cpp:269] FuncWorkerConnection[1-35]: Handshake done
I1102 18:26:04.642436 Server/E engine.cpp:674] Engine: New message connection
I1102 18:26:04.642470 IO-0/EL  engine.cpp:277] Engine: Receive new handshake message from message connection
I1102 18:26:04.642475 IO-0/EL  worker_manager.cpp:60] WorkerManager: FuncWorker of func_id 1, client_id 36 connected
I1102 18:26:04.642488 IO-0/EL  message_connection.cpp:269] FuncWorkerConnection[1-36]: Handshake done
I1102 18:26:04.642879 Server/E engine.cpp:674] Engine: New message connection
I1102 18:26:04.642911 IO-0/EL  engine.cpp:277] Engine: Receive new handshake message from message connection
I1102 18:26:04.642916 IO-0/EL  worker_manager.cpp:60] WorkerManager: FuncWorker of func_id 1, client_id 37 connected
I1102 18:26:04.642928 IO-0/EL  message_connection.cpp:269] FuncWorkerConnection[1-37]: Handshake done
I1102 18:26:04.643435 Server/E engine.cpp:674] Engine: New message connection
I1102 18:26:04.643469 IO-0/EL  engine.cpp:277] Engine: Receive new handshake message from message connection
I1102 18:26:04.643474 IO-0/EL  worker_manager.cpp:60] WorkerManager: FuncWorker of func_id 1, client_id 38 connected
I1102 18:26:04.643488 IO-0/EL  message_connection.cpp:269] FuncWorkerConnection[1-38]: Handshake done
I1102 18:26:04.643778 Server/E engine.cpp:674] Engine: New message connection
I1102 18:26:04.643814 IO-0/EL  engine.cpp:277] Engine: Receive new handshake message from message connection
I1102 18:26:04.643818 IO-0/EL  worker_manager.cpp:60] WorkerManager: FuncWorker of func_id 1, client_id 39 connected
I1102 18:26:04.643831 IO-0/EL  message_connection.cpp:269] FuncWorkerConnection[1-39]: Handshake done
I1102 18:26:04.644225 Server/E engine.cpp:674] Engine: New message connection
I1102 18:26:04.644260 IO-0/EL  engine.cpp:277] Engine: Receive new handshake message from message connection
I1102 18:26:04.644265 IO-0/EL  worker_manager.cpp:60] WorkerManager: FuncWorker of func_id 1, client_id 40 connected
I1102 18:26:04.644278 IO-0/EL  message_connection.cpp:269] FuncWorkerConnection[1-40]: Handshake done
I1102 18:26:04.644668 Server/E engine.cpp:674] Engine: New message connection
I1102 18:26:04.644695 IO-0/EL  engine.cpp:277] Engine: Receive new handshake message from message connection
I1102 18:26:04.644699 IO-0/EL  worker_manager.cpp:60] WorkerManager: FuncWorker of func_id 1, client_id 41 connected
I1102 18:26:04.644719 IO-0/EL  message_connection.cpp:269] FuncWorkerConnection[1-41]: Handshake done
I1102 18:26:04.645096 Server/E engine.cpp:674] Engine: New message connection
I1102 18:26:04.645130 IO-0/EL  engine.cpp:277] Engine: Receive new handshake message from message connection
I1102 18:26:04.645134 IO-0/EL  worker_manager.cpp:60] WorkerManager: FuncWorker of func_id 1, client_id 42 connected
I1102 18:26:04.645148 IO-0/EL  message_connection.cpp:269] FuncWorkerConnection[1-42]: Handshake done
I1102 18:26:04.645536 Server/E engine.cpp:674] Engine: New message connection
I1102 18:26:04.645566 IO-0/EL  engine.cpp:277] Engine: Receive new handshake message from message connection
I1102 18:26:04.645574 IO-0/EL  worker_manager.cpp:60] WorkerManager: FuncWorker of func_id 1, client_id 43 connected
I1102 18:26:04.645592 IO-0/EL  message_connection.cpp:269] FuncWorkerConnection[1-43]: Handshake done
I1102 18:26:04.645983 Server/E engine.cpp:674] Engine: New message connection
I1102 18:26:04.646016 IO-0/EL  engine.cpp:277] Engine: Receive new handshake message from message connection
I1102 18:26:04.646021 IO-0/EL  worker_manager.cpp:60] WorkerManager: FuncWorker of func_id 1, client_id 44 connected
I1102 18:26:04.646033 IO-0/EL  message_connection.cpp:269] FuncWorkerConnection[1-44]: Handshake done
I1102 18:26:04.646422 Server/E engine.cpp:674] Engine: New message connection
I1102 18:26:04.646459 IO-0/EL  engine.cpp:277] Engine: Receive new handshake message from message connection
I1102 18:26:04.646463 IO-0/EL  worker_manager.cpp:60] WorkerManager: FuncWorker of func_id 1, client_id 45 connected
I1102 18:26:04.646477 IO-0/EL  message_connection.cpp:269] FuncWorkerConnection[1-45]: Handshake done
I1102 18:26:04.646921 Server/E engine.cpp:674] Engine: New message connection
I1102 18:26:04.646951 IO-0/EL  engine.cpp:277] Engine: Receive new handshake message from message connection
I1102 18:26:04.646956 IO-0/EL  worker_manager.cpp:60] WorkerManager: FuncWorker of func_id 1, client_id 46 connected
I1102 18:26:04.646968 IO-0/EL  message_connection.cpp:269] FuncWorkerConnection[1-46]: Handshake done
I1102 18:26:04.647930 Server/E engine.cpp:674] Engine: New message connection
I1102 18:26:04.647974 IO-0/EL  engine.cpp:277] Engine: Receive new handshake message from message connection
I1102 18:26:04.647980 IO-0/EL  worker_manager.cpp:60] WorkerManager: FuncWorker of func_id 1, client_id 48 connected
I1102 18:26:04.647993 IO-0/EL  message_connection.cpp:269] FuncWorkerConnection[1-48]: Handshake done
I1102 18:26:04.648414 Server/E engine.cpp:674] Engine: New message connection
I1102 18:26:04.648450 IO-0/EL  engine.cpp:277] Engine: Receive new handshake message from message connection
I1102 18:26:04.648455 IO-0/EL  worker_manager.cpp:60] WorkerManager: FuncWorker of func_id 1, client_id 49 connected
I1102 18:26:04.648467 IO-0/EL  message_connection.cpp:269] FuncWorkerConnection[1-49]: Handshake done
I1102 18:26:04.648515 Server/E engine.cpp:674] Engine: New message connection
I1102 18:26:04.648548 IO-0/EL  engine.cpp:277] Engine: Receive new handshake message from message connection
I1102 18:26:04.648553 IO-0/EL  worker_manager.cpp:60] WorkerManager: FuncWorker of func_id 1, client_id 47 connected
I1102 18:26:04.648566 IO-0/EL  message_connection.cpp:269] FuncWorkerConnection[1-47]: Handshake done
I1102 18:26:04.648907 Server/E engine.cpp:674] Engine: New message connection
I1102 18:26:04.648940 IO-0/EL  engine.cpp:277] Engine: Receive new handshake message from message connection
I1102 18:26:04.648944 IO-0/EL  worker_manager.cpp:60] WorkerManager: FuncWorker of func_id 1, client_id 50 connected
I1102 18:26:04.648957 IO-0/EL  message_connection.cpp:269] FuncWorkerConnection[1-50]: Handshake done
I1102 18:26:04.649404 Server/E engine.cpp:674] Engine: New message connection
I1102 18:26:04.649439 IO-0/EL  engine.cpp:277] Engine: Receive new handshake message from message connection
I1102 18:26:04.649444 IO-0/EL  worker_manager.cpp:60] WorkerManager: FuncWorker of func_id 1, client_id 51 connected
I1102 18:26:04.649456 IO-0/EL  message_connection.cpp:269] FuncWorkerConnection[1-51]: Handshake done
I1102 18:26:04.649767 Server/E engine.cpp:674] Engine: New message connection
I1102 18:26:04.649803 IO-0/EL  engine.cpp:277] Engine: Receive new handshake message from message connection
I1102 18:26:04.649808 IO-0/EL  worker_manager.cpp:60] WorkerManager: FuncWorker of func_id 1, client_id 52 connected
I1102 18:26:04.649821 IO-0/EL  message_connection.cpp:269] FuncWorkerConnection[1-52]: Handshake done
I1102 18:26:04.650267 Server/E engine.cpp:674] Engine: New message connection
I1102 18:26:04.650302 IO-0/EL  engine.cpp:277] Engine: Receive new handshake message from message connection
I1102 18:26:04.650307 IO-0/EL  worker_manager.cpp:60] WorkerManager: FuncWorker of func_id 1, client_id 53 connected
I1102 18:26:04.650320 IO-0/EL  message_connection.cpp:269] FuncWorkerConnection[1-53]: Handshake done
I1102 18:26:04.650623 Server/E engine.cpp:674] Engine: New message connection
I1102 18:26:04.650652 IO-0/EL  engine.cpp:277] Engine: Receive new handshake message from message connection
I1102 18:26:04.650657 IO-0/EL  worker_manager.cpp:60] WorkerManager: FuncWorker of func_id 1, client_id 54 connected
I1102 18:26:04.650669 IO-0/EL  message_connection.cpp:269] FuncWorkerConnection[1-54]: Handshake done
I1102 18:26:04.651085 Server/E engine.cpp:674] Engine: New message connection
I1102 18:26:04.651126 IO-0/EL  engine.cpp:277] Engine: Receive new handshake message from message connection
I1102 18:26:04.651131 IO-0/EL  worker_manager.cpp:60] WorkerManager: FuncWorker of func_id 1, client_id 55 connected
I1102 18:26:04.651144 IO-0/EL  message_connection.cpp:269] FuncWorkerConnection[1-55]: Handshake done
I1102 18:26:04.651537 Server/E engine.cpp:674] Engine: New message connection
I1102 18:26:04.651573 IO-0/EL  engine.cpp:277] Engine: Receive new handshake message from message connection
I1102 18:26:04.651578 IO-0/EL  worker_manager.cpp:60] WorkerManager: FuncWorker of func_id 1, client_id 56 connected
I1102 18:26:04.651592 IO-0/EL  message_connection.cpp:269] FuncWorkerConnection[1-56]: Handshake done
I1102 18:26:04.652026 Server/E engine.cpp:674] Engine: New message connection
I1102 18:26:04.652059 IO-0/EL  engine.cpp:277] Engine: Receive new handshake message from message connection
I1102 18:26:04.652063 IO-0/EL  worker_manager.cpp:60] WorkerManager: FuncWorker of func_id 1, client_id 57 connected
I1102 18:26:04.652088 IO-0/EL  message_connection.cpp:269] FuncWorkerConnection[1-57]: Handshake done
I1102 18:26:04.652479 Server/E engine.cpp:674] Engine: New message connection
I1102 18:26:04.652512 IO-0/EL  engine.cpp:277] Engine: Receive new handshake message from message connection
I1102 18:26:04.652517 IO-0/EL  worker_manager.cpp:60] WorkerManager: FuncWorker of func_id 1, client_id 58 connected
I1102 18:26:04.652529 IO-0/EL  message_connection.cpp:269] FuncWorkerConnection[1-58]: Handshake done
I1102 18:26:04.652918 Server/E engine.cpp:674] Engine: New message connection
I1102 18:26:04.652950 IO-0/EL  engine.cpp:277] Engine: Receive new handshake message from message connection
I1102 18:26:04.652954 IO-0/EL  worker_manager.cpp:60] WorkerManager: FuncWorker of func_id 1, client_id 59 connected
I1102 18:26:04.652967 IO-0/EL  message_connection.cpp:269] FuncWorkerConnection[1-59]: Handshake done
I1102 18:26:04.653359 Server/E engine.cpp:674] Engine: New message connection
I1102 18:26:04.653400 IO-0/EL  engine.cpp:277] Engine: Receive new handshake message from message connection
I1102 18:26:04.653405 IO-0/EL  worker_manager.cpp:60] WorkerManager: FuncWorker of func_id 1, client_id 60 connected
I1102 18:26:04.653418 IO-0/EL  message_connection.cpp:269] FuncWorkerConnection[1-60]: Handshake done
I1102 18:26:04.653834 Server/E engine.cpp:674] Engine: New message connection
I1102 18:26:04.653868 IO-0/EL  engine.cpp:277] Engine: Receive new handshake message from message connection
I1102 18:26:04.653872 IO-0/EL  worker_manager.cpp:60] WorkerManager: FuncWorker of func_id 1, client_id 61 connected
I1102 18:26:04.653885 IO-0/EL  message_connection.cpp:269] FuncWorkerConnection[1-61]: Handshake done
I1102 18:26:04.654278 Server/E engine.cpp:674] Engine: New message connection
I1102 18:26:04.654313 IO-0/EL  engine.cpp:277] Engine: Receive new handshake message from message connection
I1102 18:26:04.654318 IO-0/EL  worker_manager.cpp:60] WorkerManager: FuncWorker of func_id 1, client_id 62 connected
I1102 18:26:04.654331 IO-0/EL  message_connection.cpp:269] FuncWorkerConnection[1-62]: Handshake done
I1102 18:26:04.654738 Server/E engine.cpp:674] Engine: New message connection
I1102 18:26:04.654772 IO-0/EL  engine.cpp:277] Engine: Receive new handshake message from message connection
I1102 18:26:04.654776 IO-0/EL  worker_manager.cpp:60] WorkerManager: FuncWorker of func_id 1, client_id 63 connected
I1102 18:26:04.654789 IO-0/EL  message_connection.cpp:269] FuncWorkerConnection[1-63]: Handshake done
I1102 18:26:04.655192 Server/E engine.cpp:674] Engine: New message connection
I1102 18:26:04.655226 IO-0/EL  engine.cpp:277] Engine: Receive new handshake message from message connection
I1102 18:26:04.655231 IO-0/EL  worker_manager.cpp:60] WorkerManager: FuncWorker of func_id 1, client_id 64 connected
I1102 18:26:04.655245 IO-0/EL  message_connection.cpp:269] FuncWorkerConnection[1-64]: Handshake done
I1102 18:26:04.655662 Server/E engine.cpp:674] Engine: New message connection
I1102 18:26:04.655701 IO-0/EL  engine.cpp:277] Engine: Receive new handshake message from message connection
I1102 18:26:04.655706 IO-0/EL  worker_manager.cpp:60] WorkerManager: FuncWorker of func_id 1, client_id 65 connected
I1102 18:26:04.655726 IO-0/EL  message_connection.cpp:269] FuncWorkerConnection[1-65]: Handshake done
I1102 18:26:04.656106 Server/E engine.cpp:674] Engine: New message connection
I1102 18:26:04.656135 IO-0/EL  engine.cpp:277] Engine: Receive new handshake message from message connection
I1102 18:26:04.656140 IO-0/EL  worker_manager.cpp:60] WorkerManager: FuncWorker of func_id 1, client_id 66 connected
I1102 18:26:04.656153 IO-0/EL  message_connection.cpp:269] FuncWorkerConnection[1-66]: Handshake done
I1102 18:26:04.656562 Server/E engine.cpp:674] Engine: New message connection
I1102 18:26:04.656599 IO-0/EL  engine.cpp:277] Engine: Receive new handshake message from message connection
I1102 18:26:04.656604 IO-0/EL  worker_manager.cpp:60] WorkerManager: FuncWorker of func_id 1, client_id 67 connected
I1102 18:26:04.656617 IO-0/EL  message_connection.cpp:269] FuncWorkerConnection[1-67]: Handshake done
I1102 18:26:04.657008 Server/E engine.cpp:674] Engine: New message connection
I1102 18:26:04.657063 IO-0/EL  engine.cpp:277] Engine: Receive new handshake message from message connection
I1102 18:26:04.657068 IO-0/EL  worker_manager.cpp:60] WorkerManager: FuncWorker of func_id 1, client_id 68 connected
I1102 18:26:04.657080 IO-0/EL  message_connection.cpp:269] FuncWorkerConnection[1-68]: Handshake done
I1102 18:26:04.657492 Server/E engine.cpp:674] Engine: New message connection
I1102 18:26:04.657527 IO-0/EL  engine.cpp:277] Engine: Receive new handshake message from message connection
I1102 18:26:04.657532 IO-0/EL  worker_manager.cpp:60] WorkerManager: FuncWorker of func_id 1, client_id 69 connected
I1102 18:26:04.657544 IO-0/EL  message_connection.cpp:269] FuncWorkerConnection[1-69]: Handshake done
I1102 18:26:04.657953 Server/E engine.cpp:674] Engine: New message connection
I1102 18:26:04.657994 IO-0/EL  engine.cpp:277] Engine: Receive new handshake message from message connection
I1102 18:26:04.657999 IO-0/EL  worker_manager.cpp:60] WorkerManager: FuncWorker of func_id 1, client_id 70 connected
I1102 18:26:04.658011 IO-0/EL  message_connection.cpp:269] FuncWorkerConnection[1-70]: Handshake done
I1102 18:26:04.658425 Server/E engine.cpp:674] Engine: New message connection
I1102 18:26:04.658458 IO-0/EL  engine.cpp:277] Engine: Receive new handshake message from message connection
I1102 18:26:04.658463 IO-0/EL  worker_manager.cpp:60] WorkerManager: FuncWorker of func_id 1, client_id 71 connected
I1102 18:26:04.658479 IO-0/EL  message_connection.cpp:269] FuncWorkerConnection[1-71]: Handshake done
I1102 18:26:04.658851 Server/E engine.cpp:674] Engine: New message connection
I1102 18:26:04.658884 IO-0/EL  engine.cpp:277] Engine: Receive new handshake message from message connection
I1102 18:26:04.658889 IO-0/EL  worker_manager.cpp:60] WorkerManager: FuncWorker of func_id 1, client_id 72 connected
I1102 18:26:04.658907 IO-0/EL  message_connection.cpp:269] FuncWorkerConnection[1-72]: Handshake done
I1102 18:26:04.659339 Server/E engine.cpp:674] Engine: New message connection
I1102 18:26:04.659372 IO-0/EL  engine.cpp:277] Engine: Receive new handshake message from message connection
I1102 18:26:04.659376 IO-0/EL  worker_manager.cpp:60] WorkerManager: FuncWorker of func_id 1, client_id 73 connected
I1102 18:26:04.659389 IO-0/EL  message_connection.cpp:269] FuncWorkerConnection[1-73]: Handshake done
I1102 18:26:04.659753 Server/E engine.cpp:674] Engine: New message connection
I1102 18:26:04.659793 IO-0/EL  engine.cpp:277] Engine: Receive new handshake message from message connection
I1102 18:26:04.659798 IO-0/EL  worker_manager.cpp:60] WorkerManager: FuncWorker of func_id 1, client_id 74 connected
I1102 18:26:04.659811 IO-0/EL  message_connection.cpp:269] FuncWorkerConnection[1-74]: Handshake done
I1102 18:26:04.660212 Server/E engine.cpp:674] Engine: New message connection
I1102 18:26:04.660250 IO-0/EL  engine.cpp:277] Engine: Receive new handshake message from message connection
I1102 18:26:04.660255 IO-0/EL  worker_manager.cpp:60] WorkerManager: FuncWorker of func_id 1, client_id 75 connected
I1102 18:26:04.660267 IO-0/EL  message_connection.cpp:269] FuncWorkerConnection[1-75]: Handshake done
I1102 18:26:04.660748 Server/E engine.cpp:674] Engine: New message connection
I1102 18:26:04.660791 IO-0/EL  engine.cpp:277] Engine: Receive new handshake message from message connection
I1102 18:26:04.660795 IO-0/EL  worker_manager.cpp:60] WorkerManager: FuncWorker of func_id 1, client_id 76 connected
I1102 18:26:04.660809 IO-0/EL  message_connection.cpp:269] FuncWorkerConnection[1-76]: Handshake done
I1102 18:26:04.661370 Server/E engine.cpp:674] Engine: New message connection
I1102 18:26:04.661404 IO-0/EL  engine.cpp:277] Engine: Receive new handshake message from message connection
I1102 18:26:04.661408 IO-0/EL  worker_manager.cpp:60] WorkerManager: FuncWorker of func_id 1, client_id 77 connected
I1102 18:26:04.661421 IO-0/EL  message_connection.cpp:269] FuncWorkerConnection[1-77]: Handshake done
I1102 18:26:04.661729 Server/E engine.cpp:674] Engine: New message connection
I1102 18:26:04.661789 IO-0/EL  engine.cpp:277] Engine: Receive new handshake message from message connection
I1102 18:26:04.661794 IO-0/EL  worker_manager.cpp:60] WorkerManager: FuncWorker of func_id 1, client_id 78 connected
I1102 18:26:04.661807 IO-0/EL  message_connection.cpp:269] FuncWorkerConnection[1-78]: Handshake done
I1102 18:26:04.682732 Server/E engine.cpp:674] Engine: New message connection
I1102 18:26:04.682772 Server/E engine.cpp:674] Engine: New message connection
I1102 18:26:04.682779 IO-0/EL  engine.cpp:277] Engine: Receive new handshake message from message connection
I1102 18:26:04.682785 IO-0/EL  worker_manager.cpp:60] WorkerManager: FuncWorker of func_id 1, client_id 79 connected
I1102 18:26:04.682788 Server/E engine.cpp:674] Engine: New message connection
I1102 18:26:04.682799 IO-0/EL  message_connection.cpp:269] FuncWorkerConnection[1-79]: Handshake done
I1102 18:26:04.682803 Server/E engine.cpp:674] Engine: New message connection
I1102 18:26:04.682816 Server/E engine.cpp:674] Engine: New message connection
I1102 18:26:04.682824 IO-0/EL  engine.cpp:277] Engine: Receive new handshake message from message connection
I1102 18:26:04.682829 IO-0/EL  worker_manager.cpp:60] WorkerManager: FuncWorker of func_id 1, client_id 80 connected
I1102 18:26:04.682831 Server/E engine.cpp:674] Engine: New message connection
I1102 18:26:04.682843 IO-0/EL  message_connection.cpp:269] FuncWorkerConnection[1-80]: Handshake done
I1102 18:26:04.682844 Server/E engine.cpp:674] Engine: New message connection
I1102 18:26:04.682857 IO-0/EL  engine.cpp:277] Engine: Receive new handshake message from message connection
I1102 18:26:04.682860 Server/E engine.cpp:674] Engine: New message connection
I1102 18:26:04.682862 IO-0/EL  worker_manager.cpp:60] WorkerManager: FuncWorker of func_id 1, client_id 81 connected
I1102 18:26:04.682874 Server/E engine.cpp:674] Engine: New message connection
I1102 18:26:04.682878 IO-0/EL  message_connection.cpp:269] FuncWorkerConnection[1-81]: Handshake done
I1102 18:26:04.682889 Server/E engine.cpp:674] Engine: New message connection
I1102 18:26:04.682898 IO-0/EL  engine.cpp:277] Engine: Receive new handshake message from message connection
I1102 18:26:04.682903 IO-0/EL  worker_manager.cpp:60] WorkerManager: FuncWorker of func_id 1, client_id 82 connected
I1102 18:26:04.682905 Server/E engine.cpp:674] Engine: New message connection
I1102 18:26:04.682916 IO-0/EL  message_connection.cpp:269] FuncWorkerConnection[1-82]: Handshake done
I1102 18:26:04.682919 Server/E engine.cpp:674] Engine: New message connection
I1102 18:26:04.682929 IO-0/EL  engine.cpp:277] Engine: Receive new handshake message from message connection
I1102 18:26:04.682933 IO-0/EL  worker_manager.cpp:60] WorkerManager: FuncWorker of func_id 1, client_id 83 connected
I1102 18:26:04.682933 Server/E engine.cpp:674] Engine: New message connection
I1102 18:26:04.682947 IO-0/EL  message_connection.cpp:269] FuncWorkerConnection[1-83]: Handshake done
I1102 18:26:04.682949 Server/E engine.cpp:674] Engine: New message connection
I1102 18:26:04.682964 Server/E engine.cpp:674] Engine: New message connection
I1102 18:26:04.682966 IO-0/EL  engine.cpp:277] Engine: Receive new handshake message from message connection
I1102 18:26:04.682972 IO-0/EL  worker_manager.cpp:60] WorkerManager: FuncWorker of func_id 1, client_id 84 connected
I1102 18:26:04.682976 Server/E engine.cpp:674] Engine: New message connection
I1102 18:26:04.682985 IO-0/EL  message_connection.cpp:269] FuncWorkerConnection[1-84]: Handshake done
I1102 18:26:04.682988 Server/E engine.cpp:674] Engine: New message connection
I1102 18:26:04.682997 IO-0/EL  engine.cpp:277] Engine: Receive new handshake message from message connection
I1102 18:26:04.683002 Server/E engine.cpp:674] Engine: New message connection
I1102 18:26:04.683002 IO-0/EL  worker_manager.cpp:60] WorkerManager: FuncWorker of func_id 1, client_id 85 connected
I1102 18:26:04.683017 Server/E engine.cpp:674] Engine: New message connection
I1102 18:26:04.683027 IO-0/EL  message_connection.cpp:269] FuncWorkerConnection[1-85]: Handshake done
I1102 18:26:04.683032 Server/E engine.cpp:674] Engine: New message connection
I1102 18:26:04.683054 IO-0/EL  engine.cpp:277] Engine: Receive new handshake message from message connection
I1102 18:26:04.683059 IO-0/EL  worker_manager.cpp:60] WorkerManager: FuncWorker of func_id 1, client_id 86 connected
I1102 18:26:04.683062 Server/E engine.cpp:674] Engine: New message connection
I1102 18:26:04.683073 IO-0/EL  message_connection.cpp:269] FuncWorkerConnection[1-86]: Handshake done
I1102 18:26:04.683076 Server/E engine.cpp:674] Engine: New message connection
I1102 18:26:04.683089 Server/E engine.cpp:674] Engine: New message connection
I1102 18:26:04.683088 IO-0/EL  engine.cpp:277] Engine: Receive new handshake message from message connection
I1102 18:26:04.683097 IO-0/EL  worker_manager.cpp:60] WorkerManager: FuncWorker of func_id 1, client_id 87 connected
I1102 18:26:04.683103 Server/E engine.cpp:674] Engine: New message connection
I1102 18:26:04.683114 IO-0/EL  message_connection.cpp:269] FuncWorkerConnection[1-87]: Handshake done
I1102 18:26:04.683116 Server/E engine.cpp:674] Engine: New message connection
I1102 18:26:04.683127 IO-0/EL  engine.cpp:277] Engine: Receive new handshake message from message connection
I1102 18:26:04.683130 Server/E engine.cpp:674] Engine: New message connection
I1102 18:26:04.683131 IO-0/EL  worker_manager.cpp:60] WorkerManager: FuncWorker of func_id 1, client_id 88 connected
I1102 18:26:04.683149 Server/E engine.cpp:674] Engine: New message connection
I1102 18:26:04.683157 IO-0/EL  message_connection.cpp:269] FuncWorkerConnection[1-88]: Handshake done
I1102 18:26:04.683165 Server/E engine.cpp:674] Engine: New message connection
I1102 18:26:04.683176 Server/E engine.cpp:674] Engine: New message connection
I1102 18:26:04.683177 IO-0/EL  engine.cpp:277] Engine: Receive new handshake message from message connection
I1102 18:26:04.683190 IO-0/EL  worker_manager.cpp:60] WorkerManager: FuncWorker of func_id 1, client_id 89 connected
I1102 18:26:04.683191 Server/E engine.cpp:674] Engine: New message connection
I1102 18:26:04.683204 IO-0/EL  message_connection.cpp:269] FuncWorkerConnection[1-89]: Handshake done
I1102 18:26:04.683206 Server/E engine.cpp:674] Engine: New message connection
I1102 18:26:04.683220 IO-0/EL  engine.cpp:277] Engine: Receive new handshake message from message connection
I1102 18:26:04.683224 IO-0/EL  worker_manager.cpp:60] WorkerManager: FuncWorker of func_id 1, client_id 90 connected
I1102 18:26:04.683230 Server/E engine.cpp:674] Engine: New message connection
I1102 18:26:04.683238 IO-0/EL  message_connection.cpp:269] FuncWorkerConnection[1-90]: Handshake done
I1102 18:26:04.683243 Server/E engine.cpp:674] Engine: New message connection
I1102 18:26:04.683257 IO-0/EL  engine.cpp:277] Engine: Receive new handshake message from message connection
I1102 18:26:04.683258 Server/E engine.cpp:674] Engine: New message connection
I1102 18:26:04.683261 IO-0/EL  worker_manager.cpp:60] WorkerManager: FuncWorker of func_id 1, client_id 91 connected
I1102 18:26:04.683284 IO-0/EL  message_connection.cpp:269] FuncWorkerConnection[1-91]: Handshake done
I1102 18:26:04.683284 Server/E engine.cpp:674] Engine: New message connection
I1102 18:26:04.683297 IO-0/EL  engine.cpp:277] Engine: Receive new handshake message from message connection
I1102 18:26:04.683302 IO-0/EL  worker_manager.cpp:60] WorkerManager: FuncWorker of func_id 1, client_id 92 connected
I1102 18:26:04.683307 Server/E engine.cpp:674] Engine: New message connection
I1102 18:26:04.683315 IO-0/EL  message_connection.cpp:269] FuncWorkerConnection[1-92]: Handshake done
I1102 18:26:04.683322 Server/E engine.cpp:674] Engine: New message connection
I1102 18:26:04.683334 IO-0/EL  engine.cpp:277] Engine: Receive new handshake message from message connection
I1102 18:26:04.683339 Server/E engine.cpp:674] Engine: New message connection
I1102 18:26:04.683339 IO-0/EL  worker_manager.cpp:60] WorkerManager: FuncWorker of func_id 1, client_id 93 connected
I1102 18:26:04.683357 Server/E engine.cpp:674] Engine: New message connection
I1102 18:26:04.683365 IO-0/EL  message_connection.cpp:269] FuncWorkerConnection[1-93]: Handshake done
I1102 18:26:04.683389 Server/E engine.cpp:674] Engine: New message connection
I1102 18:26:04.683395 IO-0/EL  engine.cpp:277] Engine: Receive new handshake message from message connection
I1102 18:26:04.683399 IO-0/EL  worker_manager.cpp:60] WorkerManager: FuncWorker of func_id 1, client_id 94 connected
I1102 18:26:04.683410 Server/E engine.cpp:674] Engine: New message connection
I1102 18:26:04.683413 IO-0/EL  message_connection.cpp:269] FuncWorkerConnection[1-94]: Handshake done
I1102 18:26:04.683434 IO-0/EL  engine.cpp:277] Engine: Receive new handshake message from message connection
I1102 18:26:04.683438 IO-0/EL  worker_manager.cpp:60] WorkerManager: FuncWorker of func_id 1, client_id 95 connected
I1102 18:26:04.683453 IO-0/EL  message_connection.cpp:269] FuncWorkerConnection[1-95]: Handshake done
I1102 18:26:04.683465 IO-0/EL  engine.cpp:277] Engine: Receive new handshake message from message connection
I1102 18:26:04.683469 IO-0/EL  worker_manager.cpp:60] WorkerManager: FuncWorker of func_id 1, client_id 96 connected
I1102 18:26:04.683481 IO-0/EL  message_connection.cpp:269] FuncWorkerConnection[1-96]: Handshake done
I1102 18:26:04.683498 IO-0/EL  engine.cpp:277] Engine: Receive new handshake message from message connection
I1102 18:26:04.683503 IO-0/EL  worker_manager.cpp:60] WorkerManager: FuncWorker of func_id 1, client_id 97 connected
I1102 18:26:04.683516 IO-0/EL  message_connection.cpp:269] FuncWorkerConnection[1-97]: Handshake done
I1102 18:26:04.683528 IO-0/EL  engine.cpp:277] Engine: Receive new handshake message from message connection
I1102 18:26:04.683531 IO-0/EL  worker_manager.cpp:60] WorkerManager: FuncWorker of func_id 1, client_id 98 connected
I1102 18:26:04.683544 IO-0/EL  message_connection.cpp:269] FuncWorkerConnection[1-98]: Handshake done
I1102 18:26:04.683561 IO-0/EL  engine.cpp:277] Engine: Receive new handshake message from message connection
I1102 18:26:04.683565 IO-0/EL  worker_manager.cpp:60] WorkerManager: FuncWorker of func_id 1, client_id 99 connected
I1102 18:26:04.683578 IO-0/EL  message_connection.cpp:269] FuncWorkerConnection[1-99]: Handshake done
I1102 18:26:04.683589 IO-0/EL  engine.cpp:277] Engine: Receive new handshake message from message connection
I1102 18:26:04.683593 IO-0/EL  worker_manager.cpp:60] WorkerManager: FuncWorker of func_id 1, client_id 100 connected
I1102 18:26:04.683606 IO-0/EL  message_connection.cpp:269] FuncWorkerConnection[1-100]: Handshake done
I1102 18:26:04.683623 IO-0/EL  engine.cpp:277] Engine: Receive new handshake message from message connection
I1102 18:26:04.683627 IO-0/EL  worker_manager.cpp:60] WorkerManager: FuncWorker of func_id 1, client_id 101 connected
I1102 18:26:04.683640 IO-0/EL  message_connection.cpp:269] FuncWorkerConnection[1-101]: Handshake done
I1102 18:26:04.683651 IO-0/EL  engine.cpp:277] Engine: Receive new handshake message from message connection
I1102 18:26:04.683655 IO-0/EL  worker_manager.cpp:60] WorkerManager: FuncWorker of func_id 1, client_id 103 connected
I1102 18:26:04.683675 IO-0/EL  message_connection.cpp:269] FuncWorkerConnection[1-103]: Handshake done
I1102 18:26:04.683688 IO-0/EL  engine.cpp:277] Engine: Receive new handshake message from message connection
I1102 18:26:04.683692 IO-0/EL  worker_manager.cpp:60] WorkerManager: FuncWorker of func_id 1, client_id 102 connected
I1102 18:26:04.683707 IO-0/EL  message_connection.cpp:269] FuncWorkerConnection[1-102]: Handshake done
I1102 18:26:04.683736 IO-0/EL  engine.cpp:277] Engine: Receive new handshake message from message connection
I1102 18:26:04.683743 IO-0/EL  worker_manager.cpp:60] WorkerManager: FuncWorker of func_id 1, client_id 104 connected
I1102 18:26:04.683756 IO-0/EL  message_connection.cpp:269] FuncWorkerConnection[1-104]: Handshake done
I1102 18:26:04.683768 IO-0/EL  engine.cpp:277] Engine: Receive new handshake message from message connection
I1102 18:26:04.683772 IO-0/EL  worker_manager.cpp:60] WorkerManager: FuncWorker of func_id 1, client_id 105 connected
I1102 18:26:04.683793 IO-0/EL  message_connection.cpp:269] FuncWorkerConnection[1-105]: Handshake done
I1102 18:26:04.683810 IO-0/EL  engine.cpp:277] Engine: Receive new handshake message from message connection
I1102 18:26:04.683814 IO-0/EL  worker_manager.cpp:60] WorkerManager: FuncWorker of func_id 1, client_id 106 connected
I1102 18:26:04.683827 IO-0/EL  message_connection.cpp:269] FuncWorkerConnection[1-106]: Handshake done
I1102 18:26:04.683838 IO-0/EL  engine.cpp:277] Engine: Receive new handshake message from message connection
I1102 18:26:04.683842 IO-0/EL  worker_manager.cpp:60] WorkerManager: FuncWorker of func_id 1, client_id 107 connected
I1102 18:26:04.683855 IO-0/EL  message_connection.cpp:269] FuncWorkerConnection[1-107]: Handshake done
I1102 18:26:04.683871 IO-0/EL  engine.cpp:277] Engine: Receive new handshake message from message connection
I1102 18:26:04.683876 IO-0/EL  worker_manager.cpp:60] WorkerManager: FuncWorker of func_id 1, client_id 108 connected
I1102 18:26:04.683888 IO-0/EL  message_connection.cpp:269] FuncWorkerConnection[1-108]: Handshake done
I1102 18:26:04.683900 IO-0/EL  engine.cpp:277] Engine: Receive new handshake message from message connection
I1102 18:26:04.683903 IO-0/EL  worker_manager.cpp:60] WorkerManager: FuncWorker of func_id 1, client_id 109 connected
I1102 18:26:04.683916 IO-0/EL  message_connection.cpp:269] FuncWorkerConnection[1-109]: Handshake done
I1102 18:26:04.683933 IO-0/EL  engine.cpp:277] Engine: Receive new handshake message from message connection
I1102 18:26:04.683937 IO-0/EL  worker_manager.cpp:60] WorkerManager: FuncWorker of func_id 1, client_id 110 connected
I1102 18:26:04.683950 IO-0/EL  message_connection.cpp:269] FuncWorkerConnection[1-110]: Handshake done
I1102 18:26:04.683969 IO-0/EL  engine.cpp:277] Engine: Receive new handshake message from message connection
I1102 18:26:04.683973 IO-0/EL  worker_manager.cpp:60] WorkerManager: FuncWorker of func_id 1, client_id 111 connected
I1102 18:26:04.683986 IO-0/EL  message_connection.cpp:269] FuncWorkerConnection[1-111]: Handshake done
I1102 18:26:04.684003 IO-0/EL  engine.cpp:277] Engine: Receive new handshake message from message connection
I1102 18:26:04.684007 IO-0/EL  worker_manager.cpp:60] WorkerManager: FuncWorker of func_id 1, client_id 112 connected
I1102 18:26:04.684020 IO-0/EL  message_connection.cpp:269] FuncWorkerConnection[1-112]: Handshake done
I1102 18:26:04.684032 IO-0/EL  engine.cpp:277] Engine: Receive new handshake message from message connection
I1102 18:26:04.684036 IO-0/EL  worker_manager.cpp:60] WorkerManager: FuncWorker of func_id 1, client_id 113 connected
I1102 18:26:04.684062 IO-0/EL  message_connection.cpp:269] FuncWorkerConnection[1-113]: Handshake done
I1102 18:26:04.684074 IO-0/EL  engine.cpp:277] Engine: Receive new handshake message from message connection
I1102 18:26:04.684078 IO-0/EL  worker_manager.cpp:60] WorkerManager: FuncWorker of func_id 1, client_id 114 connected
I1102 18:26:04.684091 IO-0/EL  message_connection.cpp:269] FuncWorkerConnection[1-114]: Handshake done
I1102 18:26:04.684102 IO-0/EL  engine.cpp:277] Engine: Receive new handshake message from message connection
I1102 18:26:04.684106 IO-0/EL  worker_manager.cpp:60] WorkerManager: FuncWorker of func_id 1, client_id 115 connected
I1102 18:26:04.684119 IO-0/EL  message_connection.cpp:269] FuncWorkerConnection[1-115]: Handshake done
I1102 18:26:04.684131 IO-0/EL  engine.cpp:277] Engine: Receive new handshake message from message connection
I1102 18:26:04.684134 IO-0/EL  worker_manager.cpp:60] WorkerManager: FuncWorker of func_id 1, client_id 116 connected
I1102 18:26:04.684147 IO-0/EL  message_connection.cpp:269] FuncWorkerConnection[1-116]: Handshake done
I1102 18:26:04.684163 IO-0/EL  engine.cpp:277] Engine: Receive new handshake message from message connection
I1102 18:26:04.684168 IO-0/EL  worker_manager.cpp:60] WorkerManager: FuncWorker of func_id 1, client_id 117 connected
I1102 18:26:04.684180 IO-0/EL  message_connection.cpp:269] FuncWorkerConnection[1-117]: Handshake done
I1102 18:26:04.684192 IO-0/EL  engine.cpp:277] Engine: Receive new handshake message from message connection
I1102 18:26:04.684210 IO-0/EL  worker_manager.cpp:60] WorkerManager: FuncWorker of func_id 1, client_id 118 connected
I1102 18:26:04.684224 IO-0/EL  message_connection.cpp:269] FuncWorkerConnection[1-118]: Handshake done
I1102 18:26:04.684240 IO-0/EL  engine.cpp:277] Engine: Receive new handshake message from message connection
I1102 18:26:04.684244 IO-0/EL  worker_manager.cpp:60] WorkerManager: FuncWorker of func_id 1, client_id 119 connected
I1102 18:26:04.684258 IO-0/EL  message_connection.cpp:269] FuncWorkerConnection[1-119]: Handshake done
I1102 18:26:04.700954 Server/E engine.cpp:674] Engine: New message connection
I1102 18:26:04.700994 IO-0/EL  engine.cpp:277] Engine: Receive new handshake message from message connection
I1102 18:26:04.700999 IO-0/EL  worker_manager.cpp:60] WorkerManager: FuncWorker of func_id 1, client_id 121 connected
I1102 18:26:04.701013 IO-0/EL  message_connection.cpp:269] FuncWorkerConnection[1-121]: Handshake done
I1102 18:26:04.701181 Server/E engine.cpp:674] Engine: New message connection
I1102 18:26:04.701215 IO-0/EL  engine.cpp:277] Engine: Receive new handshake message from message connection
I1102 18:26:04.701220 IO-0/EL  worker_manager.cpp:60] WorkerManager: FuncWorker of func_id 1, client_id 120 connected
I1102 18:26:04.701233 IO-0/EL  message_connection.cpp:269] FuncWorkerConnection[1-120]: Handshake done
I1102 18:26:04.701363 Server/E engine.cpp:674] Engine: New message connection
I1102 18:26:04.701396 IO-0/EL  engine.cpp:277] Engine: Receive new handshake message from message connection
I1102 18:26:04.701400 IO-0/EL  worker_manager.cpp:60] WorkerManager: FuncWorker of func_id 1, client_id 122 connected
I1102 18:26:04.701420 IO-0/EL  message_connection.cpp:269] FuncWorkerConnection[1-122]: Handshake done
I1102 18:26:04.701835 Server/E engine.cpp:674] Engine: New message connection
I1102 18:26:04.701869 IO-0/EL  engine.cpp:277] Engine: Receive new handshake message from message connection
I1102 18:26:04.701874 IO-0/EL  worker_manager.cpp:60] WorkerManager: FuncWorker of func_id 1, client_id 123 connected
I1102 18:26:04.701888 IO-0/EL  message_connection.cpp:269] FuncWorkerConnection[1-123]: Handshake done
I1102 18:26:04.702283 Server/E engine.cpp:674] Engine: New message connection
I1102 18:26:04.702314 IO-0/EL  engine.cpp:277] Engine: Receive new handshake message from message connection
I1102 18:26:04.702319 IO-0/EL  worker_manager.cpp:60] WorkerManager: FuncWorker of func_id 1, client_id 124 connected
I1102 18:26:04.702334 IO-0/EL  message_connection.cpp:269] FuncWorkerConnection[1-124]: Handshake done
I1102 18:26:04.703060 Server/E engine.cpp:674] Engine: New message connection
I1102 18:26:04.703084 IO-0/EL  engine.cpp:277] Engine: Receive new handshake message from message connection
I1102 18:26:04.703088 IO-0/EL  worker_manager.cpp:60] WorkerManager: FuncWorker of func_id 1, client_id 125 connected
I1102 18:26:04.703102 IO-0/EL  message_connection.cpp:269] FuncWorkerConnection[1-125]: Handshake done
I1102 18:26:04.703255 Server/E engine.cpp:674] Engine: New message connection
I1102 18:26:04.703281 IO-0/EL  engine.cpp:277] Engine: Receive new handshake message from message connection
I1102 18:26:04.703286 IO-0/EL  worker_manager.cpp:60] WorkerManager: FuncWorker of func_id 1, client_id 126 connected
I1102 18:26:04.703300 IO-0/EL  message_connection.cpp:269] FuncWorkerConnection[1-126]: Handshake done
I1102 18:26:04.703803 Server/E engine.cpp:674] Engine: New message connection
I1102 18:26:04.703826 IO-0/EL  engine.cpp:277] Engine: Receive new handshake message from message connection
I1102 18:26:04.703830 IO-0/EL  worker_manager.cpp:60] WorkerManager: FuncWorker of func_id 1, client_id 127 connected
I1102 18:26:04.703845 IO-0/EL  message_connection.cpp:269] FuncWorkerConnection[1-127]: Handshake done
I1102 18:26:04.704245 Server/E engine.cpp:674] Engine: New message connection
I1102 18:26:04.704275 IO-0/EL  engine.cpp:277] Engine: Receive new handshake message from message connection
I1102 18:26:04.704280 IO-0/EL  worker_manager.cpp:60] WorkerManager: FuncWorker of func_id 1, client_id 128 connected
I1102 18:26:04.704300 IO-0/EL  message_connection.cpp:269] FuncWorkerConnection[1-128]: Handshake done
I1102 18:26:07.453190 IO-0/EL  buffer_pool.h:25] BufferPool[IO-0_Write]: Allocate new buffer, current buffer count is 3
I1102 18:26:07.453211 IO-0/EL  buffer_pool.h:25] BufferPool[IO-0_Write]: Allocate new buffer, current buffer count is 4
I1102 18:26:07.453226 IO-0/EL  buffer_pool.h:25] BufferPool[IO-0_Write]: Allocate new buffer, current buffer count is 5
I1102 18:26:07.453236 IO-0/EL  buffer_pool.h:25] BufferPool[IO-0_Write]: Allocate new buffer, current buffer count is 6
I1102 18:26:07.453249 IO-0/EL  buffer_pool.h:25] BufferPool[IO-0_Write]: Allocate new buffer, current buffer count is 7
I1102 18:26:07.453259 IO-0/EL  buffer_pool.h:25] BufferPool[IO-0_Write]: Allocate new buffer, current buffer count is 8
I1102 18:26:07.453272 IO-0/EL  buffer_pool.h:25] BufferPool[IO-0_Write]: Allocate new buffer, current buffer count is 9
I1102 18:26:07.453283 IO-0/EL  buffer_pool.h:25] BufferPool[IO-0_Write]: Allocate new buffer, current buffer count is 10
I1102 18:26:07.453295 IO-0/EL  buffer_pool.h:25] BufferPool[IO-0_Write]: Allocate new buffer, current buffer count is 11
I1102 18:26:07.453306 IO-0/EL  buffer_pool.h:25] BufferPool[IO-0_Write]: Allocate new buffer, current buffer count is 12
I1102 18:26:07.453320 IO-0/EL  buffer_pool.h:25] BufferPool[IO-0_Write]: Allocate new buffer, current buffer count is 13
I1102 18:26:07.453331 IO-0/EL  buffer_pool.h:25] BufferPool[IO-0_Write]: Allocate new buffer, current buffer count is 14
I1102 18:26:07.453349 IO-0/EL  buffer_pool.h:25] BufferPool[IO-0_Write]: Allocate new buffer, current buffer count is 15
I1102 18:26:07.453360 IO-0/EL  buffer_pool.h:25] BufferPool[IO-0_Write]: Allocate new buffer, current buffer count is 16
I1102 18:26:07.453376 IO-0/EL  buffer_pool.h:25] BufferPool[IO-0_Write]: Allocate new buffer, current buffer count is 17
I1102 18:26:07.453388 IO-0/EL  buffer_pool.h:25] BufferPool[IO-0_Write]: Allocate new buffer, current buffer count is 18
I1102 18:26:07.453403 IO-0/EL  buffer_pool.h:25] BufferPool[IO-0_Write]: Allocate new buffer, current buffer count is 19
I1102 18:26:07.453417 IO-0/EL  buffer_pool.h:25] BufferPool[IO-0_Write]: Allocate new buffer, current buffer count is 20
I1102 18:26:07.453433 IO-0/EL  buffer_pool.h:25] BufferPool[IO-0_Write]: Allocate new buffer, current buffer count is 21
I1102 18:26:07.453445 IO-0/EL  buffer_pool.h:25] BufferPool[IO-0_Write]: Allocate new buffer, current buffer count is 22
I1102 18:26:07.453462 IO-0/EL  buffer_pool.h:25] BufferPool[IO-0_Write]: Allocate new buffer, current buffer count is 23
I1102 18:26:07.453477 IO-0/EL  buffer_pool.h:25] BufferPool[IO-0_Write]: Allocate new buffer, current buffer count is 24
I1102 18:26:07.453490 IO-0/EL  buffer_pool.h:25] BufferPool[IO-0_Write]: Allocate new buffer, current buffer count is 25
I1102 18:26:07.453511 IO-0/EL  buffer_pool.h:25] BufferPool[IO-0_Write]: Allocate new buffer, current buffer count is 26
I1102 18:26:07.453522 IO-0/EL  buffer_pool.h:25] BufferPool[IO-0_Write]: Allocate new buffer, current buffer count is 27
I1102 18:26:07.453541 IO-0/EL  buffer_pool.h:25] BufferPool[IO-0_Write]: Allocate new buffer, current buffer count is 28
I1102 18:26:07.453558 IO-0/EL  buffer_pool.h:25] BufferPool[IO-0_Write]: Allocate new buffer, current buffer count is 29
I1102 18:26:07.453574 IO-0/EL  buffer_pool.h:25] BufferPool[IO-0_Write]: Allocate new buffer, current buffer count is 30
I1102 18:26:07.453586 IO-0/EL  buffer_pool.h:25] BufferPool[IO-0_Write]: Allocate new buffer, current buffer count is 31
I1102 18:26:07.453597 IO-0/EL  buffer_pool.h:25] BufferPool[IO-0_Write]: Allocate new buffer, current buffer count is 32
I1102 18:26:07.453614 IO-0/EL  buffer_pool.h:25] BufferPool[IO-0_Write]: Allocate new buffer, current buffer count is 33
I1102 18:26:07.453626 IO-0/EL  buffer_pool.h:25] BufferPool[IO-0_Write]: Allocate new buffer, current buffer count is 34
I1102 18:26:07.453641 IO-0/EL  buffer_pool.h:25] BufferPool[IO-0_Write]: Allocate new buffer, current buffer count is 35
I1102 18:26:07.453662 IO-0/EL  buffer_pool.h:25] BufferPool[IO-0_Write]: Allocate new buffer, current buffer count is 36
I1102 18:26:07.453679 IO-0/EL  buffer_pool.h:25] BufferPool[IO-0_Write]: Allocate new buffer, current buffer count is 37
I1102 18:26:07.453690 IO-0/EL  buffer_pool.h:25] BufferPool[IO-0_Write]: Allocate new buffer, current buffer count is 38
I1102 18:26:07.453706 IO-0/EL  buffer_pool.h:25] BufferPool[IO-0_Write]: Allocate new buffer, current buffer count is 39
I1102 18:26:07.453723 IO-0/EL  buffer_pool.h:25] BufferPool[IO-0_Write]: Allocate new buffer, current buffer count is 40
I1102 18:26:07.453738 IO-0/EL  buffer_pool.h:25] BufferPool[IO-0_Write]: Allocate new buffer, current buffer count is 41
I1102 18:26:07.453751 IO-0/EL  buffer_pool.h:25] BufferPool[IO-0_Write]: Allocate new buffer, current buffer count is 42
I1102 18:26:07.453766 IO-0/EL  buffer_pool.h:25] BufferPool[IO-0_Write]: Allocate new buffer, current buffer count is 43
I1102 18:26:07.453776 IO-0/EL  buffer_pool.h:25] BufferPool[IO-0_Write]: Allocate new buffer, current buffer count is 44
I1102 18:26:07.453791 IO-0/EL  buffer_pool.h:25] BufferPool[IO-0_Write]: Allocate new buffer, current buffer count is 45
I1102 18:26:07.453806 IO-0/EL  buffer_pool.h:25] BufferPool[IO-0_Write]: Allocate new buffer, current buffer count is 46
I1102 18:26:07.453817 IO-0/EL  buffer_pool.h:25] BufferPool[IO-0_Write]: Allocate new buffer, current buffer count is 47
I1102 18:26:07.453834 IO-0/EL  buffer_pool.h:25] BufferPool[IO-0_Write]: Allocate new buffer, current buffer count is 48
I1102 18:26:07.453845 IO-0/EL  buffer_pool.h:25] BufferPool[IO-0_Write]: Allocate new buffer, current buffer count is 49
I1102 18:26:07.453862 IO-0/EL  buffer_pool.h:25] BufferPool[IO-0_Write]: Allocate new buffer, current buffer count is 50
I1102 18:26:07.453872 IO-0/EL  buffer_pool.h:25] BufferPool[IO-0_Write]: Allocate new buffer, current buffer count is 51
I1102 18:26:07.453888 IO-0/EL  buffer_pool.h:25] BufferPool[IO-0_Write]: Allocate new buffer, current buffer count is 52
I1102 18:26:07.453902 IO-0/EL  buffer_pool.h:25] BufferPool[IO-0_Write]: Allocate new buffer, current buffer count is 53
I1102 18:26:07.453916 IO-0/EL  buffer_pool.h:25] BufferPool[IO-0_Write]: Allocate new buffer, current buffer count is 54
I1102 18:26:07.453927 IO-0/EL  buffer_pool.h:25] BufferPool[IO-0_Write]: Allocate new buffer, current buffer count is 55
I1102 18:26:07.453941 IO-0/EL  buffer_pool.h:25] BufferPool[IO-0_Write]: Allocate new buffer, current buffer count is 56
I1102 18:26:07.453959 IO-0/EL  buffer_pool.h:25] BufferPool[IO-0_Write]: Allocate new buffer, current buffer count is 57
I1102 18:26:07.453972 IO-0/EL  buffer_pool.h:25] BufferPool[IO-0_Write]: Allocate new buffer, current buffer count is 58
I1102 18:26:07.453989 IO-0/EL  buffer_pool.h:25] BufferPool[IO-0_Write]: Allocate new buffer, current buffer count is 59
I1102 18:26:07.454000 IO-0/EL  buffer_pool.h:25] BufferPool[IO-0_Write]: Allocate new buffer, current buffer count is 60
I1102 18:26:07.454015 IO-0/EL  buffer_pool.h:25] BufferPool[IO-0_Write]: Allocate new buffer, current buffer count is 61
I1102 18:26:07.454026 IO-0/EL  buffer_pool.h:25] BufferPool[IO-0_Write]: Allocate new buffer, current buffer count is 62
I1102 18:26:07.454042 IO-0/EL  buffer_pool.h:25] BufferPool[IO-0_Write]: Allocate new buffer, current buffer count is 63
I1102 18:26:07.454052 IO-0/EL  buffer_pool.h:25] BufferPool[IO-0_Write]: Allocate new buffer, current buffer count is 64
I1102 18:26:07.454067 IO-0/EL  buffer_pool.h:25] BufferPool[IO-0_Write]: Allocate new buffer, current buffer count is 65
I1102 18:26:07.454079 IO-0/EL  buffer_pool.h:25] BufferPool[IO-0_Write]: Allocate new buffer, current buffer count is 66
I1102 18:26:07.454094 IO-0/EL  buffer_pool.h:25] BufferPool[IO-0_Write]: Allocate new buffer, current buffer count is 67
I1102 18:26:07.454109 IO-0/EL  buffer_pool.h:25] BufferPool[IO-0_Write]: Allocate new buffer, current buffer count is 68
I1102 18:26:07.454130 IO-0/EL  buffer_pool.h:25] BufferPool[IO-0_Write]: Allocate new buffer, current buffer count is 69
I1102 18:26:07.454141 IO-0/EL  buffer_pool.h:25] BufferPool[IO-0_Write]: Allocate new buffer, current buffer count is 70
I1102 18:26:07.454154 IO-0/EL  buffer_pool.h:25] BufferPool[IO-0_Write]: Allocate new buffer, current buffer count is 71
I1102 18:26:07.454170 IO-0/EL  buffer_pool.h:25] BufferPool[IO-0_Write]: Allocate new buffer, current buffer count is 72
I1102 18:26:07.454183 IO-0/EL  buffer_pool.h:25] BufferPool[IO-0_Write]: Allocate new buffer, current buffer count is 73
I1102 18:26:07.454201 IO-0/EL  buffer_pool.h:25] BufferPool[IO-0_Write]: Allocate new buffer, current buffer count is 74
I1102 18:26:07.454212 IO-0/EL  buffer_pool.h:25] BufferPool[IO-0_Write]: Allocate new buffer, current buffer count is 75
I1102 18:26:07.454227 IO-0/EL  buffer_pool.h:25] BufferPool[IO-0_Write]: Allocate new buffer, current buffer count is 76
I1102 18:26:07.454238 IO-0/EL  buffer_pool.h:25] BufferPool[IO-0_Write]: Allocate new buffer, current buffer count is 77
I1102 18:26:07.454254 IO-0/EL  buffer_pool.h:25] BufferPool[IO-0_Write]: Allocate new buffer, current buffer count is 78
I1102 18:26:07.454264 IO-0/EL  buffer_pool.h:25] BufferPool[IO-0_Write]: Allocate new buffer, current buffer count is 79
I1102 18:26:07.454278 IO-0/EL  buffer_pool.h:25] BufferPool[IO-0_Write]: Allocate new buffer, current buffer count is 80
I1102 18:26:07.454289 IO-0/EL  buffer_pool.h:25] BufferPool[IO-0_Write]: Allocate new buffer, current buffer count is 81
I1102 18:26:07.454300 IO-0/EL  buffer_pool.h:25] BufferPool[IO-0_Write]: Allocate new buffer, current buffer count is 82
I1102 18:26:07.454318 IO-0/EL  buffer_pool.h:25] BufferPool[IO-0_Write]: Allocate new buffer, current buffer count is 83
I1102 18:26:07.454329 IO-0/EL  buffer_pool.h:25] BufferPool[IO-0_Write]: Allocate new buffer, current buffer count is 84
I1102 18:26:07.454344 IO-0/EL  buffer_pool.h:25] BufferPool[IO-0_Write]: Allocate new buffer, current buffer count is 85
I1102 18:26:07.454355 IO-0/EL  buffer_pool.h:25] BufferPool[IO-0_Write]: Allocate new buffer, current buffer count is 86
I1102 18:26:07.454372 IO-0/EL  buffer_pool.h:25] BufferPool[IO-0_Write]: Allocate new buffer, current buffer count is 87
I1102 18:26:07.454383 IO-0/EL  buffer_pool.h:25] BufferPool[IO-0_Write]: Allocate new buffer, current buffer count is 88
I1102 18:26:07.454398 IO-0/EL  buffer_pool.h:25] BufferPool[IO-0_Write]: Allocate new buffer, current buffer count is 89
I1102 18:26:07.454411 IO-0/EL  buffer_pool.h:25] BufferPool[IO-0_Write]: Allocate new buffer, current buffer count is 90
I1102 18:26:07.454426 IO-0/EL  buffer_pool.h:25] BufferPool[IO-0_Write]: Allocate new buffer, current buffer count is 91
I1102 18:26:07.454437 IO-0/EL  buffer_pool.h:25] BufferPool[IO-0_Write]: Allocate new buffer, current buffer count is 92
I1102 18:26:07.454449 IO-0/EL  buffer_pool.h:25] BufferPool[IO-0_Write]: Allocate new buffer, current buffer count is 93
I1102 18:26:07.454465 IO-0/EL  buffer_pool.h:25] BufferPool[IO-0_Write]: Allocate new buffer, current buffer count is 94
I1102 18:26:07.454475 IO-0/EL  buffer_pool.h:25] BufferPool[IO-0_Write]: Allocate new buffer, current buffer count is 95
I1102 18:26:07.454493 IO-0/EL  buffer_pool.h:25] BufferPool[IO-0_Write]: Allocate new buffer, current buffer count is 96
I1102 18:26:07.454504 IO-0/EL  buffer_pool.h:25] BufferPool[IO-0_Write]: Allocate new buffer, current buffer count is 97
I1102 18:26:07.454521 IO-0/EL  buffer_pool.h:25] BufferPool[IO-0_Write]: Allocate new buffer, current buffer count is 98
I1102 18:26:07.454533 IO-0/EL  buffer_pool.h:25] BufferPool[IO-0_Write]: Allocate new buffer, current buffer count is 99
I1102 18:26:07.454548 IO-0/EL  buffer_pool.h:25] BufferPool[IO-0_Write]: Allocate new buffer, current buffer count is 100
I1102 18:26:07.454559 IO-0/EL  buffer_pool.h:25] BufferPool[IO-0_Write]: Allocate new buffer, current buffer count is 101
I1102 18:26:07.454574 IO-0/EL  buffer_pool.h:25] BufferPool[IO-0_Write]: Allocate new buffer, current buffer count is 102
I1102 18:26:07.454591 IO-0/EL  buffer_pool.h:25] BufferPool[IO-0_Write]: Allocate new buffer, current buffer count is 103
I1102 18:26:07.454606 IO-0/EL  buffer_pool.h:25] BufferPool[IO-0_Write]: Allocate new buffer, current buffer count is 104
I1102 18:26:07.454620 IO-0/EL  buffer_pool.h:25] BufferPool[IO-0_Write]: Allocate new buffer, current buffer count is 105
I1102 18:26:07.454632 IO-0/EL  buffer_pool.h:25] BufferPool[IO-0_Write]: Allocate new buffer, current buffer count is 106
I1102 18:26:07.454648 IO-0/EL  buffer_pool.h:25] BufferPool[IO-0_Write]: Allocate new buffer, current buffer count is 107
I1102 18:26:07.454660 IO-0/EL  buffer_pool.h:25] BufferPool[IO-0_Write]: Allocate new buffer, current buffer count is 108
I1102 18:26:07.454675 IO-0/EL  buffer_pool.h:25] BufferPool[IO-0_Write]: Allocate new buffer, current buffer count is 109
I1102 18:26:07.454685 IO-0/EL  buffer_pool.h:25] BufferPool[IO-0_Write]: Allocate new buffer, current buffer count is 110
I1102 18:26:07.454701 IO-0/EL  buffer_pool.h:25] BufferPool[IO-0_Write]: Allocate new buffer, current buffer count is 111
I1102 18:26:07.454717 IO-0/EL  buffer_pool.h:25] BufferPool[IO-0_Write]: Allocate new buffer, current buffer count is 112
I1102 18:26:07.454742 IO-0/EL  buffer_pool.h:25] BufferPool[IO-0_Write]: Allocate new buffer, current buffer count is 113
I1102 18:26:07.454757 IO-0/EL  buffer_pool.h:25] BufferPool[IO-0_Write]: Allocate new buffer, current buffer count is 114
I1102 18:26:07.454768 IO-0/EL  buffer_pool.h:25] BufferPool[IO-0_Write]: Allocate new buffer, current buffer count is 115
I1102 18:26:07.454784 IO-0/EL  buffer_pool.h:25] BufferPool[IO-0_Write]: Allocate new buffer, current buffer count is 116
I1102 18:26:07.454795 IO-0/EL  buffer_pool.h:25] BufferPool[IO-0_Write]: Allocate new buffer, current buffer count is 117
I1102 18:26:07.454811 IO-0/EL  buffer_pool.h:25] BufferPool[IO-0_Write]: Allocate new buffer, current buffer count is 118
I1102 18:26:07.454825 IO-0/EL  buffer_pool.h:25] BufferPool[IO-0_Write]: Allocate new buffer, current buffer count is 119
I1102 18:26:07.454836 IO-0/EL  buffer_pool.h:25] BufferPool[IO-0_Write]: Allocate new buffer, current buffer count is 120
I1102 18:26:07.454851 IO-0/EL  buffer_pool.h:25] BufferPool[IO-0_Write]: Allocate new buffer, current buffer count is 121
I1102 18:26:07.454863 IO-0/EL  buffer_pool.h:25] BufferPool[IO-0_Write]: Allocate new buffer, current buffer count is 122
I1102 18:26:07.454879 IO-0/EL  buffer_pool.h:25] BufferPool[IO-0_Write]: Allocate new buffer, current buffer count is 123
I1102 18:26:07.454889 IO-0/EL  buffer_pool.h:25] BufferPool[IO-0_Write]: Allocate new buffer, current buffer count is 124
I1102 18:26:07.454905 IO-0/EL  buffer_pool.h:25] BufferPool[IO-0_Write]: Allocate new buffer, current buffer count is 125
I1102 18:26:07.454917 IO-0/EL  buffer_pool.h:25] BufferPool[IO-0_Write]: Allocate new buffer, current buffer count is 126
I1102 18:26:07.454938 IO-0/EL  buffer_pool.h:25] BufferPool[IO-0_Write]: Allocate new buffer, current buffer count is 127
I1102 18:26:07.454949 IO-0/EL  buffer_pool.h:25] BufferPool[IO-0_Write]: Allocate new buffer, current buffer count is 128
I1102 18:26:07.455640 IO-0/EL  buffer_pool.h:25] BufferPool[IO-0_Write]: Allocate new buffer, current buffer count is 129
I1102 18:26:07.455657 IO-0/EL  buffer_pool.h:25] BufferPool[IO-0_Write]: Allocate new buffer, current buffer count is 130
I1102 18:26:07.455670 IO-0/EL  buffer_pool.h:25] BufferPool[IO-0_Write]: Allocate new buffer, current buffer count is 131
I1102 18:26:07.455681 IO-0/EL  buffer_pool.h:25] BufferPool[IO-0_Write]: Allocate new buffer, current buffer count is 132
I1102 18:26:07.455692 IO-0/EL  buffer_pool.h:25] BufferPool[IO-0_Write]: Allocate new buffer, current buffer count is 133
I1102 18:26:07.455703 IO-0/EL  buffer_pool.h:25] BufferPool[IO-0_Write]: Allocate new buffer, current buffer count is 134
I1102 18:26:07.455719 IO-0/EL  buffer_pool.h:25] BufferPool[IO-0_Write]: Allocate new buffer, current buffer count is 135
I1102 18:26:07.455731 IO-0/EL  buffer_pool.h:25] BufferPool[IO-0_Write]: Allocate new buffer, current buffer count is 136
I1102 18:26:07.455749 IO-0/EL  buffer_pool.h:25] BufferPool[IO-0_Write]: Allocate new buffer, current buffer count is 137
I1102 18:26:07.455761 IO-0/EL  buffer_pool.h:25] BufferPool[IO-0_Write]: Allocate new buffer, current buffer count is 138
I1102 18:26:07.455773 IO-0/EL  buffer_pool.h:25] BufferPool[IO-0_Write]: Allocate new buffer, current buffer count is 139
I1102 18:26:07.455785 IO-0/EL  buffer_pool.h:25] BufferPool[IO-0_Write]: Allocate new buffer, current buffer count is 140
I1102 18:26:07.455800 IO-0/EL  buffer_pool.h:25] BufferPool[IO-0_Write]: Allocate new buffer, current buffer count is 141
I1102 18:26:07.455816 IO-0/EL  buffer_pool.h:25] BufferPool[IO-0_Write]: Allocate new buffer, current buffer count is 142
I1102 18:26:07.455827 IO-0/EL  buffer_pool.h:25] BufferPool[IO-0_Write]: Allocate new buffer, current buffer count is 143
I1102 18:26:07.455839 IO-0/EL  buffer_pool.h:25] BufferPool[IO-0_Write]: Allocate new buffer, current buffer count is 144
I1102 18:26:07.455850 IO-0/EL  buffer_pool.h:25] BufferPool[IO-0_Write]: Allocate new buffer, current buffer count is 145
I1102 18:26:07.455863 IO-0/EL  buffer_pool.h:25] BufferPool[IO-0_Write]: Allocate new buffer, current buffer count is 146
I1102 18:26:07.455874 IO-0/EL  buffer_pool.h:25] BufferPool[IO-0_Write]: Allocate new buffer, current buffer count is 147
I1102 18:26:07.455885 IO-0/EL  buffer_pool.h:25] BufferPool[IO-0_Write]: Allocate new buffer, current buffer count is 148
I1102 18:26:07.455896 IO-0/EL  buffer_pool.h:25] BufferPool[IO-0_Write]: Allocate new buffer, current buffer count is 149
I1102 18:26:07.455907 IO-0/EL  buffer_pool.h:25] BufferPool[IO-0_Write]: Allocate new buffer, current buffer count is 150
I1102 18:26:07.455918 IO-0/EL  buffer_pool.h:25] BufferPool[IO-0_Write]: Allocate new buffer, current buffer count is 151
I1102 18:26:07.455929 IO-0/EL  buffer_pool.h:25] BufferPool[IO-0_Write]: Allocate new buffer, current buffer count is 152
I1102 18:26:07.455941 IO-0/EL  buffer_pool.h:25] BufferPool[IO-0_Write]: Allocate new buffer, current buffer count is 153
I1102 18:26:07.455953 IO-0/EL  buffer_pool.h:25] BufferPool[IO-0_Write]: Allocate new buffer, current buffer count is 154
I1102 18:26:07.455964 IO-0/EL  buffer_pool.h:25] BufferPool[IO-0_Write]: Allocate new buffer, current buffer count is 155
I1102 18:26:07.455976 IO-0/EL  buffer_pool.h:25] BufferPool[IO-0_Write]: Allocate new buffer, current buffer count is 156
I1102 18:26:07.455988 IO-0/EL  buffer_pool.h:25] BufferPool[IO-0_Write]: Allocate new buffer, current buffer count is 157
I1102 18:26:07.456000 IO-0/EL  buffer_pool.h:25] BufferPool[IO-0_Write]: Allocate new buffer, current buffer count is 158
I1102 18:26:07.456013 IO-0/EL  buffer_pool.h:25] BufferPool[IO-0_Write]: Allocate new buffer, current buffer count is 159
I1102 18:26:07.456030 IO-0/EL  buffer_pool.h:25] BufferPool[IO-0_Write]: Allocate new buffer, current buffer count is 160
I1102 18:26:07.456041 IO-0/EL  buffer_pool.h:25] BufferPool[IO-0_Write]: Allocate new buffer, current buffer count is 161
I1102 18:26:07.456054 IO-0/EL  buffer_pool.h:25] BufferPool[IO-0_Write]: Allocate new buffer, current buffer count is 162
I1102 18:26:07.456064 IO-0/EL  buffer_pool.h:25] BufferPool[IO-0_Write]: Allocate new buffer, current buffer count is 163
I1102 18:26:07.456075 IO-0/EL  buffer_pool.h:25] BufferPool[IO-0_Write]: Allocate new buffer, current buffer count is 164
I1102 18:26:07.456086 IO-0/EL  buffer_pool.h:25] BufferPool[IO-0_Write]: Allocate new buffer, current buffer count is 165
I1102 18:26:07.456097 IO-0/EL  buffer_pool.h:25] BufferPool[IO-0_Write]: Allocate new buffer, current buffer count is 166
I1102 18:26:07.456109 IO-0/EL  buffer_pool.h:25] BufferPool[IO-0_Write]: Allocate new buffer, current buffer count is 167
I1102 18:26:07.456121 IO-0/EL  buffer_pool.h:25] BufferPool[IO-0_Write]: Allocate new buffer, current buffer count is 168
I1102 18:26:07.456132 IO-0/EL  buffer_pool.h:25] BufferPool[IO-0_Write]: Allocate new buffer, current buffer count is 169
I1102 18:26:07.456149 IO-0/EL  buffer_pool.h:25] BufferPool[IO-0_Write]: Allocate new buffer, current buffer count is 170
I1102 18:26:07.456160 IO-0/EL  buffer_pool.h:25] BufferPool[IO-0_Write]: Allocate new buffer, current buffer count is 171
I1102 18:26:07.456173 IO-0/EL  buffer_pool.h:25] BufferPool[IO-0_Write]: Allocate new buffer, current buffer count is 172
I1102 18:26:07.456185 IO-0/EL  buffer_pool.h:25] BufferPool[IO-0_Write]: Allocate new buffer, current buffer count is 173
I1102 18:26:07.456197 IO-0/EL  buffer_pool.h:25] BufferPool[IO-0_Write]: Allocate new buffer, current buffer count is 174
I1102 18:26:07.456212 IO-0/EL  buffer_pool.h:25] BufferPool[IO-0_Write]: Allocate new buffer, current buffer count is 175
I1102 18:26:07.456224 IO-0/EL  buffer_pool.h:25] BufferPool[IO-0_Write]: Allocate new buffer, current buffer count is 176
I1102 18:26:07.456237 IO-0/EL  buffer_pool.h:25] BufferPool[IO-0_Write]: Allocate new buffer, current buffer count is 177
I1102 18:26:07.456253 IO-0/EL  buffer_pool.h:25] BufferPool[IO-0_Write]: Allocate new buffer, current buffer count is 178
I1102 18:26:07.456264 IO-0/EL  buffer_pool.h:25] BufferPool[IO-0_Write]: Allocate new buffer, current buffer count is 179
I1102 18:26:07.456275 IO-0/EL  buffer_pool.h:25] BufferPool[IO-0_Write]: Allocate new buffer, current buffer count is 180
I1102 18:26:07.456287 IO-0/EL  buffer_pool.h:25] BufferPool[IO-0_Write]: Allocate new buffer, current buffer count is 181
I1102 18:26:07.456299 IO-0/EL  buffer_pool.h:25] BufferPool[IO-0_Write]: Allocate new buffer, current buffer count is 182
I1102 18:26:07.456310 IO-0/EL  buffer_pool.h:25] BufferPool[IO-0_Write]: Allocate new buffer, current buffer count is 183
I1102 18:26:07.456322 IO-0/EL  buffer_pool.h:25] BufferPool[IO-0_Write]: Allocate new buffer, current buffer count is 184
I1102 18:26:07.456332 IO-0/EL  buffer_pool.h:25] BufferPool[IO-0_Write]: Allocate new buffer, current buffer count is 185
I1102 18:26:07.456345 IO-0/EL  buffer_pool.h:25] BufferPool[IO-0_Write]: Allocate new buffer, current buffer count is 186
I1102 18:26:07.456355 IO-0/EL  buffer_pool.h:25] BufferPool[IO-0_Write]: Allocate new buffer, current buffer count is 187
I1102 18:26:07.456367 IO-0/EL  buffer_pool.h:25] BufferPool[IO-0_Write]: Allocate new buffer, current buffer count is 188
I1102 18:26:07.456378 IO-0/EL  buffer_pool.h:25] BufferPool[IO-0_Write]: Allocate new buffer, current buffer count is 189
I1102 18:26:07.456390 IO-0/EL  buffer_pool.h:25] BufferPool[IO-0_Write]: Allocate new buffer, current buffer count is 190
I1102 18:26:07.456402 IO-0/EL  buffer_pool.h:25] BufferPool[IO-0_Write]: Allocate new buffer, current buffer count is 191
I1102 18:26:07.456414 IO-0/EL  buffer_pool.h:25] BufferPool[IO-0_Write]: Allocate new buffer, current buffer count is 192
I1102 18:26:07.456427 IO-0/EL  buffer_pool.h:25] BufferPool[IO-0_Write]: Allocate new buffer, current buffer count is 193
I1102 18:26:07.456439 IO-0/EL  buffer_pool.h:25] BufferPool[IO-0_Write]: Allocate new buffer, current buffer count is 194
I1102 18:26:07.456451 IO-0/EL  buffer_pool.h:25] BufferPool[IO-0_Write]: Allocate new buffer, current buffer count is 195
I1102 18:26:07.456464 IO-0/EL  buffer_pool.h:25] BufferPool[IO-0_Write]: Allocate new buffer, current buffer count is 196
I1102 18:26:07.456478 IO-0/EL  buffer_pool.h:25] BufferPool[IO-0_Write]: Allocate new buffer, current buffer count is 197
I1102 18:26:07.456489 IO-0/EL  buffer_pool.h:25] BufferPool[IO-0_Write]: Allocate new buffer, current buffer count is 198
I1102 18:26:07.456501 IO-0/EL  buffer_pool.h:25] BufferPool[IO-0_Write]: Allocate new buffer, current buffer count is 199
I1102 18:26:07.456512 IO-0/EL  buffer_pool.h:25] BufferPool[IO-0_Write]: Allocate new buffer, current buffer count is 200
I1102 18:26:07.456524 IO-0/EL  buffer_pool.h:25] BufferPool[IO-0_Write]: Allocate new buffer, current buffer count is 201
I1102 18:26:07.456536 IO-0/EL  buffer_pool.h:25] BufferPool[IO-0_Write]: Allocate new buffer, current buffer count is 202
I1102 18:26:07.456547 IO-0/EL  buffer_pool.h:25] BufferPool[IO-0_Write]: Allocate new buffer, current buffer count is 203
I1102 18:26:07.456564 IO-0/EL  buffer_pool.h:25] BufferPool[IO-0_Write]: Allocate new buffer, current buffer count is 204
I1102 18:26:07.456575 IO-0/EL  buffer_pool.h:25] BufferPool[IO-0_Write]: Allocate new buffer, current buffer count is 205
I1102 18:26:07.456586 IO-0/EL  buffer_pool.h:25] BufferPool[IO-0_Write]: Allocate new buffer, current buffer count is 206
I1102 18:26:07.456598 IO-0/EL  buffer_pool.h:25] BufferPool[IO-0_Write]: Allocate new buffer, current buffer count is 207
I1102 18:26:07.456610 IO-0/EL  buffer_pool.h:25] BufferPool[IO-0_Write]: Allocate new buffer, current buffer count is 208
I1102 18:26:07.456623 IO-0/EL  buffer_pool.h:25] BufferPool[IO-0_Write]: Allocate new buffer, current buffer count is 209
I1102 18:26:07.456634 IO-0/EL  buffer_pool.h:25] BufferPool[IO-0_Write]: Allocate new buffer, current buffer count is 210
I1102 18:26:07.456646 IO-0/EL  buffer_pool.h:25] BufferPool[IO-0_Write]: Allocate new buffer, current buffer count is 211
I1102 18:26:07.456658 IO-0/EL  buffer_pool.h:25] BufferPool[IO-0_Write]: Allocate new buffer, current buffer count is 212
I1102 18:26:07.456671 IO-0/EL  buffer_pool.h:25] BufferPool[IO-0_Write]: Allocate new buffer, current buffer count is 213
I1102 18:26:07.456684 IO-0/EL  buffer_pool.h:25] BufferPool[IO-0_Write]: Allocate new buffer, current buffer count is 214
I1102 18:26:07.456700 IO-0/EL  buffer_pool.h:25] BufferPool[IO-0_Write]: Allocate new buffer, current buffer count is 215
I1102 18:26:07.456716 IO-0/EL  buffer_pool.h:25] BufferPool[IO-0_Write]: Allocate new buffer, current buffer count is 216
I1102 18:26:07.456728 IO-0/EL  buffer_pool.h:25] BufferPool[IO-0_Write]: Allocate new buffer, current buffer count is 217
I1102 18:26:07.456741 IO-0/EL  buffer_pool.h:25] BufferPool[IO-0_Write]: Allocate new buffer, current buffer count is 218
I1102 18:26:07.456752 IO-0/EL  buffer_pool.h:25] BufferPool[IO-0_Write]: Allocate new buffer, current buffer count is 219
I1102 18:26:07.456763 IO-0/EL  buffer_pool.h:25] BufferPool[IO-0_Write]: Allocate new buffer, current buffer count is 220
I1102 18:26:07.456774 IO-0/EL  buffer_pool.h:25] BufferPool[IO-0_Write]: Allocate new buffer, current buffer count is 221
I1102 18:26:07.456786 IO-0/EL  buffer_pool.h:25] BufferPool[IO-0_Write]: Allocate new buffer, current buffer count is 222
I1102 18:26:07.456798 IO-0/EL  buffer_pool.h:25] BufferPool[IO-0_Write]: Allocate new buffer, current buffer count is 223
I1102 18:26:07.456810 IO-0/EL  buffer_pool.h:25] BufferPool[IO-0_Write]: Allocate new buffer, current buffer count is 224
I1102 18:26:07.456821 IO-0/EL  buffer_pool.h:25] BufferPool[IO-0_Write]: Allocate new buffer, current buffer count is 225
I1102 18:26:07.456833 IO-0/EL  buffer_pool.h:25] BufferPool[IO-0_Write]: Allocate new buffer, current buffer count is 226
I1102 18:26:07.456845 IO-0/EL  buffer_pool.h:25] BufferPool[IO-0_Write]: Allocate new buffer, current buffer count is 227
I1102 18:26:07.456856 IO-0/EL  buffer_pool.h:25] BufferPool[IO-0_Write]: Allocate new buffer, current buffer count is 228
I1102 18:26:07.456867 IO-0/EL  buffer_pool.h:25] BufferPool[IO-0_Write]: Allocate new buffer, current buffer count is 229
I1102 18:26:07.456879 IO-0/EL  buffer_pool.h:25] BufferPool[IO-0_Write]: Allocate new buffer, current buffer count is 230
I1102 18:26:07.456893 IO-0/EL  buffer_pool.h:25] BufferPool[IO-0_Write]: Allocate new buffer, current buffer count is 231
I1102 18:26:07.456906 IO-0/EL  buffer_pool.h:25] BufferPool[IO-0_Write]: Allocate new buffer, current buffer count is 232
I1102 18:26:07.456922 IO-0/EL  buffer_pool.h:25] BufferPool[IO-0_Write]: Allocate new buffer, current buffer count is 233
I1102 18:26:07.456934 IO-0/EL  buffer_pool.h:25] BufferPool[IO-0_Write]: Allocate new buffer, current buffer count is 234
I1102 18:26:07.456945 IO-0/EL  buffer_pool.h:25] BufferPool[IO-0_Write]: Allocate new buffer, current buffer count is 235
I1102 18:26:07.456958 IO-0/EL  buffer_pool.h:25] BufferPool[IO-0_Write]: Allocate new buffer, current buffer count is 236
I1102 18:26:07.456971 IO-0/EL  buffer_pool.h:25] BufferPool[IO-0_Write]: Allocate new buffer, current buffer count is 237
I1102 18:26:07.456988 IO-0/EL  buffer_pool.h:25] BufferPool[IO-0_Write]: Allocate new buffer, current buffer count is 238
I1102 18:26:07.457000 IO-0/EL  buffer_pool.h:25] BufferPool[IO-0_Write]: Allocate new buffer, current buffer count is 239
I1102 18:26:07.457012 IO-0/EL  buffer_pool.h:25] BufferPool[IO-0_Write]: Allocate new buffer, current buffer count is 240
I1102 18:26:07.457024 IO-0/EL  buffer_pool.h:25] BufferPool[IO-0_Write]: Allocate new buffer, current buffer count is 241
I1102 18:26:07.457036 IO-0/EL  buffer_pool.h:25] BufferPool[IO-0_Write]: Allocate new buffer, current buffer count is 242
I1102 18:26:07.457047 IO-0/EL  buffer_pool.h:25] BufferPool[IO-0_Write]: Allocate new buffer, current buffer count is 243
I1102 18:26:07.457058 IO-0/EL  buffer_pool.h:25] BufferPool[IO-0_Write]: Allocate new buffer, current buffer count is 244
I1102 18:26:07.457069 IO-0/EL  buffer_pool.h:25] BufferPool[IO-0_Write]: Allocate new buffer, current buffer count is 245
I1102 18:26:07.457080 IO-0/EL  buffer_pool.h:25] BufferPool[IO-0_Write]: Allocate new buffer, current buffer count is 246
I1102 18:26:07.457091 IO-0/EL  buffer_pool.h:25] BufferPool[IO-0_Write]: Allocate new buffer, current buffer count is 247
I1102 18:26:07.457104 IO-0/EL  buffer_pool.h:25] BufferPool[IO-0_Write]: Allocate new buffer, current buffer count is 248
I1102 18:26:07.457116 IO-0/EL  buffer_pool.h:25] BufferPool[IO-0_Write]: Allocate new buffer, current buffer count is 249
I1102 18:26:07.457129 IO-0/EL  buffer_pool.h:25] BufferPool[IO-0_Write]: Allocate new buffer, current buffer count is 250
I1102 18:26:07.457145 IO-0/EL  buffer_pool.h:25] BufferPool[IO-0_Write]: Allocate new buffer, current buffer count is 251
I1102 18:26:07.457158 IO-0/EL  buffer_pool.h:25] BufferPool[IO-0_Write]: Allocate new buffer, current buffer count is 252
I1102 18:26:07.457169 IO-0/EL  buffer_pool.h:25] BufferPool[IO-0_Write]: Allocate new buffer, current buffer count is 253
I1102 18:26:07.457181 IO-0/EL  buffer_pool.h:25] BufferPool[IO-0_Write]: Allocate new buffer, current buffer count is 254
I1102 18:26:07.457192 IO-0/EL  buffer_pool.h:25] BufferPool[IO-0_Write]: Allocate new buffer, current buffer count is 255
I1102 18:26:07.457204 IO-0/EL  buffer_pool.h:25] BufferPool[IO-0_Write]: Allocate new buffer, current buffer count is 256
I1102 18:26:12.558105 Main     server_base.cpp:35] Server: Scheduled to stop
I1102 18:26:12.558197 IO-0/EL  message_connection.cpp:284] LauncherConnection[1]: Connection closed remotely
I1102 18:26:12.558216 Server/E server_base.cpp:109] Server: Start stopping process
I1102 18:26:12.558293 IO-0/EL  io_worker.cpp:206] IO-0: Start stopping process
I1102 18:26:12.558364 Server/E server_base.cpp:55] Server: Event loop finishes
