I1102 19:16:11.884390 Main     thread.cpp:100] Register main thread: tid=1409106
E1102 19:16:11.886510 Main     docker.cpp:59] Cannot find docker's cgroup in /proc/self/cgroup
I1102 19:16:11.886571 Main     func_config.cpp:135] Load configuration for function Echo[1]
I1102 19:16:11.886582 Main     engine.cpp:109] Engine: Start 1 IO workers
I1102 19:16:11.889787 IO-0/EL  thread.cpp:40] Start thread: IO-0/EL
I1102 19:16:11.889835 IO-0/EL  io_worker.cpp:192] IO-0: Event loop starts
Checking for file descriptor...
Got a file descriptor!
I1102 19:16:13.369237 Main     engine.cpp:180] Engine: Created 1 Machnet connections to Gateway at 10.10.1.2:10007
I1102 19:16:13.369348 Main     engine.cpp:208] Engine: Listen on /dev/shm/faas_ipc/engine.sock for IPC connections
I1102 19:16:13.369614 Server/E thread.cpp:40] Start thread: Server/EL
I1102 19:16:13.369747 Server/E server_base.cpp:50] Server: Event loop starts
I1102 19:16:13.886118 Server/E engine.cpp:674] Engine: New message connection
I1102 19:16:13.889349 IO-0/EL  buffer_pool.h:25] BufferPool[IO-0_Read]: Allocate new buffer, current buffer count is 1
I1102 19:16:13.889382 IO-0/EL  engine.cpp:277] Engine: Receive new handshake message from message connection
I1102 19:16:13.889387 IO-0/EL  worker_manager.cpp:23] WorkerManager: Launcher of func_id 1 connected
I1102 19:16:13.889392 IO-0/EL  worker_manager.cpp:131] WorkerManager: Request new FuncWorker for func_id 1 with client_id 1
I1102 19:16:13.889411 IO-0/EL  worker_manager.cpp:131] WorkerManager: Request new FuncWorker for func_id 1 with client_id 2
I1102 19:16:13.889423 IO-0/EL  worker_manager.cpp:131] WorkerManager: Request new FuncWorker for func_id 1 with client_id 3
I1102 19:16:13.889433 IO-0/EL  worker_manager.cpp:131] WorkerManager: Request new FuncWorker for func_id 1 with client_id 4
I1102 19:16:13.889441 IO-0/EL  worker_manager.cpp:131] WorkerManager: Request new FuncWorker for func_id 1 with client_id 5
I1102 19:16:13.889450 IO-0/EL  worker_manager.cpp:131] WorkerManager: Request new FuncWorker for func_id 1 with client_id 6
I1102 19:16:13.889461 IO-0/EL  worker_manager.cpp:131] WorkerManager: Request new FuncWorker for func_id 1 with client_id 7
I1102 19:16:13.889471 IO-0/EL  worker_manager.cpp:131] WorkerManager: Request new FuncWorker for func_id 1 with client_id 8
I1102 19:16:13.889483 IO-0/EL  worker_manager.cpp:131] WorkerManager: Request new FuncWorker for func_id 1 with client_id 9
I1102 19:16:13.889493 IO-0/EL  worker_manager.cpp:131] WorkerManager: Request new FuncWorker for func_id 1 with client_id 10
I1102 19:16:13.889505 IO-0/EL  worker_manager.cpp:131] WorkerManager: Request new FuncWorker for func_id 1 with client_id 11
I1102 19:16:13.889515 IO-0/EL  worker_manager.cpp:131] WorkerManager: Request new FuncWorker for func_id 1 with client_id 12
I1102 19:16:13.889526 IO-0/EL  worker_manager.cpp:131] WorkerManager: Request new FuncWorker for func_id 1 with client_id 13
I1102 19:16:13.889536 IO-0/EL  worker_manager.cpp:131] WorkerManager: Request new FuncWorker for func_id 1 with client_id 14
I1102 19:16:13.889545 IO-0/EL  worker_manager.cpp:131] WorkerManager: Request new FuncWorker for func_id 1 with client_id 15
I1102 19:16:13.889556 IO-0/EL  worker_manager.cpp:131] WorkerManager: Request new FuncWorker for func_id 1 with client_id 16
I1102 19:16:13.889565 IO-0/EL  worker_manager.cpp:131] WorkerManager: Request new FuncWorker for func_id 1 with client_id 17
I1102 19:16:13.889585 IO-0/EL  worker_manager.cpp:131] WorkerManager: Request new FuncWorker for func_id 1 with client_id 18
I1102 19:16:13.889595 IO-0/EL  worker_manager.cpp:131] WorkerManager: Request new FuncWorker for func_id 1 with client_id 19
I1102 19:16:13.889606 IO-0/EL  worker_manager.cpp:131] WorkerManager: Request new FuncWorker for func_id 1 with client_id 20
I1102 19:16:13.889616 IO-0/EL  worker_manager.cpp:131] WorkerManager: Request new FuncWorker for func_id 1 with client_id 21
I1102 19:16:13.889628 IO-0/EL  worker_manager.cpp:131] WorkerManager: Request new FuncWorker for func_id 1 with client_id 22
I1102 19:16:13.889638 IO-0/EL  worker_manager.cpp:131] WorkerManager: Request new FuncWorker for func_id 1 with client_id 23
I1102 19:16:13.889667 IO-0/EL  worker_manager.cpp:131] WorkerManager: Request new FuncWorker for func_id 1 with client_id 24
I1102 19:16:13.889677 IO-0/EL  worker_manager.cpp:131] WorkerManager: Request new FuncWorker for func_id 1 with client_id 25
I1102 19:16:13.889686 IO-0/EL  worker_manager.cpp:131] WorkerManager: Request new FuncWorker for func_id 1 with client_id 26
I1102 19:16:13.889695 IO-0/EL  worker_manager.cpp:131] WorkerManager: Request new FuncWorker for func_id 1 with client_id 27
I1102 19:16:13.889708 IO-0/EL  worker_manager.cpp:131] WorkerManager: Request new FuncWorker for func_id 1 with client_id 28
I1102 19:16:13.889722 IO-0/EL  worker_manager.cpp:131] WorkerManager: Request new FuncWorker for func_id 1 with client_id 29
I1102 19:16:13.889731 IO-0/EL  worker_manager.cpp:131] WorkerManager: Request new FuncWorker for func_id 1 with client_id 30
I1102 19:16:13.889742 IO-0/EL  worker_manager.cpp:131] WorkerManager: Request new FuncWorker for func_id 1 with client_id 31
I1102 19:16:13.889752 IO-0/EL  worker_manager.cpp:131] WorkerManager: Request new FuncWorker for func_id 1 with client_id 32
I1102 19:16:13.889762 IO-0/EL  worker_manager.cpp:131] WorkerManager: Request new FuncWorker for func_id 1 with client_id 33
I1102 19:16:13.889794 IO-0/EL  worker_manager.cpp:131] WorkerManager: Request new FuncWorker for func_id 1 with client_id 34
I1102 19:16:13.889805 IO-0/EL  worker_manager.cpp:131] WorkerManager: Request new FuncWorker for func_id 1 with client_id 35
I1102 19:16:13.889818 IO-0/EL  worker_manager.cpp:131] WorkerManager: Request new FuncWorker for func_id 1 with client_id 36
I1102 19:16:13.889827 IO-0/EL  worker_manager.cpp:131] WorkerManager: Request new FuncWorker for func_id 1 with client_id 37
I1102 19:16:13.889837 IO-0/EL  worker_manager.cpp:131] WorkerManager: Request new FuncWorker for func_id 1 with client_id 38
I1102 19:16:13.889847 IO-0/EL  worker_manager.cpp:131] WorkerManager: Request new FuncWorker for func_id 1 with client_id 39
I1102 19:16:13.889858 IO-0/EL  worker_manager.cpp:131] WorkerManager: Request new FuncWorker for func_id 1 with client_id 40
I1102 19:16:13.889868 IO-0/EL  worker_manager.cpp:131] WorkerManager: Request new FuncWorker for func_id 1 with client_id 41
I1102 19:16:13.889876 IO-0/EL  worker_manager.cpp:131] WorkerManager: Request new FuncWorker for func_id 1 with client_id 42
I1102 19:16:13.889887 IO-0/EL  worker_manager.cpp:131] WorkerManager: Request new FuncWorker for func_id 1 with client_id 43
I1102 19:16:13.889899 IO-0/EL  worker_manager.cpp:131] WorkerManager: Request new FuncWorker for func_id 1 with client_id 44
I1102 19:16:13.889908 IO-0/EL  worker_manager.cpp:131] WorkerManager: Request new FuncWorker for func_id 1 with client_id 45
I1102 19:16:13.889919 IO-0/EL  worker_manager.cpp:131] WorkerManager: Request new FuncWorker for func_id 1 with client_id 46
I1102 19:16:13.889928 IO-0/EL  worker_manager.cpp:131] WorkerManager: Request new FuncWorker for func_id 1 with client_id 47
I1102 19:16:13.889939 IO-0/EL  worker_manager.cpp:131] WorkerManager: Request new FuncWorker for func_id 1 with client_id 48
I1102 19:16:13.889949 IO-0/EL  worker_manager.cpp:131] WorkerManager: Request new FuncWorker for func_id 1 with client_id 49
I1102 19:16:13.889958 IO-0/EL  worker_manager.cpp:131] WorkerManager: Request new FuncWorker for func_id 1 with client_id 50
I1102 19:16:13.889969 IO-0/EL  worker_manager.cpp:131] WorkerManager: Request new FuncWorker for func_id 1 with client_id 51
I1102 19:16:13.889981 IO-0/EL  worker_manager.cpp:131] WorkerManager: Request new FuncWorker for func_id 1 with client_id 52
I1102 19:16:13.889990 IO-0/EL  worker_manager.cpp:131] WorkerManager: Request new FuncWorker for func_id 1 with client_id 53
I1102 19:16:13.890001 IO-0/EL  worker_manager.cpp:131] WorkerManager: Request new FuncWorker for func_id 1 with client_id 54
I1102 19:16:13.890010 IO-0/EL  worker_manager.cpp:131] WorkerManager: Request new FuncWorker for func_id 1 with client_id 55
I1102 19:16:13.890020 IO-0/EL  worker_manager.cpp:131] WorkerManager: Request new FuncWorker for func_id 1 with client_id 56
I1102 19:16:13.890036 IO-0/EL  worker_manager.cpp:131] WorkerManager: Request new FuncWorker for func_id 1 with client_id 57
I1102 19:16:13.890047 IO-0/EL  worker_manager.cpp:131] WorkerManager: Request new FuncWorker for func_id 1 with client_id 58
I1102 19:16:13.890057 IO-0/EL  worker_manager.cpp:131] WorkerManager: Request new FuncWorker for func_id 1 with client_id 59
I1102 19:16:13.890069 IO-0/EL  worker_manager.cpp:131] WorkerManager: Request new FuncWorker for func_id 1 with client_id 60
I1102 19:16:13.890080 IO-0/EL  worker_manager.cpp:131] WorkerManager: Request new FuncWorker for func_id 1 with client_id 61
I1102 19:16:13.890090 IO-0/EL  worker_manager.cpp:131] WorkerManager: Request new FuncWorker for func_id 1 with client_id 62
I1102 19:16:13.890099 IO-0/EL  worker_manager.cpp:131] WorkerManager: Request new FuncWorker for func_id 1 with client_id 63
I1102 19:16:13.890108 IO-0/EL  worker_manager.cpp:131] WorkerManager: Request new FuncWorker for func_id 1 with client_id 64
I1102 19:16:13.890118 IO-0/EL  worker_manager.cpp:131] WorkerManager: Request new FuncWorker for func_id 1 with client_id 65
I1102 19:16:13.890170 IO-0/EL  worker_manager.cpp:131] WorkerManager: Request new FuncWorker for func_id 1 with client_id 66
I1102 19:16:13.890181 IO-0/EL  worker_manager.cpp:131] WorkerManager: Request new FuncWorker for func_id 1 with client_id 67
I1102 19:16:13.890190 IO-0/EL  worker_manager.cpp:131] WorkerManager: Request new FuncWorker for func_id 1 with client_id 68
I1102 19:16:13.890204 IO-0/EL  worker_manager.cpp:131] WorkerManager: Request new FuncWorker for func_id 1 with client_id 69
I1102 19:16:13.890214 IO-0/EL  worker_manager.cpp:131] WorkerManager: Request new FuncWorker for func_id 1 with client_id 70
I1102 19:16:13.890224 IO-0/EL  worker_manager.cpp:131] WorkerManager: Request new FuncWorker for func_id 1 with client_id 71
I1102 19:16:13.890233 IO-0/EL  worker_manager.cpp:131] WorkerManager: Request new FuncWorker for func_id 1 with client_id 72
I1102 19:16:13.890246 IO-0/EL  worker_manager.cpp:131] WorkerManager: Request new FuncWorker for func_id 1 with client_id 73
I1102 19:16:13.890256 IO-0/EL  worker_manager.cpp:131] WorkerManager: Request new FuncWorker for func_id 1 with client_id 74
I1102 19:16:13.890265 IO-0/EL  worker_manager.cpp:131] WorkerManager: Request new FuncWorker for func_id 1 with client_id 75
I1102 19:16:13.890276 IO-0/EL  worker_manager.cpp:131] WorkerManager: Request new FuncWorker for func_id 1 with client_id 76
I1102 19:16:13.890288 IO-0/EL  worker_manager.cpp:131] WorkerManager: Request new FuncWorker for func_id 1 with client_id 77
I1102 19:16:13.890298 IO-0/EL  worker_manager.cpp:131] WorkerManager: Request new FuncWorker for func_id 1 with client_id 78
I1102 19:16:13.890307 IO-0/EL  worker_manager.cpp:131] WorkerManager: Request new FuncWorker for func_id 1 with client_id 79
I1102 19:16:13.890316 IO-0/EL  worker_manager.cpp:131] WorkerManager: Request new FuncWorker for func_id 1 with client_id 80
I1102 19:16:13.890330 IO-0/EL  worker_manager.cpp:131] WorkerManager: Request new FuncWorker for func_id 1 with client_id 81
I1102 19:16:13.890340 IO-0/EL  worker_manager.cpp:131] WorkerManager: Request new FuncWorker for func_id 1 with client_id 82
I1102 19:16:13.890350 IO-0/EL  worker_manager.cpp:131] WorkerManager: Request new FuncWorker for func_id 1 with client_id 83
I1102 19:16:13.890362 IO-0/EL  worker_manager.cpp:131] WorkerManager: Request new FuncWorker for func_id 1 with client_id 84
I1102 19:16:13.890374 IO-0/EL  worker_manager.cpp:131] WorkerManager: Request new FuncWorker for func_id 1 with client_id 85
I1102 19:16:13.890384 IO-0/EL  worker_manager.cpp:131] WorkerManager: Request new FuncWorker for func_id 1 with client_id 86
I1102 19:16:13.890393 IO-0/EL  worker_manager.cpp:131] WorkerManager: Request new FuncWorker for func_id 1 with client_id 87
I1102 19:16:13.890404 IO-0/EL  worker_manager.cpp:131] WorkerManager: Request new FuncWorker for func_id 1 with client_id 88
I1102 19:16:13.890421 IO-0/EL  worker_manager.cpp:131] WorkerManager: Request new FuncWorker for func_id 1 with client_id 89
I1102 19:16:13.890430 IO-0/EL  worker_manager.cpp:131] WorkerManager: Request new FuncWorker for func_id 1 with client_id 90
I1102 19:16:13.890441 IO-0/EL  worker_manager.cpp:131] WorkerManager: Request new FuncWorker for func_id 1 with client_id 91
I1102 19:16:13.890451 IO-0/EL  worker_manager.cpp:131] WorkerManager: Request new FuncWorker for func_id 1 with client_id 92
I1102 19:16:13.890462 IO-0/EL  worker_manager.cpp:131] WorkerManager: Request new FuncWorker for func_id 1 with client_id 93
I1102 19:16:13.890471 IO-0/EL  worker_manager.cpp:131] WorkerManager: Request new FuncWorker for func_id 1 with client_id 94
I1102 19:16:13.890481 IO-0/EL  worker_manager.cpp:131] WorkerManager: Request new FuncWorker for func_id 1 with client_id 95
I1102 19:16:13.890492 IO-0/EL  worker_manager.cpp:131] WorkerManager: Request new FuncWorker for func_id 1 with client_id 96
I1102 19:16:13.890503 IO-0/EL  worker_manager.cpp:131] WorkerManager: Request new FuncWorker for func_id 1 with client_id 97
I1102 19:16:13.890512 IO-0/EL  worker_manager.cpp:131] WorkerManager: Request new FuncWorker for func_id 1 with client_id 98
I1102 19:16:13.890523 IO-0/EL  worker_manager.cpp:131] WorkerManager: Request new FuncWorker for func_id 1 with client_id 99
I1102 19:16:13.890532 IO-0/EL  worker_manager.cpp:131] WorkerManager: Request new FuncWorker for func_id 1 with client_id 100
I1102 19:16:13.890546 IO-0/EL  worker_manager.cpp:131] WorkerManager: Request new FuncWorker for func_id 1 with client_id 101
I1102 19:16:13.890556 IO-0/EL  worker_manager.cpp:131] WorkerManager: Request new FuncWorker for func_id 1 with client_id 102
I1102 19:16:13.890567 IO-0/EL  worker_manager.cpp:131] WorkerManager: Request new FuncWorker for func_id 1 with client_id 103
I1102 19:16:13.890576 IO-0/EL  worker_manager.cpp:131] WorkerManager: Request new FuncWorker for func_id 1 with client_id 104
I1102 19:16:13.890588 IO-0/EL  worker_manager.cpp:131] WorkerManager: Request new FuncWorker for func_id 1 with client_id 105
I1102 19:16:13.890599 IO-0/EL  worker_manager.cpp:131] WorkerManager: Request new FuncWorker for func_id 1 with client_id 106
I1102 19:16:13.890609 IO-0/EL  worker_manager.cpp:131] WorkerManager: Request new FuncWorker for func_id 1 with client_id 107
I1102 19:16:13.890618 IO-0/EL  worker_manager.cpp:131] WorkerManager: Request new FuncWorker for func_id 1 with client_id 108
I1102 19:16:13.890629 IO-0/EL  worker_manager.cpp:131] WorkerManager: Request new FuncWorker for func_id 1 with client_id 109
I1102 19:16:13.890639 IO-0/EL  worker_manager.cpp:131] WorkerManager: Request new FuncWorker for func_id 1 with client_id 110
I1102 19:16:13.890650 IO-0/EL  worker_manager.cpp:131] WorkerManager: Request new FuncWorker for func_id 1 with client_id 111
I1102 19:16:13.890659 IO-0/EL  worker_manager.cpp:131] WorkerManager: Request new FuncWorker for func_id 1 with client_id 112
I1102 19:16:13.890670 IO-0/EL  worker_manager.cpp:131] WorkerManager: Request new FuncWorker for func_id 1 with client_id 113
I1102 19:16:13.890682 IO-0/EL  worker_manager.cpp:131] WorkerManager: Request new FuncWorker for func_id 1 with client_id 114
I1102 19:16:13.890691 IO-0/EL  worker_manager.cpp:131] WorkerManager: Request new FuncWorker for func_id 1 with client_id 115
I1102 19:16:13.890701 IO-0/EL  worker_manager.cpp:131] WorkerManager: Request new FuncWorker for func_id 1 with client_id 116
I1102 19:16:13.890716 IO-0/EL  worker_manager.cpp:131] WorkerManager: Request new FuncWorker for func_id 1 with client_id 117
I1102 19:16:13.890729 IO-0/EL  worker_manager.cpp:131] WorkerManager: Request new FuncWorker for func_id 1 with client_id 118
I1102 19:16:13.890739 IO-0/EL  worker_manager.cpp:131] WorkerManager: Request new FuncWorker for func_id 1 with client_id 119
I1102 19:16:13.890748 IO-0/EL  worker_manager.cpp:131] WorkerManager: Request new FuncWorker for func_id 1 with client_id 120
I1102 19:16:13.890762 IO-0/EL  worker_manager.cpp:131] WorkerManager: Request new FuncWorker for func_id 1 with client_id 121
I1102 19:16:13.890777 IO-0/EL  worker_manager.cpp:131] WorkerManager: Request new FuncWorker for func_id 1 with client_id 122
I1102 19:16:13.890786 IO-0/EL  worker_manager.cpp:131] WorkerManager: Request new FuncWorker for func_id 1 with client_id 123
I1102 19:16:13.890795 IO-0/EL  worker_manager.cpp:131] WorkerManager: Request new FuncWorker for func_id 1 with client_id 124
I1102 19:16:13.890806 IO-0/EL  worker_manager.cpp:131] WorkerManager: Request new FuncWorker for func_id 1 with client_id 125
I1102 19:16:13.890818 IO-0/EL  worker_manager.cpp:131] WorkerManager: Request new FuncWorker for func_id 1 with client_id 126
I1102 19:16:13.890827 IO-0/EL  worker_manager.cpp:131] WorkerManager: Request new FuncWorker for func_id 1 with client_id 127
I1102 19:16:13.890836 IO-0/EL  worker_manager.cpp:131] WorkerManager: Request new FuncWorker for func_id 1 with client_id 128
I1102 19:16:13.890848 IO-0/EL  worker_manager.cpp:131] WorkerManager: Request new FuncWorker for func_id 1 with client_id 129
I1102 19:16:13.890950 IO-0/EL  worker_manager.cpp:131] WorkerManager: Request new FuncWorker for func_id 1 with client_id 130
I1102 19:16:13.890963 IO-0/EL  worker_manager.cpp:131] WorkerManager: Request new FuncWorker for func_id 1 with client_id 131
I1102 19:16:13.890973 IO-0/EL  worker_manager.cpp:131] WorkerManager: Request new FuncWorker for func_id 1 with client_id 132
I1102 19:16:13.890986 IO-0/EL  worker_manager.cpp:131] WorkerManager: Request new FuncWorker for func_id 1 with client_id 133
I1102 19:16:13.890996 IO-0/EL  worker_manager.cpp:131] WorkerManager: Request new FuncWorker for func_id 1 with client_id 134
I1102 19:16:13.891005 IO-0/EL  worker_manager.cpp:131] WorkerManager: Request new FuncWorker for func_id 1 with client_id 135
I1102 19:16:13.891016 IO-0/EL  worker_manager.cpp:131] WorkerManager: Request new FuncWorker for func_id 1 with client_id 136
I1102 19:16:13.891027 IO-0/EL  worker_manager.cpp:131] WorkerManager: Request new FuncWorker for func_id 1 with client_id 137
I1102 19:16:13.891036 IO-0/EL  worker_manager.cpp:131] WorkerManager: Request new FuncWorker for func_id 1 with client_id 138
I1102 19:16:13.891047 IO-0/EL  worker_manager.cpp:131] WorkerManager: Request new FuncWorker for func_id 1 with client_id 139
I1102 19:16:13.891057 IO-0/EL  worker_manager.cpp:131] WorkerManager: Request new FuncWorker for func_id 1 with client_id 140
I1102 19:16:13.891070 IO-0/EL  worker_manager.cpp:131] WorkerManager: Request new FuncWorker for func_id 1 with client_id 141
I1102 19:16:13.891081 IO-0/EL  worker_manager.cpp:131] WorkerManager: Request new FuncWorker for func_id 1 with client_id 142
I1102 19:16:13.891091 IO-0/EL  worker_manager.cpp:131] WorkerManager: Request new FuncWorker for func_id 1 with client_id 143
I1102 19:16:13.891103 IO-0/EL  worker_manager.cpp:131] WorkerManager: Request new FuncWorker for func_id 1 with client_id 144
I1102 19:16:13.891115 IO-0/EL  worker_manager.cpp:131] WorkerManager: Request new FuncWorker for func_id 1 with client_id 145
I1102 19:16:13.891124 IO-0/EL  worker_manager.cpp:131] WorkerManager: Request new FuncWorker for func_id 1 with client_id 146
I1102 19:16:13.891134 IO-0/EL  worker_manager.cpp:131] WorkerManager: Request new FuncWorker for func_id 1 with client_id 147
I1102 19:16:13.891145 IO-0/EL  worker_manager.cpp:131] WorkerManager: Request new FuncWorker for func_id 1 with client_id 148
I1102 19:16:13.891157 IO-0/EL  worker_manager.cpp:131] WorkerManager: Request new FuncWorker for func_id 1 with client_id 149
I1102 19:16:13.891166 IO-0/EL  worker_manager.cpp:131] WorkerManager: Request new FuncWorker for func_id 1 with client_id 150
I1102 19:16:13.891177 IO-0/EL  worker_manager.cpp:131] WorkerManager: Request new FuncWorker for func_id 1 with client_id 151
I1102 19:16:13.891187 IO-0/EL  worker_manager.cpp:131] WorkerManager: Request new FuncWorker for func_id 1 with client_id 152
I1102 19:16:13.891198 IO-0/EL  worker_manager.cpp:131] WorkerManager: Request new FuncWorker for func_id 1 with client_id 153
I1102 19:16:13.891213 IO-0/EL  worker_manager.cpp:131] WorkerManager: Request new FuncWorker for func_id 1 with client_id 154
I1102 19:16:13.891223 IO-0/EL  worker_manager.cpp:131] WorkerManager: Request new FuncWorker for func_id 1 with client_id 155
I1102 19:16:13.891235 IO-0/EL  worker_manager.cpp:131] WorkerManager: Request new FuncWorker for func_id 1 with client_id 156
I1102 19:16:13.891246 IO-0/EL  worker_manager.cpp:131] WorkerManager: Request new FuncWorker for func_id 1 with client_id 157
I1102 19:16:13.891256 IO-0/EL  worker_manager.cpp:131] WorkerManager: Request new FuncWorker for func_id 1 with client_id 158
I1102 19:16:13.891266 IO-0/EL  worker_manager.cpp:131] WorkerManager: Request new FuncWorker for func_id 1 with client_id 159
I1102 19:16:13.891276 IO-0/EL  worker_manager.cpp:131] WorkerManager: Request new FuncWorker for func_id 1 with client_id 160
I1102 19:16:13.891287 IO-0/EL  worker_manager.cpp:131] WorkerManager: Request new FuncWorker for func_id 1 with client_id 161
I1102 19:16:13.891296 IO-0/EL  worker_manager.cpp:131] WorkerManager: Request new FuncWorker for func_id 1 with client_id 162
I1102 19:16:13.891308 IO-0/EL  worker_manager.cpp:131] WorkerManager: Request new FuncWorker for func_id 1 with client_id 163
I1102 19:16:13.891317 IO-0/EL  worker_manager.cpp:131] WorkerManager: Request new FuncWorker for func_id 1 with client_id 164
I1102 19:16:13.891328 IO-0/EL  worker_manager.cpp:131] WorkerManager: Request new FuncWorker for func_id 1 with client_id 165
I1102 19:16:13.891340 IO-0/EL  worker_manager.cpp:131] WorkerManager: Request new FuncWorker for func_id 1 with client_id 166
I1102 19:16:13.891350 IO-0/EL  worker_manager.cpp:131] WorkerManager: Request new FuncWorker for func_id 1 with client_id 167
I1102 19:16:13.891360 IO-0/EL  worker_manager.cpp:131] WorkerManager: Request new FuncWorker for func_id 1 with client_id 168
I1102 19:16:13.891371 IO-0/EL  worker_manager.cpp:131] WorkerManager: Request new FuncWorker for func_id 1 with client_id 169
I1102 19:16:13.891381 IO-0/EL  worker_manager.cpp:131] WorkerManager: Request new FuncWorker for func_id 1 with client_id 170
I1102 19:16:13.891392 IO-0/EL  worker_manager.cpp:131] WorkerManager: Request new FuncWorker for func_id 1 with client_id 171
I1102 19:16:13.891401 IO-0/EL  worker_manager.cpp:131] WorkerManager: Request new FuncWorker for func_id 1 with client_id 172
I1102 19:16:13.891413 IO-0/EL  worker_manager.cpp:131] WorkerManager: Request new FuncWorker for func_id 1 with client_id 173
I1102 19:16:13.891424 IO-0/EL  worker_manager.cpp:131] WorkerManager: Request new FuncWorker for func_id 1 with client_id 174
I1102 19:16:13.891435 IO-0/EL  worker_manager.cpp:131] WorkerManager: Request new FuncWorker for func_id 1 with client_id 175
I1102 19:16:13.891444 IO-0/EL  worker_manager.cpp:131] WorkerManager: Request new FuncWorker for func_id 1 with client_id 176
I1102 19:16:13.891455 IO-0/EL  worker_manager.cpp:131] WorkerManager: Request new FuncWorker for func_id 1 with client_id 177
I1102 19:16:13.891466 IO-0/EL  worker_manager.cpp:131] WorkerManager: Request new FuncWorker for func_id 1 with client_id 178
I1102 19:16:13.891476 IO-0/EL  worker_manager.cpp:131] WorkerManager: Request new FuncWorker for func_id 1 with client_id 179
I1102 19:16:13.891485 IO-0/EL  worker_manager.cpp:131] WorkerManager: Request new FuncWorker for func_id 1 with client_id 180
I1102 19:16:13.891499 IO-0/EL  worker_manager.cpp:131] WorkerManager: Request new FuncWorker for func_id 1 with client_id 181
I1102 19:16:13.891509 IO-0/EL  worker_manager.cpp:131] WorkerManager: Request new FuncWorker for func_id 1 with client_id 182
I1102 19:16:13.891519 IO-0/EL  worker_manager.cpp:131] WorkerManager: Request new FuncWorker for func_id 1 with client_id 183
I1102 19:16:13.891528 IO-0/EL  worker_manager.cpp:131] WorkerManager: Request new FuncWorker for func_id 1 with client_id 184
I1102 19:16:13.891540 IO-0/EL  worker_manager.cpp:131] WorkerManager: Request new FuncWorker for func_id 1 with client_id 185
I1102 19:16:13.891552 IO-0/EL  worker_manager.cpp:131] WorkerManager: Request new FuncWorker for func_id 1 with client_id 186
I1102 19:16:13.891565 IO-0/EL  worker_manager.cpp:131] WorkerManager: Request new FuncWorker for func_id 1 with client_id 187
I1102 19:16:13.891575 IO-0/EL  worker_manager.cpp:131] WorkerManager: Request new FuncWorker for func_id 1 with client_id 188
I1102 19:16:13.891588 IO-0/EL  worker_manager.cpp:131] WorkerManager: Request new FuncWorker for func_id 1 with client_id 189
I1102 19:16:13.891598 IO-0/EL  worker_manager.cpp:131] WorkerManager: Request new FuncWorker for func_id 1 with client_id 190
I1102 19:16:13.891608 IO-0/EL  worker_manager.cpp:131] WorkerManager: Request new FuncWorker for func_id 1 with client_id 191
I1102 19:16:13.891617 IO-0/EL  worker_manager.cpp:131] WorkerManager: Request new FuncWorker for func_id 1 with client_id 192
I1102 19:16:13.891630 IO-0/EL  worker_manager.cpp:131] WorkerManager: Request new FuncWorker for func_id 1 with client_id 193
I1102 19:16:13.891640 IO-0/EL  worker_manager.cpp:131] WorkerManager: Request new FuncWorker for func_id 1 with client_id 194
I1102 19:16:13.891649 IO-0/EL  worker_manager.cpp:131] WorkerManager: Request new FuncWorker for func_id 1 with client_id 195
I1102 19:16:13.891661 IO-0/EL  worker_manager.cpp:131] WorkerManager: Request new FuncWorker for func_id 1 with client_id 196
I1102 19:16:13.891673 IO-0/EL  worker_manager.cpp:131] WorkerManager: Request new FuncWorker for func_id 1 with client_id 197
I1102 19:16:13.891683 IO-0/EL  worker_manager.cpp:131] WorkerManager: Request new FuncWorker for func_id 1 with client_id 198
I1102 19:16:13.891692 IO-0/EL  worker_manager.cpp:131] WorkerManager: Request new FuncWorker for func_id 1 with client_id 199
I1102 19:16:13.891701 IO-0/EL  worker_manager.cpp:131] WorkerManager: Request new FuncWorker for func_id 1 with client_id 200
I1102 19:16:13.891720 IO-0/EL  worker_manager.cpp:131] WorkerManager: Request new FuncWorker for func_id 1 with client_id 201
I1102 19:16:13.891730 IO-0/EL  worker_manager.cpp:131] WorkerManager: Request new FuncWorker for func_id 1 with client_id 202
I1102 19:16:13.891740 IO-0/EL  worker_manager.cpp:131] WorkerManager: Request new FuncWorker for func_id 1 with client_id 203
I1102 19:16:13.891752 IO-0/EL  worker_manager.cpp:131] WorkerManager: Request new FuncWorker for func_id 1 with client_id 204
I1102 19:16:13.891764 IO-0/EL  worker_manager.cpp:131] WorkerManager: Request new FuncWorker for func_id 1 with client_id 205
I1102 19:16:13.891773 IO-0/EL  worker_manager.cpp:131] WorkerManager: Request new FuncWorker for func_id 1 with client_id 206
I1102 19:16:13.891783 IO-0/EL  worker_manager.cpp:131] WorkerManager: Request new FuncWorker for func_id 1 with client_id 207
I1102 19:16:13.891794 IO-0/EL  worker_manager.cpp:131] WorkerManager: Request new FuncWorker for func_id 1 with client_id 208
I1102 19:16:13.891805 IO-0/EL  worker_manager.cpp:131] WorkerManager: Request new FuncWorker for func_id 1 with client_id 209
I1102 19:16:13.891815 IO-0/EL  worker_manager.cpp:131] WorkerManager: Request new FuncWorker for func_id 1 with client_id 210
I1102 19:16:13.891826 IO-0/EL  worker_manager.cpp:131] WorkerManager: Request new FuncWorker for func_id 1 with client_id 211
I1102 19:16:13.891836 IO-0/EL  worker_manager.cpp:131] WorkerManager: Request new FuncWorker for func_id 1 with client_id 212
I1102 19:16:13.891847 IO-0/EL  worker_manager.cpp:131] WorkerManager: Request new FuncWorker for func_id 1 with client_id 213
I1102 19:16:13.891856 IO-0/EL  worker_manager.cpp:131] WorkerManager: Request new FuncWorker for func_id 1 with client_id 214
I1102 19:16:13.891866 IO-0/EL  worker_manager.cpp:131] WorkerManager: Request new FuncWorker for func_id 1 with client_id 215
I1102 19:16:13.891877 IO-0/EL  worker_manager.cpp:131] WorkerManager: Request new FuncWorker for func_id 1 with client_id 216
I1102 19:16:13.891888 IO-0/EL  worker_manager.cpp:131] WorkerManager: Request new FuncWorker for func_id 1 with client_id 217
I1102 19:16:13.891897 IO-0/EL  worker_manager.cpp:131] WorkerManager: Request new FuncWorker for func_id 1 with client_id 218
I1102 19:16:13.891913 IO-0/EL  worker_manager.cpp:131] WorkerManager: Request new FuncWorker for func_id 1 with client_id 219
I1102 19:16:13.891923 IO-0/EL  worker_manager.cpp:131] WorkerManager: Request new FuncWorker for func_id 1 with client_id 220
I1102 19:16:13.891935 IO-0/EL  worker_manager.cpp:131] WorkerManager: Request new FuncWorker for func_id 1 with client_id 221
I1102 19:16:13.891945 IO-0/EL  worker_manager.cpp:131] WorkerManager: Request new FuncWorker for func_id 1 with client_id 222
I1102 19:16:13.891956 IO-0/EL  worker_manager.cpp:131] WorkerManager: Request new FuncWorker for func_id 1 with client_id 223
I1102 19:16:13.891965 IO-0/EL  worker_manager.cpp:131] WorkerManager: Request new FuncWorker for func_id 1 with client_id 224
I1102 19:16:13.891977 IO-0/EL  worker_manager.cpp:131] WorkerManager: Request new FuncWorker for func_id 1 with client_id 225
I1102 19:16:13.891988 IO-0/EL  worker_manager.cpp:131] WorkerManager: Request new FuncWorker for func_id 1 with client_id 226
I1102 19:16:13.891998 IO-0/EL  worker_manager.cpp:131] WorkerManager: Request new FuncWorker for func_id 1 with client_id 227
I1102 19:16:13.892008 IO-0/EL  worker_manager.cpp:131] WorkerManager: Request new FuncWorker for func_id 1 with client_id 228
I1102 19:16:13.892019 IO-0/EL  worker_manager.cpp:131] WorkerManager: Request new FuncWorker for func_id 1 with client_id 229
I1102 19:16:13.892030 IO-0/EL  worker_manager.cpp:131] WorkerManager: Request new FuncWorker for func_id 1 with client_id 230
I1102 19:16:13.892041 IO-0/EL  worker_manager.cpp:131] WorkerManager: Request new FuncWorker for func_id 1 with client_id 231
I1102 19:16:13.892055 IO-0/EL  worker_manager.cpp:131] WorkerManager: Request new FuncWorker for func_id 1 with client_id 232
I1102 19:16:13.892067 IO-0/EL  worker_manager.cpp:131] WorkerManager: Request new FuncWorker for func_id 1 with client_id 233
I1102 19:16:13.892077 IO-0/EL  worker_manager.cpp:131] WorkerManager: Request new FuncWorker for func_id 1 with client_id 234
I1102 19:16:13.892086 IO-0/EL  worker_manager.cpp:131] WorkerManager: Request new FuncWorker for func_id 1 with client_id 235
I1102 19:16:13.892095 IO-0/EL  worker_manager.cpp:131] WorkerManager: Request new FuncWorker for func_id 1 with client_id 236
I1102 19:16:13.892108 IO-0/EL  worker_manager.cpp:131] WorkerManager: Request new FuncWorker for func_id 1 with client_id 237
I1102 19:16:13.892119 IO-0/EL  worker_manager.cpp:131] WorkerManager: Request new FuncWorker for func_id 1 with client_id 238
I1102 19:16:13.892129 IO-0/EL  worker_manager.cpp:131] WorkerManager: Request new FuncWorker for func_id 1 with client_id 239
I1102 19:16:13.892138 IO-0/EL  worker_manager.cpp:131] WorkerManager: Request new FuncWorker for func_id 1 with client_id 240
I1102 19:16:13.892150 IO-0/EL  worker_manager.cpp:131] WorkerManager: Request new FuncWorker for func_id 1 with client_id 241
I1102 19:16:13.892160 IO-0/EL  worker_manager.cpp:131] WorkerManager: Request new FuncWorker for func_id 1 with client_id 242
I1102 19:16:13.892169 IO-0/EL  worker_manager.cpp:131] WorkerManager: Request new FuncWorker for func_id 1 with client_id 243
I1102 19:16:13.892178 IO-0/EL  worker_manager.cpp:131] WorkerManager: Request new FuncWorker for func_id 1 with client_id 244
I1102 19:16:13.892189 IO-0/EL  worker_manager.cpp:131] WorkerManager: Request new FuncWorker for func_id 1 with client_id 245
I1102 19:16:13.892200 IO-0/EL  worker_manager.cpp:131] WorkerManager: Request new FuncWorker for func_id 1 with client_id 246
I1102 19:16:13.892209 IO-0/EL  worker_manager.cpp:131] WorkerManager: Request new FuncWorker for func_id 1 with client_id 247
I1102 19:16:13.892218 IO-0/EL  worker_manager.cpp:131] WorkerManager: Request new FuncWorker for func_id 1 with client_id 248
I1102 19:16:13.892231 IO-0/EL  worker_manager.cpp:131] WorkerManager: Request new FuncWorker for func_id 1 with client_id 249
I1102 19:16:13.892240 IO-0/EL  worker_manager.cpp:131] WorkerManager: Request new FuncWorker for func_id 1 with client_id 250
I1102 19:16:13.892250 IO-0/EL  worker_manager.cpp:131] WorkerManager: Request new FuncWorker for func_id 1 with client_id 251
I1102 19:16:13.892264 IO-0/EL  worker_manager.cpp:131] WorkerManager: Request new FuncWorker for func_id 1 with client_id 252
I1102 19:16:13.892282 IO-0/EL  worker_manager.cpp:131] WorkerManager: Request new FuncWorker for func_id 1 with client_id 253
I1102 19:16:13.892292 IO-0/EL  worker_manager.cpp:131] WorkerManager: Request new FuncWorker for func_id 1 with client_id 254
I1102 19:16:13.892301 IO-0/EL  worker_manager.cpp:131] WorkerManager: Request new FuncWorker for func_id 1 with client_id 255
I1102 19:16:13.892312 IO-0/EL  worker_manager.cpp:131] WorkerManager: Request new FuncWorker for func_id 1 with client_id 256
I1102 19:16:13.892485 IO-0/EL  buffer_pool.h:25] BufferPool[IO-0_Write]: Allocate new buffer, current buffer count is 1
I1102 19:16:13.892517 IO-0/EL  buffer_pool.h:25] BufferPool[IO-0_Write]: Allocate new buffer, current buffer count is 2
I1102 19:16:13.892549 IO-0/EL  buffer_pool.h:25] BufferPool[IO-0_Write]: Allocate new buffer, current buffer count is 3
I1102 19:16:13.892593 IO-0/EL  buffer_pool.h:25] BufferPool[IO-0_Write]: Allocate new buffer, current buffer count is 4
I1102 19:16:13.892630 IO-0/EL  message_connection.cpp:269] LauncherConnection[1]: Handshake done
I1102 19:16:13.896191 Server/E engine.cpp:674] Engine: New message connection
I1102 19:16:13.896227 IO-0/EL  engine.cpp:277] Engine: Receive new handshake message from message connection
I1102 19:16:13.896233 IO-0/EL  worker_manager.cpp:60] WorkerManager: FuncWorker of func_id 1, client_id 1 connected
I1102 19:16:13.896243 IO-0/EL  dispatcher.cpp:47] Dispatcher[1]: min_workers=256
I1102 19:16:13.896247 IO-0/EL  dispatcher.cpp:51] Dispatcher[1]: max_workers=256
I1102 19:16:13.896268 IO-0/EL  message_connection.cpp:269] FuncWorkerConnection[1-1]: Handshake done
I1102 19:16:13.898277 Server/E engine.cpp:674] Engine: New message connection
I1102 19:16:13.898308 IO-0/EL  engine.cpp:277] Engine: Receive new handshake message from message connection
I1102 19:16:13.898315 IO-0/EL  worker_manager.cpp:60] WorkerManager: FuncWorker of func_id 1, client_id 3 connected
I1102 19:16:13.898330 IO-0/EL  message_connection.cpp:269] FuncWorkerConnection[1-3]: Handshake done
I1102 19:16:13.898441 Server/E engine.cpp:674] Engine: New message connection
I1102 19:16:13.898463 IO-0/EL  engine.cpp:277] Engine: Receive new handshake message from message connection
I1102 19:16:13.898468 IO-0/EL  worker_manager.cpp:60] WorkerManager: FuncWorker of func_id 1, client_id 2 connected
I1102 19:16:13.898481 IO-0/EL  message_connection.cpp:269] FuncWorkerConnection[1-2]: Handshake done
I1102 19:16:13.899918 Server/E engine.cpp:674] Engine: New message connection
I1102 19:16:13.899945 IO-0/EL  engine.cpp:277] Engine: Receive new handshake message from message connection
I1102 19:16:13.899950 IO-0/EL  worker_manager.cpp:60] WorkerManager: FuncWorker of func_id 1, client_id 4 connected
I1102 19:16:13.899964 IO-0/EL  message_connection.cpp:269] FuncWorkerConnection[1-4]: Handshake done
I1102 19:16:13.900386 Server/E engine.cpp:674] Engine: New message connection
I1102 19:16:13.900406 IO-0/EL  engine.cpp:277] Engine: Receive new handshake message from message connection
I1102 19:16:13.900410 IO-0/EL  worker_manager.cpp:60] WorkerManager: FuncWorker of func_id 1, client_id 5 connected
I1102 19:16:13.900423 IO-0/EL  message_connection.cpp:269] FuncWorkerConnection[1-5]: Handshake done
I1102 19:16:13.901205 Server/E engine.cpp:674] Engine: New message connection
I1102 19:16:13.901239 IO-0/EL  engine.cpp:277] Engine: Receive new handshake message from message connection
I1102 19:16:13.901244 IO-0/EL  worker_manager.cpp:60] WorkerManager: FuncWorker of func_id 1, client_id 6 connected
I1102 19:16:13.901258 IO-0/EL  message_connection.cpp:269] FuncWorkerConnection[1-6]: Handshake done
I1102 19:16:13.901692 Server/E engine.cpp:674] Engine: New message connection
I1102 19:16:13.901719 IO-0/EL  engine.cpp:277] Engine: Receive new handshake message from message connection
I1102 19:16:13.901725 IO-0/EL  worker_manager.cpp:60] WorkerManager: FuncWorker of func_id 1, client_id 7 connected
I1102 19:16:13.901753 IO-0/EL  message_connection.cpp:269] FuncWorkerConnection[1-7]: Handshake done
I1102 19:16:13.902004 Server/E engine.cpp:674] Engine: New message connection
I1102 19:16:13.902025 IO-0/EL  engine.cpp:277] Engine: Receive new handshake message from message connection
I1102 19:16:13.902030 IO-0/EL  worker_manager.cpp:60] WorkerManager: FuncWorker of func_id 1, client_id 8 connected
I1102 19:16:13.902043 IO-0/EL  message_connection.cpp:269] FuncWorkerConnection[1-8]: Handshake done
I1102 19:16:13.902624 Server/E engine.cpp:674] Engine: New message connection
I1102 19:16:13.902650 IO-0/EL  engine.cpp:277] Engine: Receive new handshake message from message connection
I1102 19:16:13.902655 IO-0/EL  worker_manager.cpp:60] WorkerManager: FuncWorker of func_id 1, client_id 9 connected
I1102 19:16:13.902668 IO-0/EL  message_connection.cpp:269] FuncWorkerConnection[1-9]: Handshake done
I1102 19:16:13.903325 Server/E engine.cpp:674] Engine: New message connection
I1102 19:16:13.903349 IO-0/EL  engine.cpp:277] Engine: Receive new handshake message from message connection
I1102 19:16:13.903354 IO-0/EL  worker_manager.cpp:60] WorkerManager: FuncWorker of func_id 1, client_id 10 connected
I1102 19:16:13.903367 IO-0/EL  message_connection.cpp:269] FuncWorkerConnection[1-10]: Handshake done
I1102 19:16:13.903815 Server/E engine.cpp:674] Engine: New message connection
I1102 19:16:13.903843 IO-0/EL  engine.cpp:277] Engine: Receive new handshake message from message connection
I1102 19:16:13.903848 IO-0/EL  worker_manager.cpp:60] WorkerManager: FuncWorker of func_id 1, client_id 11 connected
I1102 19:16:13.903862 IO-0/EL  message_connection.cpp:269] FuncWorkerConnection[1-11]: Handshake done
I1102 19:16:13.904239 Server/E engine.cpp:674] Engine: New message connection
I1102 19:16:13.904261 IO-0/EL  engine.cpp:277] Engine: Receive new handshake message from message connection
I1102 19:16:13.904266 IO-0/EL  worker_manager.cpp:60] WorkerManager: FuncWorker of func_id 1, client_id 12 connected
I1102 19:16:13.904279 IO-0/EL  message_connection.cpp:269] FuncWorkerConnection[1-12]: Handshake done
I1102 19:16:13.904757 Server/E engine.cpp:674] Engine: New message connection
I1102 19:16:13.904793 IO-0/EL  engine.cpp:277] Engine: Receive new handshake message from message connection
I1102 19:16:13.904798 IO-0/EL  worker_manager.cpp:60] WorkerManager: FuncWorker of func_id 1, client_id 13 connected
I1102 19:16:13.904812 IO-0/EL  message_connection.cpp:269] FuncWorkerConnection[1-13]: Handshake done
I1102 19:16:13.905140 Server/E engine.cpp:674] Engine: New message connection
I1102 19:16:13.905171 IO-0/EL  engine.cpp:277] Engine: Receive new handshake message from message connection
I1102 19:16:13.905175 IO-0/EL  worker_manager.cpp:60] WorkerManager: FuncWorker of func_id 1, client_id 14 connected
I1102 19:16:13.905192 IO-0/EL  message_connection.cpp:269] FuncWorkerConnection[1-14]: Handshake done
I1102 19:16:13.905669 Server/E engine.cpp:674] Engine: New message connection
I1102 19:16:13.905698 IO-0/EL  engine.cpp:277] Engine: Receive new handshake message from message connection
I1102 19:16:13.905703 IO-0/EL  worker_manager.cpp:60] WorkerManager: FuncWorker of func_id 1, client_id 15 connected
I1102 19:16:13.905724 IO-0/EL  message_connection.cpp:269] FuncWorkerConnection[1-15]: Handshake done
I1102 19:16:13.906137 Server/E engine.cpp:674] Engine: New message connection
I1102 19:16:13.906165 IO-0/EL  engine.cpp:277] Engine: Receive new handshake message from message connection
I1102 19:16:13.906169 IO-0/EL  worker_manager.cpp:60] WorkerManager: FuncWorker of func_id 1, client_id 16 connected
I1102 19:16:13.906182 IO-0/EL  message_connection.cpp:269] FuncWorkerConnection[1-16]: Handshake done
I1102 19:16:13.906576 Server/E engine.cpp:674] Engine: New message connection
I1102 19:16:13.906607 IO-0/EL  engine.cpp:277] Engine: Receive new handshake message from message connection
I1102 19:16:13.906612 IO-0/EL  worker_manager.cpp:60] WorkerManager: FuncWorker of func_id 1, client_id 17 connected
I1102 19:16:13.906632 IO-0/EL  message_connection.cpp:269] FuncWorkerConnection[1-17]: Handshake done
I1102 19:16:13.907079 Server/E engine.cpp:674] Engine: New message connection
I1102 19:16:13.907109 IO-0/EL  engine.cpp:277] Engine: Receive new handshake message from message connection
I1102 19:16:13.907114 IO-0/EL  worker_manager.cpp:60] WorkerManager: FuncWorker of func_id 1, client_id 18 connected
I1102 19:16:13.907127 IO-0/EL  message_connection.cpp:269] FuncWorkerConnection[1-18]: Handshake done
I1102 19:16:13.907544 Server/E engine.cpp:674] Engine: New message connection
I1102 19:16:13.907574 IO-0/EL  engine.cpp:277] Engine: Receive new handshake message from message connection
I1102 19:16:13.907579 IO-0/EL  worker_manager.cpp:60] WorkerManager: FuncWorker of func_id 1, client_id 19 connected
I1102 19:16:13.907592 IO-0/EL  message_connection.cpp:269] FuncWorkerConnection[1-19]: Handshake done
I1102 19:16:13.908195 Server/E engine.cpp:674] Engine: New message connection
I1102 19:16:13.908239 IO-0/EL  engine.cpp:277] Engine: Receive new handshake message from message connection
I1102 19:16:13.908244 IO-0/EL  worker_manager.cpp:60] WorkerManager: FuncWorker of func_id 1, client_id 20 connected
I1102 19:16:13.908257 IO-0/EL  message_connection.cpp:269] FuncWorkerConnection[1-20]: Handshake done
I1102 19:16:13.908473 Server/E engine.cpp:674] Engine: New message connection
I1102 19:16:13.908505 IO-0/EL  engine.cpp:277] Engine: Receive new handshake message from message connection
I1102 19:16:13.908510 IO-0/EL  worker_manager.cpp:60] WorkerManager: FuncWorker of func_id 1, client_id 21 connected
I1102 19:16:13.908522 IO-0/EL  message_connection.cpp:269] FuncWorkerConnection[1-21]: Handshake done
I1102 19:16:13.908951 Server/E engine.cpp:674] Engine: New message connection
I1102 19:16:13.908981 IO-0/EL  engine.cpp:277] Engine: Receive new handshake message from message connection
I1102 19:16:13.908986 IO-0/EL  worker_manager.cpp:60] WorkerManager: FuncWorker of func_id 1, client_id 22 connected
I1102 19:16:13.908999 IO-0/EL  message_connection.cpp:269] FuncWorkerConnection[1-22]: Handshake done
I1102 19:16:13.909500 Server/E engine.cpp:674] Engine: New message connection
I1102 19:16:13.909531 IO-0/EL  engine.cpp:277] Engine: Receive new handshake message from message connection
I1102 19:16:13.909536 IO-0/EL  worker_manager.cpp:60] WorkerManager: FuncWorker of func_id 1, client_id 23 connected
I1102 19:16:13.909546 Server/E engine.cpp:674] Engine: New message connection
I1102 19:16:13.909549 IO-0/EL  message_connection.cpp:269] FuncWorkerConnection[1-23]: Handshake done
I1102 19:16:13.909566 IO-0/EL  engine.cpp:277] Engine: Receive new handshake message from message connection
I1102 19:16:13.909571 IO-0/EL  worker_manager.cpp:60] WorkerManager: FuncWorker of func_id 1, client_id 24 connected
I1102 19:16:13.909583 IO-0/EL  message_connection.cpp:269] FuncWorkerConnection[1-24]: Handshake done
I1102 19:16:13.910373 Server/E engine.cpp:674] Engine: New message connection
I1102 19:16:13.910421 IO-0/EL  engine.cpp:277] Engine: Receive new handshake message from message connection
I1102 19:16:13.910426 IO-0/EL  worker_manager.cpp:60] WorkerManager: FuncWorker of func_id 1, client_id 25 connected
I1102 19:16:13.910441 IO-0/EL  message_connection.cpp:269] FuncWorkerConnection[1-25]: Handshake done
I1102 19:16:13.910791 Server/E engine.cpp:674] Engine: New message connection
I1102 19:16:13.910818 IO-0/EL  engine.cpp:277] Engine: Receive new handshake message from message connection
I1102 19:16:13.910822 IO-0/EL  worker_manager.cpp:60] WorkerManager: FuncWorker of func_id 1, client_id 26 connected
I1102 19:16:13.910835 IO-0/EL  message_connection.cpp:269] FuncWorkerConnection[1-26]: Handshake done
I1102 19:16:13.911279 Server/E engine.cpp:674] Engine: New message connection
I1102 19:16:13.911312 IO-0/EL  engine.cpp:277] Engine: Receive new handshake message from message connection
I1102 19:16:13.911316 IO-0/EL  worker_manager.cpp:60] WorkerManager: FuncWorker of func_id 1, client_id 27 connected
I1102 19:16:13.911329 IO-0/EL  message_connection.cpp:269] FuncWorkerConnection[1-27]: Handshake done
I1102 19:16:13.911785 Server/E engine.cpp:674] Engine: New message connection
I1102 19:16:13.911820 IO-0/EL  engine.cpp:277] Engine: Receive new handshake message from message connection
I1102 19:16:13.911825 IO-0/EL  worker_manager.cpp:60] WorkerManager: FuncWorker of func_id 1, client_id 28 connected
I1102 19:16:13.911839 IO-0/EL  message_connection.cpp:269] FuncWorkerConnection[1-28]: Handshake done
I1102 19:16:13.912313 Server/E engine.cpp:674] Engine: New message connection
I1102 19:16:13.912341 IO-0/EL  engine.cpp:277] Engine: Receive new handshake message from message connection
I1102 19:16:13.912345 IO-0/EL  worker_manager.cpp:60] WorkerManager: FuncWorker of func_id 1, client_id 29 connected
I1102 19:16:13.912363 IO-0/EL  message_connection.cpp:269] FuncWorkerConnection[1-29]: Handshake done
I1102 19:16:13.912704 Server/E engine.cpp:674] Engine: New message connection
I1102 19:16:13.912739 IO-0/EL  engine.cpp:277] Engine: Receive new handshake message from message connection
I1102 19:16:13.912745 IO-0/EL  worker_manager.cpp:60] WorkerManager: FuncWorker of func_id 1, client_id 30 connected
I1102 19:16:13.912758 IO-0/EL  message_connection.cpp:269] FuncWorkerConnection[1-30]: Handshake done
I1102 19:16:13.913159 Server/E engine.cpp:674] Engine: New message connection
I1102 19:16:13.913187 IO-0/EL  engine.cpp:277] Engine: Receive new handshake message from message connection
I1102 19:16:13.913191 IO-0/EL  worker_manager.cpp:60] WorkerManager: FuncWorker of func_id 1, client_id 31 connected
I1102 19:16:13.913204 IO-0/EL  message_connection.cpp:269] FuncWorkerConnection[1-31]: Handshake done
I1102 19:16:13.913265 Server/E engine.cpp:674] Engine: New message connection
I1102 19:16:13.913290 IO-0/EL  engine.cpp:277] Engine: Receive new handshake message from message connection
I1102 19:16:13.913295 IO-0/EL  worker_manager.cpp:60] WorkerManager: FuncWorker of func_id 1, client_id 32 connected
I1102 19:16:13.913308 IO-0/EL  message_connection.cpp:269] FuncWorkerConnection[1-32]: Handshake done
I1102 19:16:13.914050 Server/E engine.cpp:674] Engine: New message connection
I1102 19:16:13.914078 IO-0/EL  engine.cpp:277] Engine: Receive new handshake message from message connection
I1102 19:16:13.914083 IO-0/EL  worker_manager.cpp:60] WorkerManager: FuncWorker of func_id 1, client_id 33 connected
I1102 19:16:13.914096 IO-0/EL  message_connection.cpp:269] FuncWorkerConnection[1-33]: Handshake done
I1102 19:16:13.914538 Server/E engine.cpp:674] Engine: New message connection
I1102 19:16:13.914566 IO-0/EL  engine.cpp:277] Engine: Receive new handshake message from message connection
I1102 19:16:13.914571 IO-0/EL  worker_manager.cpp:60] WorkerManager: FuncWorker of func_id 1, client_id 34 connected
I1102 19:16:13.914583 IO-0/EL  message_connection.cpp:269] FuncWorkerConnection[1-34]: Handshake done
I1102 19:16:13.914994 Server/E engine.cpp:674] Engine: New message connection
I1102 19:16:13.915021 IO-0/EL  engine.cpp:277] Engine: Receive new handshake message from message connection
I1102 19:16:13.915026 IO-0/EL  worker_manager.cpp:60] WorkerManager: FuncWorker of func_id 1, client_id 35 connected
I1102 19:16:13.915039 IO-0/EL  message_connection.cpp:269] FuncWorkerConnection[1-35]: Handshake done
I1102 19:16:13.915518 Server/E engine.cpp:674] Engine: New message connection
I1102 19:16:13.915551 IO-0/EL  engine.cpp:277] Engine: Receive new handshake message from message connection
I1102 19:16:13.915556 IO-0/EL  worker_manager.cpp:60] WorkerManager: FuncWorker of func_id 1, client_id 36 connected
I1102 19:16:13.915569 IO-0/EL  message_connection.cpp:269] FuncWorkerConnection[1-36]: Handshake done
I1102 19:16:13.915936 Server/E engine.cpp:674] Engine: New message connection
I1102 19:16:13.915965 IO-0/EL  engine.cpp:277] Engine: Receive new handshake message from message connection
I1102 19:16:13.915970 IO-0/EL  worker_manager.cpp:60] WorkerManager: FuncWorker of func_id 1, client_id 37 connected
I1102 19:16:13.915982 IO-0/EL  message_connection.cpp:269] FuncWorkerConnection[1-37]: Handshake done
I1102 19:16:13.916405 Server/E engine.cpp:674] Engine: New message connection
I1102 19:16:13.916435 IO-0/EL  engine.cpp:277] Engine: Receive new handshake message from message connection
I1102 19:16:13.916440 IO-0/EL  worker_manager.cpp:60] WorkerManager: FuncWorker of func_id 1, client_id 38 connected
I1102 19:16:13.916454 IO-0/EL  message_connection.cpp:269] FuncWorkerConnection[1-38]: Handshake done
I1102 19:16:13.916888 Server/E engine.cpp:674] Engine: New message connection
I1102 19:16:13.916916 IO-0/EL  engine.cpp:277] Engine: Receive new handshake message from message connection
I1102 19:16:13.916921 IO-0/EL  worker_manager.cpp:60] WorkerManager: FuncWorker of func_id 1, client_id 39 connected
I1102 19:16:13.916933 IO-0/EL  message_connection.cpp:269] FuncWorkerConnection[1-39]: Handshake done
I1102 19:16:13.917362 Server/E engine.cpp:674] Engine: New message connection
I1102 19:16:13.917394 IO-0/EL  engine.cpp:277] Engine: Receive new handshake message from message connection
I1102 19:16:13.917399 IO-0/EL  worker_manager.cpp:60] WorkerManager: FuncWorker of func_id 1, client_id 40 connected
I1102 19:16:13.917412 IO-0/EL  message_connection.cpp:269] FuncWorkerConnection[1-40]: Handshake done
I1102 19:16:13.917545 Server/E engine.cpp:674] Engine: New message connection
I1102 19:16:13.917567 IO-0/EL  engine.cpp:277] Engine: Receive new handshake message from message connection
I1102 19:16:13.917571 IO-0/EL  worker_manager.cpp:60] WorkerManager: FuncWorker of func_id 1, client_id 41 connected
I1102 19:16:13.917588 IO-0/EL  message_connection.cpp:269] FuncWorkerConnection[1-41]: Handshake done
I1102 19:16:13.918295 Server/E engine.cpp:674] Engine: New message connection
I1102 19:16:13.918326 IO-0/EL  engine.cpp:277] Engine: Receive new handshake message from message connection
I1102 19:16:13.918331 IO-0/EL  worker_manager.cpp:60] WorkerManager: FuncWorker of func_id 1, client_id 42 connected
I1102 19:16:13.918344 IO-0/EL  message_connection.cpp:269] FuncWorkerConnection[1-42]: Handshake done
I1102 19:16:13.918798 Server/E engine.cpp:674] Engine: New message connection
I1102 19:16:13.918828 IO-0/EL  engine.cpp:277] Engine: Receive new handshake message from message connection
I1102 19:16:13.918833 IO-0/EL  worker_manager.cpp:60] WorkerManager: FuncWorker of func_id 1, client_id 43 connected
I1102 19:16:13.918847 IO-0/EL  message_connection.cpp:269] FuncWorkerConnection[1-43]: Handshake done
I1102 19:16:13.919346 Server/E engine.cpp:674] Engine: New message connection
I1102 19:16:13.919373 IO-0/EL  engine.cpp:277] Engine: Receive new handshake message from message connection
I1102 19:16:13.919378 IO-0/EL  worker_manager.cpp:60] WorkerManager: FuncWorker of func_id 1, client_id 44 connected
I1102 19:16:13.919391 IO-0/EL  message_connection.cpp:269] FuncWorkerConnection[1-44]: Handshake done
I1102 19:16:13.919819 Server/E engine.cpp:674] Engine: New message connection
I1102 19:16:13.919858 IO-0/EL  engine.cpp:277] Engine: Receive new handshake message from message connection
I1102 19:16:13.919863 IO-0/EL  worker_manager.cpp:60] WorkerManager: FuncWorker of func_id 1, client_id 45 connected
I1102 19:16:13.919876 IO-0/EL  message_connection.cpp:269] FuncWorkerConnection[1-45]: Handshake done
I1102 19:16:13.920271 Server/E engine.cpp:674] Engine: New message connection
I1102 19:16:13.920298 IO-0/EL  engine.cpp:277] Engine: Receive new handshake message from message connection
I1102 19:16:13.920303 IO-0/EL  worker_manager.cpp:60] WorkerManager: FuncWorker of func_id 1, client_id 46 connected
I1102 19:16:13.920315 IO-0/EL  message_connection.cpp:269] FuncWorkerConnection[1-46]: Handshake done
I1102 19:16:13.920701 Server/E engine.cpp:674] Engine: New message connection
I1102 19:16:13.920740 IO-0/EL  engine.cpp:277] Engine: Receive new handshake message from message connection
I1102 19:16:13.920745 IO-0/EL  worker_manager.cpp:60] WorkerManager: FuncWorker of func_id 1, client_id 47 connected
I1102 19:16:13.920758 IO-0/EL  message_connection.cpp:269] FuncWorkerConnection[1-47]: Handshake done
I1102 19:16:13.921247 Server/E engine.cpp:674] Engine: New message connection
I1102 19:16:13.921274 IO-0/EL  engine.cpp:277] Engine: Receive new handshake message from message connection
I1102 19:16:13.921279 IO-0/EL  worker_manager.cpp:60] WorkerManager: FuncWorker of func_id 1, client_id 48 connected
I1102 19:16:13.921292 IO-0/EL  message_connection.cpp:269] FuncWorkerConnection[1-48]: Handshake done
I1102 19:16:13.921504 Server/E engine.cpp:674] Engine: New message connection
I1102 19:16:13.921539 IO-0/EL  engine.cpp:277] Engine: Receive new handshake message from message connection
I1102 19:16:13.921543 IO-0/EL  worker_manager.cpp:60] WorkerManager: FuncWorker of func_id 1, client_id 49 connected
I1102 19:16:13.921557 IO-0/EL  message_connection.cpp:269] FuncWorkerConnection[1-49]: Handshake done
I1102 19:16:13.922136 Server/E engine.cpp:674] Engine: New message connection
I1102 19:16:13.922169 IO-0/EL  engine.cpp:277] Engine: Receive new handshake message from message connection
I1102 19:16:13.922174 IO-0/EL  worker_manager.cpp:60] WorkerManager: FuncWorker of func_id 1, client_id 50 connected
I1102 19:16:13.922187 IO-0/EL  message_connection.cpp:269] FuncWorkerConnection[1-50]: Handshake done
I1102 19:16:13.922619 Server/E engine.cpp:674] Engine: New message connection
I1102 19:16:13.922649 IO-0/EL  engine.cpp:277] Engine: Receive new handshake message from message connection
I1102 19:16:13.922654 IO-0/EL  worker_manager.cpp:60] WorkerManager: FuncWorker of func_id 1, client_id 51 connected
I1102 19:16:13.922667 IO-0/EL  message_connection.cpp:269] FuncWorkerConnection[1-51]: Handshake done
I1102 19:16:13.923146 Server/E engine.cpp:674] Engine: New message connection
I1102 19:16:13.923174 IO-0/EL  engine.cpp:277] Engine: Receive new handshake message from message connection
I1102 19:16:13.923179 IO-0/EL  worker_manager.cpp:60] WorkerManager: FuncWorker of func_id 1, client_id 52 connected
I1102 19:16:13.923192 IO-0/EL  message_connection.cpp:269] FuncWorkerConnection[1-52]: Handshake done
I1102 19:16:13.923634 Server/E engine.cpp:674] Engine: New message connection
I1102 19:16:13.923665 IO-0/EL  engine.cpp:277] Engine: Receive new handshake message from message connection
I1102 19:16:13.923670 IO-0/EL  worker_manager.cpp:60] WorkerManager: FuncWorker of func_id 1, client_id 53 connected
I1102 19:16:13.923682 IO-0/EL  message_connection.cpp:269] FuncWorkerConnection[1-53]: Handshake done
I1102 19:16:13.924159 Server/E engine.cpp:674] Engine: New message connection
I1102 19:16:13.924188 IO-0/EL  engine.cpp:277] Engine: Receive new handshake message from message connection
I1102 19:16:13.924192 IO-0/EL  worker_manager.cpp:60] WorkerManager: FuncWorker of func_id 1, client_id 54 connected
I1102 19:16:13.924205 IO-0/EL  message_connection.cpp:269] FuncWorkerConnection[1-54]: Handshake done
I1102 19:16:13.924624 Server/E engine.cpp:674] Engine: New message connection
I1102 19:16:13.924658 IO-0/EL  engine.cpp:277] Engine: Receive new handshake message from message connection
I1102 19:16:13.924662 IO-0/EL  worker_manager.cpp:60] WorkerManager: FuncWorker of func_id 1, client_id 55 connected
I1102 19:16:13.924675 IO-0/EL  message_connection.cpp:269] FuncWorkerConnection[1-55]: Handshake done
I1102 19:16:13.925222 Server/E engine.cpp:674] Engine: New message connection
I1102 19:16:13.925255 IO-0/EL  engine.cpp:277] Engine: Receive new handshake message from message connection
I1102 19:16:13.925260 IO-0/EL  worker_manager.cpp:60] WorkerManager: FuncWorker of func_id 1, client_id 56 connected
I1102 19:16:13.925275 IO-0/EL  message_connection.cpp:269] FuncWorkerConnection[1-56]: Handshake done
I1102 19:16:13.925553 Server/E engine.cpp:674] Engine: New message connection
I1102 19:16:13.925583 IO-0/EL  engine.cpp:277] Engine: Receive new handshake message from message connection
I1102 19:16:13.925587 IO-0/EL  worker_manager.cpp:60] WorkerManager: FuncWorker of func_id 1, client_id 57 connected
I1102 19:16:13.925609 IO-0/EL  message_connection.cpp:269] FuncWorkerConnection[1-57]: Handshake done
I1102 19:16:13.925637 Server/E engine.cpp:674] Engine: New message connection
I1102 19:16:13.925671 IO-0/EL  engine.cpp:277] Engine: Receive new handshake message from message connection
I1102 19:16:13.925675 IO-0/EL  worker_manager.cpp:60] WorkerManager: FuncWorker of func_id 1, client_id 58 connected
I1102 19:16:13.925688 IO-0/EL  message_connection.cpp:269] FuncWorkerConnection[1-58]: Handshake done
I1102 19:16:13.926454 Server/E engine.cpp:674] Engine: New message connection
I1102 19:16:13.926525 IO-0/EL  engine.cpp:277] Engine: Receive new handshake message from message connection
I1102 19:16:13.926531 IO-0/EL  worker_manager.cpp:60] WorkerManager: FuncWorker of func_id 1, client_id 59 connected
I1102 19:16:13.926544 IO-0/EL  message_connection.cpp:269] FuncWorkerConnection[1-59]: Handshake done
I1102 19:16:13.926920 Server/E engine.cpp:674] Engine: New message connection
I1102 19:16:13.926949 IO-0/EL  engine.cpp:277] Engine: Receive new handshake message from message connection
I1102 19:16:13.926954 IO-0/EL  worker_manager.cpp:60] WorkerManager: FuncWorker of func_id 1, client_id 60 connected
I1102 19:16:13.926968 IO-0/EL  message_connection.cpp:269] FuncWorkerConnection[1-60]: Handshake done
I1102 19:16:13.927407 Server/E engine.cpp:674] Engine: New message connection
I1102 19:16:13.927428 IO-0/EL  engine.cpp:277] Engine: Receive new handshake message from message connection
I1102 19:16:13.927433 IO-0/EL  worker_manager.cpp:60] WorkerManager: FuncWorker of func_id 1, client_id 61 connected
I1102 19:16:13.927445 IO-0/EL  message_connection.cpp:269] FuncWorkerConnection[1-61]: Handshake done
I1102 19:16:13.927891 Server/E engine.cpp:674] Engine: New message connection
I1102 19:16:13.927918 IO-0/EL  engine.cpp:277] Engine: Receive new handshake message from message connection
I1102 19:16:13.927923 IO-0/EL  worker_manager.cpp:60] WorkerManager: FuncWorker of func_id 1, client_id 62 connected
I1102 19:16:13.927936 IO-0/EL  message_connection.cpp:269] FuncWorkerConnection[1-62]: Handshake done
I1102 19:16:13.928397 Server/E engine.cpp:674] Engine: New message connection
I1102 19:16:13.928441 IO-0/EL  engine.cpp:277] Engine: Receive new handshake message from message connection
I1102 19:16:13.928446 IO-0/EL  worker_manager.cpp:60] WorkerManager: FuncWorker of func_id 1, client_id 63 connected
I1102 19:16:13.928463 IO-0/EL  message_connection.cpp:269] FuncWorkerConnection[1-63]: Handshake done
I1102 19:16:13.928958 Server/E engine.cpp:674] Engine: New message connection
I1102 19:16:13.929007 IO-0/EL  engine.cpp:277] Engine: Receive new handshake message from message connection
I1102 19:16:13.929013 IO-0/EL  worker_manager.cpp:60] WorkerManager: FuncWorker of func_id 1, client_id 64 connected
I1102 19:16:13.929026 IO-0/EL  message_connection.cpp:269] FuncWorkerConnection[1-64]: Handshake done
I1102 19:16:13.929517 Server/E engine.cpp:674] Engine: New message connection
I1102 19:16:13.929567 IO-0/EL  engine.cpp:277] Engine: Receive new handshake message from message connection
I1102 19:16:13.929572 IO-0/EL  worker_manager.cpp:60] WorkerManager: FuncWorker of func_id 1, client_id 65 connected
I1102 19:16:13.929586 IO-0/EL  message_connection.cpp:269] FuncWorkerConnection[1-65]: Handshake done
I1102 19:16:13.929642 Server/E engine.cpp:674] Engine: New message connection
I1102 19:16:13.929684 IO-0/EL  engine.cpp:277] Engine: Receive new handshake message from message connection
I1102 19:16:13.929689 IO-0/EL  worker_manager.cpp:60] WorkerManager: FuncWorker of func_id 1, client_id 66 connected
I1102 19:16:13.929701 IO-0/EL  message_connection.cpp:269] FuncWorkerConnection[1-66]: Handshake done
I1102 19:16:13.930476 Server/E engine.cpp:674] Engine: New message connection
I1102 19:16:13.930564 IO-0/EL  engine.cpp:277] Engine: Receive new handshake message from message connection
I1102 19:16:13.930570 IO-0/EL  worker_manager.cpp:60] WorkerManager: FuncWorker of func_id 1, client_id 67 connected
I1102 19:16:13.930584 IO-0/EL  message_connection.cpp:269] FuncWorkerConnection[1-67]: Handshake done
I1102 19:16:13.930962 Server/E engine.cpp:674] Engine: New message connection
I1102 19:16:13.931000 IO-0/EL  engine.cpp:277] Engine: Receive new handshake message from message connection
I1102 19:16:13.931005 IO-0/EL  worker_manager.cpp:60] WorkerManager: FuncWorker of func_id 1, client_id 68 connected
I1102 19:16:13.931018 IO-0/EL  message_connection.cpp:269] FuncWorkerConnection[1-68]: Handshake done
I1102 19:16:13.931426 Server/E engine.cpp:674] Engine: New message connection
I1102 19:16:13.931452 IO-0/EL  engine.cpp:277] Engine: Receive new handshake message from message connection
I1102 19:16:13.931456 IO-0/EL  worker_manager.cpp:60] WorkerManager: FuncWorker of func_id 1, client_id 69 connected
I1102 19:16:13.931469 IO-0/EL  message_connection.cpp:269] FuncWorkerConnection[1-69]: Handshake done
I1102 19:16:13.931912 Server/E engine.cpp:674] Engine: New message connection
I1102 19:16:13.931936 IO-0/EL  engine.cpp:277] Engine: Receive new handshake message from message connection
I1102 19:16:13.931941 IO-0/EL  worker_manager.cpp:60] WorkerManager: FuncWorker of func_id 1, client_id 70 connected
I1102 19:16:13.931957 IO-0/EL  message_connection.cpp:269] FuncWorkerConnection[1-70]: Handshake done
I1102 19:16:13.932405 Server/E engine.cpp:674] Engine: New message connection
I1102 19:16:13.932427 IO-0/EL  engine.cpp:277] Engine: Receive new handshake message from message connection
I1102 19:16:13.932431 IO-0/EL  worker_manager.cpp:60] WorkerManager: FuncWorker of func_id 1, client_id 71 connected
I1102 19:16:13.932444 IO-0/EL  message_connection.cpp:269] FuncWorkerConnection[1-71]: Handshake done
I1102 19:16:13.932945 Server/E engine.cpp:674] Engine: New message connection
I1102 19:16:13.932973 IO-0/EL  engine.cpp:277] Engine: Receive new handshake message from message connection
I1102 19:16:13.932980 IO-0/EL  worker_manager.cpp:60] WorkerManager: FuncWorker of func_id 1, client_id 72 connected
I1102 19:16:13.932993 IO-0/EL  message_connection.cpp:269] FuncWorkerConnection[1-72]: Handshake done
I1102 19:16:13.933433 Server/E engine.cpp:674] Engine: New message connection
I1102 19:16:13.933459 IO-0/EL  engine.cpp:277] Engine: Receive new handshake message from message connection
I1102 19:16:13.933464 IO-0/EL  worker_manager.cpp:60] WorkerManager: FuncWorker of func_id 1, client_id 73 connected
I1102 19:16:13.933477 IO-0/EL  message_connection.cpp:269] FuncWorkerConnection[1-73]: Handshake done
I1102 19:16:13.933570 Server/E engine.cpp:674] Engine: New message connection
I1102 19:16:13.933593 IO-0/EL  engine.cpp:277] Engine: Receive new handshake message from message connection
I1102 19:16:13.933598 IO-0/EL  worker_manager.cpp:60] WorkerManager: FuncWorker of func_id 1, client_id 74 connected
I1102 19:16:13.933610 IO-0/EL  message_connection.cpp:269] FuncWorkerConnection[1-74]: Handshake done
I1102 19:16:13.934375 Server/E engine.cpp:674] Engine: New message connection
I1102 19:16:13.934401 IO-0/EL  engine.cpp:277] Engine: Receive new handshake message from message connection
I1102 19:16:13.934406 IO-0/EL  worker_manager.cpp:60] WorkerManager: FuncWorker of func_id 1, client_id 75 connected
I1102 19:16:13.934419 IO-0/EL  message_connection.cpp:269] FuncWorkerConnection[1-75]: Handshake done
I1102 19:16:13.934878 Server/E engine.cpp:674] Engine: New message connection
I1102 19:16:13.934909 IO-0/EL  engine.cpp:277] Engine: Receive new handshake message from message connection
I1102 19:16:13.934914 IO-0/EL  worker_manager.cpp:60] WorkerManager: FuncWorker of func_id 1, client_id 76 connected
I1102 19:16:13.934927 IO-0/EL  message_connection.cpp:269] FuncWorkerConnection[1-76]: Handshake done
I1102 19:16:13.935353 Server/E engine.cpp:674] Engine: New message connection
I1102 19:16:13.935376 IO-0/EL  engine.cpp:277] Engine: Receive new handshake message from message connection
I1102 19:16:13.935380 IO-0/EL  worker_manager.cpp:60] WorkerManager: FuncWorker of func_id 1, client_id 77 connected
I1102 19:16:13.935393 IO-0/EL  message_connection.cpp:269] FuncWorkerConnection[1-77]: Handshake done
I1102 19:16:13.936037 Server/E engine.cpp:674] Engine: New message connection
I1102 19:16:13.936066 IO-0/EL  engine.cpp:277] Engine: Receive new handshake message from message connection
I1102 19:16:13.936087 IO-0/EL  worker_manager.cpp:60] WorkerManager: FuncWorker of func_id 1, client_id 78 connected
I1102 19:16:13.936102 IO-0/EL  message_connection.cpp:269] FuncWorkerConnection[1-78]: Handshake done
I1102 19:16:13.946723 Server/E engine.cpp:674] Engine: New message connection
I1102 19:16:13.946746 Server/E engine.cpp:674] Engine: New message connection
I1102 19:16:13.946753 IO-0/EL  engine.cpp:277] Engine: Receive new handshake message from message connection
I1102 19:16:13.946759 IO-0/EL  worker_manager.cpp:60] WorkerManager: FuncWorker of func_id 1, client_id 79 connected
I1102 19:16:13.946761 Server/E engine.cpp:674] Engine: New message connection
I1102 19:16:13.946773 IO-0/EL  message_connection.cpp:269] FuncWorkerConnection[1-79]: Handshake done
I1102 19:16:13.946775 Server/E engine.cpp:674] Engine: New message connection
I1102 19:16:13.946791 Server/E engine.cpp:674] Engine: New message connection
I1102 19:16:13.946794 IO-0/EL  engine.cpp:277] Engine: Receive new handshake message from message connection
I1102 19:16:13.946799 IO-0/EL  worker_manager.cpp:60] WorkerManager: FuncWorker of func_id 1, client_id 80 connected
I1102 19:16:13.946805 Server/E engine.cpp:674] Engine: New message connection
I1102 19:16:13.946814 IO-0/EL  message_connection.cpp:269] FuncWorkerConnection[1-80]: Handshake done
I1102 19:16:13.946817 Server/E engine.cpp:674] Engine: New message connection
I1102 19:16:13.946829 IO-0/EL  engine.cpp:277] Engine: Receive new handshake message from message connection
I1102 19:16:13.946833 Server/E engine.cpp:674] Engine: New message connection
I1102 19:16:13.946833 IO-0/EL  worker_manager.cpp:60] WorkerManager: FuncWorker of func_id 1, client_id 81 connected
I1102 19:16:13.946847 Server/E engine.cpp:674] Engine: New message connection
I1102 19:16:13.946852 IO-0/EL  message_connection.cpp:269] FuncWorkerConnection[1-81]: Handshake done
I1102 19:16:13.946859 Server/E engine.cpp:674] Engine: New message connection
I1102 19:16:13.946870 IO-0/EL  engine.cpp:277] Engine: Receive new handshake message from message connection
I1102 19:16:13.946874 Server/E engine.cpp:674] Engine: New message connection
I1102 19:16:13.946875 IO-0/EL  worker_manager.cpp:60] WorkerManager: FuncWorker of func_id 1, client_id 82 connected
I1102 19:16:13.946891 Server/E engine.cpp:674] Engine: New message connection
I1102 19:16:13.946894 IO-0/EL  message_connection.cpp:269] FuncWorkerConnection[1-82]: Handshake done
I1102 19:16:13.946905 Server/E engine.cpp:674] Engine: New message connection
I1102 19:16:13.946908 IO-0/EL  engine.cpp:277] Engine: Receive new handshake message from message connection
I1102 19:16:13.946913 IO-0/EL  worker_manager.cpp:60] WorkerManager: FuncWorker of func_id 1, client_id 83 connected
I1102 19:16:13.946919 Server/E engine.cpp:674] Engine: New message connection
I1102 19:16:13.946926 IO-0/EL  message_connection.cpp:269] FuncWorkerConnection[1-83]: Handshake done
I1102 19:16:13.946933 Server/E engine.cpp:674] Engine: New message connection
I1102 19:16:13.946946 IO-0/EL  engine.cpp:277] Engine: Receive new handshake message from message connection
I1102 19:16:13.946951 IO-0/EL  worker_manager.cpp:60] WorkerManager: FuncWorker of func_id 1, client_id 84 connected
I1102 19:16:13.946947 Server/E engine.cpp:674] Engine: New message connection
I1102 19:16:13.946966 IO-0/EL  message_connection.cpp:269] FuncWorkerConnection[1-84]: Handshake done
I1102 19:16:13.946974 Server/E engine.cpp:674] Engine: New message connection
I1102 19:16:13.946981 IO-0/EL  engine.cpp:277] Engine: Receive new handshake message from message connection
I1102 19:16:13.946985 IO-0/EL  worker_manager.cpp:60] WorkerManager: FuncWorker of func_id 1, client_id 85 connected
I1102 19:16:13.946990 Server/E engine.cpp:674] Engine: New message connection
I1102 19:16:13.947002 IO-0/EL  message_connection.cpp:269] FuncWorkerConnection[1-85]: Handshake done
I1102 19:16:13.947005 Server/E engine.cpp:674] Engine: New message connection
I1102 19:16:13.947017 IO-0/EL  engine.cpp:277] Engine: Receive new handshake message from message connection
I1102 19:16:13.947041 IO-0/EL  worker_manager.cpp:60] WorkerManager: FuncWorker of func_id 1, client_id 86 connected
I1102 19:16:13.947035 Server/E engine.cpp:674] Engine: New message connection
I1102 19:16:13.947056 IO-0/EL  message_connection.cpp:269] FuncWorkerConnection[1-86]: Handshake done
I1102 19:16:13.947062 Server/E engine.cpp:674] Engine: New message connection
I1102 19:16:13.947075 IO-0/EL  engine.cpp:277] Engine: Receive new handshake message from message connection
I1102 19:16:13.947079 Server/E engine.cpp:674] Engine: New message connection
I1102 19:16:13.947080 IO-0/EL  worker_manager.cpp:60] WorkerManager: FuncWorker of func_id 1, client_id 87 connected
I1102 19:16:13.947093 Server/E engine.cpp:674] Engine: New message connection
I1102 19:16:13.947102 IO-0/EL  message_connection.cpp:269] FuncWorkerConnection[1-87]: Handshake done
I1102 19:16:13.947108 Server/E engine.cpp:674] Engine: New message connection
I1102 19:16:13.947117 IO-0/EL  engine.cpp:277] Engine: Receive new handshake message from message connection
I1102 19:16:13.947121 IO-0/EL  worker_manager.cpp:60] WorkerManager: FuncWorker of func_id 1, client_id 88 connected
I1102 19:16:13.947134 IO-0/EL  message_connection.cpp:269] FuncWorkerConnection[1-88]: Handshake done
I1102 19:16:13.947153 IO-0/EL  engine.cpp:277] Engine: Receive new handshake message from message connection
I1102 19:16:13.947157 IO-0/EL  worker_manager.cpp:60] WorkerManager: FuncWorker of func_id 1, client_id 89 connected
I1102 19:16:13.947170 IO-0/EL  message_connection.cpp:269] FuncWorkerConnection[1-89]: Handshake done
I1102 19:16:13.947184 IO-0/EL  engine.cpp:277] Engine: Receive new handshake message from message connection
I1102 19:16:13.947188 IO-0/EL  worker_manager.cpp:60] WorkerManager: FuncWorker of func_id 1, client_id 90 connected
I1102 19:16:13.947213 IO-0/EL  message_connection.cpp:269] FuncWorkerConnection[1-90]: Handshake done
I1102 19:16:13.947230 IO-0/EL  engine.cpp:277] Engine: Receive new handshake message from message connection
I1102 19:16:13.947234 IO-0/EL  worker_manager.cpp:60] WorkerManager: FuncWorker of func_id 1, client_id 91 connected
I1102 19:16:13.947247 IO-0/EL  message_connection.cpp:269] FuncWorkerConnection[1-91]: Handshake done
I1102 19:16:13.947260 IO-0/EL  engine.cpp:277] Engine: Receive new handshake message from message connection
I1102 19:16:13.947264 IO-0/EL  worker_manager.cpp:60] WorkerManager: FuncWorker of func_id 1, client_id 92 connected
I1102 19:16:13.947278 IO-0/EL  message_connection.cpp:269] FuncWorkerConnection[1-92]: Handshake done
I1102 19:16:13.947295 IO-0/EL  engine.cpp:277] Engine: Receive new handshake message from message connection
I1102 19:16:13.947299 IO-0/EL  worker_manager.cpp:60] WorkerManager: FuncWorker of func_id 1, client_id 93 connected
I1102 19:16:13.947312 IO-0/EL  message_connection.cpp:269] FuncWorkerConnection[1-93]: Handshake done
I1102 19:16:13.947326 IO-0/EL  engine.cpp:277] Engine: Receive new handshake message from message connection
I1102 19:16:13.947330 IO-0/EL  worker_manager.cpp:60] WorkerManager: FuncWorker of func_id 1, client_id 94 connected
I1102 19:16:13.947344 IO-0/EL  message_connection.cpp:269] FuncWorkerConnection[1-94]: Handshake done
I1102 19:16:13.947360 IO-0/EL  engine.cpp:277] Engine: Receive new handshake message from message connection
I1102 19:16:13.947365 IO-0/EL  worker_manager.cpp:60] WorkerManager: FuncWorker of func_id 1, client_id 95 connected
I1102 19:16:13.947388 IO-0/EL  message_connection.cpp:269] FuncWorkerConnection[1-95]: Handshake done
I1102 19:16:13.947402 IO-0/EL  engine.cpp:277] Engine: Receive new handshake message from message connection
I1102 19:16:13.947406 IO-0/EL  worker_manager.cpp:60] WorkerManager: FuncWorker of func_id 1, client_id 96 connected
I1102 19:16:13.947418 IO-0/EL  message_connection.cpp:269] FuncWorkerConnection[1-96]: Handshake done
I1102 19:16:13.947438 IO-0/EL  engine.cpp:277] Engine: Receive new handshake message from message connection
I1102 19:16:13.947453 IO-0/EL  worker_manager.cpp:60] WorkerManager: FuncWorker of func_id 1, client_id 97 connected
I1102 19:16:13.947472 IO-0/EL  message_connection.cpp:269] FuncWorkerConnection[1-97]: Handshake done
I1102 19:16:13.947496 IO-0/EL  engine.cpp:277] Engine: Receive new handshake message from message connection
I1102 19:16:13.947503 IO-0/EL  worker_manager.cpp:60] WorkerManager: FuncWorker of func_id 1, client_id 98 connected
I1102 19:16:13.947521 IO-0/EL  message_connection.cpp:269] FuncWorkerConnection[1-98]: Handshake done
I1102 19:16:13.947560 IO-0/EL  engine.cpp:277] Engine: Receive new handshake message from message connection
I1102 19:16:13.947568 IO-0/EL  worker_manager.cpp:60] WorkerManager: FuncWorker of func_id 1, client_id 99 connected
I1102 19:16:13.947590 IO-0/EL  message_connection.cpp:269] FuncWorkerConnection[1-99]: Handshake done
I1102 19:16:13.947587 Server/E engine.cpp:674] Engine: New message connection
I1102 19:16:13.947611 IO-0/EL  engine.cpp:277] Engine: Receive new handshake message from message connection
I1102 19:16:13.947618 IO-0/EL  worker_manager.cpp:60] WorkerManager: FuncWorker of func_id 1, client_id 100 connected
I1102 19:16:13.947646 IO-0/EL  message_connection.cpp:269] FuncWorkerConnection[1-100]: Handshake done
I1102 19:16:13.947670 IO-0/EL  engine.cpp:277] Engine: Receive new handshake message from message connection
I1102 19:16:13.947677 IO-0/EL  worker_manager.cpp:60] WorkerManager: FuncWorker of func_id 1, client_id 101 connected
I1102 19:16:13.947697 IO-0/EL  message_connection.cpp:269] FuncWorkerConnection[1-101]: Handshake done
I1102 19:16:13.947739 IO-0/EL  engine.cpp:277] Engine: Receive new handshake message from message connection
I1102 19:16:13.947747 IO-0/EL  worker_manager.cpp:60] WorkerManager: FuncWorker of func_id 1, client_id 102 connected
I1102 19:16:13.947768 IO-0/EL  message_connection.cpp:269] FuncWorkerConnection[1-102]: Handshake done
I1102 19:16:13.947783 IO-0/EL  engine.cpp:277] Engine: Receive new handshake message from message connection
I1102 19:16:13.947789 IO-0/EL  worker_manager.cpp:60] WorkerManager: FuncWorker of func_id 1, client_id 103 connected
I1102 19:16:13.947809 IO-0/EL  message_connection.cpp:269] FuncWorkerConnection[1-103]: Handshake done
I1102 19:16:13.947996 Server/E engine.cpp:674] Engine: New message connection
I1102 19:16:13.948046 IO-0/EL  engine.cpp:277] Engine: Receive new handshake message from message connection
I1102 19:16:13.948056 IO-0/EL  worker_manager.cpp:60] WorkerManager: FuncWorker of func_id 1, client_id 104 connected
I1102 19:16:13.948080 IO-0/EL  message_connection.cpp:269] FuncWorkerConnection[1-104]: Handshake done
I1102 19:16:13.948635 Server/E engine.cpp:674] Engine: New message connection
I1102 19:16:13.948674 IO-0/EL  engine.cpp:277] Engine: Receive new handshake message from message connection
I1102 19:16:13.948685 IO-0/EL  worker_manager.cpp:60] WorkerManager: FuncWorker of func_id 1, client_id 105 connected
I1102 19:16:13.948715 IO-0/EL  message_connection.cpp:269] FuncWorkerConnection[1-105]: Handshake done
I1102 19:16:13.948912 Server/E engine.cpp:674] Engine: New message connection
I1102 19:16:13.948950 IO-0/EL  engine.cpp:277] Engine: Receive new handshake message from message connection
I1102 19:16:13.948959 IO-0/EL  worker_manager.cpp:60] WorkerManager: FuncWorker of func_id 1, client_id 106 connected
I1102 19:16:13.948981 IO-0/EL  message_connection.cpp:269] FuncWorkerConnection[1-106]: Handshake done
I1102 19:16:13.949703 Server/E engine.cpp:674] Engine: New message connection
I1102 19:16:13.949765 IO-0/EL  engine.cpp:277] Engine: Receive new handshake message from message connection
I1102 19:16:13.949777 IO-0/EL  worker_manager.cpp:60] WorkerManager: FuncWorker of func_id 1, client_id 107 connected
I1102 19:16:13.949800 IO-0/EL  message_connection.cpp:269] FuncWorkerConnection[1-107]: Handshake done
I1102 19:16:13.950801 Server/E engine.cpp:674] Engine: New message connection
I1102 19:16:13.950863 IO-0/EL  engine.cpp:277] Engine: Receive new handshake message from message connection
I1102 19:16:13.950890 IO-0/EL  worker_manager.cpp:60] WorkerManager: FuncWorker of func_id 1, client_id 108 connected
I1102 19:16:13.950917 IO-0/EL  message_connection.cpp:269] FuncWorkerConnection[1-108]: Handshake done
I1102 19:16:13.951072 Server/E engine.cpp:674] Engine: New message connection
I1102 19:16:13.951098 IO-0/EL  engine.cpp:277] Engine: Receive new handshake message from message connection
I1102 19:16:13.951104 IO-0/EL  worker_manager.cpp:60] WorkerManager: FuncWorker of func_id 1, client_id 109 connected
I1102 19:16:13.951118 IO-0/EL  message_connection.cpp:269] FuncWorkerConnection[1-109]: Handshake done
I1102 19:16:13.951626 Server/E engine.cpp:674] Engine: New message connection
I1102 19:16:13.951691 IO-0/EL  engine.cpp:277] Engine: Receive new handshake message from message connection
I1102 19:16:13.951695 IO-0/EL  worker_manager.cpp:60] WorkerManager: FuncWorker of func_id 1, client_id 110 connected
I1102 19:16:13.951720 IO-0/EL  message_connection.cpp:269] FuncWorkerConnection[1-110]: Handshake done
I1102 19:16:13.952252 Server/E engine.cpp:674] Engine: New message connection
I1102 19:16:13.952292 IO-0/EL  engine.cpp:277] Engine: Receive new handshake message from message connection
I1102 19:16:13.952297 IO-0/EL  worker_manager.cpp:60] WorkerManager: FuncWorker of func_id 1, client_id 111 connected
I1102 19:16:13.952310 IO-0/EL  message_connection.cpp:269] FuncWorkerConnection[1-111]: Handshake done
I1102 19:16:13.952961 Server/E engine.cpp:674] Engine: New message connection
I1102 19:16:13.953017 IO-0/EL  engine.cpp:277] Engine: Receive new handshake message from message connection
I1102 19:16:13.953023 IO-0/EL  worker_manager.cpp:60] WorkerManager: FuncWorker of func_id 1, client_id 112 connected
I1102 19:16:13.953037 IO-0/EL  message_connection.cpp:269] FuncWorkerConnection[1-112]: Handshake done
I1102 19:16:13.953626 Server/E engine.cpp:674] Engine: New message connection
I1102 19:16:13.953669 IO-0/EL  engine.cpp:277] Engine: Receive new handshake message from message connection
I1102 19:16:13.953674 IO-0/EL  worker_manager.cpp:60] WorkerManager: FuncWorker of func_id 1, client_id 113 connected
I1102 19:16:13.953697 IO-0/EL  message_connection.cpp:269] FuncWorkerConnection[1-113]: Handshake done
I1102 19:16:13.953874 Server/E engine.cpp:674] Engine: New message connection
I1102 19:16:13.953914 IO-0/EL  engine.cpp:277] Engine: Receive new handshake message from message connection
I1102 19:16:13.953919 IO-0/EL  worker_manager.cpp:60] WorkerManager: FuncWorker of func_id 1, client_id 114 connected
I1102 19:16:13.953932 IO-0/EL  message_connection.cpp:269] FuncWorkerConnection[1-114]: Handshake done
I1102 19:16:13.954692 Server/E engine.cpp:674] Engine: New message connection
I1102 19:16:13.954735 IO-0/EL  engine.cpp:277] Engine: Receive new handshake message from message connection
I1102 19:16:13.954741 IO-0/EL  worker_manager.cpp:60] WorkerManager: FuncWorker of func_id 1, client_id 115 connected
I1102 19:16:13.954755 IO-0/EL  message_connection.cpp:269] FuncWorkerConnection[1-115]: Handshake done
I1102 19:16:13.955362 Server/E engine.cpp:674] Engine: New message connection
I1102 19:16:13.955402 IO-0/EL  engine.cpp:277] Engine: Receive new handshake message from message connection
I1102 19:16:13.955407 IO-0/EL  worker_manager.cpp:60] WorkerManager: FuncWorker of func_id 1, client_id 116 connected
I1102 19:16:13.955420 IO-0/EL  message_connection.cpp:269] FuncWorkerConnection[1-116]: Handshake done
I1102 19:16:13.955840 Server/E engine.cpp:674] Engine: New message connection
I1102 19:16:13.955881 IO-0/EL  engine.cpp:277] Engine: Receive new handshake message from message connection
I1102 19:16:13.955886 IO-0/EL  worker_manager.cpp:60] WorkerManager: FuncWorker of func_id 1, client_id 117 connected
I1102 19:16:13.955900 IO-0/EL  message_connection.cpp:269] FuncWorkerConnection[1-117]: Handshake done
I1102 19:16:13.956340 Server/E engine.cpp:674] Engine: New message connection
I1102 19:16:13.956382 IO-0/EL  engine.cpp:277] Engine: Receive new handshake message from message connection
I1102 19:16:13.956386 IO-0/EL  worker_manager.cpp:60] WorkerManager: FuncWorker of func_id 1, client_id 118 connected
I1102 19:16:13.956407 IO-0/EL  message_connection.cpp:269] FuncWorkerConnection[1-118]: Handshake done
I1102 19:16:13.956812 Server/E engine.cpp:674] Engine: New message connection
I1102 19:16:13.956858 IO-0/EL  engine.cpp:277] Engine: Receive new handshake message from message connection
I1102 19:16:13.956864 IO-0/EL  worker_manager.cpp:60] WorkerManager: FuncWorker of func_id 1, client_id 119 connected
I1102 19:16:13.956877 IO-0/EL  message_connection.cpp:269] FuncWorkerConnection[1-119]: Handshake done
I1102 19:16:13.971878 Server/E engine.cpp:674] Engine: New message connection
I1102 19:16:13.971917 IO-0/EL  engine.cpp:277] Engine: Receive new handshake message from message connection
I1102 19:16:13.971923 IO-0/EL  worker_manager.cpp:60] WorkerManager: FuncWorker of func_id 1, client_id 120 connected
I1102 19:16:13.971941 IO-0/EL  message_connection.cpp:269] FuncWorkerConnection[1-120]: Handshake done
I1102 19:16:13.972001 Server/E engine.cpp:674] Engine: New message connection
I1102 19:16:13.972025 IO-0/EL  engine.cpp:277] Engine: Receive new handshake message from message connection
I1102 19:16:13.972030 IO-0/EL  worker_manager.cpp:60] WorkerManager: FuncWorker of func_id 1, client_id 121 connected
I1102 19:16:13.972043 IO-0/EL  message_connection.cpp:269] FuncWorkerConnection[1-121]: Handshake done
I1102 19:16:13.972441 Server/E engine.cpp:674] Engine: New message connection
I1102 19:16:13.972463 IO-0/EL  engine.cpp:277] Engine: Receive new handshake message from message connection
I1102 19:16:13.972467 IO-0/EL  worker_manager.cpp:60] WorkerManager: FuncWorker of func_id 1, client_id 122 connected
I1102 19:16:13.972483 IO-0/EL  message_connection.cpp:269] FuncWorkerConnection[1-122]: Handshake done
I1102 19:16:13.972924 Server/E engine.cpp:674] Engine: New message connection
I1102 19:16:13.972958 IO-0/EL  engine.cpp:277] Engine: Receive new handshake message from message connection
I1102 19:16:13.972963 IO-0/EL  worker_manager.cpp:60] WorkerManager: FuncWorker of func_id 1, client_id 123 connected
I1102 19:16:13.972975 IO-0/EL  message_connection.cpp:269] FuncWorkerConnection[1-123]: Handshake done
I1102 19:16:13.973463 Server/E engine.cpp:674] Engine: New message connection
I1102 19:16:13.973507 IO-0/EL  engine.cpp:277] Engine: Receive new handshake message from message connection
I1102 19:16:13.973512 IO-0/EL  worker_manager.cpp:60] WorkerManager: FuncWorker of func_id 1, client_id 124 connected
I1102 19:16:13.973526 IO-0/EL  message_connection.cpp:269] FuncWorkerConnection[1-124]: Handshake done
I1102 19:16:13.973897 Server/E engine.cpp:674] Engine: New message connection
I1102 19:16:13.973935 IO-0/EL  engine.cpp:277] Engine: Receive new handshake message from message connection
I1102 19:16:13.973940 IO-0/EL  worker_manager.cpp:60] WorkerManager: FuncWorker of func_id 1, client_id 125 connected
I1102 19:16:13.973953 IO-0/EL  message_connection.cpp:269] FuncWorkerConnection[1-125]: Handshake done
I1102 19:16:13.974412 Server/E engine.cpp:674] Engine: New message connection
I1102 19:16:13.974456 IO-0/EL  engine.cpp:277] Engine: Receive new handshake message from message connection
I1102 19:16:13.974461 IO-0/EL  worker_manager.cpp:60] WorkerManager: FuncWorker of func_id 1, client_id 126 connected
I1102 19:16:13.974476 IO-0/EL  message_connection.cpp:269] FuncWorkerConnection[1-126]: Handshake done
I1102 19:16:13.974892 Server/E engine.cpp:674] Engine: New message connection
I1102 19:16:13.974936 IO-0/EL  engine.cpp:277] Engine: Receive new handshake message from message connection
I1102 19:16:13.974941 IO-0/EL  worker_manager.cpp:60] WorkerManager: FuncWorker of func_id 1, client_id 127 connected
I1102 19:16:13.974959 IO-0/EL  message_connection.cpp:269] FuncWorkerConnection[1-127]: Handshake done
I1102 19:16:13.975397 Server/E engine.cpp:674] Engine: New message connection
I1102 19:16:13.975434 IO-0/EL  engine.cpp:277] Engine: Receive new handshake message from message connection
I1102 19:16:13.975438 IO-0/EL  worker_manager.cpp:60] WorkerManager: FuncWorker of func_id 1, client_id 128 connected
I1102 19:16:13.975458 IO-0/EL  message_connection.cpp:269] FuncWorkerConnection[1-128]: Handshake done
I1102 19:16:13.976093 Server/E engine.cpp:674] Engine: New message connection
I1102 19:16:13.976131 IO-0/EL  engine.cpp:277] Engine: Receive new handshake message from message connection
I1102 19:16:13.976137 IO-0/EL  worker_manager.cpp:60] WorkerManager: FuncWorker of func_id 1, client_id 129 connected
I1102 19:16:13.976151 IO-0/EL  message_connection.cpp:269] FuncWorkerConnection[1-129]: Handshake done
I1102 19:16:13.976623 Server/E engine.cpp:674] Engine: New message connection
I1102 19:16:13.976654 IO-0/EL  engine.cpp:277] Engine: Receive new handshake message from message connection
I1102 19:16:13.976658 IO-0/EL  worker_manager.cpp:60] WorkerManager: FuncWorker of func_id 1, client_id 130 connected
I1102 19:16:13.976671 IO-0/EL  message_connection.cpp:269] FuncWorkerConnection[1-130]: Handshake done
I1102 19:16:13.977152 Server/E engine.cpp:674] Engine: New message connection
I1102 19:16:13.977199 IO-0/EL  engine.cpp:277] Engine: Receive new handshake message from message connection
I1102 19:16:13.977204 IO-0/EL  worker_manager.cpp:60] WorkerManager: FuncWorker of func_id 1, client_id 131 connected
I1102 19:16:13.977217 IO-0/EL  message_connection.cpp:269] FuncWorkerConnection[1-131]: Handshake done
I1102 19:16:13.977607 Server/E engine.cpp:674] Engine: New message connection
I1102 19:16:13.977644 IO-0/EL  engine.cpp:277] Engine: Receive new handshake message from message connection
I1102 19:16:13.977648 IO-0/EL  worker_manager.cpp:60] WorkerManager: FuncWorker of func_id 1, client_id 132 connected
I1102 19:16:13.977661 IO-0/EL  message_connection.cpp:269] FuncWorkerConnection[1-132]: Handshake done
I1102 19:16:13.978112 Server/E engine.cpp:674] Engine: New message connection
I1102 19:16:13.978154 IO-0/EL  engine.cpp:277] Engine: Receive new handshake message from message connection
I1102 19:16:13.978159 IO-0/EL  worker_manager.cpp:60] WorkerManager: FuncWorker of func_id 1, client_id 133 connected
I1102 19:16:13.978172 IO-0/EL  message_connection.cpp:269] FuncWorkerConnection[1-133]: Handshake done
I1102 19:16:13.978615 Server/E engine.cpp:674] Engine: New message connection
I1102 19:16:13.978652 IO-0/EL  engine.cpp:277] Engine: Receive new handshake message from message connection
I1102 19:16:13.978657 IO-0/EL  worker_manager.cpp:60] WorkerManager: FuncWorker of func_id 1, client_id 134 connected
I1102 19:16:13.978670 IO-0/EL  message_connection.cpp:269] FuncWorkerConnection[1-134]: Handshake done
I1102 19:16:13.979065 Server/E engine.cpp:674] Engine: New message connection
I1102 19:16:13.979104 IO-0/EL  engine.cpp:277] Engine: Receive new handshake message from message connection
I1102 19:16:13.979109 IO-0/EL  worker_manager.cpp:60] WorkerManager: FuncWorker of func_id 1, client_id 135 connected
I1102 19:16:13.979123 IO-0/EL  message_connection.cpp:269] FuncWorkerConnection[1-135]: Handshake done
I1102 19:16:13.979610 Server/E engine.cpp:674] Engine: New message connection
I1102 19:16:13.979652 IO-0/EL  engine.cpp:277] Engine: Receive new handshake message from message connection
I1102 19:16:13.979656 IO-0/EL  worker_manager.cpp:60] WorkerManager: FuncWorker of func_id 1, client_id 136 connected
I1102 19:16:13.979668 IO-0/EL  message_connection.cpp:269] FuncWorkerConnection[1-136]: Handshake done
I1102 19:16:13.979763 Server/E engine.cpp:674] Engine: New message connection
I1102 19:16:13.979798 IO-0/EL  engine.cpp:277] Engine: Receive new handshake message from message connection
I1102 19:16:13.979802 IO-0/EL  worker_manager.cpp:60] WorkerManager: FuncWorker of func_id 1, client_id 137 connected
I1102 19:16:13.979815 IO-0/EL  message_connection.cpp:269] FuncWorkerConnection[1-137]: Handshake done
I1102 19:16:13.980542 Server/E engine.cpp:674] Engine: New message connection
I1102 19:16:13.980580 IO-0/EL  engine.cpp:277] Engine: Receive new handshake message from message connection
I1102 19:16:13.980584 IO-0/EL  worker_manager.cpp:60] WorkerManager: FuncWorker of func_id 1, client_id 138 connected
I1102 19:16:13.980608 IO-0/EL  message_connection.cpp:269] FuncWorkerConnection[1-138]: Handshake done
I1102 19:16:13.981094 Server/E engine.cpp:674] Engine: New message connection
I1102 19:16:13.981136 IO-0/EL  engine.cpp:277] Engine: Receive new handshake message from message connection
I1102 19:16:13.981141 IO-0/EL  worker_manager.cpp:60] WorkerManager: FuncWorker of func_id 1, client_id 139 connected
I1102 19:16:13.981154 IO-0/EL  message_connection.cpp:269] FuncWorkerConnection[1-139]: Handshake done
I1102 19:16:13.981579 Server/E engine.cpp:674] Engine: New message connection
I1102 19:16:13.981614 IO-0/EL  engine.cpp:277] Engine: Receive new handshake message from message connection
I1102 19:16:13.981618 IO-0/EL  worker_manager.cpp:60] WorkerManager: FuncWorker of func_id 1, client_id 140 connected
I1102 19:16:13.981635 IO-0/EL  message_connection.cpp:269] FuncWorkerConnection[1-140]: Handshake done
I1102 19:16:13.982091 Server/E engine.cpp:674] Engine: New message connection
I1102 19:16:13.982131 IO-0/EL  engine.cpp:277] Engine: Receive new handshake message from message connection
I1102 19:16:13.982135 IO-0/EL  worker_manager.cpp:60] WorkerManager: FuncWorker of func_id 1, client_id 141 connected
I1102 19:16:13.982148 IO-0/EL  message_connection.cpp:269] FuncWorkerConnection[1-141]: Handshake done
I1102 19:16:13.982610 Server/E engine.cpp:674] Engine: New message connection
I1102 19:16:13.982655 IO-0/EL  engine.cpp:277] Engine: Receive new handshake message from message connection
I1102 19:16:13.982660 IO-0/EL  worker_manager.cpp:60] WorkerManager: FuncWorker of func_id 1, client_id 142 connected
I1102 19:16:13.982674 IO-0/EL  message_connection.cpp:269] FuncWorkerConnection[1-142]: Handshake done
I1102 19:16:13.983129 Server/E engine.cpp:674] Engine: New message connection
I1102 19:16:13.983166 IO-0/EL  engine.cpp:277] Engine: Receive new handshake message from message connection
I1102 19:16:13.983171 IO-0/EL  worker_manager.cpp:60] WorkerManager: FuncWorker of func_id 1, client_id 143 connected
I1102 19:16:13.983185 IO-0/EL  message_connection.cpp:269] FuncWorkerConnection[1-143]: Handshake done
I1102 19:16:13.983611 Server/E engine.cpp:674] Engine: New message connection
I1102 19:16:13.983647 Server/E engine.cpp:674] Engine: New message connection
I1102 19:16:13.983654 IO-0/EL  engine.cpp:277] Engine: Receive new handshake message from message connection
I1102 19:16:13.983659 IO-0/EL  worker_manager.cpp:60] WorkerManager: FuncWorker of func_id 1, client_id 144 connected
I1102 19:16:13.983673 IO-0/EL  message_connection.cpp:269] FuncWorkerConnection[1-144]: Handshake done
I1102 19:16:13.983686 IO-0/EL  engine.cpp:277] Engine: Receive new handshake message from message connection
I1102 19:16:13.983690 IO-0/EL  worker_manager.cpp:60] WorkerManager: FuncWorker of func_id 1, client_id 145 connected
I1102 19:16:13.983703 IO-0/EL  message_connection.cpp:269] FuncWorkerConnection[1-145]: Handshake done
I1102 19:16:13.984507 Server/E engine.cpp:674] Engine: New message connection
I1102 19:16:13.984553 IO-0/EL  engine.cpp:277] Engine: Receive new handshake message from message connection
I1102 19:16:13.984558 IO-0/EL  worker_manager.cpp:60] WorkerManager: FuncWorker of func_id 1, client_id 146 connected
I1102 19:16:13.984572 IO-0/EL  message_connection.cpp:269] FuncWorkerConnection[1-146]: Handshake done
I1102 19:16:13.984979 Server/E engine.cpp:674] Engine: New message connection
I1102 19:16:13.985020 IO-0/EL  engine.cpp:277] Engine: Receive new handshake message from message connection
I1102 19:16:13.985025 IO-0/EL  worker_manager.cpp:60] WorkerManager: FuncWorker of func_id 1, client_id 147 connected
I1102 19:16:13.985037 IO-0/EL  message_connection.cpp:269] FuncWorkerConnection[1-147]: Handshake done
I1102 19:16:13.985530 Server/E engine.cpp:674] Engine: New message connection
I1102 19:16:13.985570 IO-0/EL  engine.cpp:277] Engine: Receive new handshake message from message connection
I1102 19:16:13.985575 IO-0/EL  worker_manager.cpp:60] WorkerManager: FuncWorker of func_id 1, client_id 148 connected
I1102 19:16:13.985594 IO-0/EL  message_connection.cpp:269] FuncWorkerConnection[1-148]: Handshake done
I1102 19:16:13.986021 Server/E engine.cpp:674] Engine: New message connection
I1102 19:16:13.986061 IO-0/EL  engine.cpp:277] Engine: Receive new handshake message from message connection
I1102 19:16:13.986066 IO-0/EL  worker_manager.cpp:60] WorkerManager: FuncWorker of func_id 1, client_id 149 connected
I1102 19:16:13.986079 IO-0/EL  message_connection.cpp:269] FuncWorkerConnection[1-149]: Handshake done
I1102 19:16:13.986548 Server/E engine.cpp:674] Engine: New message connection
I1102 19:16:13.986591 IO-0/EL  engine.cpp:277] Engine: Receive new handshake message from message connection
I1102 19:16:13.986595 IO-0/EL  worker_manager.cpp:60] WorkerManager: FuncWorker of func_id 1, client_id 150 connected
I1102 19:16:13.986608 IO-0/EL  message_connection.cpp:269] FuncWorkerConnection[1-150]: Handshake done
I1102 19:16:13.987010 Server/E engine.cpp:674] Engine: New message connection
I1102 19:16:13.987048 IO-0/EL  engine.cpp:277] Engine: Receive new handshake message from message connection
I1102 19:16:13.987052 IO-0/EL  worker_manager.cpp:60] WorkerManager: FuncWorker of func_id 1, client_id 151 connected
I1102 19:16:13.987065 IO-0/EL  message_connection.cpp:269] FuncWorkerConnection[1-151]: Handshake done
I1102 19:16:13.987473 Server/E engine.cpp:674] Engine: New message connection
I1102 19:16:13.987516 IO-0/EL  engine.cpp:277] Engine: Receive new handshake message from message connection
I1102 19:16:13.987520 IO-0/EL  worker_manager.cpp:60] WorkerManager: FuncWorker of func_id 1, client_id 152 connected
I1102 19:16:13.987533 IO-0/EL  message_connection.cpp:269] FuncWorkerConnection[1-152]: Handshake done
I1102 19:16:13.987594 Server/E engine.cpp:674] Engine: New message connection
I1102 19:16:13.987624 IO-0/EL  engine.cpp:277] Engine: Receive new handshake message from message connection
I1102 19:16:13.987628 IO-0/EL  worker_manager.cpp:60] WorkerManager: FuncWorker of func_id 1, client_id 153 connected
I1102 19:16:13.987641 IO-0/EL  message_connection.cpp:269] FuncWorkerConnection[1-153]: Handshake done
I1102 19:16:13.988513 Server/E engine.cpp:674] Engine: New message connection
I1102 19:16:13.988560 IO-0/EL  engine.cpp:277] Engine: Receive new handshake message from message connection
I1102 19:16:13.988565 IO-0/EL  worker_manager.cpp:60] WorkerManager: FuncWorker of func_id 1, client_id 154 connected
I1102 19:16:13.988578 IO-0/EL  message_connection.cpp:269] FuncWorkerConnection[1-154]: Handshake done
I1102 19:16:13.989086 Server/E engine.cpp:674] Engine: New message connection
I1102 19:16:13.989122 IO-0/EL  engine.cpp:277] Engine: Receive new handshake message from message connection
I1102 19:16:13.989127 IO-0/EL  worker_manager.cpp:60] WorkerManager: FuncWorker of func_id 1, client_id 155 connected
I1102 19:16:13.989143 IO-0/EL  message_connection.cpp:269] FuncWorkerConnection[1-155]: Handshake done
I1102 19:16:13.989650 Server/E engine.cpp:674] Engine: New message connection
I1102 19:16:13.989681 IO-0/EL  engine.cpp:277] Engine: Receive new handshake message from message connection
I1102 19:16:13.989685 IO-0/EL  worker_manager.cpp:60] WorkerManager: FuncWorker of func_id 1, client_id 156 connected
I1102 19:16:13.989697 IO-0/EL  message_connection.cpp:269] FuncWorkerConnection[1-156]: Handshake done
I1102 19:16:13.990255 Server/E engine.cpp:674] Engine: New message connection
I1102 19:16:13.990292 IO-0/EL  engine.cpp:277] Engine: Receive new handshake message from message connection
I1102 19:16:13.990297 IO-0/EL  worker_manager.cpp:60] WorkerManager: FuncWorker of func_id 1, client_id 157 connected
I1102 19:16:13.990310 IO-0/EL  message_connection.cpp:269] FuncWorkerConnection[1-157]: Handshake done
I1102 19:16:13.990912 Server/E engine.cpp:674] Engine: New message connection
I1102 19:16:13.990944 IO-0/EL  engine.cpp:277] Engine: Receive new handshake message from message connection
I1102 19:16:13.990949 IO-0/EL  worker_manager.cpp:60] WorkerManager: FuncWorker of func_id 1, client_id 158 connected
I1102 19:16:13.990969 IO-0/EL  message_connection.cpp:269] FuncWorkerConnection[1-158]: Handshake done
I1102 19:16:13.991471 Server/E engine.cpp:674] Engine: New message connection
I1102 19:16:13.991510 IO-0/EL  engine.cpp:277] Engine: Receive new handshake message from message connection
I1102 19:16:13.991515 IO-0/EL  worker_manager.cpp:60] WorkerManager: FuncWorker of func_id 1, client_id 159 connected
I1102 19:16:13.991528 IO-0/EL  message_connection.cpp:269] FuncWorkerConnection[1-159]: Handshake done
I1102 19:16:13.991968 Server/E engine.cpp:674] Engine: New message connection
I1102 19:16:13.992010 IO-0/EL  engine.cpp:277] Engine: Receive new handshake message from message connection
I1102 19:16:13.992014 IO-0/EL  worker_manager.cpp:60] WorkerManager: FuncWorker of func_id 1, client_id 160 connected
I1102 19:16:13.992027 IO-0/EL  message_connection.cpp:269] FuncWorkerConnection[1-160]: Handshake done
I1102 19:16:13.992542 Server/E engine.cpp:674] Engine: New message connection
I1102 19:16:13.992582 IO-0/EL  engine.cpp:277] Engine: Receive new handshake message from message connection
I1102 19:16:13.992587 IO-0/EL  worker_manager.cpp:60] WorkerManager: FuncWorker of func_id 1, client_id 161 connected
I1102 19:16:13.992600 IO-0/EL  message_connection.cpp:269] FuncWorkerConnection[1-161]: Handshake done
I1102 19:16:13.993101 Server/E engine.cpp:674] Engine: New message connection
I1102 19:16:13.993135 IO-0/EL  engine.cpp:277] Engine: Receive new handshake message from message connection
I1102 19:16:13.993140 IO-0/EL  worker_manager.cpp:60] WorkerManager: FuncWorker of func_id 1, client_id 162 connected
I1102 19:16:13.993153 IO-0/EL  message_connection.cpp:269] FuncWorkerConnection[1-162]: Handshake done
I1102 19:16:13.993640 Server/E engine.cpp:674] Engine: New message connection
I1102 19:16:13.993677 IO-0/EL  engine.cpp:277] Engine: Receive new handshake message from message connection
I1102 19:16:13.993681 IO-0/EL  worker_manager.cpp:60] WorkerManager: FuncWorker of func_id 1, client_id 163 connected
I1102 19:16:13.993694 IO-0/EL  message_connection.cpp:269] FuncWorkerConnection[1-163]: Handshake done
I1102 19:16:13.994211 Server/E engine.cpp:674] Engine: New message connection
I1102 19:16:14.009735 Server/E engine.cpp:674] Engine: New message connection
I1102 19:16:14.009771 Server/E engine.cpp:674] Engine: New message connection
I1102 19:16:14.009784 Server/E engine.cpp:674] Engine: New message connection
I1102 19:16:14.009782 IO-0/EL  engine.cpp:277] Engine: Receive new handshake message from message connection
I1102 19:16:14.009798 Server/E engine.cpp:674] Engine: New message connection
I1102 19:16:14.009798 IO-0/EL  worker_manager.cpp:60] WorkerManager: FuncWorker of func_id 1, client_id 164 connected
I1102 19:16:14.009817 Server/E engine.cpp:674] Engine: New message connection
I1102 19:16:14.009830 Server/E engine.cpp:674] Engine: New message connection
I1102 19:16:14.009836 IO-0/EL  message_connection.cpp:269] FuncWorkerConnection[1-164]: Handshake done
I1102 19:16:14.009844 Server/E engine.cpp:674] Engine: New message connection
I1102 19:16:14.009861 Server/E engine.cpp:674] Engine: New message connection
I1102 19:16:14.009866 IO-0/EL  engine.cpp:277] Engine: Receive new handshake message from message connection
I1102 19:16:14.009871 IO-0/EL  worker_manager.cpp:60] WorkerManager: FuncWorker of func_id 1, client_id 165 connected
I1102 19:16:14.009875 Server/E engine.cpp:674] Engine: New message connection
I1102 19:16:14.009885 IO-0/EL  message_connection.cpp:269] FuncWorkerConnection[1-165]: Handshake done
I1102 19:16:14.009892 Server/E engine.cpp:674] Engine: New message connection
I1102 19:16:14.009900 IO-0/EL  engine.cpp:277] Engine: Receive new handshake message from message connection
I1102 19:16:14.009905 IO-0/EL  worker_manager.cpp:60] WorkerManager: FuncWorker of func_id 1, client_id 166 connected
I1102 19:16:14.009906 Server/E engine.cpp:674] Engine: New message connection
I1102 19:16:14.009918 IO-0/EL  message_connection.cpp:269] FuncWorkerConnection[1-166]: Handshake done
I1102 19:16:14.009922 Server/E engine.cpp:674] Engine: New message connection
I1102 19:16:14.009954 IO-0/EL  engine.cpp:277] Engine: Receive new handshake message from message connection
I1102 19:16:14.009957 Server/E engine.cpp:674] Engine: New message connection
I1102 19:16:14.009959 IO-0/EL  worker_manager.cpp:60] WorkerManager: FuncWorker of func_id 1, client_id 167 connected
I1102 19:16:14.009981 Server/E engine.cpp:674] Engine: New message connection
I1102 19:16:14.009987 IO-0/EL  message_connection.cpp:269] FuncWorkerConnection[1-167]: Handshake done
I1102 19:16:14.009995 Server/E engine.cpp:674] Engine: New message connection
I1102 19:16:14.010003 IO-0/EL  engine.cpp:277] Engine: Receive new handshake message from message connection
I1102 19:16:14.010008 Server/E engine.cpp:674] Engine: New message connection
I1102 19:16:14.010010 IO-0/EL  worker_manager.cpp:60] WorkerManager: FuncWorker of func_id 1, client_id 168 connected
I1102 19:16:14.010028 Server/E engine.cpp:674] Engine: New message connection
I1102 19:16:14.010030 IO-0/EL  message_connection.cpp:269] FuncWorkerConnection[1-168]: Handshake done
I1102 19:16:14.010041 Server/E engine.cpp:674] Engine: New message connection
I1102 19:16:14.010055 Server/E engine.cpp:674] Engine: New message connection
I1102 19:16:14.010058 IO-0/EL  engine.cpp:277] Engine: Receive new handshake message from message connection
I1102 19:16:14.010066 IO-0/EL  worker_manager.cpp:60] WorkerManager: FuncWorker of func_id 1, client_id 169 connected
I1102 19:16:14.010071 Server/E engine.cpp:674] Engine: New message connection
I1102 19:16:14.010083 Server/E engine.cpp:674] Engine: New message connection
I1102 19:16:14.010087 IO-0/EL  message_connection.cpp:269] FuncWorkerConnection[1-169]: Handshake done
I1102 19:16:14.010097 Server/E engine.cpp:674] Engine: New message connection
I1102 19:16:14.010111 Server/E engine.cpp:674] Engine: New message connection
I1102 19:16:14.010112 IO-0/EL  engine.cpp:277] Engine: Receive new handshake message from message connection
I1102 19:16:14.010121 IO-0/EL  worker_manager.cpp:60] WorkerManager: FuncWorker of func_id 1, client_id 170 connected
I1102 19:16:14.010123 Server/E engine.cpp:674] Engine: New message connection
I1102 19:16:14.010146 Server/E engine.cpp:674] Engine: New message connection
I1102 19:16:14.010152 IO-0/EL  message_connection.cpp:269] FuncWorkerConnection[1-170]: Handshake done
I1102 19:16:14.010159 Server/E engine.cpp:674] Engine: New message connection
I1102 19:16:14.010173 Server/E engine.cpp:674] Engine: New message connection
I1102 19:16:14.010174 IO-0/EL  engine.cpp:277] Engine: Receive new handshake message from message connection
I1102 19:16:14.010183 IO-0/EL  worker_manager.cpp:60] WorkerManager: FuncWorker of func_id 1, client_id 171 connected
I1102 19:16:14.010187 Server/E engine.cpp:674] Engine: New message connection
I1102 19:16:14.010204 IO-0/EL  message_connection.cpp:269] FuncWorkerConnection[1-171]: Handshake done
I1102 19:16:14.010231 IO-0/EL  engine.cpp:277] Engine: Receive new handshake message from message connection
I1102 19:16:14.010238 IO-0/EL  worker_manager.cpp:60] WorkerManager: FuncWorker of func_id 1, client_id 172 connected
I1102 19:16:14.010259 IO-0/EL  message_connection.cpp:269] FuncWorkerConnection[1-172]: Handshake done
I1102 19:16:14.010280 IO-0/EL  engine.cpp:277] Engine: Receive new handshake message from message connection
I1102 19:16:14.010286 IO-0/EL  worker_manager.cpp:60] WorkerManager: FuncWorker of func_id 1, client_id 173 connected
I1102 19:16:14.010306 IO-0/EL  message_connection.cpp:269] FuncWorkerConnection[1-173]: Handshake done
I1102 19:16:14.010332 IO-0/EL  engine.cpp:277] Engine: Receive new handshake message from message connection
I1102 19:16:14.010339 IO-0/EL  worker_manager.cpp:60] WorkerManager: FuncWorker of func_id 1, client_id 174 connected
I1102 19:16:14.010338 Server/E engine.cpp:674] Engine: New message connection
I1102 19:16:14.010359 IO-0/EL  message_connection.cpp:269] FuncWorkerConnection[1-174]: Handshake done
I1102 19:16:14.010380 IO-0/EL  engine.cpp:277] Engine: Receive new handshake message from message connection
I1102 19:16:14.010402 IO-0/EL  worker_manager.cpp:60] WorkerManager: FuncWorker of func_id 1, client_id 175 connected
I1102 19:16:14.010425 IO-0/EL  message_connection.cpp:269] FuncWorkerConnection[1-175]: Handshake done
I1102 19:16:14.010450 IO-0/EL  engine.cpp:277] Engine: Receive new handshake message from message connection
I1102 19:16:14.010457 IO-0/EL  worker_manager.cpp:60] WorkerManager: FuncWorker of func_id 1, client_id 176 connected
I1102 19:16:14.010477 IO-0/EL  message_connection.cpp:269] FuncWorkerConnection[1-176]: Handshake done
I1102 19:16:14.010497 IO-0/EL  engine.cpp:277] Engine: Receive new handshake message from message connection
I1102 19:16:14.010504 IO-0/EL  worker_manager.cpp:60] WorkerManager: FuncWorker of func_id 1, client_id 177 connected
I1102 19:16:14.010525 IO-0/EL  message_connection.cpp:269] FuncWorkerConnection[1-177]: Handshake done
I1102 19:16:14.010550 IO-0/EL  engine.cpp:277] Engine: Receive new handshake message from message connection
I1102 19:16:14.010558 IO-0/EL  worker_manager.cpp:60] WorkerManager: FuncWorker of func_id 1, client_id 178 connected
I1102 19:16:14.010580 IO-0/EL  message_connection.cpp:269] FuncWorkerConnection[1-178]: Handshake done
I1102 19:16:14.010603 IO-0/EL  engine.cpp:277] Engine: Receive new handshake message from message connection
I1102 19:16:14.010609 IO-0/EL  worker_manager.cpp:60] WorkerManager: FuncWorker of func_id 1, client_id 179 connected
I1102 19:16:14.010630 IO-0/EL  message_connection.cpp:269] FuncWorkerConnection[1-179]: Handshake done
I1102 19:16:14.010656 IO-0/EL  engine.cpp:277] Engine: Receive new handshake message from message connection
I1102 19:16:14.010662 IO-0/EL  worker_manager.cpp:60] WorkerManager: FuncWorker of func_id 1, client_id 180 connected
I1102 19:16:14.010684 IO-0/EL  message_connection.cpp:269] FuncWorkerConnection[1-180]: Handshake done
I1102 19:16:14.010704 IO-0/EL  engine.cpp:277] Engine: Receive new handshake message from message connection
I1102 19:16:14.010721 IO-0/EL  worker_manager.cpp:60] WorkerManager: FuncWorker of func_id 1, client_id 181 connected
I1102 19:16:14.010743 IO-0/EL  message_connection.cpp:269] FuncWorkerConnection[1-181]: Handshake done
I1102 19:16:14.010770 IO-0/EL  engine.cpp:277] Engine: Receive new handshake message from message connection
I1102 19:16:14.010777 IO-0/EL  worker_manager.cpp:60] WorkerManager: FuncWorker of func_id 1, client_id 182 connected
I1102 19:16:14.010798 IO-0/EL  message_connection.cpp:269] FuncWorkerConnection[1-182]: Handshake done
I1102 19:16:14.010820 IO-0/EL  engine.cpp:277] Engine: Receive new handshake message from message connection
I1102 19:16:14.010826 IO-0/EL  worker_manager.cpp:60] WorkerManager: FuncWorker of func_id 1, client_id 183 connected
I1102 19:16:14.010846 IO-0/EL  message_connection.cpp:269] FuncWorkerConnection[1-183]: Handshake done
I1102 19:16:14.010874 IO-0/EL  engine.cpp:277] Engine: Receive new handshake message from message connection
I1102 19:16:14.010881 IO-0/EL  worker_manager.cpp:60] WorkerManager: FuncWorker of func_id 1, client_id 184 connected
I1102 19:16:14.010904 IO-0/EL  message_connection.cpp:269] FuncWorkerConnection[1-184]: Handshake done
I1102 19:16:14.010924 IO-0/EL  engine.cpp:277] Engine: Receive new handshake message from message connection
I1102 19:16:14.010931 IO-0/EL  worker_manager.cpp:60] WorkerManager: FuncWorker of func_id 1, client_id 185 connected
I1102 19:16:14.010958 IO-0/EL  message_connection.cpp:269] FuncWorkerConnection[1-185]: Handshake done
I1102 19:16:14.010980 IO-0/EL  engine.cpp:277] Engine: Receive new handshake message from message connection
I1102 19:16:14.010988 IO-0/EL  worker_manager.cpp:60] WorkerManager: FuncWorker of func_id 1, client_id 186 connected
I1102 19:16:14.011009 IO-0/EL  message_connection.cpp:269] FuncWorkerConnection[1-186]: Handshake done
I1102 19:16:14.011030 IO-0/EL  engine.cpp:277] Engine: Receive new handshake message from message connection
I1102 19:16:14.011036 IO-0/EL  worker_manager.cpp:60] WorkerManager: FuncWorker of func_id 1, client_id 188 connected
I1102 19:16:14.011074 IO-0/EL  message_connection.cpp:269] FuncWorkerConnection[1-188]: Handshake done
I1102 19:16:14.011089 Server/E engine.cpp:674] Engine: New message connection
I1102 19:16:14.011097 IO-0/EL  engine.cpp:277] Engine: Receive new handshake message from message connection
I1102 19:16:14.011124 IO-0/EL  worker_manager.cpp:60] WorkerManager: FuncWorker of func_id 1, client_id 187 connected
I1102 19:16:14.011139 IO-0/EL  message_connection.cpp:269] FuncWorkerConnection[1-187]: Handshake done
I1102 19:16:14.011157 IO-0/EL  engine.cpp:277] Engine: Receive new handshake message from message connection
I1102 19:16:14.011162 IO-0/EL  worker_manager.cpp:60] WorkerManager: FuncWorker of func_id 1, client_id 189 connected
I1102 19:16:14.011175 IO-0/EL  message_connection.cpp:269] FuncWorkerConnection[1-189]: Handshake done
I1102 19:16:14.011189 IO-0/EL  engine.cpp:277] Engine: Receive new handshake message from message connection
I1102 19:16:14.011193 IO-0/EL  worker_manager.cpp:60] WorkerManager: FuncWorker of func_id 1, client_id 190 connected
I1102 19:16:14.011206 IO-0/EL  message_connection.cpp:269] FuncWorkerConnection[1-190]: Handshake done
I1102 19:16:14.011223 IO-0/EL  engine.cpp:277] Engine: Receive new handshake message from message connection
I1102 19:16:14.011228 IO-0/EL  worker_manager.cpp:60] WorkerManager: FuncWorker of func_id 1, client_id 191 connected
I1102 19:16:14.011242 IO-0/EL  message_connection.cpp:269] FuncWorkerConnection[1-191]: Handshake done
I1102 19:16:14.011254 IO-0/EL  engine.cpp:277] Engine: Receive new handshake message from message connection
I1102 19:16:14.011258 IO-0/EL  worker_manager.cpp:60] WorkerManager: FuncWorker of func_id 1, client_id 192 connected
I1102 19:16:14.011272 IO-0/EL  message_connection.cpp:269] FuncWorkerConnection[1-192]: Handshake done
I1102 19:16:14.011291 IO-0/EL  engine.cpp:277] Engine: Receive new handshake message from message connection
I1102 19:16:14.011296 IO-0/EL  worker_manager.cpp:60] WorkerManager: FuncWorker of func_id 1, client_id 193 connected
I1102 19:16:14.011316 IO-0/EL  message_connection.cpp:269] FuncWorkerConnection[1-193]: Handshake done
I1102 19:16:14.011337 IO-0/EL  engine.cpp:277] Engine: Receive new handshake message from message connection
I1102 19:16:14.011344 IO-0/EL  worker_manager.cpp:60] WorkerManager: FuncWorker of func_id 1, client_id 194 connected
I1102 19:16:14.011363 IO-0/EL  message_connection.cpp:269] FuncWorkerConnection[1-194]: Handshake done
I1102 19:16:14.011675 Server/E engine.cpp:674] Engine: New message connection
I1102 19:16:14.011744 IO-0/EL  engine.cpp:277] Engine: Receive new handshake message from message connection
I1102 19:16:14.011757 IO-0/EL  worker_manager.cpp:60] WorkerManager: FuncWorker of func_id 1, client_id 195 connected
I1102 19:16:14.011786 IO-0/EL  message_connection.cpp:269] FuncWorkerConnection[1-195]: Handshake done
I1102 19:16:14.012895 Server/E engine.cpp:674] Engine: New message connection
I1102 19:16:14.012952 IO-0/EL  engine.cpp:277] Engine: Receive new handshake message from message connection
I1102 19:16:14.012964 IO-0/EL  worker_manager.cpp:60] WorkerManager: FuncWorker of func_id 1, client_id 196 connected
I1102 19:16:14.012984 IO-0/EL  message_connection.cpp:269] FuncWorkerConnection[1-196]: Handshake done
I1102 19:16:14.013458 Server/E engine.cpp:674] Engine: New message connection
I1102 19:16:14.013505 IO-0/EL  engine.cpp:277] Engine: Receive new handshake message from message connection
I1102 19:16:14.013509 IO-0/EL  worker_manager.cpp:60] WorkerManager: FuncWorker of func_id 1, client_id 197 connected
I1102 19:16:14.013523 IO-0/EL  message_connection.cpp:269] FuncWorkerConnection[1-197]: Handshake done
I1102 19:16:14.014105 Server/E engine.cpp:674] Engine: New message connection
I1102 19:16:14.014150 IO-0/EL  engine.cpp:277] Engine: Receive new handshake message from message connection
I1102 19:16:14.014155 IO-0/EL  worker_manager.cpp:60] WorkerManager: FuncWorker of func_id 1, client_id 198 connected
I1102 19:16:14.014169 IO-0/EL  message_connection.cpp:269] FuncWorkerConnection[1-198]: Handshake done
I1102 19:16:14.014851 Server/E engine.cpp:674] Engine: New message connection
I1102 19:16:14.014903 IO-0/EL  engine.cpp:277] Engine: Receive new handshake message from message connection
I1102 19:16:14.014909 IO-0/EL  worker_manager.cpp:60] WorkerManager: FuncWorker of func_id 1, client_id 199 connected
I1102 19:16:14.014924 IO-0/EL  message_connection.cpp:269] FuncWorkerConnection[1-199]: Handshake done
I1102 19:16:14.015979 Server/E engine.cpp:674] Engine: New message connection
I1102 19:16:14.016022 IO-0/EL  engine.cpp:277] Engine: Receive new handshake message from message connection
I1102 19:16:14.016027 IO-0/EL  worker_manager.cpp:60] WorkerManager: FuncWorker of func_id 1, client_id 200 connected
I1102 19:16:14.016041 IO-0/EL  message_connection.cpp:269] FuncWorkerConnection[1-200]: Handshake done
I1102 19:16:14.016333 Server/E engine.cpp:674] Engine: New message connection
I1102 19:16:14.016372 IO-0/EL  engine.cpp:277] Engine: Receive new handshake message from message connection
I1102 19:16:14.016377 IO-0/EL  worker_manager.cpp:60] WorkerManager: FuncWorker of func_id 1, client_id 201 connected
I1102 19:16:14.016390 IO-0/EL  message_connection.cpp:269] FuncWorkerConnection[1-201]: Handshake done
I1102 19:16:14.017011 Server/E engine.cpp:674] Engine: New message connection
I1102 19:16:14.017046 IO-0/EL  engine.cpp:277] Engine: Receive new handshake message from message connection
I1102 19:16:14.017051 IO-0/EL  worker_manager.cpp:60] WorkerManager: FuncWorker of func_id 1, client_id 202 connected
I1102 19:16:14.017065 IO-0/EL  message_connection.cpp:269] FuncWorkerConnection[1-202]: Handshake done
I1102 19:16:14.017475 Server/E engine.cpp:674] Engine: New message connection
I1102 19:16:14.017515 IO-0/EL  engine.cpp:277] Engine: Receive new handshake message from message connection
I1102 19:16:14.017519 IO-0/EL  worker_manager.cpp:60] WorkerManager: FuncWorker of func_id 1, client_id 203 connected
I1102 19:16:14.017533 IO-0/EL  message_connection.cpp:269] FuncWorkerConnection[1-203]: Handshake done
I1102 19:16:14.018123 Server/E engine.cpp:674] Engine: New message connection
I1102 19:16:14.018166 IO-0/EL  engine.cpp:277] Engine: Receive new handshake message from message connection
I1102 19:16:14.018171 IO-0/EL  worker_manager.cpp:60] WorkerManager: FuncWorker of func_id 1, client_id 204 connected
I1102 19:16:14.018189 IO-0/EL  message_connection.cpp:269] FuncWorkerConnection[1-204]: Handshake done
I1102 19:16:14.018545 Server/E engine.cpp:674] Engine: New message connection
I1102 19:16:14.018574 IO-0/EL  engine.cpp:277] Engine: Receive new handshake message from message connection
I1102 19:16:14.018579 IO-0/EL  worker_manager.cpp:60] WorkerManager: FuncWorker of func_id 1, client_id 205 connected
I1102 19:16:14.018592 IO-0/EL  message_connection.cpp:269] FuncWorkerConnection[1-205]: Handshake done
I1102 19:16:14.019032 Server/E engine.cpp:674] Engine: New message connection
I1102 19:16:14.019064 IO-0/EL  engine.cpp:277] Engine: Receive new handshake message from message connection
I1102 19:16:14.019070 IO-0/EL  worker_manager.cpp:60] WorkerManager: FuncWorker of func_id 1, client_id 206 connected
I1102 19:16:14.019084 IO-0/EL  message_connection.cpp:269] FuncWorkerConnection[1-206]: Handshake done
I1102 19:16:14.019169 Server/E engine.cpp:674] Engine: New message connection
I1102 19:16:14.019193 IO-0/EL  engine.cpp:277] Engine: Receive new handshake message from message connection
I1102 19:16:14.019198 IO-0/EL  worker_manager.cpp:60] WorkerManager: FuncWorker of func_id 1, client_id 207 connected
I1102 19:16:14.019211 IO-0/EL  message_connection.cpp:269] FuncWorkerConnection[1-207]: Handshake done
I1102 19:16:14.020033 Server/E engine.cpp:674] Engine: New message connection
I1102 19:16:14.020074 IO-0/EL  engine.cpp:277] Engine: Receive new handshake message from message connection
I1102 19:16:14.020079 IO-0/EL  worker_manager.cpp:60] WorkerManager: FuncWorker of func_id 1, client_id 208 connected
I1102 19:16:14.020093 IO-0/EL  message_connection.cpp:269] FuncWorkerConnection[1-208]: Handshake done
I1102 19:16:14.020517 Server/E engine.cpp:674] Engine: New message connection
I1102 19:16:14.020556 IO-0/EL  engine.cpp:277] Engine: Receive new handshake message from message connection
I1102 19:16:14.020560 IO-0/EL  worker_manager.cpp:60] WorkerManager: FuncWorker of func_id 1, client_id 209 connected
I1102 19:16:14.020576 IO-0/EL  message_connection.cpp:269] FuncWorkerConnection[1-209]: Handshake done
I1102 19:16:14.021094 Server/E engine.cpp:674] Engine: New message connection
I1102 19:16:14.021144 IO-0/EL  engine.cpp:277] Engine: Receive new handshake message from message connection
I1102 19:16:14.021149 IO-0/EL  worker_manager.cpp:60] WorkerManager: FuncWorker of func_id 1, client_id 210 connected
I1102 19:16:14.021162 IO-0/EL  message_connection.cpp:269] FuncWorkerConnection[1-210]: Handshake done
I1102 19:16:14.021595 Server/E engine.cpp:674] Engine: New message connection
I1102 19:16:14.021633 IO-0/EL  engine.cpp:277] Engine: Receive new handshake message from message connection
I1102 19:16:14.021638 IO-0/EL  worker_manager.cpp:60] WorkerManager: FuncWorker of func_id 1, client_id 211 connected
I1102 19:16:14.021650 IO-0/EL  message_connection.cpp:269] FuncWorkerConnection[1-211]: Handshake done
I1102 19:16:14.022119 Server/E engine.cpp:674] Engine: New message connection
I1102 19:16:14.022165 IO-0/EL  engine.cpp:277] Engine: Receive new handshake message from message connection
I1102 19:16:14.022170 IO-0/EL  worker_manager.cpp:60] WorkerManager: FuncWorker of func_id 1, client_id 212 connected
I1102 19:16:14.022183 IO-0/EL  message_connection.cpp:269] FuncWorkerConnection[1-212]: Handshake done
I1102 19:16:14.022663 Server/E engine.cpp:674] Engine: New message connection
I1102 19:16:14.022701 IO-0/EL  engine.cpp:277] Engine: Receive new handshake message from message connection
I1102 19:16:14.022705 IO-0/EL  worker_manager.cpp:60] WorkerManager: FuncWorker of func_id 1, client_id 213 connected
I1102 19:16:14.022728 IO-0/EL  message_connection.cpp:269] FuncWorkerConnection[1-213]: Handshake done
I1102 19:16:14.022782 Server/E engine.cpp:674] Engine: New message connection
I1102 19:16:14.022820 IO-0/EL  engine.cpp:277] Engine: Receive new handshake message from message connection
I1102 19:16:14.022825 IO-0/EL  worker_manager.cpp:60] WorkerManager: FuncWorker of func_id 1, client_id 214 connected
I1102 19:16:14.022838 IO-0/EL  message_connection.cpp:269] FuncWorkerConnection[1-214]: Handshake done
I1102 19:16:14.023570 Server/E engine.cpp:674] Engine: New message connection
I1102 19:16:14.023612 IO-0/EL  engine.cpp:277] Engine: Receive new handshake message from message connection
I1102 19:16:14.023616 IO-0/EL  worker_manager.cpp:60] WorkerManager: FuncWorker of func_id 1, client_id 215 connected
I1102 19:16:14.023630 IO-0/EL  message_connection.cpp:269] FuncWorkerConnection[1-215]: Handshake done
I1102 19:16:14.024260 Server/E engine.cpp:674] Engine: New message connection
I1102 19:16:14.024299 IO-0/EL  engine.cpp:277] Engine: Receive new handshake message from message connection
I1102 19:16:14.024305 IO-0/EL  worker_manager.cpp:60] WorkerManager: FuncWorker of func_id 1, client_id 216 connected
I1102 19:16:14.024319 IO-0/EL  message_connection.cpp:269] FuncWorkerConnection[1-216]: Handshake done
I1102 19:16:14.024690 Server/E engine.cpp:674] Engine: New message connection
I1102 19:16:14.024735 IO-0/EL  engine.cpp:277] Engine: Receive new handshake message from message connection
I1102 19:16:14.024741 IO-0/EL  worker_manager.cpp:60] WorkerManager: FuncWorker of func_id 1, client_id 217 connected
I1102 19:16:14.024755 IO-0/EL  message_connection.cpp:269] FuncWorkerConnection[1-217]: Handshake done
I1102 19:16:14.025208 Server/E engine.cpp:674] Engine: New message connection
I1102 19:16:14.025253 IO-0/EL  engine.cpp:277] Engine: Receive new handshake message from message connection
I1102 19:16:14.025258 IO-0/EL  worker_manager.cpp:60] WorkerManager: FuncWorker of func_id 1, client_id 218 connected
I1102 19:16:14.025272 IO-0/EL  message_connection.cpp:269] FuncWorkerConnection[1-218]: Handshake done
I1102 19:16:14.025936 Server/E engine.cpp:674] Engine: New message connection
I1102 19:16:14.025976 IO-0/EL  engine.cpp:277] Engine: Receive new handshake message from message connection
I1102 19:16:14.025982 IO-0/EL  worker_manager.cpp:60] WorkerManager: FuncWorker of func_id 1, client_id 219 connected
I1102 19:16:14.026002 IO-0/EL  message_connection.cpp:269] FuncWorkerConnection[1-219]: Handshake done
I1102 19:16:14.026437 Server/E engine.cpp:674] Engine: New message connection
I1102 19:16:14.026464 IO-0/EL  engine.cpp:277] Engine: Receive new handshake message from message connection
I1102 19:16:14.026469 IO-0/EL  worker_manager.cpp:60] WorkerManager: FuncWorker of func_id 1, client_id 220 connected
I1102 19:16:14.026482 IO-0/EL  message_connection.cpp:269] FuncWorkerConnection[1-220]: Handshake done
I1102 19:16:14.026868 Server/E engine.cpp:674] Engine: New message connection
I1102 19:16:14.026893 IO-0/EL  engine.cpp:277] Engine: Receive new handshake message from message connection
I1102 19:16:14.026898 IO-0/EL  worker_manager.cpp:60] WorkerManager: FuncWorker of func_id 1, client_id 221 connected
I1102 19:16:14.026916 IO-0/EL  message_connection.cpp:269] FuncWorkerConnection[1-221]: Handshake done
I1102 19:16:14.027062 Server/E engine.cpp:674] Engine: New message connection
I1102 19:16:14.027085 IO-0/EL  engine.cpp:277] Engine: Receive new handshake message from message connection
I1102 19:16:14.027090 IO-0/EL  worker_manager.cpp:60] WorkerManager: FuncWorker of func_id 1, client_id 222 connected
I1102 19:16:14.027102 IO-0/EL  message_connection.cpp:269] FuncWorkerConnection[1-222]: Handshake done
I1102 19:16:14.027990 Server/E engine.cpp:674] Engine: New message connection
I1102 19:16:14.028020 IO-0/EL  engine.cpp:277] Engine: Receive new handshake message from message connection
I1102 19:16:14.028025 IO-0/EL  worker_manager.cpp:60] WorkerManager: FuncWorker of func_id 1, client_id 223 connected
I1102 19:16:14.028039 IO-0/EL  message_connection.cpp:269] FuncWorkerConnection[1-223]: Handshake done
I1102 19:16:14.028428 Server/E engine.cpp:674] Engine: New message connection
I1102 19:16:14.028460 IO-0/EL  engine.cpp:277] Engine: Receive new handshake message from message connection
I1102 19:16:14.028465 IO-0/EL  worker_manager.cpp:60] WorkerManager: FuncWorker of func_id 1, client_id 224 connected
I1102 19:16:14.028479 IO-0/EL  message_connection.cpp:269] FuncWorkerConnection[1-224]: Handshake done
I1102 19:16:14.028933 Server/E engine.cpp:674] Engine: New message connection
I1102 19:16:14.028958 IO-0/EL  engine.cpp:277] Engine: Receive new handshake message from message connection
I1102 19:16:14.028963 IO-0/EL  worker_manager.cpp:60] WorkerManager: FuncWorker of func_id 1, client_id 225 connected
I1102 19:16:14.028998 IO-0/EL  message_connection.cpp:269] FuncWorkerConnection[1-225]: Handshake done
I1102 19:16:14.029630 Server/E engine.cpp:674] Engine: New message connection
I1102 19:16:14.029652 IO-0/EL  engine.cpp:277] Engine: Receive new handshake message from message connection
I1102 19:16:14.029657 IO-0/EL  worker_manager.cpp:60] WorkerManager: FuncWorker of func_id 1, client_id 226 connected
I1102 19:16:14.029670 IO-0/EL  message_connection.cpp:269] FuncWorkerConnection[1-226]: Handshake done
I1102 19:16:14.030177 Server/E engine.cpp:674] Engine: New message connection
I1102 19:16:14.030202 IO-0/EL  engine.cpp:277] Engine: Receive new handshake message from message connection
I1102 19:16:14.030207 IO-0/EL  worker_manager.cpp:60] WorkerManager: FuncWorker of func_id 1, client_id 227 connected
I1102 19:16:14.030220 IO-0/EL  message_connection.cpp:269] FuncWorkerConnection[1-227]: Handshake done
I1102 19:16:14.030781 Server/E engine.cpp:674] Engine: New message connection
I1102 19:16:14.030807 IO-0/EL  engine.cpp:277] Engine: Receive new handshake message from message connection
I1102 19:16:14.030812 IO-0/EL  worker_manager.cpp:60] WorkerManager: FuncWorker of func_id 1, client_id 228 connected
I1102 19:16:14.030826 IO-0/EL  message_connection.cpp:269] FuncWorkerConnection[1-228]: Handshake done
I1102 19:16:14.030894 Server/E engine.cpp:674] Engine: New message connection
I1102 19:16:14.030916 IO-0/EL  engine.cpp:277] Engine: Receive new handshake message from message connection
I1102 19:16:14.030920 IO-0/EL  worker_manager.cpp:60] WorkerManager: FuncWorker of func_id 1, client_id 229 connected
I1102 19:16:14.030933 IO-0/EL  message_connection.cpp:269] FuncWorkerConnection[1-229]: Handshake done
I1102 19:16:14.031685 Server/E engine.cpp:674] Engine: New message connection
I1102 19:16:14.031744 IO-0/EL  engine.cpp:277] Engine: Receive new handshake message from message connection
I1102 19:16:14.031749 IO-0/EL  worker_manager.cpp:60] WorkerManager: FuncWorker of func_id 1, client_id 230 connected
I1102 19:16:14.031763 IO-0/EL  message_connection.cpp:269] FuncWorkerConnection[1-230]: Handshake done
I1102 19:16:14.032305 Server/E engine.cpp:674] Engine: New message connection
I1102 19:16:14.032328 IO-0/EL  engine.cpp:277] Engine: Receive new handshake message from message connection
I1102 19:16:14.032333 IO-0/EL  worker_manager.cpp:60] WorkerManager: FuncWorker of func_id 1, client_id 231 connected
I1102 19:16:14.032345 IO-0/EL  message_connection.cpp:269] FuncWorkerConnection[1-231]: Handshake done
I1102 19:16:14.032883 Server/E engine.cpp:674] Engine: New message connection
I1102 19:16:14.032928 IO-0/EL  engine.cpp:277] Engine: Receive new handshake message from message connection
I1102 19:16:14.032934 IO-0/EL  worker_manager.cpp:60] WorkerManager: FuncWorker of func_id 1, client_id 232 connected
I1102 19:16:14.032948 IO-0/EL  message_connection.cpp:269] FuncWorkerConnection[1-232]: Handshake done
I1102 19:16:14.033401 Server/E engine.cpp:674] Engine: New message connection
I1102 19:16:14.033428 IO-0/EL  engine.cpp:277] Engine: Receive new handshake message from message connection
I1102 19:16:14.033433 IO-0/EL  worker_manager.cpp:60] WorkerManager: FuncWorker of func_id 1, client_id 233 connected
I1102 19:16:14.033445 IO-0/EL  message_connection.cpp:269] FuncWorkerConnection[1-233]: Handshake done
I1102 19:16:14.033918 Server/E engine.cpp:674] Engine: New message connection
I1102 19:16:14.033950 IO-0/EL  engine.cpp:277] Engine: Receive new handshake message from message connection
I1102 19:16:14.033956 IO-0/EL  worker_manager.cpp:60] WorkerManager: FuncWorker of func_id 1, client_id 234 connected
I1102 19:16:14.033970 IO-0/EL  message_connection.cpp:269] FuncWorkerConnection[1-234]: Handshake done
I1102 19:16:14.034389 Server/E engine.cpp:674] Engine: New message connection
I1102 19:16:14.034418 IO-0/EL  engine.cpp:277] Engine: Receive new handshake message from message connection
I1102 19:16:14.034422 IO-0/EL  worker_manager.cpp:60] WorkerManager: FuncWorker of func_id 1, client_id 235 connected
I1102 19:16:14.034435 IO-0/EL  message_connection.cpp:269] FuncWorkerConnection[1-235]: Handshake done
I1102 19:16:14.034517 Server/E engine.cpp:674] Engine: New message connection
I1102 19:16:14.034541 IO-0/EL  engine.cpp:277] Engine: Receive new handshake message from message connection
I1102 19:16:14.034546 IO-0/EL  worker_manager.cpp:60] WorkerManager: FuncWorker of func_id 1, client_id 236 connected
I1102 19:16:14.034559 IO-0/EL  message_connection.cpp:269] FuncWorkerConnection[1-236]: Handshake done
I1102 19:16:14.035560 Server/E engine.cpp:674] Engine: New message connection
I1102 19:16:14.035599 IO-0/EL  engine.cpp:277] Engine: Receive new handshake message from message connection
I1102 19:16:14.035605 IO-0/EL  worker_manager.cpp:60] WorkerManager: FuncWorker of func_id 1, client_id 237 connected
I1102 19:16:14.035624 IO-0/EL  message_connection.cpp:269] FuncWorkerConnection[1-237]: Handshake done
I1102 19:16:14.036016 Server/E engine.cpp:674] Engine: New message connection
I1102 19:16:14.036044 IO-0/EL  engine.cpp:277] Engine: Receive new handshake message from message connection
I1102 19:16:14.036049 IO-0/EL  worker_manager.cpp:60] WorkerManager: FuncWorker of func_id 1, client_id 238 connected
I1102 19:16:14.036063 IO-0/EL  message_connection.cpp:269] FuncWorkerConnection[1-238]: Handshake done
I1102 19:16:14.036517 Server/E engine.cpp:674] Engine: New message connection
I1102 19:16:14.036549 IO-0/EL  engine.cpp:277] Engine: Receive new handshake message from message connection
I1102 19:16:14.036554 IO-0/EL  worker_manager.cpp:60] WorkerManager: FuncWorker of func_id 1, client_id 239 connected
I1102 19:16:14.036569 IO-0/EL  message_connection.cpp:269] FuncWorkerConnection[1-239]: Handshake done
I1102 19:16:14.036965 Server/E engine.cpp:674] Engine: New message connection
I1102 19:16:14.036991 IO-0/EL  engine.cpp:277] Engine: Receive new handshake message from message connection
I1102 19:16:14.036996 IO-0/EL  worker_manager.cpp:60] WorkerManager: FuncWorker of func_id 1, client_id 240 connected
I1102 19:16:14.037008 IO-0/EL  message_connection.cpp:269] FuncWorkerConnection[1-240]: Handshake done
I1102 19:16:14.037498 Server/E engine.cpp:674] Engine: New message connection
I1102 19:16:14.037526 IO-0/EL  engine.cpp:277] Engine: Receive new handshake message from message connection
I1102 19:16:14.037531 IO-0/EL  worker_manager.cpp:60] WorkerManager: FuncWorker of func_id 1, client_id 241 connected
I1102 19:16:14.037546 IO-0/EL  message_connection.cpp:269] FuncWorkerConnection[1-241]: Handshake done
I1102 19:16:14.038056 Server/E engine.cpp:674] Engine: New message connection
I1102 19:16:14.038083 IO-0/EL  engine.cpp:277] Engine: Receive new handshake message from message connection
I1102 19:16:14.038088 IO-0/EL  worker_manager.cpp:60] WorkerManager: FuncWorker of func_id 1, client_id 242 connected
I1102 19:16:14.038101 IO-0/EL  message_connection.cpp:269] FuncWorkerConnection[1-242]: Handshake done
I1102 19:16:14.038555 Server/E engine.cpp:674] Engine: New message connection
I1102 19:16:14.038586 IO-0/EL  engine.cpp:277] Engine: Receive new handshake message from message connection
I1102 19:16:14.038590 IO-0/EL  worker_manager.cpp:60] WorkerManager: FuncWorker of func_id 1, client_id 243 connected
I1102 19:16:14.038604 IO-0/EL  message_connection.cpp:269] FuncWorkerConnection[1-243]: Handshake done
I1102 19:16:14.038690 Server/E engine.cpp:674] Engine: New message connection
I1102 19:16:14.038718 IO-0/EL  engine.cpp:277] Engine: Receive new handshake message from message connection
I1102 19:16:14.038727 IO-0/EL  worker_manager.cpp:60] WorkerManager: FuncWorker of func_id 1, client_id 244 connected
I1102 19:16:14.038747 IO-0/EL  message_connection.cpp:269] FuncWorkerConnection[1-244]: Handshake done
I1102 19:16:14.039621 Server/E engine.cpp:674] Engine: New message connection
I1102 19:16:14.039655 IO-0/EL  engine.cpp:277] Engine: Receive new handshake message from message connection
I1102 19:16:14.039660 IO-0/EL  worker_manager.cpp:60] WorkerManager: FuncWorker of func_id 1, client_id 245 connected
I1102 19:16:14.039674 IO-0/EL  message_connection.cpp:269] FuncWorkerConnection[1-245]: Handshake done
I1102 19:16:14.040133 Server/E engine.cpp:674] Engine: New message connection
I1102 19:16:14.040161 IO-0/EL  engine.cpp:277] Engine: Receive new handshake message from message connection
I1102 19:16:14.040167 IO-0/EL  worker_manager.cpp:60] WorkerManager: FuncWorker of func_id 1, client_id 246 connected
I1102 19:16:14.040181 IO-0/EL  message_connection.cpp:269] FuncWorkerConnection[1-246]: Handshake done
I1102 19:16:14.040595 Server/E engine.cpp:674] Engine: New message connection
I1102 19:16:14.040628 IO-0/EL  engine.cpp:277] Engine: Receive new handshake message from message connection
I1102 19:16:14.040633 IO-0/EL  worker_manager.cpp:60] WorkerManager: FuncWorker of func_id 1, client_id 247 connected
I1102 19:16:14.040646 IO-0/EL  message_connection.cpp:269] FuncWorkerConnection[1-247]: Handshake done
I1102 19:16:14.055341 Server/E engine.cpp:674] Engine: New message connection
I1102 19:16:14.055375 IO-0/EL  engine.cpp:277] Engine: Receive new handshake message from message connection
I1102 19:16:14.055382 IO-0/EL  worker_manager.cpp:60] WorkerManager: FuncWorker of func_id 1, client_id 248 connected
I1102 19:16:14.055397 IO-0/EL  message_connection.cpp:269] FuncWorkerConnection[1-248]: Handshake done
I1102 19:16:14.055919 Server/E engine.cpp:674] Engine: New message connection
I1102 19:16:14.055948 IO-0/EL  engine.cpp:277] Engine: Receive new handshake message from message connection
I1102 19:16:14.055954 IO-0/EL  worker_manager.cpp:60] WorkerManager: FuncWorker of func_id 1, client_id 249 connected
I1102 19:16:14.055969 IO-0/EL  message_connection.cpp:269] FuncWorkerConnection[1-249]: Handshake done
I1102 19:16:14.056346 Server/E engine.cpp:674] Engine: New message connection
I1102 19:16:14.056374 IO-0/EL  engine.cpp:277] Engine: Receive new handshake message from message connection
I1102 19:16:14.056379 IO-0/EL  worker_manager.cpp:60] WorkerManager: FuncWorker of func_id 1, client_id 250 connected
I1102 19:16:14.056392 IO-0/EL  message_connection.cpp:269] FuncWorkerConnection[1-250]: Handshake done
I1102 19:16:14.056906 Server/E engine.cpp:674] Engine: New message connection
I1102 19:16:14.056941 IO-0/EL  engine.cpp:277] Engine: Receive new handshake message from message connection
I1102 19:16:14.056946 IO-0/EL  worker_manager.cpp:60] WorkerManager: FuncWorker of func_id 1, client_id 251 connected
I1102 19:16:14.056963 IO-0/EL  message_connection.cpp:269] FuncWorkerConnection[1-251]: Handshake done
I1102 19:16:14.057415 Server/E engine.cpp:674] Engine: New message connection
I1102 19:16:14.057446 IO-0/EL  engine.cpp:277] Engine: Receive new handshake message from message connection
I1102 19:16:14.057450 IO-0/EL  worker_manager.cpp:60] WorkerManager: FuncWorker of func_id 1, client_id 252 connected
I1102 19:16:14.057466 IO-0/EL  message_connection.cpp:269] FuncWorkerConnection[1-252]: Handshake done
I1102 19:16:14.058076 Server/E engine.cpp:674] Engine: New message connection
I1102 19:16:14.058108 IO-0/EL  engine.cpp:277] Engine: Receive new handshake message from message connection
I1102 19:16:14.058114 IO-0/EL  worker_manager.cpp:60] WorkerManager: FuncWorker of func_id 1, client_id 253 connected
I1102 19:16:14.058128 IO-0/EL  message_connection.cpp:269] FuncWorkerConnection[1-253]: Handshake done
I1102 19:16:14.058621 Server/E engine.cpp:674] Engine: New message connection
I1102 19:16:14.058654 IO-0/EL  engine.cpp:277] Engine: Receive new handshake message from message connection
I1102 19:16:14.058659 IO-0/EL  worker_manager.cpp:60] WorkerManager: FuncWorker of func_id 1, client_id 254 connected
I1102 19:16:14.058672 IO-0/EL  message_connection.cpp:269] FuncWorkerConnection[1-254]: Handshake done
I1102 19:16:14.059072 Server/E engine.cpp:674] Engine: New message connection
I1102 19:16:14.059101 IO-0/EL  engine.cpp:277] Engine: Receive new handshake message from message connection
I1102 19:16:14.059105 IO-0/EL  worker_manager.cpp:60] WorkerManager: FuncWorker of func_id 1, client_id 255 connected
I1102 19:16:14.059118 IO-0/EL  message_connection.cpp:269] FuncWorkerConnection[1-255]: Handshake done
I1102 19:16:14.059575 Server/E engine.cpp:674] Engine: New message connection
I1102 19:16:14.059606 IO-0/EL  engine.cpp:277] Engine: Receive new handshake message from message connection
I1102 19:16:14.059611 IO-0/EL  worker_manager.cpp:60] WorkerManager: FuncWorker of func_id 1, client_id 256 connected
I1102 19:16:14.059628 IO-0/EL  message_connection.cpp:269] FuncWorkerConnection[1-256]: Handshake done
I1102 19:16:16.416420 IO-0/EL  buffer_pool.h:25] BufferPool[IO-0_Write]: Allocate new buffer, current buffer count is 5
I1102 19:16:16.416454 IO-0/EL  buffer_pool.h:25] BufferPool[IO-0_Write]: Allocate new buffer, current buffer count is 6
I1102 19:16:16.416466 IO-0/EL  buffer_pool.h:25] BufferPool[IO-0_Write]: Allocate new buffer, current buffer count is 7
I1102 19:16:16.416478 IO-0/EL  buffer_pool.h:25] BufferPool[IO-0_Write]: Allocate new buffer, current buffer count is 8
I1102 19:16:16.416488 IO-0/EL  buffer_pool.h:25] BufferPool[IO-0_Write]: Allocate new buffer, current buffer count is 9
I1102 19:16:16.416499 IO-0/EL  buffer_pool.h:25] BufferPool[IO-0_Write]: Allocate new buffer, current buffer count is 10
I1102 19:16:16.416514 IO-0/EL  buffer_pool.h:25] BufferPool[IO-0_Write]: Allocate new buffer, current buffer count is 11
I1102 19:16:16.416539 IO-0/EL  buffer_pool.h:25] BufferPool[IO-0_Write]: Allocate new buffer, current buffer count is 12
I1102 19:16:16.416551 IO-0/EL  buffer_pool.h:25] BufferPool[IO-0_Write]: Allocate new buffer, current buffer count is 13
I1102 19:16:16.416563 IO-0/EL  buffer_pool.h:25] BufferPool[IO-0_Write]: Allocate new buffer, current buffer count is 14
I1102 19:16:16.416575 IO-0/EL  buffer_pool.h:25] BufferPool[IO-0_Write]: Allocate new buffer, current buffer count is 15
I1102 19:16:16.416588 IO-0/EL  buffer_pool.h:25] BufferPool[IO-0_Write]: Allocate new buffer, current buffer count is 16
I1102 19:16:16.416600 IO-0/EL  buffer_pool.h:25] BufferPool[IO-0_Write]: Allocate new buffer, current buffer count is 17
I1102 19:16:16.416609 IO-0/EL  buffer_pool.h:25] BufferPool[IO-0_Write]: Allocate new buffer, current buffer count is 18
I1102 19:16:16.416622 IO-0/EL  buffer_pool.h:25] BufferPool[IO-0_Write]: Allocate new buffer, current buffer count is 19
I1102 19:16:16.416633 IO-0/EL  buffer_pool.h:25] BufferPool[IO-0_Write]: Allocate new buffer, current buffer count is 20
I1102 19:16:16.416650 IO-0/EL  buffer_pool.h:25] BufferPool[IO-0_Write]: Allocate new buffer, current buffer count is 21
I1102 19:16:16.416660 IO-0/EL  buffer_pool.h:25] BufferPool[IO-0_Write]: Allocate new buffer, current buffer count is 22
I1102 19:16:16.416669 IO-0/EL  buffer_pool.h:25] BufferPool[IO-0_Write]: Allocate new buffer, current buffer count is 23
I1102 19:16:16.416682 IO-0/EL  buffer_pool.h:25] BufferPool[IO-0_Write]: Allocate new buffer, current buffer count is 24
I1102 19:16:16.416692 IO-0/EL  buffer_pool.h:25] BufferPool[IO-0_Write]: Allocate new buffer, current buffer count is 25
I1102 19:16:16.416707 IO-0/EL  buffer_pool.h:25] BufferPool[IO-0_Write]: Allocate new buffer, current buffer count is 26
I1102 19:16:16.416722 IO-0/EL  buffer_pool.h:25] BufferPool[IO-0_Write]: Allocate new buffer, current buffer count is 27
I1102 19:16:16.416745 IO-0/EL  buffer_pool.h:25] BufferPool[IO-0_Write]: Allocate new buffer, current buffer count is 28
I1102 19:16:16.416767 IO-0/EL  buffer_pool.h:25] BufferPool[IO-0_Write]: Allocate new buffer, current buffer count is 29
I1102 19:16:16.416786 IO-0/EL  buffer_pool.h:25] BufferPool[IO-0_Write]: Allocate new buffer, current buffer count is 30
I1102 19:16:16.416807 IO-0/EL  buffer_pool.h:25] BufferPool[IO-0_Write]: Allocate new buffer, current buffer count is 31
I1102 19:16:16.416821 IO-0/EL  buffer_pool.h:25] BufferPool[IO-0_Write]: Allocate new buffer, current buffer count is 32
I1102 19:16:16.416841 IO-0/EL  buffer_pool.h:25] BufferPool[IO-0_Write]: Allocate new buffer, current buffer count is 33
I1102 19:16:16.416862 IO-0/EL  buffer_pool.h:25] BufferPool[IO-0_Write]: Allocate new buffer, current buffer count is 34
I1102 19:16:16.416879 IO-0/EL  buffer_pool.h:25] BufferPool[IO-0_Write]: Allocate new buffer, current buffer count is 35
I1102 19:16:16.416899 IO-0/EL  buffer_pool.h:25] BufferPool[IO-0_Write]: Allocate new buffer, current buffer count is 36
I1102 19:16:16.416915 IO-0/EL  buffer_pool.h:25] BufferPool[IO-0_Write]: Allocate new buffer, current buffer count is 37
I1102 19:16:16.416926 IO-0/EL  buffer_pool.h:25] BufferPool[IO-0_Write]: Allocate new buffer, current buffer count is 38
I1102 19:16:16.416942 IO-0/EL  buffer_pool.h:25] BufferPool[IO-0_Write]: Allocate new buffer, current buffer count is 39
I1102 19:16:16.416956 IO-0/EL  buffer_pool.h:25] BufferPool[IO-0_Write]: Allocate new buffer, current buffer count is 40
I1102 19:16:16.416974 IO-0/EL  buffer_pool.h:25] BufferPool[IO-0_Write]: Allocate new buffer, current buffer count is 41
I1102 19:16:16.417009 IO-0/EL  buffer_pool.h:25] BufferPool[IO-0_Write]: Allocate new buffer, current buffer count is 42
I1102 19:16:16.417028 IO-0/EL  buffer_pool.h:25] BufferPool[IO-0_Write]: Allocate new buffer, current buffer count is 43
I1102 19:16:16.417041 IO-0/EL  buffer_pool.h:25] BufferPool[IO-0_Write]: Allocate new buffer, current buffer count is 44
I1102 19:16:16.417058 IO-0/EL  buffer_pool.h:25] BufferPool[IO-0_Write]: Allocate new buffer, current buffer count is 45
I1102 19:16:16.417084 IO-0/EL  buffer_pool.h:25] BufferPool[IO-0_Write]: Allocate new buffer, current buffer count is 46
I1102 19:16:16.417101 IO-0/EL  buffer_pool.h:25] BufferPool[IO-0_Write]: Allocate new buffer, current buffer count is 47
I1102 19:16:16.417115 IO-0/EL  buffer_pool.h:25] BufferPool[IO-0_Write]: Allocate new buffer, current buffer count is 48
I1102 19:16:16.417125 IO-0/EL  buffer_pool.h:25] BufferPool[IO-0_Write]: Allocate new buffer, current buffer count is 49
I1102 19:16:16.417139 IO-0/EL  buffer_pool.h:25] BufferPool[IO-0_Write]: Allocate new buffer, current buffer count is 50
I1102 19:16:16.417149 IO-0/EL  buffer_pool.h:25] BufferPool[IO-0_Write]: Allocate new buffer, current buffer count is 51
I1102 19:16:16.417163 IO-0/EL  buffer_pool.h:25] BufferPool[IO-0_Write]: Allocate new buffer, current buffer count is 52
I1102 19:16:16.417174 IO-0/EL  buffer_pool.h:25] BufferPool[IO-0_Write]: Allocate new buffer, current buffer count is 53
I1102 19:16:16.417186 IO-0/EL  buffer_pool.h:25] BufferPool[IO-0_Write]: Allocate new buffer, current buffer count is 54
I1102 19:16:16.417196 IO-0/EL  buffer_pool.h:25] BufferPool[IO-0_Write]: Allocate new buffer, current buffer count is 55
I1102 19:16:16.417208 IO-0/EL  buffer_pool.h:25] BufferPool[IO-0_Write]: Allocate new buffer, current buffer count is 56
I1102 19:16:16.417225 IO-0/EL  buffer_pool.h:25] BufferPool[IO-0_Write]: Allocate new buffer, current buffer count is 57
I1102 19:16:16.417236 IO-0/EL  buffer_pool.h:25] BufferPool[IO-0_Write]: Allocate new buffer, current buffer count is 58
I1102 19:16:16.417245 IO-0/EL  buffer_pool.h:25] BufferPool[IO-0_Write]: Allocate new buffer, current buffer count is 59
I1102 19:16:16.417256 IO-0/EL  buffer_pool.h:25] BufferPool[IO-0_Write]: Allocate new buffer, current buffer count is 60
I1102 19:16:16.417268 IO-0/EL  buffer_pool.h:25] BufferPool[IO-0_Write]: Allocate new buffer, current buffer count is 61
I1102 19:16:16.417278 IO-0/EL  buffer_pool.h:25] BufferPool[IO-0_Write]: Allocate new buffer, current buffer count is 62
I1102 19:16:16.417289 IO-0/EL  buffer_pool.h:25] BufferPool[IO-0_Write]: Allocate new buffer, current buffer count is 63
I1102 19:16:16.417298 IO-0/EL  buffer_pool.h:25] BufferPool[IO-0_Write]: Allocate new buffer, current buffer count is 64
I1102 19:16:16.417314 IO-0/EL  buffer_pool.h:25] BufferPool[IO-0_Write]: Allocate new buffer, current buffer count is 65
I1102 19:16:16.417324 IO-0/EL  buffer_pool.h:25] BufferPool[IO-0_Write]: Allocate new buffer, current buffer count is 66
I1102 19:16:16.417336 IO-0/EL  buffer_pool.h:25] BufferPool[IO-0_Write]: Allocate new buffer, current buffer count is 67
I1102 19:16:16.417351 IO-0/EL  buffer_pool.h:25] BufferPool[IO-0_Write]: Allocate new buffer, current buffer count is 68
I1102 19:16:16.417366 IO-0/EL  buffer_pool.h:25] BufferPool[IO-0_Write]: Allocate new buffer, current buffer count is 69
I1102 19:16:16.417379 IO-0/EL  buffer_pool.h:25] BufferPool[IO-0_Write]: Allocate new buffer, current buffer count is 70
I1102 19:16:16.417400 IO-0/EL  buffer_pool.h:25] BufferPool[IO-0_Write]: Allocate new buffer, current buffer count is 71
I1102 19:16:16.417417 IO-0/EL  buffer_pool.h:25] BufferPool[IO-0_Write]: Allocate new buffer, current buffer count is 72
I1102 19:16:16.417434 IO-0/EL  buffer_pool.h:25] BufferPool[IO-0_Write]: Allocate new buffer, current buffer count is 73
I1102 19:16:16.417452 IO-0/EL  buffer_pool.h:25] BufferPool[IO-0_Write]: Allocate new buffer, current buffer count is 74
I1102 19:16:16.417465 IO-0/EL  buffer_pool.h:25] BufferPool[IO-0_Write]: Allocate new buffer, current buffer count is 75
I1102 19:16:16.417487 IO-0/EL  buffer_pool.h:25] BufferPool[IO-0_Write]: Allocate new buffer, current buffer count is 76
I1102 19:16:16.417502 IO-0/EL  buffer_pool.h:25] BufferPool[IO-0_Write]: Allocate new buffer, current buffer count is 77
I1102 19:16:16.417515 IO-0/EL  buffer_pool.h:25] BufferPool[IO-0_Write]: Allocate new buffer, current buffer count is 78
I1102 19:16:16.417525 IO-0/EL  buffer_pool.h:25] BufferPool[IO-0_Write]: Allocate new buffer, current buffer count is 79
I1102 19:16:16.417546 IO-0/EL  buffer_pool.h:25] BufferPool[IO-0_Write]: Allocate new buffer, current buffer count is 80
I1102 19:16:16.417559 IO-0/EL  buffer_pool.h:25] BufferPool[IO-0_Write]: Allocate new buffer, current buffer count is 81
I1102 19:16:16.417570 IO-0/EL  buffer_pool.h:25] BufferPool[IO-0_Write]: Allocate new buffer, current buffer count is 82
I1102 19:16:16.417581 IO-0/EL  buffer_pool.h:25] BufferPool[IO-0_Write]: Allocate new buffer, current buffer count is 83
I1102 19:16:16.417592 IO-0/EL  buffer_pool.h:25] BufferPool[IO-0_Write]: Allocate new buffer, current buffer count is 84
I1102 19:16:16.417606 IO-0/EL  buffer_pool.h:25] BufferPool[IO-0_Write]: Allocate new buffer, current buffer count is 85
I1102 19:16:16.417616 IO-0/EL  buffer_pool.h:25] BufferPool[IO-0_Write]: Allocate new buffer, current buffer count is 86
I1102 19:16:16.417630 IO-0/EL  buffer_pool.h:25] BufferPool[IO-0_Write]: Allocate new buffer, current buffer count is 87
I1102 19:16:16.417639 IO-0/EL  buffer_pool.h:25] BufferPool[IO-0_Write]: Allocate new buffer, current buffer count is 88
I1102 19:16:16.417652 IO-0/EL  buffer_pool.h:25] BufferPool[IO-0_Write]: Allocate new buffer, current buffer count is 89
I1102 19:16:16.417661 IO-0/EL  buffer_pool.h:25] BufferPool[IO-0_Write]: Allocate new buffer, current buffer count is 90
I1102 19:16:16.417674 IO-0/EL  buffer_pool.h:25] BufferPool[IO-0_Write]: Allocate new buffer, current buffer count is 91
I1102 19:16:16.417685 IO-0/EL  buffer_pool.h:25] BufferPool[IO-0_Write]: Allocate new buffer, current buffer count is 92
I1102 19:16:16.417696 IO-0/EL  buffer_pool.h:25] BufferPool[IO-0_Write]: Allocate new buffer, current buffer count is 93
I1102 19:16:16.417714 IO-0/EL  buffer_pool.h:25] BufferPool[IO-0_Write]: Allocate new buffer, current buffer count is 94
I1102 19:16:16.417729 IO-0/EL  buffer_pool.h:25] BufferPool[IO-0_Write]: Allocate new buffer, current buffer count is 95
I1102 19:16:16.417751 IO-0/EL  buffer_pool.h:25] BufferPool[IO-0_Write]: Allocate new buffer, current buffer count is 96
I1102 19:16:16.417770 IO-0/EL  buffer_pool.h:25] BufferPool[IO-0_Write]: Allocate new buffer, current buffer count is 97
I1102 19:16:16.417790 IO-0/EL  buffer_pool.h:25] BufferPool[IO-0_Write]: Allocate new buffer, current buffer count is 98
I1102 19:16:16.417806 IO-0/EL  buffer_pool.h:25] BufferPool[IO-0_Write]: Allocate new buffer, current buffer count is 99
I1102 19:16:16.417825 IO-0/EL  buffer_pool.h:25] BufferPool[IO-0_Write]: Allocate new buffer, current buffer count is 100
I1102 19:16:16.417840 IO-0/EL  buffer_pool.h:25] BufferPool[IO-0_Write]: Allocate new buffer, current buffer count is 101
I1102 19:16:16.417860 IO-0/EL  buffer_pool.h:25] BufferPool[IO-0_Write]: Allocate new buffer, current buffer count is 102
I1102 19:16:16.417873 IO-0/EL  buffer_pool.h:25] BufferPool[IO-0_Write]: Allocate new buffer, current buffer count is 103
I1102 19:16:16.417887 IO-0/EL  buffer_pool.h:25] BufferPool[IO-0_Write]: Allocate new buffer, current buffer count is 104
I1102 19:16:16.417899 IO-0/EL  buffer_pool.h:25] BufferPool[IO-0_Write]: Allocate new buffer, current buffer count is 105
I1102 19:16:16.417917 IO-0/EL  buffer_pool.h:25] BufferPool[IO-0_Write]: Allocate new buffer, current buffer count is 106
I1102 19:16:16.417932 IO-0/EL  buffer_pool.h:25] BufferPool[IO-0_Write]: Allocate new buffer, current buffer count is 107
I1102 19:16:16.417948 IO-0/EL  buffer_pool.h:25] BufferPool[IO-0_Write]: Allocate new buffer, current buffer count is 108
I1102 19:16:16.417972 IO-0/EL  buffer_pool.h:25] BufferPool[IO-0_Write]: Allocate new buffer, current buffer count is 109
I1102 19:16:16.417985 IO-0/EL  buffer_pool.h:25] BufferPool[IO-0_Write]: Allocate new buffer, current buffer count is 110
I1102 19:16:16.418006 IO-0/EL  buffer_pool.h:25] BufferPool[IO-0_Write]: Allocate new buffer, current buffer count is 111
I1102 19:16:16.418023 IO-0/EL  buffer_pool.h:25] BufferPool[IO-0_Write]: Allocate new buffer, current buffer count is 112
I1102 19:16:16.418048 IO-0/EL  buffer_pool.h:25] BufferPool[IO-0_Write]: Allocate new buffer, current buffer count is 113
I1102 19:16:16.418076 IO-0/EL  buffer_pool.h:25] BufferPool[IO-0_Write]: Allocate new buffer, current buffer count is 114
I1102 19:16:16.418088 IO-0/EL  buffer_pool.h:25] BufferPool[IO-0_Write]: Allocate new buffer, current buffer count is 115
I1102 19:16:16.418100 IO-0/EL  buffer_pool.h:25] BufferPool[IO-0_Write]: Allocate new buffer, current buffer count is 116
I1102 19:16:16.418113 IO-0/EL  buffer_pool.h:25] BufferPool[IO-0_Write]: Allocate new buffer, current buffer count is 117
I1102 19:16:16.418125 IO-0/EL  buffer_pool.h:25] BufferPool[IO-0_Write]: Allocate new buffer, current buffer count is 118
I1102 19:16:16.418135 IO-0/EL  buffer_pool.h:25] BufferPool[IO-0_Write]: Allocate new buffer, current buffer count is 119
I1102 19:16:16.418148 IO-0/EL  buffer_pool.h:25] BufferPool[IO-0_Write]: Allocate new buffer, current buffer count is 120
I1102 19:16:16.418158 IO-0/EL  buffer_pool.h:25] BufferPool[IO-0_Write]: Allocate new buffer, current buffer count is 121
I1102 19:16:16.418172 IO-0/EL  buffer_pool.h:25] BufferPool[IO-0_Write]: Allocate new buffer, current buffer count is 122
I1102 19:16:16.418191 IO-0/EL  buffer_pool.h:25] BufferPool[IO-0_Write]: Allocate new buffer, current buffer count is 123
I1102 19:16:16.418208 IO-0/EL  buffer_pool.h:25] BufferPool[IO-0_Write]: Allocate new buffer, current buffer count is 124
I1102 19:16:16.418231 IO-0/EL  buffer_pool.h:25] BufferPool[IO-0_Write]: Allocate new buffer, current buffer count is 125
I1102 19:16:16.418245 IO-0/EL  buffer_pool.h:25] BufferPool[IO-0_Write]: Allocate new buffer, current buffer count is 126
I1102 19:16:16.418266 IO-0/EL  buffer_pool.h:25] BufferPool[IO-0_Write]: Allocate new buffer, current buffer count is 127
I1102 19:16:16.418279 IO-0/EL  buffer_pool.h:25] BufferPool[IO-0_Write]: Allocate new buffer, current buffer count is 128
I1102 19:16:16.418301 IO-0/EL  buffer_pool.h:25] BufferPool[IO-0_Write]: Allocate new buffer, current buffer count is 129
I1102 19:16:16.418317 IO-0/EL  buffer_pool.h:25] BufferPool[IO-0_Write]: Allocate new buffer, current buffer count is 130
I1102 19:16:16.418328 IO-0/EL  buffer_pool.h:25] BufferPool[IO-0_Write]: Allocate new buffer, current buffer count is 131
I1102 19:16:16.418341 IO-0/EL  buffer_pool.h:25] BufferPool[IO-0_Write]: Allocate new buffer, current buffer count is 132
I1102 19:16:16.418351 IO-0/EL  buffer_pool.h:25] BufferPool[IO-0_Write]: Allocate new buffer, current buffer count is 133
I1102 19:16:16.418365 IO-0/EL  buffer_pool.h:25] BufferPool[IO-0_Write]: Allocate new buffer, current buffer count is 134
I1102 19:16:16.418378 IO-0/EL  buffer_pool.h:25] BufferPool[IO-0_Write]: Allocate new buffer, current buffer count is 135
I1102 19:16:16.418396 IO-0/EL  buffer_pool.h:25] BufferPool[IO-0_Write]: Allocate new buffer, current buffer count is 136
I1102 19:16:16.418413 IO-0/EL  buffer_pool.h:25] BufferPool[IO-0_Write]: Allocate new buffer, current buffer count is 137
I1102 19:16:16.418436 IO-0/EL  buffer_pool.h:25] BufferPool[IO-0_Write]: Allocate new buffer, current buffer count is 138
I1102 19:16:16.418452 IO-0/EL  buffer_pool.h:25] BufferPool[IO-0_Write]: Allocate new buffer, current buffer count is 139
I1102 19:16:16.418472 IO-0/EL  buffer_pool.h:25] BufferPool[IO-0_Write]: Allocate new buffer, current buffer count is 140
I1102 19:16:16.418499 IO-0/EL  buffer_pool.h:25] BufferPool[IO-0_Write]: Allocate new buffer, current buffer count is 141
I1102 19:16:16.418518 IO-0/EL  buffer_pool.h:25] BufferPool[IO-0_Write]: Allocate new buffer, current buffer count is 142
I1102 19:16:16.418528 IO-0/EL  buffer_pool.h:25] BufferPool[IO-0_Write]: Allocate new buffer, current buffer count is 143
I1102 19:16:16.418538 IO-0/EL  buffer_pool.h:25] BufferPool[IO-0_Write]: Allocate new buffer, current buffer count is 144
I1102 19:16:16.418550 IO-0/EL  buffer_pool.h:25] BufferPool[IO-0_Write]: Allocate new buffer, current buffer count is 145
I1102 19:16:16.418561 IO-0/EL  buffer_pool.h:25] BufferPool[IO-0_Write]: Allocate new buffer, current buffer count is 146
I1102 19:16:16.418583 IO-0/EL  buffer_pool.h:25] BufferPool[IO-0_Write]: Allocate new buffer, current buffer count is 147
I1102 19:16:16.418593 IO-0/EL  buffer_pool.h:25] BufferPool[IO-0_Write]: Allocate new buffer, current buffer count is 148
I1102 19:16:16.418608 IO-0/EL  buffer_pool.h:25] BufferPool[IO-0_Write]: Allocate new buffer, current buffer count is 149
I1102 19:16:16.418617 IO-0/EL  buffer_pool.h:25] BufferPool[IO-0_Write]: Allocate new buffer, current buffer count is 150
I1102 19:16:16.418628 IO-0/EL  buffer_pool.h:25] BufferPool[IO-0_Write]: Allocate new buffer, current buffer count is 151
I1102 19:16:16.418637 IO-0/EL  buffer_pool.h:25] BufferPool[IO-0_Write]: Allocate new buffer, current buffer count is 152
I1102 19:16:16.418648 IO-0/EL  buffer_pool.h:25] BufferPool[IO-0_Write]: Allocate new buffer, current buffer count is 153
I1102 19:16:16.418659 IO-0/EL  buffer_pool.h:25] BufferPool[IO-0_Write]: Allocate new buffer, current buffer count is 154
I1102 19:16:16.418672 IO-0/EL  buffer_pool.h:25] BufferPool[IO-0_Write]: Allocate new buffer, current buffer count is 155
I1102 19:16:16.418682 IO-0/EL  buffer_pool.h:25] BufferPool[IO-0_Write]: Allocate new buffer, current buffer count is 156
I1102 19:16:16.418693 IO-0/EL  buffer_pool.h:25] BufferPool[IO-0_Write]: Allocate new buffer, current buffer count is 157
I1102 19:16:16.418705 IO-0/EL  buffer_pool.h:25] BufferPool[IO-0_Write]: Allocate new buffer, current buffer count is 158
I1102 19:16:16.418721 IO-0/EL  buffer_pool.h:25] BufferPool[IO-0_Write]: Allocate new buffer, current buffer count is 159
I1102 19:16:16.418742 IO-0/EL  buffer_pool.h:25] BufferPool[IO-0_Write]: Allocate new buffer, current buffer count is 160
I1102 19:16:16.418756 IO-0/EL  buffer_pool.h:25] BufferPool[IO-0_Write]: Allocate new buffer, current buffer count is 161
I1102 19:16:16.418771 IO-0/EL  buffer_pool.h:25] BufferPool[IO-0_Write]: Allocate new buffer, current buffer count is 162
I1102 19:16:16.418781 IO-0/EL  buffer_pool.h:25] BufferPool[IO-0_Write]: Allocate new buffer, current buffer count is 163
I1102 19:16:16.418792 IO-0/EL  buffer_pool.h:25] BufferPool[IO-0_Write]: Allocate new buffer, current buffer count is 164
I1102 19:16:16.418801 IO-0/EL  buffer_pool.h:25] BufferPool[IO-0_Write]: Allocate new buffer, current buffer count is 165
I1102 19:16:16.418813 IO-0/EL  buffer_pool.h:25] BufferPool[IO-0_Write]: Allocate new buffer, current buffer count is 166
I1102 19:16:16.418825 IO-0/EL  buffer_pool.h:25] BufferPool[IO-0_Write]: Allocate new buffer, current buffer count is 167
I1102 19:16:16.418835 IO-0/EL  buffer_pool.h:25] BufferPool[IO-0_Write]: Allocate new buffer, current buffer count is 168
I1102 19:16:16.418872 IO-0/EL  buffer_pool.h:25] BufferPool[IO-0_Write]: Allocate new buffer, current buffer count is 169
I1102 19:16:16.418885 IO-0/EL  buffer_pool.h:25] BufferPool[IO-0_Write]: Allocate new buffer, current buffer count is 170
I1102 19:16:16.418897 IO-0/EL  buffer_pool.h:25] BufferPool[IO-0_Write]: Allocate new buffer, current buffer count is 171
I1102 19:16:16.418907 IO-0/EL  buffer_pool.h:25] BufferPool[IO-0_Write]: Allocate new buffer, current buffer count is 172
I1102 19:16:16.418922 IO-0/EL  buffer_pool.h:25] BufferPool[IO-0_Write]: Allocate new buffer, current buffer count is 173
I1102 19:16:16.418933 IO-0/EL  buffer_pool.h:25] BufferPool[IO-0_Write]: Allocate new buffer, current buffer count is 174
I1102 19:16:16.418950 IO-0/EL  buffer_pool.h:25] BufferPool[IO-0_Write]: Allocate new buffer, current buffer count is 175
I1102 19:16:16.418966 IO-0/EL  buffer_pool.h:25] BufferPool[IO-0_Write]: Allocate new buffer, current buffer count is 176
I1102 19:16:16.418990 IO-0/EL  buffer_pool.h:25] BufferPool[IO-0_Write]: Allocate new buffer, current buffer count is 177
I1102 19:16:16.419007 IO-0/EL  buffer_pool.h:25] BufferPool[IO-0_Write]: Allocate new buffer, current buffer count is 178
I1102 19:16:16.419022 IO-0/EL  buffer_pool.h:25] BufferPool[IO-0_Write]: Allocate new buffer, current buffer count is 179
I1102 19:16:16.419041 IO-0/EL  buffer_pool.h:25] BufferPool[IO-0_Write]: Allocate new buffer, current buffer count is 180
I1102 19:16:16.419067 IO-0/EL  buffer_pool.h:25] BufferPool[IO-0_Write]: Allocate new buffer, current buffer count is 181
I1102 19:16:16.419087 IO-0/EL  buffer_pool.h:25] BufferPool[IO-0_Write]: Allocate new buffer, current buffer count is 182
I1102 19:16:16.419099 IO-0/EL  buffer_pool.h:25] BufferPool[IO-0_Write]: Allocate new buffer, current buffer count is 183
I1102 19:16:16.419115 IO-0/EL  buffer_pool.h:25] BufferPool[IO-0_Write]: Allocate new buffer, current buffer count is 184
I1102 19:16:16.419124 IO-0/EL  buffer_pool.h:25] BufferPool[IO-0_Write]: Allocate new buffer, current buffer count is 185
I1102 19:16:16.419136 IO-0/EL  buffer_pool.h:25] BufferPool[IO-0_Write]: Allocate new buffer, current buffer count is 186
I1102 19:16:16.419147 IO-0/EL  buffer_pool.h:25] BufferPool[IO-0_Write]: Allocate new buffer, current buffer count is 187
I1102 19:16:16.419163 IO-0/EL  buffer_pool.h:25] BufferPool[IO-0_Write]: Allocate new buffer, current buffer count is 188
I1102 19:16:16.419179 IO-0/EL  buffer_pool.h:25] BufferPool[IO-0_Write]: Allocate new buffer, current buffer count is 189
I1102 19:16:16.419198 IO-0/EL  buffer_pool.h:25] BufferPool[IO-0_Write]: Allocate new buffer, current buffer count is 190
I1102 19:16:16.419216 IO-0/EL  buffer_pool.h:25] BufferPool[IO-0_Write]: Allocate new buffer, current buffer count is 191
I1102 19:16:16.419229 IO-0/EL  buffer_pool.h:25] BufferPool[IO-0_Write]: Allocate new buffer, current buffer count is 192
I1102 19:16:16.419250 IO-0/EL  buffer_pool.h:25] BufferPool[IO-0_Write]: Allocate new buffer, current buffer count is 193
I1102 19:16:16.419266 IO-0/EL  buffer_pool.h:25] BufferPool[IO-0_Write]: Allocate new buffer, current buffer count is 194
I1102 19:16:16.419284 IO-0/EL  buffer_pool.h:25] BufferPool[IO-0_Write]: Allocate new buffer, current buffer count is 195
I1102 19:16:16.419300 IO-0/EL  buffer_pool.h:25] BufferPool[IO-0_Write]: Allocate new buffer, current buffer count is 196
I1102 19:16:16.419317 IO-0/EL  buffer_pool.h:25] BufferPool[IO-0_Write]: Allocate new buffer, current buffer count is 197
I1102 19:16:16.419327 IO-0/EL  buffer_pool.h:25] BufferPool[IO-0_Write]: Allocate new buffer, current buffer count is 198
I1102 19:16:16.419340 IO-0/EL  buffer_pool.h:25] BufferPool[IO-0_Write]: Allocate new buffer, current buffer count is 199
I1102 19:16:16.419351 IO-0/EL  buffer_pool.h:25] BufferPool[IO-0_Write]: Allocate new buffer, current buffer count is 200
I1102 19:16:16.419366 IO-0/EL  buffer_pool.h:25] BufferPool[IO-0_Write]: Allocate new buffer, current buffer count is 201
I1102 19:16:16.419375 IO-0/EL  buffer_pool.h:25] BufferPool[IO-0_Write]: Allocate new buffer, current buffer count is 202
I1102 19:16:16.419385 IO-0/EL  buffer_pool.h:25] BufferPool[IO-0_Write]: Allocate new buffer, current buffer count is 203
I1102 19:16:16.419398 IO-0/EL  buffer_pool.h:25] BufferPool[IO-0_Write]: Allocate new buffer, current buffer count is 204
I1102 19:16:16.419409 IO-0/EL  buffer_pool.h:25] BufferPool[IO-0_Write]: Allocate new buffer, current buffer count is 205
I1102 19:16:16.419423 IO-0/EL  buffer_pool.h:25] BufferPool[IO-0_Write]: Allocate new buffer, current buffer count is 206
I1102 19:16:16.419432 IO-0/EL  buffer_pool.h:25] BufferPool[IO-0_Write]: Allocate new buffer, current buffer count is 207
I1102 19:16:16.419447 IO-0/EL  buffer_pool.h:25] BufferPool[IO-0_Write]: Allocate new buffer, current buffer count is 208
I1102 19:16:16.419459 IO-0/EL  buffer_pool.h:25] BufferPool[IO-0_Write]: Allocate new buffer, current buffer count is 209
I1102 19:16:16.419472 IO-0/EL  buffer_pool.h:25] BufferPool[IO-0_Write]: Allocate new buffer, current buffer count is 210
I1102 19:16:16.419480 IO-0/EL  buffer_pool.h:25] BufferPool[IO-0_Write]: Allocate new buffer, current buffer count is 211
I1102 19:16:16.419493 IO-0/EL  buffer_pool.h:25] BufferPool[IO-0_Write]: Allocate new buffer, current buffer count is 212
I1102 19:16:16.419502 IO-0/EL  buffer_pool.h:25] BufferPool[IO-0_Write]: Allocate new buffer, current buffer count is 213
I1102 19:16:16.419513 IO-0/EL  buffer_pool.h:25] BufferPool[IO-0_Write]: Allocate new buffer, current buffer count is 214
I1102 19:16:16.419534 IO-0/EL  buffer_pool.h:25] BufferPool[IO-0_Write]: Allocate new buffer, current buffer count is 215
I1102 19:16:16.419547 IO-0/EL  buffer_pool.h:25] BufferPool[IO-0_Write]: Allocate new buffer, current buffer count is 216
I1102 19:16:16.419565 IO-0/EL  buffer_pool.h:25] BufferPool[IO-0_Write]: Allocate new buffer, current buffer count is 217
I1102 19:16:16.419578 IO-0/EL  buffer_pool.h:25] BufferPool[IO-0_Write]: Allocate new buffer, current buffer count is 218
I1102 19:16:16.419603 IO-0/EL  buffer_pool.h:25] BufferPool[IO-0_Write]: Allocate new buffer, current buffer count is 219
I1102 19:16:16.419619 IO-0/EL  buffer_pool.h:25] BufferPool[IO-0_Write]: Allocate new buffer, current buffer count is 220
I1102 19:16:16.419635 IO-0/EL  buffer_pool.h:25] BufferPool[IO-0_Write]: Allocate new buffer, current buffer count is 221
I1102 19:16:16.419652 IO-0/EL  buffer_pool.h:25] BufferPool[IO-0_Write]: Allocate new buffer, current buffer count is 222
I1102 19:16:16.419669 IO-0/EL  buffer_pool.h:25] BufferPool[IO-0_Write]: Allocate new buffer, current buffer count is 223
I1102 19:16:16.419685 IO-0/EL  buffer_pool.h:25] BufferPool[IO-0_Write]: Allocate new buffer, current buffer count is 224
I1102 19:16:16.419714 IO-0/EL  buffer_pool.h:25] BufferPool[IO-0_Write]: Allocate new buffer, current buffer count is 225
I1102 19:16:16.419728 IO-0/EL  buffer_pool.h:25] BufferPool[IO-0_Write]: Allocate new buffer, current buffer count is 226
I1102 19:16:16.419743 IO-0/EL  buffer_pool.h:25] BufferPool[IO-0_Write]: Allocate new buffer, current buffer count is 227
I1102 19:16:16.419755 IO-0/EL  buffer_pool.h:25] BufferPool[IO-0_Write]: Allocate new buffer, current buffer count is 228
I1102 19:16:16.419768 IO-0/EL  buffer_pool.h:25] BufferPool[IO-0_Write]: Allocate new buffer, current buffer count is 229
I1102 19:16:16.419777 IO-0/EL  buffer_pool.h:25] BufferPool[IO-0_Write]: Allocate new buffer, current buffer count is 230
I1102 19:16:16.419789 IO-0/EL  buffer_pool.h:25] BufferPool[IO-0_Write]: Allocate new buffer, current buffer count is 231
I1102 19:16:16.419801 IO-0/EL  buffer_pool.h:25] BufferPool[IO-0_Write]: Allocate new buffer, current buffer count is 232
I1102 19:16:16.419812 IO-0/EL  buffer_pool.h:25] BufferPool[IO-0_Write]: Allocate new buffer, current buffer count is 233
I1102 19:16:16.419825 IO-0/EL  buffer_pool.h:25] BufferPool[IO-0_Write]: Allocate new buffer, current buffer count is 234
I1102 19:16:16.419837 IO-0/EL  buffer_pool.h:25] BufferPool[IO-0_Write]: Allocate new buffer, current buffer count is 235
I1102 19:16:16.419860 IO-0/EL  buffer_pool.h:25] BufferPool[IO-0_Write]: Allocate new buffer, current buffer count is 236
I1102 19:16:16.419876 IO-0/EL  buffer_pool.h:25] BufferPool[IO-0_Write]: Allocate new buffer, current buffer count is 237
I1102 19:16:16.419897 IO-0/EL  buffer_pool.h:25] BufferPool[IO-0_Write]: Allocate new buffer, current buffer count is 238
I1102 19:16:16.419912 IO-0/EL  buffer_pool.h:25] BufferPool[IO-0_Write]: Allocate new buffer, current buffer count is 239
I1102 19:16:16.419927 IO-0/EL  buffer_pool.h:25] BufferPool[IO-0_Write]: Allocate new buffer, current buffer count is 240
I1102 19:16:16.419943 IO-0/EL  buffer_pool.h:25] BufferPool[IO-0_Write]: Allocate new buffer, current buffer count is 241
I1102 19:16:16.419958 IO-0/EL  buffer_pool.h:25] BufferPool[IO-0_Write]: Allocate new buffer, current buffer count is 242
I1102 19:16:16.419981 IO-0/EL  buffer_pool.h:25] BufferPool[IO-0_Write]: Allocate new buffer, current buffer count is 243
I1102 19:16:16.419996 IO-0/EL  buffer_pool.h:25] BufferPool[IO-0_Write]: Allocate new buffer, current buffer count is 244
I1102 19:16:16.420010 IO-0/EL  buffer_pool.h:25] BufferPool[IO-0_Write]: Allocate new buffer, current buffer count is 245
I1102 19:16:16.420019 IO-0/EL  buffer_pool.h:25] BufferPool[IO-0_Write]: Allocate new buffer, current buffer count is 246
I1102 19:16:16.420036 IO-0/EL  buffer_pool.h:25] BufferPool[IO-0_Write]: Allocate new buffer, current buffer count is 247
I1102 19:16:16.420059 IO-0/EL  buffer_pool.h:25] BufferPool[IO-0_Write]: Allocate new buffer, current buffer count is 248
I1102 19:16:16.420080 IO-0/EL  buffer_pool.h:25] BufferPool[IO-0_Write]: Allocate new buffer, current buffer count is 249
I1102 19:16:16.420098 IO-0/EL  buffer_pool.h:25] BufferPool[IO-0_Write]: Allocate new buffer, current buffer count is 250
I1102 19:16:16.420115 IO-0/EL  buffer_pool.h:25] BufferPool[IO-0_Write]: Allocate new buffer, current buffer count is 251
I1102 19:16:16.420129 IO-0/EL  buffer_pool.h:25] BufferPool[IO-0_Write]: Allocate new buffer, current buffer count is 252
I1102 19:16:16.420146 IO-0/EL  buffer_pool.h:25] BufferPool[IO-0_Write]: Allocate new buffer, current buffer count is 253
I1102 19:16:16.420160 IO-0/EL  buffer_pool.h:25] BufferPool[IO-0_Write]: Allocate new buffer, current buffer count is 254
I1102 19:16:16.420176 IO-0/EL  buffer_pool.h:25] BufferPool[IO-0_Write]: Allocate new buffer, current buffer count is 255
I1102 19:16:16.420192 IO-0/EL  buffer_pool.h:25] BufferPool[IO-0_Write]: Allocate new buffer, current buffer count is 256
I1102 19:16:16.420666 IO-0/EL  buffer_pool.h:25] BufferPool[IO-0_Write]: Allocate new buffer, current buffer count is 257
I1102 19:16:16.420689 IO-0/EL  buffer_pool.h:25] BufferPool[IO-0_Write]: Allocate new buffer, current buffer count is 258
I1102 19:16:16.420701 IO-0/EL  buffer_pool.h:25] BufferPool[IO-0_Write]: Allocate new buffer, current buffer count is 259
I1102 19:16:16.420717 IO-0/EL  buffer_pool.h:25] BufferPool[IO-0_Write]: Allocate new buffer, current buffer count is 260
I1102 19:16:16.420730 IO-0/EL  buffer_pool.h:25] BufferPool[IO-0_Write]: Allocate new buffer, current buffer count is 261
I1102 19:16:16.420740 IO-0/EL  buffer_pool.h:25] BufferPool[IO-0_Write]: Allocate new buffer, current buffer count is 262
I1102 19:16:16.420751 IO-0/EL  buffer_pool.h:25] BufferPool[IO-0_Write]: Allocate new buffer, current buffer count is 263
I1102 19:16:16.420766 IO-0/EL  buffer_pool.h:25] BufferPool[IO-0_Write]: Allocate new buffer, current buffer count is 264
I1102 19:16:16.420782 IO-0/EL  buffer_pool.h:25] BufferPool[IO-0_Write]: Allocate new buffer, current buffer count is 265
I1102 19:16:16.420806 IO-0/EL  buffer_pool.h:25] BufferPool[IO-0_Write]: Allocate new buffer, current buffer count is 266
I1102 19:16:16.420821 IO-0/EL  buffer_pool.h:25] BufferPool[IO-0_Write]: Allocate new buffer, current buffer count is 267
I1102 19:16:16.420836 IO-0/EL  buffer_pool.h:25] BufferPool[IO-0_Write]: Allocate new buffer, current buffer count is 268
I1102 19:16:16.420850 IO-0/EL  buffer_pool.h:25] BufferPool[IO-0_Write]: Allocate new buffer, current buffer count is 269
I1102 19:16:16.420859 IO-0/EL  buffer_pool.h:25] BufferPool[IO-0_Write]: Allocate new buffer, current buffer count is 270
I1102 19:16:16.420870 IO-0/EL  buffer_pool.h:25] BufferPool[IO-0_Write]: Allocate new buffer, current buffer count is 271
I1102 19:16:16.420879 IO-0/EL  buffer_pool.h:25] BufferPool[IO-0_Write]: Allocate new buffer, current buffer count is 272
I1102 19:16:16.420889 IO-0/EL  buffer_pool.h:25] BufferPool[IO-0_Write]: Allocate new buffer, current buffer count is 273
I1102 19:16:16.420899 IO-0/EL  buffer_pool.h:25] BufferPool[IO-0_Write]: Allocate new buffer, current buffer count is 274
I1102 19:16:16.420910 IO-0/EL  buffer_pool.h:25] BufferPool[IO-0_Write]: Allocate new buffer, current buffer count is 275
I1102 19:16:16.420920 IO-0/EL  buffer_pool.h:25] BufferPool[IO-0_Write]: Allocate new buffer, current buffer count is 276
I1102 19:16:16.420930 IO-0/EL  buffer_pool.h:25] BufferPool[IO-0_Write]: Allocate new buffer, current buffer count is 277
I1102 19:16:16.420940 IO-0/EL  buffer_pool.h:25] BufferPool[IO-0_Write]: Allocate new buffer, current buffer count is 278
I1102 19:16:16.420949 IO-0/EL  buffer_pool.h:25] BufferPool[IO-0_Write]: Allocate new buffer, current buffer count is 279
I1102 19:16:16.420961 IO-0/EL  buffer_pool.h:25] BufferPool[IO-0_Write]: Allocate new buffer, current buffer count is 280
I1102 19:16:16.420972 IO-0/EL  buffer_pool.h:25] BufferPool[IO-0_Write]: Allocate new buffer, current buffer count is 281
I1102 19:16:16.420992 IO-0/EL  buffer_pool.h:25] BufferPool[IO-0_Write]: Allocate new buffer, current buffer count is 282
I1102 19:16:16.421003 IO-0/EL  buffer_pool.h:25] BufferPool[IO-0_Write]: Allocate new buffer, current buffer count is 283
I1102 19:16:16.421016 IO-0/EL  buffer_pool.h:25] BufferPool[IO-0_Write]: Allocate new buffer, current buffer count is 284
I1102 19:16:16.421027 IO-0/EL  buffer_pool.h:25] BufferPool[IO-0_Write]: Allocate new buffer, current buffer count is 285
I1102 19:16:16.421040 IO-0/EL  buffer_pool.h:25] BufferPool[IO-0_Write]: Allocate new buffer, current buffer count is 286
I1102 19:16:16.421054 IO-0/EL  buffer_pool.h:25] BufferPool[IO-0_Write]: Allocate new buffer, current buffer count is 287
I1102 19:16:16.421070 IO-0/EL  buffer_pool.h:25] BufferPool[IO-0_Write]: Allocate new buffer, current buffer count is 288
I1102 19:16:16.421089 IO-0/EL  buffer_pool.h:25] BufferPool[IO-0_Write]: Allocate new buffer, current buffer count is 289
I1102 19:16:16.421103 IO-0/EL  buffer_pool.h:25] BufferPool[IO-0_Write]: Allocate new buffer, current buffer count is 290
I1102 19:16:16.421118 IO-0/EL  buffer_pool.h:25] BufferPool[IO-0_Write]: Allocate new buffer, current buffer count is 291
I1102 19:16:16.421128 IO-0/EL  buffer_pool.h:25] BufferPool[IO-0_Write]: Allocate new buffer, current buffer count is 292
I1102 19:16:16.421139 IO-0/EL  buffer_pool.h:25] BufferPool[IO-0_Write]: Allocate new buffer, current buffer count is 293
I1102 19:16:16.421148 IO-0/EL  buffer_pool.h:25] BufferPool[IO-0_Write]: Allocate new buffer, current buffer count is 294
I1102 19:16:16.421158 IO-0/EL  buffer_pool.h:25] BufferPool[IO-0_Write]: Allocate new buffer, current buffer count is 295
I1102 19:16:16.421168 IO-0/EL  buffer_pool.h:25] BufferPool[IO-0_Write]: Allocate new buffer, current buffer count is 296
I1102 19:16:16.421178 IO-0/EL  buffer_pool.h:25] BufferPool[IO-0_Write]: Allocate new buffer, current buffer count is 297
I1102 19:16:16.421188 IO-0/EL  buffer_pool.h:25] BufferPool[IO-0_Write]: Allocate new buffer, current buffer count is 298
I1102 19:16:16.421199 IO-0/EL  buffer_pool.h:25] BufferPool[IO-0_Write]: Allocate new buffer, current buffer count is 299
I1102 19:16:16.421209 IO-0/EL  buffer_pool.h:25] BufferPool[IO-0_Write]: Allocate new buffer, current buffer count is 300
I1102 19:16:16.421222 IO-0/EL  buffer_pool.h:25] BufferPool[IO-0_Write]: Allocate new buffer, current buffer count is 301
I1102 19:16:16.421233 IO-0/EL  buffer_pool.h:25] BufferPool[IO-0_Write]: Allocate new buffer, current buffer count is 302
I1102 19:16:16.421245 IO-0/EL  buffer_pool.h:25] BufferPool[IO-0_Write]: Allocate new buffer, current buffer count is 303
I1102 19:16:16.421255 IO-0/EL  buffer_pool.h:25] BufferPool[IO-0_Write]: Allocate new buffer, current buffer count is 304
I1102 19:16:16.421265 IO-0/EL  buffer_pool.h:25] BufferPool[IO-0_Write]: Allocate new buffer, current buffer count is 305
I1102 19:16:16.421275 IO-0/EL  buffer_pool.h:25] BufferPool[IO-0_Write]: Allocate new buffer, current buffer count is 306
I1102 19:16:16.421286 IO-0/EL  buffer_pool.h:25] BufferPool[IO-0_Write]: Allocate new buffer, current buffer count is 307
I1102 19:16:16.421296 IO-0/EL  buffer_pool.h:25] BufferPool[IO-0_Write]: Allocate new buffer, current buffer count is 308
I1102 19:16:16.421309 IO-0/EL  buffer_pool.h:25] BufferPool[IO-0_Write]: Allocate new buffer, current buffer count is 309
I1102 19:16:16.421322 IO-0/EL  buffer_pool.h:25] BufferPool[IO-0_Write]: Allocate new buffer, current buffer count is 310
I1102 19:16:16.421338 IO-0/EL  buffer_pool.h:25] BufferPool[IO-0_Write]: Allocate new buffer, current buffer count is 311
I1102 19:16:16.421359 IO-0/EL  buffer_pool.h:25] BufferPool[IO-0_Write]: Allocate new buffer, current buffer count is 312
I1102 19:16:16.421376 IO-0/EL  buffer_pool.h:25] BufferPool[IO-0_Write]: Allocate new buffer, current buffer count is 313
I1102 19:16:16.421389 IO-0/EL  buffer_pool.h:25] BufferPool[IO-0_Write]: Allocate new buffer, current buffer count is 314
I1102 19:16:16.421408 IO-0/EL  buffer_pool.h:25] BufferPool[IO-0_Write]: Allocate new buffer, current buffer count is 315
I1102 19:16:16.421418 IO-0/EL  buffer_pool.h:25] BufferPool[IO-0_Write]: Allocate new buffer, current buffer count is 316
I1102 19:16:16.421428 IO-0/EL  buffer_pool.h:25] BufferPool[IO-0_Write]: Allocate new buffer, current buffer count is 317
I1102 19:16:16.421439 IO-0/EL  buffer_pool.h:25] BufferPool[IO-0_Write]: Allocate new buffer, current buffer count is 318
I1102 19:16:16.421450 IO-0/EL  buffer_pool.h:25] BufferPool[IO-0_Write]: Allocate new buffer, current buffer count is 319
I1102 19:16:16.421460 IO-0/EL  buffer_pool.h:25] BufferPool[IO-0_Write]: Allocate new buffer, current buffer count is 320
I1102 19:16:16.421475 IO-0/EL  buffer_pool.h:25] BufferPool[IO-0_Write]: Allocate new buffer, current buffer count is 321
I1102 19:16:16.421485 IO-0/EL  buffer_pool.h:25] BufferPool[IO-0_Write]: Allocate new buffer, current buffer count is 322
I1102 19:16:16.421494 IO-0/EL  buffer_pool.h:25] BufferPool[IO-0_Write]: Allocate new buffer, current buffer count is 323
I1102 19:16:16.421503 IO-0/EL  buffer_pool.h:25] BufferPool[IO-0_Write]: Allocate new buffer, current buffer count is 324
I1102 19:16:16.421513 IO-0/EL  buffer_pool.h:25] BufferPool[IO-0_Write]: Allocate new buffer, current buffer count is 325
I1102 19:16:16.421523 IO-0/EL  buffer_pool.h:25] BufferPool[IO-0_Write]: Allocate new buffer, current buffer count is 326
I1102 19:16:16.421533 IO-0/EL  buffer_pool.h:25] BufferPool[IO-0_Write]: Allocate new buffer, current buffer count is 327
I1102 19:16:16.421543 IO-0/EL  buffer_pool.h:25] BufferPool[IO-0_Write]: Allocate new buffer, current buffer count is 328
I1102 19:16:16.421553 IO-0/EL  buffer_pool.h:25] BufferPool[IO-0_Write]: Allocate new buffer, current buffer count is 329
I1102 19:16:16.421562 IO-0/EL  buffer_pool.h:25] BufferPool[IO-0_Write]: Allocate new buffer, current buffer count is 330
I1102 19:16:16.421572 IO-0/EL  buffer_pool.h:25] BufferPool[IO-0_Write]: Allocate new buffer, current buffer count is 331
I1102 19:16:16.421582 IO-0/EL  buffer_pool.h:25] BufferPool[IO-0_Write]: Allocate new buffer, current buffer count is 332
I1102 19:16:16.421592 IO-0/EL  buffer_pool.h:25] BufferPool[IO-0_Write]: Allocate new buffer, current buffer count is 333
I1102 19:16:16.421601 IO-0/EL  buffer_pool.h:25] BufferPool[IO-0_Write]: Allocate new buffer, current buffer count is 334
I1102 19:16:16.421611 IO-0/EL  buffer_pool.h:25] BufferPool[IO-0_Write]: Allocate new buffer, current buffer count is 335
I1102 19:16:16.421623 IO-0/EL  buffer_pool.h:25] BufferPool[IO-0_Write]: Allocate new buffer, current buffer count is 336
I1102 19:16:16.421637 IO-0/EL  buffer_pool.h:25] BufferPool[IO-0_Write]: Allocate new buffer, current buffer count is 337
I1102 19:16:16.421652 IO-0/EL  buffer_pool.h:25] BufferPool[IO-0_Write]: Allocate new buffer, current buffer count is 338
I1102 19:16:16.421674 IO-0/EL  buffer_pool.h:25] BufferPool[IO-0_Write]: Allocate new buffer, current buffer count is 339
I1102 19:16:16.421690 IO-0/EL  buffer_pool.h:25] BufferPool[IO-0_Write]: Allocate new buffer, current buffer count is 340
I1102 19:16:16.421706 IO-0/EL  buffer_pool.h:25] BufferPool[IO-0_Write]: Allocate new buffer, current buffer count is 341
I1102 19:16:16.421725 IO-0/EL  buffer_pool.h:25] BufferPool[IO-0_Write]: Allocate new buffer, current buffer count is 342
I1102 19:16:16.421740 IO-0/EL  buffer_pool.h:25] BufferPool[IO-0_Write]: Allocate new buffer, current buffer count is 343
I1102 19:16:16.421753 IO-0/EL  buffer_pool.h:25] BufferPool[IO-0_Write]: Allocate new buffer, current buffer count is 344
I1102 19:16:16.421769 IO-0/EL  buffer_pool.h:25] BufferPool[IO-0_Write]: Allocate new buffer, current buffer count is 345
I1102 19:16:16.421781 IO-0/EL  buffer_pool.h:25] BufferPool[IO-0_Write]: Allocate new buffer, current buffer count is 346
I1102 19:16:16.421791 IO-0/EL  buffer_pool.h:25] BufferPool[IO-0_Write]: Allocate new buffer, current buffer count is 347
I1102 19:16:16.421801 IO-0/EL  buffer_pool.h:25] BufferPool[IO-0_Write]: Allocate new buffer, current buffer count is 348
I1102 19:16:16.421819 IO-0/EL  buffer_pool.h:25] BufferPool[IO-0_Write]: Allocate new buffer, current buffer count is 349
I1102 19:16:16.421829 IO-0/EL  buffer_pool.h:25] BufferPool[IO-0_Write]: Allocate new buffer, current buffer count is 350
I1102 19:16:16.421839 IO-0/EL  buffer_pool.h:25] BufferPool[IO-0_Write]: Allocate new buffer, current buffer count is 351
I1102 19:16:16.421852 IO-0/EL  buffer_pool.h:25] BufferPool[IO-0_Write]: Allocate new buffer, current buffer count is 352
I1102 19:16:16.421865 IO-0/EL  buffer_pool.h:25] BufferPool[IO-0_Write]: Allocate new buffer, current buffer count is 353
I1102 19:16:16.421883 IO-0/EL  buffer_pool.h:25] BufferPool[IO-0_Write]: Allocate new buffer, current buffer count is 354
I1102 19:16:16.421901 IO-0/EL  buffer_pool.h:25] BufferPool[IO-0_Write]: Allocate new buffer, current buffer count is 355
I1102 19:16:16.421917 IO-0/EL  buffer_pool.h:25] BufferPool[IO-0_Write]: Allocate new buffer, current buffer count is 356
I1102 19:16:16.421935 IO-0/EL  buffer_pool.h:25] BufferPool[IO-0_Write]: Allocate new buffer, current buffer count is 357
I1102 19:16:16.421946 IO-0/EL  buffer_pool.h:25] BufferPool[IO-0_Write]: Allocate new buffer, current buffer count is 358
I1102 19:16:16.421955 IO-0/EL  buffer_pool.h:25] BufferPool[IO-0_Write]: Allocate new buffer, current buffer count is 359
I1102 19:16:16.421967 IO-0/EL  buffer_pool.h:25] BufferPool[IO-0_Write]: Allocate new buffer, current buffer count is 360
I1102 19:16:16.421976 IO-0/EL  buffer_pool.h:25] BufferPool[IO-0_Write]: Allocate new buffer, current buffer count is 361
I1102 19:16:16.421986 IO-0/EL  buffer_pool.h:25] BufferPool[IO-0_Write]: Allocate new buffer, current buffer count is 362
I1102 19:16:16.421997 IO-0/EL  buffer_pool.h:25] BufferPool[IO-0_Write]: Allocate new buffer, current buffer count is 363
I1102 19:16:16.422006 IO-0/EL  buffer_pool.h:25] BufferPool[IO-0_Write]: Allocate new buffer, current buffer count is 364
I1102 19:16:16.422016 IO-0/EL  buffer_pool.h:25] BufferPool[IO-0_Write]: Allocate new buffer, current buffer count is 365
I1102 19:16:16.422026 IO-0/EL  buffer_pool.h:25] BufferPool[IO-0_Write]: Allocate new buffer, current buffer count is 366
I1102 19:16:16.422036 IO-0/EL  buffer_pool.h:25] BufferPool[IO-0_Write]: Allocate new buffer, current buffer count is 367
I1102 19:16:16.422045 IO-0/EL  buffer_pool.h:25] BufferPool[IO-0_Write]: Allocate new buffer, current buffer count is 368
I1102 19:16:16.422058 IO-0/EL  buffer_pool.h:25] BufferPool[IO-0_Write]: Allocate new buffer, current buffer count is 369
I1102 19:16:16.422074 IO-0/EL  buffer_pool.h:25] BufferPool[IO-0_Write]: Allocate new buffer, current buffer count is 370
I1102 19:16:16.422092 IO-0/EL  buffer_pool.h:25] BufferPool[IO-0_Write]: Allocate new buffer, current buffer count is 371
I1102 19:16:16.422110 IO-0/EL  buffer_pool.h:25] BufferPool[IO-0_Write]: Allocate new buffer, current buffer count is 372
I1102 19:16:16.422126 IO-0/EL  buffer_pool.h:25] BufferPool[IO-0_Write]: Allocate new buffer, current buffer count is 373
I1102 19:16:16.422142 IO-0/EL  buffer_pool.h:25] BufferPool[IO-0_Write]: Allocate new buffer, current buffer count is 374
I1102 19:16:16.422152 IO-0/EL  buffer_pool.h:25] BufferPool[IO-0_Write]: Allocate new buffer, current buffer count is 375
I1102 19:16:16.422167 IO-0/EL  buffer_pool.h:25] BufferPool[IO-0_Write]: Allocate new buffer, current buffer count is 376
I1102 19:16:16.422176 IO-0/EL  buffer_pool.h:25] BufferPool[IO-0_Write]: Allocate new buffer, current buffer count is 377
I1102 19:16:16.422186 IO-0/EL  buffer_pool.h:25] BufferPool[IO-0_Write]: Allocate new buffer, current buffer count is 378
I1102 19:16:16.422197 IO-0/EL  buffer_pool.h:25] BufferPool[IO-0_Write]: Allocate new buffer, current buffer count is 379
I1102 19:16:16.422207 IO-0/EL  buffer_pool.h:25] BufferPool[IO-0_Write]: Allocate new buffer, current buffer count is 380
I1102 19:16:16.422216 IO-0/EL  buffer_pool.h:25] BufferPool[IO-0_Write]: Allocate new buffer, current buffer count is 381
I1102 19:16:16.422234 IO-0/EL  buffer_pool.h:25] BufferPool[IO-0_Write]: Allocate new buffer, current buffer count is 382
I1102 19:16:16.422246 IO-0/EL  buffer_pool.h:25] BufferPool[IO-0_Write]: Allocate new buffer, current buffer count is 383
I1102 19:16:16.422260 IO-0/EL  buffer_pool.h:25] BufferPool[IO-0_Write]: Allocate new buffer, current buffer count is 384
I1102 19:16:16.422277 IO-0/EL  buffer_pool.h:25] BufferPool[IO-0_Write]: Allocate new buffer, current buffer count is 385
I1102 19:16:16.422295 IO-0/EL  buffer_pool.h:25] BufferPool[IO-0_Write]: Allocate new buffer, current buffer count is 386
I1102 19:16:16.422309 IO-0/EL  buffer_pool.h:25] BufferPool[IO-0_Write]: Allocate new buffer, current buffer count is 387
I1102 19:16:16.422324 IO-0/EL  buffer_pool.h:25] BufferPool[IO-0_Write]: Allocate new buffer, current buffer count is 388
I1102 19:16:16.422336 IO-0/EL  buffer_pool.h:25] BufferPool[IO-0_Write]: Allocate new buffer, current buffer count is 389
I1102 19:16:16.422346 IO-0/EL  buffer_pool.h:25] BufferPool[IO-0_Write]: Allocate new buffer, current buffer count is 390
I1102 19:16:16.422356 IO-0/EL  buffer_pool.h:25] BufferPool[IO-0_Write]: Allocate new buffer, current buffer count is 391
I1102 19:16:16.422368 IO-0/EL  buffer_pool.h:25] BufferPool[IO-0_Write]: Allocate new buffer, current buffer count is 392
I1102 19:16:16.422378 IO-0/EL  buffer_pool.h:25] BufferPool[IO-0_Write]: Allocate new buffer, current buffer count is 393
I1102 19:16:16.422388 IO-0/EL  buffer_pool.h:25] BufferPool[IO-0_Write]: Allocate new buffer, current buffer count is 394
I1102 19:16:16.422398 IO-0/EL  buffer_pool.h:25] BufferPool[IO-0_Write]: Allocate new buffer, current buffer count is 395
I1102 19:16:16.422409 IO-0/EL  buffer_pool.h:25] BufferPool[IO-0_Write]: Allocate new buffer, current buffer count is 396
I1102 19:16:16.422419 IO-0/EL  buffer_pool.h:25] BufferPool[IO-0_Write]: Allocate new buffer, current buffer count is 397
I1102 19:16:16.422430 IO-0/EL  buffer_pool.h:25] BufferPool[IO-0_Write]: Allocate new buffer, current buffer count is 398
I1102 19:16:16.422440 IO-0/EL  buffer_pool.h:25] BufferPool[IO-0_Write]: Allocate new buffer, current buffer count is 399
I1102 19:16:16.422450 IO-0/EL  buffer_pool.h:25] BufferPool[IO-0_Write]: Allocate new buffer, current buffer count is 400
I1102 19:16:16.422461 IO-0/EL  buffer_pool.h:25] BufferPool[IO-0_Write]: Allocate new buffer, current buffer count is 401
I1102 19:16:16.422472 IO-0/EL  buffer_pool.h:25] BufferPool[IO-0_Write]: Allocate new buffer, current buffer count is 402
I1102 19:16:16.422486 IO-0/EL  buffer_pool.h:25] BufferPool[IO-0_Write]: Allocate new buffer, current buffer count is 403
I1102 19:16:16.422496 IO-0/EL  buffer_pool.h:25] BufferPool[IO-0_Write]: Allocate new buffer, current buffer count is 404
I1102 19:16:16.422506 IO-0/EL  buffer_pool.h:25] BufferPool[IO-0_Write]: Allocate new buffer, current buffer count is 405
I1102 19:16:16.422516 IO-0/EL  buffer_pool.h:25] BufferPool[IO-0_Write]: Allocate new buffer, current buffer count is 406
I1102 19:16:16.422526 IO-0/EL  buffer_pool.h:25] BufferPool[IO-0_Write]: Allocate new buffer, current buffer count is 407
I1102 19:16:16.422535 IO-0/EL  buffer_pool.h:25] BufferPool[IO-0_Write]: Allocate new buffer, current buffer count is 408
I1102 19:16:16.422545 IO-0/EL  buffer_pool.h:25] BufferPool[IO-0_Write]: Allocate new buffer, current buffer count is 409
I1102 19:16:16.422555 IO-0/EL  buffer_pool.h:25] BufferPool[IO-0_Write]: Allocate new buffer, current buffer count is 410
I1102 19:16:16.422565 IO-0/EL  buffer_pool.h:25] BufferPool[IO-0_Write]: Allocate new buffer, current buffer count is 411
I1102 19:16:16.422574 IO-0/EL  buffer_pool.h:25] BufferPool[IO-0_Write]: Allocate new buffer, current buffer count is 412
I1102 19:16:16.422583 IO-0/EL  buffer_pool.h:25] BufferPool[IO-0_Write]: Allocate new buffer, current buffer count is 413
I1102 19:16:16.422593 IO-0/EL  buffer_pool.h:25] BufferPool[IO-0_Write]: Allocate new buffer, current buffer count is 414
I1102 19:16:16.422603 IO-0/EL  buffer_pool.h:25] BufferPool[IO-0_Write]: Allocate new buffer, current buffer count is 415
I1102 19:16:16.422622 IO-0/EL  buffer_pool.h:25] BufferPool[IO-0_Write]: Allocate new buffer, current buffer count is 416
I1102 19:16:16.422632 IO-0/EL  buffer_pool.h:25] BufferPool[IO-0_Write]: Allocate new buffer, current buffer count is 417
I1102 19:16:16.422644 IO-0/EL  buffer_pool.h:25] BufferPool[IO-0_Write]: Allocate new buffer, current buffer count is 418
I1102 19:16:16.422655 IO-0/EL  buffer_pool.h:25] BufferPool[IO-0_Write]: Allocate new buffer, current buffer count is 419
I1102 19:16:16.422667 IO-0/EL  buffer_pool.h:25] BufferPool[IO-0_Write]: Allocate new buffer, current buffer count is 420
I1102 19:16:16.422682 IO-0/EL  buffer_pool.h:25] BufferPool[IO-0_Write]: Allocate new buffer, current buffer count is 421
I1102 19:16:16.422699 IO-0/EL  buffer_pool.h:25] BufferPool[IO-0_Write]: Allocate new buffer, current buffer count is 422
I1102 19:16:16.422721 IO-0/EL  buffer_pool.h:25] BufferPool[IO-0_Write]: Allocate new buffer, current buffer count is 423
I1102 19:16:16.422738 IO-0/EL  buffer_pool.h:25] BufferPool[IO-0_Write]: Allocate new buffer, current buffer count is 424
I1102 19:16:16.422752 IO-0/EL  buffer_pool.h:25] BufferPool[IO-0_Write]: Allocate new buffer, current buffer count is 425
I1102 19:16:16.422771 IO-0/EL  buffer_pool.h:25] BufferPool[IO-0_Write]: Allocate new buffer, current buffer count is 426
I1102 19:16:16.422782 IO-0/EL  buffer_pool.h:25] BufferPool[IO-0_Write]: Allocate new buffer, current buffer count is 427
I1102 19:16:16.422792 IO-0/EL  buffer_pool.h:25] BufferPool[IO-0_Write]: Allocate new buffer, current buffer count is 428
I1102 19:16:16.422801 IO-0/EL  buffer_pool.h:25] BufferPool[IO-0_Write]: Allocate new buffer, current buffer count is 429
I1102 19:16:16.422812 IO-0/EL  buffer_pool.h:25] BufferPool[IO-0_Write]: Allocate new buffer, current buffer count is 430
I1102 19:16:16.422822 IO-0/EL  buffer_pool.h:25] BufferPool[IO-0_Write]: Allocate new buffer, current buffer count is 431
I1102 19:16:16.422831 IO-0/EL  buffer_pool.h:25] BufferPool[IO-0_Write]: Allocate new buffer, current buffer count is 432
I1102 19:16:16.422841 IO-0/EL  buffer_pool.h:25] BufferPool[IO-0_Write]: Allocate new buffer, current buffer count is 433
I1102 19:16:16.422850 IO-0/EL  buffer_pool.h:25] BufferPool[IO-0_Write]: Allocate new buffer, current buffer count is 434
I1102 19:16:16.422859 IO-0/EL  buffer_pool.h:25] BufferPool[IO-0_Write]: Allocate new buffer, current buffer count is 435
I1102 19:16:16.422873 IO-0/EL  buffer_pool.h:25] BufferPool[IO-0_Write]: Allocate new buffer, current buffer count is 436
I1102 19:16:16.422888 IO-0/EL  buffer_pool.h:25] BufferPool[IO-0_Write]: Allocate new buffer, current buffer count is 437
I1102 19:16:16.422909 IO-0/EL  buffer_pool.h:25] BufferPool[IO-0_Write]: Allocate new buffer, current buffer count is 438
I1102 19:16:16.422927 IO-0/EL  buffer_pool.h:25] BufferPool[IO-0_Write]: Allocate new buffer, current buffer count is 439
I1102 19:16:16.422948 IO-0/EL  buffer_pool.h:25] BufferPool[IO-0_Write]: Allocate new buffer, current buffer count is 440
I1102 19:16:16.422960 IO-0/EL  buffer_pool.h:25] BufferPool[IO-0_Write]: Allocate new buffer, current buffer count is 441
I1102 19:16:16.422970 IO-0/EL  buffer_pool.h:25] BufferPool[IO-0_Write]: Allocate new buffer, current buffer count is 442
I1102 19:16:16.422980 IO-0/EL  buffer_pool.h:25] BufferPool[IO-0_Write]: Allocate new buffer, current buffer count is 443
I1102 19:16:16.422990 IO-0/EL  buffer_pool.h:25] BufferPool[IO-0_Write]: Allocate new buffer, current buffer count is 444
I1102 19:16:16.423000 IO-0/EL  buffer_pool.h:25] BufferPool[IO-0_Write]: Allocate new buffer, current buffer count is 445
I1102 19:16:16.423009 IO-0/EL  buffer_pool.h:25] BufferPool[IO-0_Write]: Allocate new buffer, current buffer count is 446
I1102 19:16:16.423020 IO-0/EL  buffer_pool.h:25] BufferPool[IO-0_Write]: Allocate new buffer, current buffer count is 447
I1102 19:16:16.423033 IO-0/EL  buffer_pool.h:25] BufferPool[IO-0_Write]: Allocate new buffer, current buffer count is 448
I1102 19:16:16.423047 IO-0/EL  buffer_pool.h:25] BufferPool[IO-0_Write]: Allocate new buffer, current buffer count is 449
I1102 19:16:16.423076 IO-0/EL  buffer_pool.h:25] BufferPool[IO-0_Write]: Allocate new buffer, current buffer count is 450
I1102 19:16:16.423092 IO-0/EL  buffer_pool.h:25] BufferPool[IO-0_Write]: Allocate new buffer, current buffer count is 451
I1102 19:16:16.423107 IO-0/EL  buffer_pool.h:25] BufferPool[IO-0_Write]: Allocate new buffer, current buffer count is 452
I1102 19:16:16.423118 IO-0/EL  buffer_pool.h:25] BufferPool[IO-0_Write]: Allocate new buffer, current buffer count is 453
I1102 19:16:16.423130 IO-0/EL  buffer_pool.h:25] BufferPool[IO-0_Write]: Allocate new buffer, current buffer count is 454
I1102 19:16:16.423140 IO-0/EL  buffer_pool.h:25] BufferPool[IO-0_Write]: Allocate new buffer, current buffer count is 455
I1102 19:16:16.423152 IO-0/EL  buffer_pool.h:25] BufferPool[IO-0_Write]: Allocate new buffer, current buffer count is 456
I1102 19:16:16.423163 IO-0/EL  buffer_pool.h:25] BufferPool[IO-0_Write]: Allocate new buffer, current buffer count is 457
I1102 19:16:16.423178 IO-0/EL  buffer_pool.h:25] BufferPool[IO-0_Write]: Allocate new buffer, current buffer count is 458
I1102 19:16:16.423188 IO-0/EL  buffer_pool.h:25] BufferPool[IO-0_Write]: Allocate new buffer, current buffer count is 459
I1102 19:16:16.423198 IO-0/EL  buffer_pool.h:25] BufferPool[IO-0_Write]: Allocate new buffer, current buffer count is 460
I1102 19:16:16.423211 IO-0/EL  buffer_pool.h:25] BufferPool[IO-0_Write]: Allocate new buffer, current buffer count is 461
I1102 19:16:16.423225 IO-0/EL  buffer_pool.h:25] BufferPool[IO-0_Write]: Allocate new buffer, current buffer count is 462
I1102 19:16:16.423242 IO-0/EL  buffer_pool.h:25] BufferPool[IO-0_Write]: Allocate new buffer, current buffer count is 463
I1102 19:16:16.423258 IO-0/EL  buffer_pool.h:25] BufferPool[IO-0_Write]: Allocate new buffer, current buffer count is 464
I1102 19:16:16.423273 IO-0/EL  buffer_pool.h:25] BufferPool[IO-0_Write]: Allocate new buffer, current buffer count is 465
I1102 19:16:16.423286 IO-0/EL  buffer_pool.h:25] BufferPool[IO-0_Write]: Allocate new buffer, current buffer count is 466
I1102 19:16:16.423295 IO-0/EL  buffer_pool.h:25] BufferPool[IO-0_Write]: Allocate new buffer, current buffer count is 467
I1102 19:16:16.423305 IO-0/EL  buffer_pool.h:25] BufferPool[IO-0_Write]: Allocate new buffer, current buffer count is 468
I1102 19:16:16.423315 IO-0/EL  buffer_pool.h:25] BufferPool[IO-0_Write]: Allocate new buffer, current buffer count is 469
I1102 19:16:16.423324 IO-0/EL  buffer_pool.h:25] BufferPool[IO-0_Write]: Allocate new buffer, current buffer count is 470
I1102 19:16:16.423334 IO-0/EL  buffer_pool.h:25] BufferPool[IO-0_Write]: Allocate new buffer, current buffer count is 471
I1102 19:16:16.423344 IO-0/EL  buffer_pool.h:25] BufferPool[IO-0_Write]: Allocate new buffer, current buffer count is 472
I1102 19:16:16.423356 IO-0/EL  buffer_pool.h:25] BufferPool[IO-0_Write]: Allocate new buffer, current buffer count is 473
I1102 19:16:16.423367 IO-0/EL  buffer_pool.h:25] BufferPool[IO-0_Write]: Allocate new buffer, current buffer count is 474
I1102 19:16:16.423378 IO-0/EL  buffer_pool.h:25] BufferPool[IO-0_Write]: Allocate new buffer, current buffer count is 475
I1102 19:16:16.423391 IO-0/EL  buffer_pool.h:25] BufferPool[IO-0_Write]: Allocate new buffer, current buffer count is 476
I1102 19:16:16.423401 IO-0/EL  buffer_pool.h:25] BufferPool[IO-0_Write]: Allocate new buffer, current buffer count is 477
I1102 19:16:16.423411 IO-0/EL  buffer_pool.h:25] BufferPool[IO-0_Write]: Allocate new buffer, current buffer count is 478
I1102 19:16:16.423421 IO-0/EL  buffer_pool.h:25] BufferPool[IO-0_Write]: Allocate new buffer, current buffer count is 479
I1102 19:16:16.423431 IO-0/EL  buffer_pool.h:25] BufferPool[IO-0_Write]: Allocate new buffer, current buffer count is 480
I1102 19:16:16.423441 IO-0/EL  buffer_pool.h:25] BufferPool[IO-0_Write]: Allocate new buffer, current buffer count is 481
I1102 19:16:16.423450 IO-0/EL  buffer_pool.h:25] BufferPool[IO-0_Write]: Allocate new buffer, current buffer count is 482
I1102 19:16:16.423472 IO-0/EL  buffer_pool.h:25] BufferPool[IO-0_Write]: Allocate new buffer, current buffer count is 483
I1102 19:16:16.423486 IO-0/EL  buffer_pool.h:25] BufferPool[IO-0_Write]: Allocate new buffer, current buffer count is 484
I1102 19:16:16.423503 IO-0/EL  buffer_pool.h:25] BufferPool[IO-0_Write]: Allocate new buffer, current buffer count is 485
I1102 19:16:16.423520 IO-0/EL  buffer_pool.h:25] BufferPool[IO-0_Write]: Allocate new buffer, current buffer count is 486
I1102 19:16:16.423535 IO-0/EL  buffer_pool.h:25] BufferPool[IO-0_Write]: Allocate new buffer, current buffer count is 487
I1102 19:16:16.423550 IO-0/EL  buffer_pool.h:25] BufferPool[IO-0_Write]: Allocate new buffer, current buffer count is 488
I1102 19:16:16.423559 IO-0/EL  buffer_pool.h:25] BufferPool[IO-0_Write]: Allocate new buffer, current buffer count is 489
I1102 19:16:16.423569 IO-0/EL  buffer_pool.h:25] BufferPool[IO-0_Write]: Allocate new buffer, current buffer count is 490
I1102 19:16:16.423578 IO-0/EL  buffer_pool.h:25] BufferPool[IO-0_Write]: Allocate new buffer, current buffer count is 491
I1102 19:16:16.423589 IO-0/EL  buffer_pool.h:25] BufferPool[IO-0_Write]: Allocate new buffer, current buffer count is 492
I1102 19:16:16.423600 IO-0/EL  buffer_pool.h:25] BufferPool[IO-0_Write]: Allocate new buffer, current buffer count is 493
I1102 19:16:16.423611 IO-0/EL  buffer_pool.h:25] BufferPool[IO-0_Write]: Allocate new buffer, current buffer count is 494
I1102 19:16:16.423623 IO-0/EL  buffer_pool.h:25] BufferPool[IO-0_Write]: Allocate new buffer, current buffer count is 495
I1102 19:16:16.423636 IO-0/EL  buffer_pool.h:25] BufferPool[IO-0_Write]: Allocate new buffer, current buffer count is 496
I1102 19:16:16.423649 IO-0/EL  buffer_pool.h:25] BufferPool[IO-0_Write]: Allocate new buffer, current buffer count is 497
I1102 19:16:16.423662 IO-0/EL  buffer_pool.h:25] BufferPool[IO-0_Write]: Allocate new buffer, current buffer count is 498
I1102 19:16:16.423679 IO-0/EL  buffer_pool.h:25] BufferPool[IO-0_Write]: Allocate new buffer, current buffer count is 499
I1102 19:16:16.423694 IO-0/EL  buffer_pool.h:25] BufferPool[IO-0_Write]: Allocate new buffer, current buffer count is 500
I1102 19:16:16.423708 IO-0/EL  buffer_pool.h:25] BufferPool[IO-0_Write]: Allocate new buffer, current buffer count is 501
I1102 19:16:16.423729 IO-0/EL  buffer_pool.h:25] BufferPool[IO-0_Write]: Allocate new buffer, current buffer count is 502
I1102 19:16:16.423739 IO-0/EL  buffer_pool.h:25] BufferPool[IO-0_Write]: Allocate new buffer, current buffer count is 503
I1102 19:16:16.423751 IO-0/EL  buffer_pool.h:25] BufferPool[IO-0_Write]: Allocate new buffer, current buffer count is 504
I1102 19:16:16.423762 IO-0/EL  buffer_pool.h:25] BufferPool[IO-0_Write]: Allocate new buffer, current buffer count is 505
I1102 19:16:16.423773 IO-0/EL  buffer_pool.h:25] BufferPool[IO-0_Write]: Allocate new buffer, current buffer count is 506
I1102 19:16:16.423785 IO-0/EL  buffer_pool.h:25] BufferPool[IO-0_Write]: Allocate new buffer, current buffer count is 507
I1102 19:16:16.423795 IO-0/EL  buffer_pool.h:25] BufferPool[IO-0_Write]: Allocate new buffer, current buffer count is 508
I1102 19:16:16.423808 IO-0/EL  buffer_pool.h:25] BufferPool[IO-0_Write]: Allocate new buffer, current buffer count is 509
I1102 19:16:16.423822 IO-0/EL  buffer_pool.h:25] BufferPool[IO-0_Write]: Allocate new buffer, current buffer count is 510
I1102 19:16:16.423840 IO-0/EL  buffer_pool.h:25] BufferPool[IO-0_Write]: Allocate new buffer, current buffer count is 511
I1102 19:16:16.423857 IO-0/EL  buffer_pool.h:25] BufferPool[IO-0_Write]: Allocate new buffer, current buffer count is 512
I1102 19:16:21.496142 Main     server_base.cpp:35] Server: Scheduled to stop
I1102 19:16:21.496247 IO-0/EL  message_connection.cpp:284] LauncherConnection[1]: Connection closed remotely
I1102 19:16:21.496291 Server/E server_base.cpp:109] Server: Start stopping process
I1102 19:16:21.496360 IO-0/EL  io_worker.cpp:206] IO-0: Start stopping process
I1102 19:16:21.496425 Server/E server_base.cpp:55] Server: Event loop finishes
