I1102 19:10:31.877574 Main     thread.cpp:100] Register main thread: tid=1400018
E1102 19:10:31.878741 Main     docker.cpp:59] Cannot find docker's cgroup in /proc/self/cgroup
I1102 19:10:31.878798 Main     func_config.cpp:135] Load configuration for function Echo[1]
I1102 19:10:31.878809 Main     engine.cpp:109] Engine: Start 1 IO workers
I1102 19:10:31.882054 IO-0/EL  thread.cpp:40] Start thread: IO-0/EL
I1102 19:10:31.882098 IO-0/EL  io_worker.cpp:192] IO-0: Event loop starts
Checking for file descriptor...
Got a file descriptor!
I1102 19:10:33.367851 Main     engine.cpp:180] Engine: Created 1 Machnet connections to Gateway at 10.10.1.2:10007
I1102 19:10:33.367952 Main     engine.cpp:208] Engine: Listen on /dev/shm/faas_ipc/engine.sock for IPC connections
I1102 19:10:33.368166 Server/E thread.cpp:40] Start thread: Server/EL
I1102 19:10:33.368266 Server/E server_base.cpp:50] Server: Event loop starts
I1102 19:10:33.880635 Server/E engine.cpp:674] Engine: New message connection
I1102 19:10:33.883881 IO-0/EL  buffer_pool.h:25] BufferPool[IO-0_Read]: Allocate new buffer, current buffer count is 1
I1102 19:10:33.883914 IO-0/EL  engine.cpp:277] Engine: Receive new handshake message from message connection
I1102 19:10:33.883920 IO-0/EL  worker_manager.cpp:23] WorkerManager: Launcher of func_id 1 connected
I1102 19:10:33.883924 IO-0/EL  worker_manager.cpp:131] WorkerManager: Request new FuncWorker for func_id 1 with client_id 1
I1102 19:10:33.883943 IO-0/EL  worker_manager.cpp:131] WorkerManager: Request new FuncWorker for func_id 1 with client_id 2
I1102 19:10:33.883955 IO-0/EL  worker_manager.cpp:131] WorkerManager: Request new FuncWorker for func_id 1 with client_id 3
I1102 19:10:33.883964 IO-0/EL  worker_manager.cpp:131] WorkerManager: Request new FuncWorker for func_id 1 with client_id 4
I1102 19:10:33.883973 IO-0/EL  worker_manager.cpp:131] WorkerManager: Request new FuncWorker for func_id 1 with client_id 5
I1102 19:10:33.883981 IO-0/EL  worker_manager.cpp:131] WorkerManager: Request new FuncWorker for func_id 1 with client_id 6
I1102 19:10:33.883992 IO-0/EL  worker_manager.cpp:131] WorkerManager: Request new FuncWorker for func_id 1 with client_id 7
I1102 19:10:33.884002 IO-0/EL  worker_manager.cpp:131] WorkerManager: Request new FuncWorker for func_id 1 with client_id 8
I1102 19:10:33.884013 IO-0/EL  worker_manager.cpp:131] WorkerManager: Request new FuncWorker for func_id 1 with client_id 9
I1102 19:10:33.884023 IO-0/EL  worker_manager.cpp:131] WorkerManager: Request new FuncWorker for func_id 1 with client_id 10
I1102 19:10:33.884035 IO-0/EL  worker_manager.cpp:131] WorkerManager: Request new FuncWorker for func_id 1 with client_id 11
I1102 19:10:33.884044 IO-0/EL  worker_manager.cpp:131] WorkerManager: Request new FuncWorker for func_id 1 with client_id 12
I1102 19:10:33.884057 IO-0/EL  worker_manager.cpp:131] WorkerManager: Request new FuncWorker for func_id 1 with client_id 13
I1102 19:10:33.884066 IO-0/EL  worker_manager.cpp:131] WorkerManager: Request new FuncWorker for func_id 1 with client_id 14
I1102 19:10:33.884075 IO-0/EL  worker_manager.cpp:131] WorkerManager: Request new FuncWorker for func_id 1 with client_id 15
I1102 19:10:33.884086 IO-0/EL  worker_manager.cpp:131] WorkerManager: Request new FuncWorker for func_id 1 with client_id 16
I1102 19:10:33.884095 IO-0/EL  worker_manager.cpp:131] WorkerManager: Request new FuncWorker for func_id 1 with client_id 17
I1102 19:10:33.884115 IO-0/EL  worker_manager.cpp:131] WorkerManager: Request new FuncWorker for func_id 1 with client_id 18
I1102 19:10:33.884124 IO-0/EL  worker_manager.cpp:131] WorkerManager: Request new FuncWorker for func_id 1 with client_id 19
I1102 19:10:33.884135 IO-0/EL  worker_manager.cpp:131] WorkerManager: Request new FuncWorker for func_id 1 with client_id 20
I1102 19:10:33.884145 IO-0/EL  worker_manager.cpp:131] WorkerManager: Request new FuncWorker for func_id 1 with client_id 21
I1102 19:10:33.884156 IO-0/EL  worker_manager.cpp:131] WorkerManager: Request new FuncWorker for func_id 1 with client_id 22
I1102 19:10:33.884165 IO-0/EL  worker_manager.cpp:131] WorkerManager: Request new FuncWorker for func_id 1 with client_id 23
I1102 19:10:33.884191 IO-0/EL  worker_manager.cpp:131] WorkerManager: Request new FuncWorker for func_id 1 with client_id 24
I1102 19:10:33.884202 IO-0/EL  worker_manager.cpp:131] WorkerManager: Request new FuncWorker for func_id 1 with client_id 25
I1102 19:10:33.884211 IO-0/EL  worker_manager.cpp:131] WorkerManager: Request new FuncWorker for func_id 1 with client_id 26
I1102 19:10:33.884220 IO-0/EL  worker_manager.cpp:131] WorkerManager: Request new FuncWorker for func_id 1 with client_id 27
I1102 19:10:33.884233 IO-0/EL  worker_manager.cpp:131] WorkerManager: Request new FuncWorker for func_id 1 with client_id 28
I1102 19:10:33.884242 IO-0/EL  worker_manager.cpp:131] WorkerManager: Request new FuncWorker for func_id 1 with client_id 29
I1102 19:10:33.884252 IO-0/EL  worker_manager.cpp:131] WorkerManager: Request new FuncWorker for func_id 1 with client_id 30
I1102 19:10:33.884263 IO-0/EL  worker_manager.cpp:131] WorkerManager: Request new FuncWorker for func_id 1 with client_id 31
I1102 19:10:33.884273 IO-0/EL  worker_manager.cpp:131] WorkerManager: Request new FuncWorker for func_id 1 with client_id 32
I1102 19:10:33.884282 IO-0/EL  worker_manager.cpp:131] WorkerManager: Request new FuncWorker for func_id 1 with client_id 33
I1102 19:10:33.884315 IO-0/EL  worker_manager.cpp:131] WorkerManager: Request new FuncWorker for func_id 1 with client_id 34
I1102 19:10:33.884325 IO-0/EL  worker_manager.cpp:131] WorkerManager: Request new FuncWorker for func_id 1 with client_id 35
I1102 19:10:33.884338 IO-0/EL  worker_manager.cpp:131] WorkerManager: Request new FuncWorker for func_id 1 with client_id 36
I1102 19:10:33.884348 IO-0/EL  worker_manager.cpp:131] WorkerManager: Request new FuncWorker for func_id 1 with client_id 37
I1102 19:10:33.884357 IO-0/EL  worker_manager.cpp:131] WorkerManager: Request new FuncWorker for func_id 1 with client_id 38
I1102 19:10:33.884367 IO-0/EL  worker_manager.cpp:131] WorkerManager: Request new FuncWorker for func_id 1 with client_id 39
I1102 19:10:33.884377 IO-0/EL  worker_manager.cpp:131] WorkerManager: Request new FuncWorker for func_id 1 with client_id 40
I1102 19:10:33.884386 IO-0/EL  worker_manager.cpp:131] WorkerManager: Request new FuncWorker for func_id 1 with client_id 41
I1102 19:10:33.884395 IO-0/EL  worker_manager.cpp:131] WorkerManager: Request new FuncWorker for func_id 1 with client_id 42
I1102 19:10:33.884405 IO-0/EL  worker_manager.cpp:131] WorkerManager: Request new FuncWorker for func_id 1 with client_id 43
I1102 19:10:33.884417 IO-0/EL  worker_manager.cpp:131] WorkerManager: Request new FuncWorker for func_id 1 with client_id 44
I1102 19:10:33.884427 IO-0/EL  worker_manager.cpp:131] WorkerManager: Request new FuncWorker for func_id 1 with client_id 45
I1102 19:10:33.884437 IO-0/EL  worker_manager.cpp:131] WorkerManager: Request new FuncWorker for func_id 1 with client_id 46
I1102 19:10:33.884447 IO-0/EL  worker_manager.cpp:131] WorkerManager: Request new FuncWorker for func_id 1 with client_id 47
I1102 19:10:33.884458 IO-0/EL  worker_manager.cpp:131] WorkerManager: Request new FuncWorker for func_id 1 with client_id 48
I1102 19:10:33.884467 IO-0/EL  worker_manager.cpp:131] WorkerManager: Request new FuncWorker for func_id 1 with client_id 49
I1102 19:10:33.884476 IO-0/EL  worker_manager.cpp:131] WorkerManager: Request new FuncWorker for func_id 1 with client_id 50
I1102 19:10:33.884487 IO-0/EL  worker_manager.cpp:131] WorkerManager: Request new FuncWorker for func_id 1 with client_id 51
I1102 19:10:33.884498 IO-0/EL  worker_manager.cpp:131] WorkerManager: Request new FuncWorker for func_id 1 with client_id 52
I1102 19:10:33.884506 IO-0/EL  worker_manager.cpp:131] WorkerManager: Request new FuncWorker for func_id 1 with client_id 53
I1102 19:10:33.884517 IO-0/EL  worker_manager.cpp:131] WorkerManager: Request new FuncWorker for func_id 1 with client_id 54
I1102 19:10:33.884526 IO-0/EL  worker_manager.cpp:131] WorkerManager: Request new FuncWorker for func_id 1 with client_id 55
I1102 19:10:33.884536 IO-0/EL  worker_manager.cpp:131] WorkerManager: Request new FuncWorker for func_id 1 with client_id 56
I1102 19:10:33.884551 IO-0/EL  worker_manager.cpp:131] WorkerManager: Request new FuncWorker for func_id 1 with client_id 57
I1102 19:10:33.884562 IO-0/EL  worker_manager.cpp:131] WorkerManager: Request new FuncWorker for func_id 1 with client_id 58
I1102 19:10:33.884571 IO-0/EL  worker_manager.cpp:131] WorkerManager: Request new FuncWorker for func_id 1 with client_id 59
I1102 19:10:33.884582 IO-0/EL  worker_manager.cpp:131] WorkerManager: Request new FuncWorker for func_id 1 with client_id 60
I1102 19:10:33.884593 IO-0/EL  worker_manager.cpp:131] WorkerManager: Request new FuncWorker for func_id 1 with client_id 61
I1102 19:10:33.884602 IO-0/EL  worker_manager.cpp:131] WorkerManager: Request new FuncWorker for func_id 1 with client_id 62
I1102 19:10:33.884611 IO-0/EL  worker_manager.cpp:131] WorkerManager: Request new FuncWorker for func_id 1 with client_id 63
I1102 19:10:33.884620 IO-0/EL  worker_manager.cpp:131] WorkerManager: Request new FuncWorker for func_id 1 with client_id 64
I1102 19:10:33.884630 IO-0/EL  worker_manager.cpp:131] WorkerManager: Request new FuncWorker for func_id 1 with client_id 65
I1102 19:10:33.884680 IO-0/EL  worker_manager.cpp:131] WorkerManager: Request new FuncWorker for func_id 1 with client_id 66
I1102 19:10:33.884690 IO-0/EL  worker_manager.cpp:131] WorkerManager: Request new FuncWorker for func_id 1 with client_id 67
I1102 19:10:33.884699 IO-0/EL  worker_manager.cpp:131] WorkerManager: Request new FuncWorker for func_id 1 with client_id 68
I1102 19:10:33.884717 IO-0/EL  worker_manager.cpp:131] WorkerManager: Request new FuncWorker for func_id 1 with client_id 69
I1102 19:10:33.884728 IO-0/EL  worker_manager.cpp:131] WorkerManager: Request new FuncWorker for func_id 1 with client_id 70
I1102 19:10:33.884737 IO-0/EL  worker_manager.cpp:131] WorkerManager: Request new FuncWorker for func_id 1 with client_id 71
I1102 19:10:33.884747 IO-0/EL  worker_manager.cpp:131] WorkerManager: Request new FuncWorker for func_id 1 with client_id 72
I1102 19:10:33.884759 IO-0/EL  worker_manager.cpp:131] WorkerManager: Request new FuncWorker for func_id 1 with client_id 73
I1102 19:10:33.884769 IO-0/EL  worker_manager.cpp:131] WorkerManager: Request new FuncWorker for func_id 1 with client_id 74
I1102 19:10:33.884778 IO-0/EL  worker_manager.cpp:131] WorkerManager: Request new FuncWorker for func_id 1 with client_id 75
I1102 19:10:33.884789 IO-0/EL  worker_manager.cpp:131] WorkerManager: Request new FuncWorker for func_id 1 with client_id 76
I1102 19:10:33.884800 IO-0/EL  worker_manager.cpp:131] WorkerManager: Request new FuncWorker for func_id 1 with client_id 77
I1102 19:10:33.884809 IO-0/EL  worker_manager.cpp:131] WorkerManager: Request new FuncWorker for func_id 1 with client_id 78
I1102 19:10:33.884818 IO-0/EL  worker_manager.cpp:131] WorkerManager: Request new FuncWorker for func_id 1 with client_id 79
I1102 19:10:33.884827 IO-0/EL  worker_manager.cpp:131] WorkerManager: Request new FuncWorker for func_id 1 with client_id 80
I1102 19:10:33.884840 IO-0/EL  worker_manager.cpp:131] WorkerManager: Request new FuncWorker for func_id 1 with client_id 81
I1102 19:10:33.884851 IO-0/EL  worker_manager.cpp:131] WorkerManager: Request new FuncWorker for func_id 1 with client_id 82
I1102 19:10:33.884860 IO-0/EL  worker_manager.cpp:131] WorkerManager: Request new FuncWorker for func_id 1 with client_id 83
I1102 19:10:33.884871 IO-0/EL  worker_manager.cpp:131] WorkerManager: Request new FuncWorker for func_id 1 with client_id 84
I1102 19:10:33.884884 IO-0/EL  worker_manager.cpp:131] WorkerManager: Request new FuncWorker for func_id 1 with client_id 85
I1102 19:10:33.884893 IO-0/EL  worker_manager.cpp:131] WorkerManager: Request new FuncWorker for func_id 1 with client_id 86
I1102 19:10:33.884902 IO-0/EL  worker_manager.cpp:131] WorkerManager: Request new FuncWorker for func_id 1 with client_id 87
I1102 19:10:33.884913 IO-0/EL  worker_manager.cpp:131] WorkerManager: Request new FuncWorker for func_id 1 with client_id 88
I1102 19:10:33.884929 IO-0/EL  worker_manager.cpp:131] WorkerManager: Request new FuncWorker for func_id 1 with client_id 89
I1102 19:10:33.884939 IO-0/EL  worker_manager.cpp:131] WorkerManager: Request new FuncWorker for func_id 1 with client_id 90
I1102 19:10:33.884950 IO-0/EL  worker_manager.cpp:131] WorkerManager: Request new FuncWorker for func_id 1 with client_id 91
I1102 19:10:33.884960 IO-0/EL  worker_manager.cpp:131] WorkerManager: Request new FuncWorker for func_id 1 with client_id 92
I1102 19:10:33.884971 IO-0/EL  worker_manager.cpp:131] WorkerManager: Request new FuncWorker for func_id 1 with client_id 93
I1102 19:10:33.884980 IO-0/EL  worker_manager.cpp:131] WorkerManager: Request new FuncWorker for func_id 1 with client_id 94
I1102 19:10:33.884990 IO-0/EL  worker_manager.cpp:131] WorkerManager: Request new FuncWorker for func_id 1 with client_id 95
I1102 19:10:33.885002 IO-0/EL  worker_manager.cpp:131] WorkerManager: Request new FuncWorker for func_id 1 with client_id 96
I1102 19:10:33.885013 IO-0/EL  worker_manager.cpp:131] WorkerManager: Request new FuncWorker for func_id 1 with client_id 97
I1102 19:10:33.885022 IO-0/EL  worker_manager.cpp:131] WorkerManager: Request new FuncWorker for func_id 1 with client_id 98
I1102 19:10:33.885034 IO-0/EL  worker_manager.cpp:131] WorkerManager: Request new FuncWorker for func_id 1 with client_id 99
I1102 19:10:33.885042 IO-0/EL  worker_manager.cpp:131] WorkerManager: Request new FuncWorker for func_id 1 with client_id 100
I1102 19:10:33.885054 IO-0/EL  worker_manager.cpp:131] WorkerManager: Request new FuncWorker for func_id 1 with client_id 101
I1102 19:10:33.885063 IO-0/EL  worker_manager.cpp:131] WorkerManager: Request new FuncWorker for func_id 1 with client_id 102
I1102 19:10:33.885073 IO-0/EL  worker_manager.cpp:131] WorkerManager: Request new FuncWorker for func_id 1 with client_id 103
I1102 19:10:33.885083 IO-0/EL  worker_manager.cpp:131] WorkerManager: Request new FuncWorker for func_id 1 with client_id 104
I1102 19:10:33.885094 IO-0/EL  worker_manager.cpp:131] WorkerManager: Request new FuncWorker for func_id 1 with client_id 105
I1102 19:10:33.885105 IO-0/EL  worker_manager.cpp:131] WorkerManager: Request new FuncWorker for func_id 1 with client_id 106
I1102 19:10:33.885115 IO-0/EL  worker_manager.cpp:131] WorkerManager: Request new FuncWorker for func_id 1 with client_id 107
I1102 19:10:33.885125 IO-0/EL  worker_manager.cpp:131] WorkerManager: Request new FuncWorker for func_id 1 with client_id 108
I1102 19:10:33.885137 IO-0/EL  worker_manager.cpp:131] WorkerManager: Request new FuncWorker for func_id 1 with client_id 109
I1102 19:10:33.885146 IO-0/EL  worker_manager.cpp:131] WorkerManager: Request new FuncWorker for func_id 1 with client_id 110
I1102 19:10:33.885157 IO-0/EL  worker_manager.cpp:131] WorkerManager: Request new FuncWorker for func_id 1 with client_id 111
I1102 19:10:33.885167 IO-0/EL  worker_manager.cpp:131] WorkerManager: Request new FuncWorker for func_id 1 with client_id 112
I1102 19:10:33.885178 IO-0/EL  worker_manager.cpp:131] WorkerManager: Request new FuncWorker for func_id 1 with client_id 113
I1102 19:10:33.885189 IO-0/EL  worker_manager.cpp:131] WorkerManager: Request new FuncWorker for func_id 1 with client_id 114
I1102 19:10:33.885198 IO-0/EL  worker_manager.cpp:131] WorkerManager: Request new FuncWorker for func_id 1 with client_id 115
I1102 19:10:33.885207 IO-0/EL  worker_manager.cpp:131] WorkerManager: Request new FuncWorker for func_id 1 with client_id 116
I1102 19:10:33.885220 IO-0/EL  worker_manager.cpp:131] WorkerManager: Request new FuncWorker for func_id 1 with client_id 117
I1102 19:10:33.885230 IO-0/EL  worker_manager.cpp:131] WorkerManager: Request new FuncWorker for func_id 1 with client_id 118
I1102 19:10:33.885240 IO-0/EL  worker_manager.cpp:131] WorkerManager: Request new FuncWorker for func_id 1 with client_id 119
I1102 19:10:33.885250 IO-0/EL  worker_manager.cpp:131] WorkerManager: Request new FuncWorker for func_id 1 with client_id 120
I1102 19:10:33.885263 IO-0/EL  worker_manager.cpp:131] WorkerManager: Request new FuncWorker for func_id 1 with client_id 121
I1102 19:10:33.885284 IO-0/EL  worker_manager.cpp:131] WorkerManager: Request new FuncWorker for func_id 1 with client_id 122
I1102 19:10:33.885293 IO-0/EL  worker_manager.cpp:131] WorkerManager: Request new FuncWorker for func_id 1 with client_id 123
I1102 19:10:33.885302 IO-0/EL  worker_manager.cpp:131] WorkerManager: Request new FuncWorker for func_id 1 with client_id 124
I1102 19:10:33.885314 IO-0/EL  worker_manager.cpp:131] WorkerManager: Request new FuncWorker for func_id 1 with client_id 125
I1102 19:10:33.885325 IO-0/EL  worker_manager.cpp:131] WorkerManager: Request new FuncWorker for func_id 1 with client_id 126
I1102 19:10:33.885334 IO-0/EL  worker_manager.cpp:131] WorkerManager: Request new FuncWorker for func_id 1 with client_id 127
I1102 19:10:33.885344 IO-0/EL  worker_manager.cpp:131] WorkerManager: Request new FuncWorker for func_id 1 with client_id 128
I1102 19:10:33.885453 IO-0/EL  buffer_pool.h:25] BufferPool[IO-0_Write]: Allocate new buffer, current buffer count is 1
I1102 19:10:33.885483 IO-0/EL  buffer_pool.h:25] BufferPool[IO-0_Write]: Allocate new buffer, current buffer count is 2
I1102 19:10:33.885513 IO-0/EL  message_connection.cpp:269] LauncherConnection[1]: Handshake done
I1102 19:10:33.888527 Server/E engine.cpp:674] Engine: New message connection
I1102 19:10:33.888569 IO-0/EL  engine.cpp:277] Engine: Receive new handshake message from message connection
I1102 19:10:33.888575 IO-0/EL  worker_manager.cpp:60] WorkerManager: FuncWorker of func_id 1, client_id 1 connected
I1102 19:10:33.888585 IO-0/EL  dispatcher.cpp:47] Dispatcher[1]: min_workers=128
I1102 19:10:33.888589 IO-0/EL  dispatcher.cpp:51] Dispatcher[1]: max_workers=128
I1102 19:10:33.888610 IO-0/EL  message_connection.cpp:269] FuncWorkerConnection[1-1]: Handshake done
I1102 19:10:33.890809 Server/E engine.cpp:674] Engine: New message connection
I1102 19:10:33.890846 IO-0/EL  engine.cpp:277] Engine: Receive new handshake message from message connection
I1102 19:10:33.890852 IO-0/EL  worker_manager.cpp:60] WorkerManager: FuncWorker of func_id 1, client_id 2 connected
I1102 19:10:33.890868 IO-0/EL  message_connection.cpp:269] FuncWorkerConnection[1-2]: Handshake done
I1102 19:10:33.891486 Server/E engine.cpp:674] Engine: New message connection
I1102 19:10:33.891509 IO-0/EL  engine.cpp:277] Engine: Receive new handshake message from message connection
I1102 19:10:33.891514 IO-0/EL  worker_manager.cpp:60] WorkerManager: FuncWorker of func_id 1, client_id 3 connected
I1102 19:10:33.891527 IO-0/EL  message_connection.cpp:269] FuncWorkerConnection[1-3]: Handshake done
I1102 19:10:33.892231 Server/E engine.cpp:674] Engine: New message connection
I1102 19:10:33.892257 IO-0/EL  engine.cpp:277] Engine: Receive new handshake message from message connection
I1102 19:10:33.892262 IO-0/EL  worker_manager.cpp:60] WorkerManager: FuncWorker of func_id 1, client_id 4 connected
I1102 19:10:33.892276 IO-0/EL  message_connection.cpp:269] FuncWorkerConnection[1-4]: Handshake done
I1102 19:10:33.893198 Server/E engine.cpp:674] Engine: New message connection
I1102 19:10:33.893230 IO-0/EL  engine.cpp:277] Engine: Receive new handshake message from message connection
I1102 19:10:33.893235 IO-0/EL  worker_manager.cpp:60] WorkerManager: FuncWorker of func_id 1, client_id 5 connected
I1102 19:10:33.893248 IO-0/EL  message_connection.cpp:269] FuncWorkerConnection[1-5]: Handshake done
I1102 19:10:33.893360 Server/E engine.cpp:674] Engine: New message connection
I1102 19:10:33.893390 IO-0/EL  engine.cpp:277] Engine: Receive new handshake message from message connection
I1102 19:10:33.893394 IO-0/EL  worker_manager.cpp:60] WorkerManager: FuncWorker of func_id 1, client_id 6 connected
I1102 19:10:33.893408 IO-0/EL  message_connection.cpp:269] FuncWorkerConnection[1-6]: Handshake done
I1102 19:10:33.895409 Server/E engine.cpp:674] Engine: New message connection
I1102 19:10:33.895450 Server/E engine.cpp:674] Engine: New message connection
I1102 19:10:33.895451 IO-0/EL  engine.cpp:277] Engine: Receive new handshake message from message connection
I1102 19:10:33.895468 IO-0/EL  worker_manager.cpp:60] WorkerManager: FuncWorker of func_id 1, client_id 9 connected
I1102 19:10:33.895482 IO-0/EL  message_connection.cpp:269] FuncWorkerConnection[1-9]: Handshake done
I1102 19:10:33.895500 IO-0/EL  engine.cpp:277] Engine: Receive new handshake message from message connection
I1102 19:10:33.895504 IO-0/EL  worker_manager.cpp:60] WorkerManager: FuncWorker of func_id 1, client_id 7 connected
I1102 19:10:33.895518 IO-0/EL  message_connection.cpp:269] FuncWorkerConnection[1-7]: Handshake done
I1102 19:10:33.895826 Server/E engine.cpp:674] Engine: New message connection
I1102 19:10:33.895862 Server/E engine.cpp:674] Engine: New message connection
I1102 19:10:33.895872 IO-0/EL  engine.cpp:277] Engine: Receive new handshake message from message connection
I1102 19:10:33.895877 IO-0/EL  worker_manager.cpp:60] WorkerManager: FuncWorker of func_id 1, client_id 8 connected
I1102 19:10:33.895891 IO-0/EL  message_connection.cpp:269] FuncWorkerConnection[1-8]: Handshake done
I1102 19:10:33.895905 IO-0/EL  engine.cpp:277] Engine: Receive new handshake message from message connection
I1102 19:10:33.895909 IO-0/EL  worker_manager.cpp:60] WorkerManager: FuncWorker of func_id 1, client_id 10 connected
I1102 19:10:33.895923 IO-0/EL  message_connection.cpp:269] FuncWorkerConnection[1-10]: Handshake done
I1102 19:10:33.896162 Server/E engine.cpp:674] Engine: New message connection
I1102 19:10:33.896192 IO-0/EL  engine.cpp:277] Engine: Receive new handshake message from message connection
I1102 19:10:33.896197 IO-0/EL  worker_manager.cpp:60] WorkerManager: FuncWorker of func_id 1, client_id 11 connected
I1102 19:10:33.896211 IO-0/EL  message_connection.cpp:269] FuncWorkerConnection[1-11]: Handshake done
I1102 19:10:33.896624 Server/E engine.cpp:674] Engine: New message connection
I1102 19:10:33.896657 IO-0/EL  engine.cpp:277] Engine: Receive new handshake message from message connection
I1102 19:10:33.896661 IO-0/EL  worker_manager.cpp:60] WorkerManager: FuncWorker of func_id 1, client_id 12 connected
I1102 19:10:33.896674 IO-0/EL  message_connection.cpp:269] FuncWorkerConnection[1-12]: Handshake done
I1102 19:10:33.896949 Server/E engine.cpp:674] Engine: New message connection
I1102 19:10:33.896981 IO-0/EL  engine.cpp:277] Engine: Receive new handshake message from message connection
I1102 19:10:33.896985 IO-0/EL  worker_manager.cpp:60] WorkerManager: FuncWorker of func_id 1, client_id 13 connected
I1102 19:10:33.897000 IO-0/EL  message_connection.cpp:269] FuncWorkerConnection[1-13]: Handshake done
I1102 19:10:33.897396 Server/E engine.cpp:674] Engine: New message connection
I1102 19:10:33.897434 IO-0/EL  engine.cpp:277] Engine: Receive new handshake message from message connection
I1102 19:10:33.897438 IO-0/EL  worker_manager.cpp:60] WorkerManager: FuncWorker of func_id 1, client_id 14 connected
I1102 19:10:33.897451 IO-0/EL  message_connection.cpp:269] FuncWorkerConnection[1-14]: Handshake done
I1102 19:10:33.897827 Server/E engine.cpp:674] Engine: New message connection
I1102 19:10:33.897871 IO-0/EL  engine.cpp:277] Engine: Receive new handshake message from message connection
I1102 19:10:33.897876 IO-0/EL  worker_manager.cpp:60] WorkerManager: FuncWorker of func_id 1, client_id 15 connected
I1102 19:10:33.897889 IO-0/EL  message_connection.cpp:269] FuncWorkerConnection[1-15]: Handshake done
I1102 19:10:33.898555 Server/E engine.cpp:674] Engine: New message connection
I1102 19:10:33.898596 IO-0/EL  engine.cpp:277] Engine: Receive new handshake message from message connection
I1102 19:10:33.898601 IO-0/EL  worker_manager.cpp:60] WorkerManager: FuncWorker of func_id 1, client_id 16 connected
I1102 19:10:33.898614 IO-0/EL  message_connection.cpp:269] FuncWorkerConnection[1-16]: Handshake done
I1102 19:10:33.899089 Server/E engine.cpp:674] Engine: New message connection
I1102 19:10:33.899134 IO-0/EL  engine.cpp:277] Engine: Receive new handshake message from message connection
I1102 19:10:33.899138 IO-0/EL  worker_manager.cpp:60] WorkerManager: FuncWorker of func_id 1, client_id 17 connected
I1102 19:10:33.899163 IO-0/EL  message_connection.cpp:269] FuncWorkerConnection[1-17]: Handshake done
I1102 19:10:33.899451 Server/E engine.cpp:674] Engine: New message connection
I1102 19:10:33.899489 IO-0/EL  engine.cpp:277] Engine: Receive new handshake message from message connection
I1102 19:10:33.899493 IO-0/EL  worker_manager.cpp:60] WorkerManager: FuncWorker of func_id 1, client_id 18 connected
I1102 19:10:33.899506 IO-0/EL  message_connection.cpp:269] FuncWorkerConnection[1-18]: Handshake done
I1102 19:10:33.900049 Server/E engine.cpp:674] Engine: New message connection
I1102 19:10:33.900089 IO-0/EL  engine.cpp:277] Engine: Receive new handshake message from message connection
I1102 19:10:33.900094 IO-0/EL  worker_manager.cpp:60] WorkerManager: FuncWorker of func_id 1, client_id 19 connected
I1102 19:10:33.900107 IO-0/EL  message_connection.cpp:269] FuncWorkerConnection[1-19]: Handshake done
I1102 19:10:33.900538 Server/E engine.cpp:674] Engine: New message connection
I1102 19:10:33.900572 IO-0/EL  engine.cpp:277] Engine: Receive new handshake message from message connection
I1102 19:10:33.900577 IO-0/EL  worker_manager.cpp:60] WorkerManager: FuncWorker of func_id 1, client_id 20 connected
I1102 19:10:33.900590 IO-0/EL  message_connection.cpp:269] FuncWorkerConnection[1-20]: Handshake done
I1102 19:10:33.901066 Server/E engine.cpp:674] Engine: New message connection
I1102 19:10:33.901107 IO-0/EL  engine.cpp:277] Engine: Receive new handshake message from message connection
I1102 19:10:33.901111 IO-0/EL  worker_manager.cpp:60] WorkerManager: FuncWorker of func_id 1, client_id 21 connected
I1102 19:10:33.901124 IO-0/EL  message_connection.cpp:269] FuncWorkerConnection[1-21]: Handshake done
I1102 19:10:33.901632 Server/E engine.cpp:674] Engine: New message connection
I1102 19:10:33.901672 IO-0/EL  engine.cpp:277] Engine: Receive new handshake message from message connection
I1102 19:10:33.901676 IO-0/EL  worker_manager.cpp:60] WorkerManager: FuncWorker of func_id 1, client_id 22 connected
I1102 19:10:33.901690 IO-0/EL  message_connection.cpp:269] FuncWorkerConnection[1-22]: Handshake done
I1102 19:10:33.902177 Server/E engine.cpp:674] Engine: New message connection
I1102 19:10:33.902220 IO-0/EL  engine.cpp:277] Engine: Receive new handshake message from message connection
I1102 19:10:33.902225 IO-0/EL  worker_manager.cpp:60] WorkerManager: FuncWorker of func_id 1, client_id 23 connected
I1102 19:10:33.902238 IO-0/EL  message_connection.cpp:269] FuncWorkerConnection[1-23]: Handshake done
I1102 19:10:33.902900 Server/E engine.cpp:674] Engine: New message connection
I1102 19:10:33.902941 IO-0/EL  engine.cpp:277] Engine: Receive new handshake message from message connection
I1102 19:10:33.902946 IO-0/EL  worker_manager.cpp:60] WorkerManager: FuncWorker of func_id 1, client_id 24 connected
I1102 19:10:33.902959 IO-0/EL  message_connection.cpp:269] FuncWorkerConnection[1-24]: Handshake done
I1102 19:10:33.903478 Server/E engine.cpp:674] Engine: New message connection
I1102 19:10:33.903519 IO-0/EL  engine.cpp:277] Engine: Receive new handshake message from message connection
I1102 19:10:33.903524 IO-0/EL  worker_manager.cpp:60] WorkerManager: FuncWorker of func_id 1, client_id 25 connected
I1102 19:10:33.903538 IO-0/EL  message_connection.cpp:269] FuncWorkerConnection[1-25]: Handshake done
I1102 19:10:33.903925 Server/E engine.cpp:674] Engine: New message connection
I1102 19:10:33.903963 IO-0/EL  engine.cpp:277] Engine: Receive new handshake message from message connection
I1102 19:10:33.903968 IO-0/EL  worker_manager.cpp:60] WorkerManager: FuncWorker of func_id 1, client_id 26 connected
I1102 19:10:33.903981 IO-0/EL  message_connection.cpp:269] FuncWorkerConnection[1-26]: Handshake done
I1102 19:10:33.904291 Server/E engine.cpp:674] Engine: New message connection
I1102 19:10:33.904326 IO-0/EL  engine.cpp:277] Engine: Receive new handshake message from message connection
I1102 19:10:33.904331 IO-0/EL  worker_manager.cpp:60] WorkerManager: FuncWorker of func_id 1, client_id 27 connected
I1102 19:10:33.904350 IO-0/EL  message_connection.cpp:269] FuncWorkerConnection[1-27]: Handshake done
I1102 19:10:33.904901 Server/E engine.cpp:674] Engine: New message connection
I1102 19:10:33.904940 IO-0/EL  engine.cpp:277] Engine: Receive new handshake message from message connection
I1102 19:10:33.904946 IO-0/EL  worker_manager.cpp:60] WorkerManager: FuncWorker of func_id 1, client_id 28 connected
I1102 19:10:33.904959 IO-0/EL  message_connection.cpp:269] FuncWorkerConnection[1-28]: Handshake done
I1102 19:10:33.905631 Server/E engine.cpp:674] Engine: New message connection
I1102 19:10:33.905677 IO-0/EL  engine.cpp:277] Engine: Receive new handshake message from message connection
I1102 19:10:33.905682 IO-0/EL  worker_manager.cpp:60] WorkerManager: FuncWorker of func_id 1, client_id 29 connected
I1102 19:10:33.905699 IO-0/EL  message_connection.cpp:269] FuncWorkerConnection[1-29]: Handshake done
I1102 19:10:33.906083 Server/E engine.cpp:674] Engine: New message connection
I1102 19:10:33.906129 IO-0/EL  engine.cpp:277] Engine: Receive new handshake message from message connection
I1102 19:10:33.906134 IO-0/EL  worker_manager.cpp:60] WorkerManager: FuncWorker of func_id 1, client_id 30 connected
I1102 19:10:33.906147 IO-0/EL  message_connection.cpp:269] FuncWorkerConnection[1-30]: Handshake done
I1102 19:10:33.906914 Server/E engine.cpp:674] Engine: New message connection
I1102 19:10:33.906958 IO-0/EL  engine.cpp:277] Engine: Receive new handshake message from message connection
I1102 19:10:33.906963 IO-0/EL  worker_manager.cpp:60] WorkerManager: FuncWorker of func_id 1, client_id 31 connected
I1102 19:10:33.906976 IO-0/EL  message_connection.cpp:269] FuncWorkerConnection[1-31]: Handshake done
I1102 19:10:33.907123 Server/E engine.cpp:674] Engine: New message connection
I1102 19:10:33.907159 IO-0/EL  engine.cpp:277] Engine: Receive new handshake message from message connection
I1102 19:10:33.907164 IO-0/EL  worker_manager.cpp:60] WorkerManager: FuncWorker of func_id 1, client_id 32 connected
I1102 19:10:33.907177 IO-0/EL  message_connection.cpp:269] FuncWorkerConnection[1-32]: Handshake done
I1102 19:10:33.907861 Server/E engine.cpp:674] Engine: New message connection
I1102 19:10:33.907899 IO-0/EL  engine.cpp:277] Engine: Receive new handshake message from message connection
I1102 19:10:33.907904 IO-0/EL  worker_manager.cpp:60] WorkerManager: FuncWorker of func_id 1, client_id 33 connected
I1102 19:10:33.907918 IO-0/EL  message_connection.cpp:269] FuncWorkerConnection[1-33]: Handshake done
I1102 19:10:33.908268 Server/E engine.cpp:674] Engine: New message connection
I1102 19:10:33.908307 IO-0/EL  engine.cpp:277] Engine: Receive new handshake message from message connection
I1102 19:10:33.908312 IO-0/EL  worker_manager.cpp:60] WorkerManager: FuncWorker of func_id 1, client_id 34 connected
I1102 19:10:33.908326 IO-0/EL  message_connection.cpp:269] FuncWorkerConnection[1-34]: Handshake done
I1102 19:10:33.908849 Server/E engine.cpp:674] Engine: New message connection
I1102 19:10:33.908884 IO-0/EL  engine.cpp:277] Engine: Receive new handshake message from message connection
I1102 19:10:33.908889 IO-0/EL  worker_manager.cpp:60] WorkerManager: FuncWorker of func_id 1, client_id 35 connected
I1102 19:10:33.908901 IO-0/EL  message_connection.cpp:269] FuncWorkerConnection[1-35]: Handshake done
I1102 19:10:33.909456 Server/E engine.cpp:674] Engine: New message connection
I1102 19:10:33.909481 IO-0/EL  engine.cpp:277] Engine: Receive new handshake message from message connection
I1102 19:10:33.909485 IO-0/EL  worker_manager.cpp:60] WorkerManager: FuncWorker of func_id 1, client_id 36 connected
I1102 19:10:33.909498 IO-0/EL  message_connection.cpp:269] FuncWorkerConnection[1-36]: Handshake done
I1102 19:10:33.909853 Server/E engine.cpp:674] Engine: New message connection
I1102 19:10:33.909876 IO-0/EL  engine.cpp:277] Engine: Receive new handshake message from message connection
I1102 19:10:33.909880 IO-0/EL  worker_manager.cpp:60] WorkerManager: FuncWorker of func_id 1, client_id 37 connected
I1102 19:10:33.909893 IO-0/EL  message_connection.cpp:269] FuncWorkerConnection[1-37]: Handshake done
I1102 19:10:33.910265 Server/E engine.cpp:674] Engine: New message connection
I1102 19:10:33.910308 IO-0/EL  engine.cpp:277] Engine: Receive new handshake message from message connection
I1102 19:10:33.910313 IO-0/EL  worker_manager.cpp:60] WorkerManager: FuncWorker of func_id 1, client_id 38 connected
I1102 19:10:33.910327 IO-0/EL  message_connection.cpp:269] FuncWorkerConnection[1-38]: Handshake done
I1102 19:10:33.910704 Server/E engine.cpp:674] Engine: New message connection
I1102 19:10:33.910738 IO-0/EL  engine.cpp:277] Engine: Receive new handshake message from message connection
I1102 19:10:33.910744 IO-0/EL  worker_manager.cpp:60] WorkerManager: FuncWorker of func_id 1, client_id 39 connected
I1102 19:10:33.910756 IO-0/EL  message_connection.cpp:269] FuncWorkerConnection[1-39]: Handshake done
I1102 19:10:33.911283 Server/E engine.cpp:674] Engine: New message connection
I1102 19:10:33.911308 IO-0/EL  engine.cpp:277] Engine: Receive new handshake message from message connection
I1102 19:10:33.911313 IO-0/EL  worker_manager.cpp:60] WorkerManager: FuncWorker of func_id 1, client_id 40 connected
I1102 19:10:33.911326 IO-0/EL  message_connection.cpp:269] FuncWorkerConnection[1-40]: Handshake done
I1102 19:10:33.911815 Server/E engine.cpp:674] Engine: New message connection
I1102 19:10:33.911837 IO-0/EL  engine.cpp:277] Engine: Receive new handshake message from message connection
I1102 19:10:33.911841 IO-0/EL  worker_manager.cpp:60] WorkerManager: FuncWorker of func_id 1, client_id 41 connected
I1102 19:10:33.911856 IO-0/EL  message_connection.cpp:269] FuncWorkerConnection[1-41]: Handshake done
I1102 19:10:33.912469 Server/E engine.cpp:674] Engine: New message connection
I1102 19:10:33.912493 IO-0/EL  engine.cpp:277] Engine: Receive new handshake message from message connection
I1102 19:10:33.912498 IO-0/EL  worker_manager.cpp:60] WorkerManager: FuncWorker of func_id 1, client_id 42 connected
I1102 19:10:33.912511 IO-0/EL  message_connection.cpp:269] FuncWorkerConnection[1-42]: Handshake done
I1102 19:10:33.912907 Server/E engine.cpp:674] Engine: New message connection
I1102 19:10:33.912929 IO-0/EL  engine.cpp:277] Engine: Receive new handshake message from message connection
I1102 19:10:33.912936 IO-0/EL  worker_manager.cpp:60] WorkerManager: FuncWorker of func_id 1, client_id 43 connected
I1102 19:10:33.912952 IO-0/EL  message_connection.cpp:269] FuncWorkerConnection[1-43]: Handshake done
I1102 19:10:33.913504 Server/E engine.cpp:674] Engine: New message connection
I1102 19:10:33.913527 IO-0/EL  engine.cpp:277] Engine: Receive new handshake message from message connection
I1102 19:10:33.913531 IO-0/EL  worker_manager.cpp:60] WorkerManager: FuncWorker of func_id 1, client_id 44 connected
I1102 19:10:33.913544 IO-0/EL  message_connection.cpp:269] FuncWorkerConnection[1-44]: Handshake done
I1102 19:10:33.914081 Server/E engine.cpp:674] Engine: New message connection
I1102 19:10:33.914110 IO-0/EL  engine.cpp:277] Engine: Receive new handshake message from message connection
I1102 19:10:33.914115 IO-0/EL  worker_manager.cpp:60] WorkerManager: FuncWorker of func_id 1, client_id 45 connected
I1102 19:10:33.914129 IO-0/EL  message_connection.cpp:269] FuncWorkerConnection[1-45]: Handshake done
I1102 19:10:33.914684 Server/E engine.cpp:674] Engine: New message connection
I1102 19:10:33.914724 IO-0/EL  engine.cpp:277] Engine: Receive new handshake message from message connection
I1102 19:10:33.914729 IO-0/EL  worker_manager.cpp:60] WorkerManager: FuncWorker of func_id 1, client_id 46 connected
I1102 19:10:33.914742 IO-0/EL  message_connection.cpp:269] FuncWorkerConnection[1-46]: Handshake done
I1102 19:10:33.915219 Server/E engine.cpp:674] Engine: New message connection
I1102 19:10:33.915267 IO-0/EL  engine.cpp:277] Engine: Receive new handshake message from message connection
I1102 19:10:33.915271 IO-0/EL  worker_manager.cpp:60] WorkerManager: FuncWorker of func_id 1, client_id 47 connected
I1102 19:10:33.915284 IO-0/EL  message_connection.cpp:269] FuncWorkerConnection[1-47]: Handshake done
I1102 19:10:33.915707 Server/E engine.cpp:674] Engine: New message connection
I1102 19:10:33.915742 IO-0/EL  engine.cpp:277] Engine: Receive new handshake message from message connection
I1102 19:10:33.915747 IO-0/EL  worker_manager.cpp:60] WorkerManager: FuncWorker of func_id 1, client_id 48 connected
I1102 19:10:33.915759 IO-0/EL  message_connection.cpp:269] FuncWorkerConnection[1-48]: Handshake done
I1102 19:10:33.916311 Server/E engine.cpp:674] Engine: New message connection
I1102 19:10:33.916358 IO-0/EL  engine.cpp:277] Engine: Receive new handshake message from message connection
I1102 19:10:33.916363 IO-0/EL  worker_manager.cpp:60] WorkerManager: FuncWorker of func_id 1, client_id 49 connected
I1102 19:10:33.916375 IO-0/EL  message_connection.cpp:269] FuncWorkerConnection[1-49]: Handshake done
I1102 19:10:33.916988 Server/E engine.cpp:674] Engine: New message connection
I1102 19:10:33.917015 IO-0/EL  engine.cpp:277] Engine: Receive new handshake message from message connection
I1102 19:10:33.917020 IO-0/EL  worker_manager.cpp:60] WorkerManager: FuncWorker of func_id 1, client_id 50 connected
I1102 19:10:33.917032 IO-0/EL  message_connection.cpp:269] FuncWorkerConnection[1-50]: Handshake done
I1102 19:10:33.917280 Server/E engine.cpp:674] Engine: New message connection
I1102 19:10:33.917304 IO-0/EL  engine.cpp:277] Engine: Receive new handshake message from message connection
I1102 19:10:33.917308 IO-0/EL  worker_manager.cpp:60] WorkerManager: FuncWorker of func_id 1, client_id 51 connected
I1102 19:10:33.917322 IO-0/EL  message_connection.cpp:269] FuncWorkerConnection[1-51]: Handshake done
I1102 19:10:33.917748 Server/E engine.cpp:674] Engine: New message connection
I1102 19:10:33.917785 IO-0/EL  engine.cpp:277] Engine: Receive new handshake message from message connection
I1102 19:10:33.917789 IO-0/EL  worker_manager.cpp:60] WorkerManager: FuncWorker of func_id 1, client_id 52 connected
I1102 19:10:33.917803 IO-0/EL  message_connection.cpp:269] FuncWorkerConnection[1-52]: Handshake done
I1102 19:10:33.918304 Server/E engine.cpp:674] Engine: New message connection
I1102 19:10:33.918334 IO-0/EL  engine.cpp:277] Engine: Receive new handshake message from message connection
I1102 19:10:33.918339 IO-0/EL  worker_manager.cpp:60] WorkerManager: FuncWorker of func_id 1, client_id 53 connected
I1102 19:10:33.918352 IO-0/EL  message_connection.cpp:269] FuncWorkerConnection[1-53]: Handshake done
I1102 19:10:33.918738 Server/E engine.cpp:674] Engine: New message connection
I1102 19:10:33.918763 IO-0/EL  engine.cpp:277] Engine: Receive new handshake message from message connection
I1102 19:10:33.918767 IO-0/EL  worker_manager.cpp:60] WorkerManager: FuncWorker of func_id 1, client_id 54 connected
I1102 19:10:33.918780 IO-0/EL  message_connection.cpp:269] FuncWorkerConnection[1-54]: Handshake done
I1102 19:10:33.919311 Server/E engine.cpp:674] Engine: New message connection
I1102 19:10:33.919338 IO-0/EL  engine.cpp:277] Engine: Receive new handshake message from message connection
I1102 19:10:33.919343 IO-0/EL  worker_manager.cpp:60] WorkerManager: FuncWorker of func_id 1, client_id 55 connected
I1102 19:10:33.919356 IO-0/EL  message_connection.cpp:269] FuncWorkerConnection[1-55]: Handshake done
I1102 19:10:33.919779 Server/E engine.cpp:674] Engine: New message connection
I1102 19:10:33.919808 IO-0/EL  engine.cpp:277] Engine: Receive new handshake message from message connection
I1102 19:10:33.919813 IO-0/EL  worker_manager.cpp:60] WorkerManager: FuncWorker of func_id 1, client_id 56 connected
I1102 19:10:33.919827 IO-0/EL  message_connection.cpp:269] FuncWorkerConnection[1-56]: Handshake done
I1102 19:10:33.920239 Server/E engine.cpp:674] Engine: New message connection
I1102 19:10:33.920263 IO-0/EL  engine.cpp:277] Engine: Receive new handshake message from message connection
I1102 19:10:33.920268 IO-0/EL  worker_manager.cpp:60] WorkerManager: FuncWorker of func_id 1, client_id 57 connected
I1102 19:10:33.920290 IO-0/EL  message_connection.cpp:269] FuncWorkerConnection[1-57]: Handshake done
I1102 19:10:33.920887 Server/E engine.cpp:674] Engine: New message connection
I1102 19:10:33.920928 IO-0/EL  engine.cpp:277] Engine: Receive new handshake message from message connection
I1102 19:10:33.920933 IO-0/EL  worker_manager.cpp:60] WorkerManager: FuncWorker of func_id 1, client_id 58 connected
I1102 19:10:33.920946 IO-0/EL  message_connection.cpp:269] FuncWorkerConnection[1-58]: Handshake done
I1102 19:10:33.921260 Server/E engine.cpp:674] Engine: New message connection
I1102 19:10:33.921282 IO-0/EL  engine.cpp:277] Engine: Receive new handshake message from message connection
I1102 19:10:33.921287 IO-0/EL  worker_manager.cpp:60] WorkerManager: FuncWorker of func_id 1, client_id 59 connected
I1102 19:10:33.921299 IO-0/EL  message_connection.cpp:269] FuncWorkerConnection[1-59]: Handshake done
I1102 19:10:33.921806 Server/E engine.cpp:674] Engine: New message connection
I1102 19:10:33.921836 IO-0/EL  engine.cpp:277] Engine: Receive new handshake message from message connection
I1102 19:10:33.921841 IO-0/EL  worker_manager.cpp:60] WorkerManager: FuncWorker of func_id 1, client_id 60 connected
I1102 19:10:33.921856 IO-0/EL  message_connection.cpp:269] FuncWorkerConnection[1-60]: Handshake done
I1102 19:10:33.922213 Server/E engine.cpp:674] Engine: New message connection
I1102 19:10:33.922250 IO-0/EL  engine.cpp:277] Engine: Receive new handshake message from message connection
I1102 19:10:33.922254 IO-0/EL  worker_manager.cpp:60] WorkerManager: FuncWorker of func_id 1, client_id 61 connected
I1102 19:10:33.922267 IO-0/EL  message_connection.cpp:269] FuncWorkerConnection[1-61]: Handshake done
I1102 19:10:33.922644 Server/E engine.cpp:674] Engine: New message connection
I1102 19:10:33.922670 IO-0/EL  engine.cpp:277] Engine: Receive new handshake message from message connection
I1102 19:10:33.922675 IO-0/EL  worker_manager.cpp:60] WorkerManager: FuncWorker of func_id 1, client_id 62 connected
I1102 19:10:33.922688 IO-0/EL  message_connection.cpp:269] FuncWorkerConnection[1-62]: Handshake done
I1102 19:10:33.923309 Server/E engine.cpp:674] Engine: New message connection
I1102 19:10:33.923333 IO-0/EL  engine.cpp:277] Engine: Receive new handshake message from message connection
I1102 19:10:33.923337 IO-0/EL  worker_manager.cpp:60] WorkerManager: FuncWorker of func_id 1, client_id 63 connected
I1102 19:10:33.923350 IO-0/EL  message_connection.cpp:269] FuncWorkerConnection[1-63]: Handshake done
I1102 19:10:33.923824 Server/E engine.cpp:674] Engine: New message connection
I1102 19:10:33.923848 IO-0/EL  engine.cpp:277] Engine: Receive new handshake message from message connection
I1102 19:10:33.923852 IO-0/EL  worker_manager.cpp:60] WorkerManager: FuncWorker of func_id 1, client_id 64 connected
I1102 19:10:33.923865 IO-0/EL  message_connection.cpp:269] FuncWorkerConnection[1-64]: Handshake done
I1102 19:10:33.924447 Server/E engine.cpp:674] Engine: New message connection
I1102 19:10:33.924474 IO-0/EL  engine.cpp:277] Engine: Receive new handshake message from message connection
I1102 19:10:33.924479 IO-0/EL  worker_manager.cpp:60] WorkerManager: FuncWorker of func_id 1, client_id 65 connected
I1102 19:10:33.924493 IO-0/EL  message_connection.cpp:269] FuncWorkerConnection[1-65]: Handshake done
I1102 19:10:33.925044 Server/E engine.cpp:674] Engine: New message connection
I1102 19:10:33.925066 IO-0/EL  engine.cpp:277] Engine: Receive new handshake message from message connection
I1102 19:10:33.925070 IO-0/EL  worker_manager.cpp:60] WorkerManager: FuncWorker of func_id 1, client_id 66 connected
I1102 19:10:33.925083 IO-0/EL  message_connection.cpp:269] FuncWorkerConnection[1-66]: Handshake done
I1102 19:10:33.925643 Server/E engine.cpp:674] Engine: New message connection
I1102 19:10:33.925670 IO-0/EL  engine.cpp:277] Engine: Receive new handshake message from message connection
I1102 19:10:33.925674 IO-0/EL  worker_manager.cpp:60] WorkerManager: FuncWorker of func_id 1, client_id 67 connected
I1102 19:10:33.925687 IO-0/EL  message_connection.cpp:269] FuncWorkerConnection[1-67]: Handshake done
I1102 19:10:33.926171 Server/E engine.cpp:674] Engine: New message connection
I1102 19:10:33.926206 IO-0/EL  engine.cpp:277] Engine: Receive new handshake message from message connection
I1102 19:10:33.926211 IO-0/EL  worker_manager.cpp:60] WorkerManager: FuncWorker of func_id 1, client_id 68 connected
I1102 19:10:33.926224 IO-0/EL  message_connection.cpp:269] FuncWorkerConnection[1-68]: Handshake done
I1102 19:10:33.926816 Server/E engine.cpp:674] Engine: New message connection
I1102 19:10:33.926846 IO-0/EL  engine.cpp:277] Engine: Receive new handshake message from message connection
I1102 19:10:33.926851 IO-0/EL  worker_manager.cpp:60] WorkerManager: FuncWorker of func_id 1, client_id 69 connected
I1102 19:10:33.926864 IO-0/EL  message_connection.cpp:269] FuncWorkerConnection[1-69]: Handshake done
I1102 19:10:33.927355 Server/E engine.cpp:674] Engine: New message connection
I1102 19:10:33.927377 IO-0/EL  engine.cpp:277] Engine: Receive new handshake message from message connection
I1102 19:10:33.927382 IO-0/EL  worker_manager.cpp:60] WorkerManager: FuncWorker of func_id 1, client_id 70 connected
I1102 19:10:33.927397 IO-0/EL  message_connection.cpp:269] FuncWorkerConnection[1-70]: Handshake done
I1102 19:10:33.927929 Server/E engine.cpp:674] Engine: New message connection
I1102 19:10:33.927971 IO-0/EL  engine.cpp:277] Engine: Receive new handshake message from message connection
I1102 19:10:33.927976 IO-0/EL  worker_manager.cpp:60] WorkerManager: FuncWorker of func_id 1, client_id 71 connected
I1102 19:10:33.927989 IO-0/EL  message_connection.cpp:269] FuncWorkerConnection[1-71]: Handshake done
I1102 19:10:33.928460 Server/E engine.cpp:674] Engine: New message connection
I1102 19:10:33.928482 IO-0/EL  engine.cpp:277] Engine: Receive new handshake message from message connection
I1102 19:10:33.928486 IO-0/EL  worker_manager.cpp:60] WorkerManager: FuncWorker of func_id 1, client_id 72 connected
I1102 19:10:33.928502 IO-0/EL  message_connection.cpp:269] FuncWorkerConnection[1-72]: Handshake done
I1102 19:10:33.929037 Server/E engine.cpp:674] Engine: New message connection
I1102 19:10:33.929061 IO-0/EL  engine.cpp:277] Engine: Receive new handshake message from message connection
I1102 19:10:33.929066 IO-0/EL  worker_manager.cpp:60] WorkerManager: FuncWorker of func_id 1, client_id 73 connected
I1102 19:10:33.929080 IO-0/EL  message_connection.cpp:269] FuncWorkerConnection[1-73]: Handshake done
I1102 19:10:33.929545 Server/E engine.cpp:674] Engine: New message connection
I1102 19:10:33.929573 IO-0/EL  engine.cpp:277] Engine: Receive new handshake message from message connection
I1102 19:10:33.929577 IO-0/EL  worker_manager.cpp:60] WorkerManager: FuncWorker of func_id 1, client_id 74 connected
I1102 19:10:33.929590 IO-0/EL  message_connection.cpp:269] FuncWorkerConnection[1-74]: Handshake done
I1102 19:10:33.929966 Server/E engine.cpp:674] Engine: New message connection
I1102 19:10:33.929989 IO-0/EL  engine.cpp:277] Engine: Receive new handshake message from message connection
I1102 19:10:33.929993 IO-0/EL  worker_manager.cpp:60] WorkerManager: FuncWorker of func_id 1, client_id 75 connected
I1102 19:10:33.930006 IO-0/EL  message_connection.cpp:269] FuncWorkerConnection[1-75]: Handshake done
I1102 19:10:33.930621 Server/E engine.cpp:674] Engine: New message connection
I1102 19:10:33.930646 IO-0/EL  engine.cpp:277] Engine: Receive new handshake message from message connection
I1102 19:10:33.930650 IO-0/EL  worker_manager.cpp:60] WorkerManager: FuncWorker of func_id 1, client_id 76 connected
I1102 19:10:33.930663 IO-0/EL  message_connection.cpp:269] FuncWorkerConnection[1-76]: Handshake done
I1102 19:10:33.931142 Server/E engine.cpp:674] Engine: New message connection
I1102 19:10:33.931167 IO-0/EL  engine.cpp:277] Engine: Receive new handshake message from message connection
I1102 19:10:33.931171 IO-0/EL  worker_manager.cpp:60] WorkerManager: FuncWorker of func_id 1, client_id 77 connected
I1102 19:10:33.931184 IO-0/EL  message_connection.cpp:269] FuncWorkerConnection[1-77]: Handshake done
I1102 19:10:33.931706 Server/E engine.cpp:674] Engine: New message connection
I1102 19:10:33.931774 IO-0/EL  engine.cpp:277] Engine: Receive new handshake message from message connection
I1102 19:10:33.931779 IO-0/EL  worker_manager.cpp:60] WorkerManager: FuncWorker of func_id 1, client_id 78 connected
I1102 19:10:33.931792 IO-0/EL  message_connection.cpp:269] FuncWorkerConnection[1-78]: Handshake done
I1102 19:10:33.948737 Server/E engine.cpp:674] Engine: New message connection
I1102 19:10:33.948779 Server/E engine.cpp:674] Engine: New message connection
I1102 19:10:33.948787 IO-0/EL  engine.cpp:277] Engine: Receive new handshake message from message connection
I1102 19:10:33.948793 IO-0/EL  worker_manager.cpp:60] WorkerManager: FuncWorker of func_id 1, client_id 79 connected
I1102 19:10:33.948798 Server/E engine.cpp:674] Engine: New message connection
I1102 19:10:33.948807 IO-0/EL  message_connection.cpp:269] FuncWorkerConnection[1-79]: Handshake done
I1102 19:10:33.948811 Server/E engine.cpp:674] Engine: New message connection
I1102 19:10:33.948825 Server/E engine.cpp:674] Engine: New message connection
I1102 19:10:33.948829 IO-0/EL  engine.cpp:277] Engine: Receive new handshake message from message connection
I1102 19:10:33.948833 IO-0/EL  worker_manager.cpp:60] WorkerManager: FuncWorker of func_id 1, client_id 80 connected
I1102 19:10:33.948839 Server/E engine.cpp:674] Engine: New message connection
I1102 19:10:33.948847 IO-0/EL  message_connection.cpp:269] FuncWorkerConnection[1-80]: Handshake done
I1102 19:10:33.948852 Server/E engine.cpp:674] Engine: New message connection
I1102 19:10:33.948862 IO-0/EL  engine.cpp:277] Engine: Receive new handshake message from message connection
I1102 19:10:33.948866 Server/E engine.cpp:674] Engine: New message connection
I1102 19:10:33.948866 IO-0/EL  worker_manager.cpp:60] WorkerManager: FuncWorker of func_id 1, client_id 81 connected
I1102 19:10:33.948892 Server/E engine.cpp:674] Engine: New message connection
I1102 19:10:33.948901 IO-0/EL  message_connection.cpp:269] FuncWorkerConnection[1-81]: Handshake done
I1102 19:10:33.948907 Server/E engine.cpp:674] Engine: New message connection
I1102 19:10:33.948921 IO-0/EL  engine.cpp:277] Engine: Receive new handshake message from message connection
I1102 19:10:33.948926 IO-0/EL  worker_manager.cpp:60] WorkerManager: FuncWorker of func_id 1, client_id 82 connected
I1102 19:10:33.948922 Server/E engine.cpp:674] Engine: New message connection
I1102 19:10:33.948943 IO-0/EL  message_connection.cpp:269] FuncWorkerConnection[1-82]: Handshake done
I1102 19:10:33.948953 Server/E engine.cpp:674] Engine: New message connection
I1102 19:10:33.948957 IO-0/EL  engine.cpp:277] Engine: Receive new handshake message from message connection
I1102 19:10:33.948962 IO-0/EL  worker_manager.cpp:60] WorkerManager: FuncWorker of func_id 1, client_id 83 connected
I1102 19:10:33.948969 Server/E engine.cpp:674] Engine: New message connection
I1102 19:10:33.948975 IO-0/EL  message_connection.cpp:269] FuncWorkerConnection[1-83]: Handshake done
I1102 19:10:33.948982 Server/E engine.cpp:674] Engine: New message connection
I1102 19:10:33.948992 IO-0/EL  engine.cpp:277] Engine: Receive new handshake message from message connection
I1102 19:10:33.948996 Server/E engine.cpp:674] Engine: New message connection
I1102 19:10:33.948997 IO-0/EL  worker_manager.cpp:60] WorkerManager: FuncWorker of func_id 1, client_id 84 connected
I1102 19:10:33.949012 Server/E engine.cpp:674] Engine: New message connection
I1102 19:10:33.949021 IO-0/EL  message_connection.cpp:269] FuncWorkerConnection[1-84]: Handshake done
I1102 19:10:33.949024 Server/E engine.cpp:674] Engine: New message connection
I1102 19:10:33.949035 IO-0/EL  engine.cpp:277] Engine: Receive new handshake message from message connection
I1102 19:10:33.949038 Server/E engine.cpp:674] Engine: New message connection
I1102 19:10:33.949039 IO-0/EL  worker_manager.cpp:60] WorkerManager: FuncWorker of func_id 1, client_id 85 connected
I1102 19:10:33.949055 Server/E engine.cpp:674] Engine: New message connection
I1102 19:10:33.949063 IO-0/EL  message_connection.cpp:269] FuncWorkerConnection[1-85]: Handshake done
I1102 19:10:33.949069 Server/E engine.cpp:674] Engine: New message connection
I1102 19:10:33.949091 IO-0/EL  engine.cpp:277] Engine: Receive new handshake message from message connection
I1102 19:10:33.949097 IO-0/EL  worker_manager.cpp:60] WorkerManager: FuncWorker of func_id 1, client_id 86 connected
I1102 19:10:33.949100 Server/E engine.cpp:674] Engine: New message connection
I1102 19:10:33.949112 IO-0/EL  message_connection.cpp:269] FuncWorkerConnection[1-86]: Handshake done
I1102 19:10:33.949117 Server/E engine.cpp:674] Engine: New message connection
I1102 19:10:33.949126 IO-0/EL  engine.cpp:277] Engine: Receive new handshake message from message connection
I1102 19:10:33.949130 Server/E engine.cpp:674] Engine: New message connection
I1102 19:10:33.949133 IO-0/EL  worker_manager.cpp:60] WorkerManager: FuncWorker of func_id 1, client_id 87 connected
I1102 19:10:33.949148 Server/E engine.cpp:674] Engine: New message connection
I1102 19:10:33.949159 IO-0/EL  message_connection.cpp:269] FuncWorkerConnection[1-87]: Handshake done
I1102 19:10:33.949163 Server/E engine.cpp:674] Engine: New message connection
I1102 19:10:33.949173 IO-0/EL  engine.cpp:277] Engine: Receive new handshake message from message connection
I1102 19:10:33.949175 Server/E engine.cpp:674] Engine: New message connection
I1102 19:10:33.949177 IO-0/EL  worker_manager.cpp:60] WorkerManager: FuncWorker of func_id 1, client_id 88 connected
I1102 19:10:33.949192 Server/E engine.cpp:674] Engine: New message connection
I1102 19:10:33.949198 IO-0/EL  message_connection.cpp:269] FuncWorkerConnection[1-88]: Handshake done
I1102 19:10:33.949206 Server/E engine.cpp:674] Engine: New message connection
I1102 19:10:33.949217 IO-0/EL  engine.cpp:277] Engine: Receive new handshake message from message connection
I1102 19:10:33.949219 Server/E engine.cpp:674] Engine: New message connection
I1102 19:10:33.949222 IO-0/EL  worker_manager.cpp:60] WorkerManager: FuncWorker of func_id 1, client_id 89 connected
I1102 19:10:33.949238 Server/E engine.cpp:674] Engine: New message connection
I1102 19:10:33.949245 IO-0/EL  message_connection.cpp:269] FuncWorkerConnection[1-89]: Handshake done
I1102 19:10:33.949254 Server/E engine.cpp:674] Engine: New message connection
I1102 19:10:33.949260 IO-0/EL  engine.cpp:277] Engine: Receive new handshake message from message connection
I1102 19:10:33.949265 IO-0/EL  worker_manager.cpp:60] WorkerManager: FuncWorker of func_id 1, client_id 90 connected
I1102 19:10:33.949272 Server/E engine.cpp:674] Engine: New message connection
I1102 19:10:33.949278 IO-0/EL  message_connection.cpp:269] FuncWorkerConnection[1-90]: Handshake done
I1102 19:10:33.949284 Server/E engine.cpp:674] Engine: New message connection
I1102 19:10:33.949294 IO-0/EL  engine.cpp:277] Engine: Receive new handshake message from message connection
I1102 19:10:33.949298 Server/E engine.cpp:674] Engine: New message connection
I1102 19:10:33.949299 IO-0/EL  worker_manager.cpp:60] WorkerManager: FuncWorker of func_id 1, client_id 91 connected
I1102 19:10:33.949319 Server/E engine.cpp:674] Engine: New message connection
I1102 19:10:33.949335 Server/E engine.cpp:674] Engine: New message connection
I1102 19:10:33.949334 IO-0/EL  message_connection.cpp:269] FuncWorkerConnection[1-91]: Handshake done
I1102 19:10:33.949348 Server/E engine.cpp:674] Engine: New message connection
I1102 19:10:33.949359 IO-0/EL  engine.cpp:277] Engine: Receive new handshake message from message connection
I1102 19:10:33.949363 IO-0/EL  worker_manager.cpp:60] WorkerManager: FuncWorker of func_id 1, client_id 92 connected
I1102 19:10:33.949378 IO-0/EL  message_connection.cpp:269] FuncWorkerConnection[1-92]: Handshake done
I1102 19:10:33.949396 IO-0/EL  engine.cpp:277] Engine: Receive new handshake message from message connection
I1102 19:10:33.949401 IO-0/EL  worker_manager.cpp:60] WorkerManager: FuncWorker of func_id 1, client_id 93 connected
I1102 19:10:33.949414 IO-0/EL  message_connection.cpp:269] FuncWorkerConnection[1-93]: Handshake done
I1102 19:10:33.949427 IO-0/EL  engine.cpp:277] Engine: Receive new handshake message from message connection
I1102 19:10:33.949437 IO-0/EL  worker_manager.cpp:60] WorkerManager: FuncWorker of func_id 1, client_id 94 connected
I1102 19:10:33.949448 Server/E engine.cpp:674] Engine: New message connection
I1102 19:10:33.949452 IO-0/EL  message_connection.cpp:269] FuncWorkerConnection[1-94]: Handshake done
I1102 19:10:33.949487 IO-0/EL  engine.cpp:277] Engine: Receive new handshake message from message connection
I1102 19:10:33.949493 IO-0/EL  worker_manager.cpp:60] WorkerManager: FuncWorker of func_id 1, client_id 95 connected
I1102 19:10:33.949508 IO-0/EL  message_connection.cpp:269] FuncWorkerConnection[1-95]: Handshake done
I1102 19:10:33.949523 IO-0/EL  engine.cpp:277] Engine: Receive new handshake message from message connection
I1102 19:10:33.949527 IO-0/EL  worker_manager.cpp:60] WorkerManager: FuncWorker of func_id 1, client_id 96 connected
I1102 19:10:33.949540 IO-0/EL  message_connection.cpp:269] FuncWorkerConnection[1-96]: Handshake done
I1102 19:10:33.949558 IO-0/EL  engine.cpp:277] Engine: Receive new handshake message from message connection
I1102 19:10:33.949562 IO-0/EL  worker_manager.cpp:60] WorkerManager: FuncWorker of func_id 1, client_id 97 connected
I1102 19:10:33.949575 IO-0/EL  message_connection.cpp:269] FuncWorkerConnection[1-97]: Handshake done
I1102 19:10:33.949589 IO-0/EL  engine.cpp:277] Engine: Receive new handshake message from message connection
I1102 19:10:33.949595 IO-0/EL  worker_manager.cpp:60] WorkerManager: FuncWorker of func_id 1, client_id 98 connected
I1102 19:10:33.949614 IO-0/EL  message_connection.cpp:269] FuncWorkerConnection[1-98]: Handshake done
I1102 19:10:33.949644 IO-0/EL  engine.cpp:277] Engine: Receive new handshake message from message connection
I1102 19:10:33.949652 IO-0/EL  worker_manager.cpp:60] WorkerManager: FuncWorker of func_id 1, client_id 99 connected
I1102 19:10:33.949672 IO-0/EL  message_connection.cpp:269] FuncWorkerConnection[1-99]: Handshake done
I1102 19:10:33.949692 IO-0/EL  engine.cpp:277] Engine: Receive new handshake message from message connection
I1102 19:10:33.949698 IO-0/EL  worker_manager.cpp:60] WorkerManager: FuncWorker of func_id 1, client_id 100 connected
I1102 19:10:33.949727 IO-0/EL  message_connection.cpp:269] FuncWorkerConnection[1-100]: Handshake done
I1102 19:10:33.949760 IO-0/EL  engine.cpp:277] Engine: Receive new handshake message from message connection
I1102 19:10:33.949767 IO-0/EL  worker_manager.cpp:60] WorkerManager: FuncWorker of func_id 1, client_id 101 connected
I1102 19:10:33.949789 IO-0/EL  message_connection.cpp:269] FuncWorkerConnection[1-101]: Handshake done
I1102 19:10:33.949816 IO-0/EL  engine.cpp:277] Engine: Receive new handshake message from message connection
I1102 19:10:33.949823 IO-0/EL  worker_manager.cpp:60] WorkerManager: FuncWorker of func_id 1, client_id 102 connected
I1102 19:10:33.949852 IO-0/EL  message_connection.cpp:269] FuncWorkerConnection[1-102]: Handshake done
I1102 19:10:33.949874 IO-0/EL  engine.cpp:277] Engine: Receive new handshake message from message connection
I1102 19:10:33.949880 IO-0/EL  worker_manager.cpp:60] WorkerManager: FuncWorker of func_id 1, client_id 103 connected
I1102 19:10:33.949902 IO-0/EL  message_connection.cpp:269] FuncWorkerConnection[1-103]: Handshake done
I1102 19:10:33.949930 IO-0/EL  engine.cpp:277] Engine: Receive new handshake message from message connection
I1102 19:10:33.949937 IO-0/EL  worker_manager.cpp:60] WorkerManager: FuncWorker of func_id 1, client_id 104 connected
I1102 19:10:33.949957 IO-0/EL  message_connection.cpp:269] FuncWorkerConnection[1-104]: Handshake done
I1102 19:10:33.949977 IO-0/EL  engine.cpp:277] Engine: Receive new handshake message from message connection
I1102 19:10:33.949984 IO-0/EL  worker_manager.cpp:60] WorkerManager: FuncWorker of func_id 1, client_id 105 connected
I1102 19:10:33.950005 IO-0/EL  message_connection.cpp:269] FuncWorkerConnection[1-105]: Handshake done
I1102 19:10:33.950035 IO-0/EL  engine.cpp:277] Engine: Receive new handshake message from message connection
I1102 19:10:33.950042 IO-0/EL  worker_manager.cpp:60] WorkerManager: FuncWorker of func_id 1, client_id 106 connected
I1102 19:10:33.950077 IO-0/EL  message_connection.cpp:269] FuncWorkerConnection[1-106]: Handshake done
I1102 19:10:33.950073 Server/E engine.cpp:674] Engine: New message connection
I1102 19:10:33.950124 IO-0/EL  engine.cpp:277] Engine: Receive new handshake message from message connection
I1102 19:10:33.950164 IO-0/EL  worker_manager.cpp:60] WorkerManager: FuncWorker of func_id 1, client_id 107 connected
I1102 19:10:33.950203 IO-0/EL  message_connection.cpp:269] FuncWorkerConnection[1-107]: Handshake done
I1102 19:10:33.950245 IO-0/EL  engine.cpp:277] Engine: Receive new handshake message from message connection
I1102 19:10:33.950253 IO-0/EL  worker_manager.cpp:60] WorkerManager: FuncWorker of func_id 1, client_id 108 connected
I1102 19:10:33.950277 IO-0/EL  message_connection.cpp:269] FuncWorkerConnection[1-108]: Handshake done
I1102 19:10:33.950301 IO-0/EL  engine.cpp:277] Engine: Receive new handshake message from message connection
I1102 19:10:33.950307 IO-0/EL  worker_manager.cpp:60] WorkerManager: FuncWorker of func_id 1, client_id 109 connected
I1102 19:10:33.950328 IO-0/EL  message_connection.cpp:269] FuncWorkerConnection[1-109]: Handshake done
I1102 19:10:33.950355 IO-0/EL  engine.cpp:277] Engine: Receive new handshake message from message connection
I1102 19:10:33.950362 IO-0/EL  worker_manager.cpp:60] WorkerManager: FuncWorker of func_id 1, client_id 110 connected
I1102 19:10:33.950383 IO-0/EL  message_connection.cpp:269] FuncWorkerConnection[1-110]: Handshake done
I1102 19:10:33.950414 IO-0/EL  engine.cpp:277] Engine: Receive new handshake message from message connection
I1102 19:10:33.950421 IO-0/EL  worker_manager.cpp:60] WorkerManager: FuncWorker of func_id 1, client_id 111 connected
I1102 19:10:33.950443 IO-0/EL  message_connection.cpp:269] FuncWorkerConnection[1-111]: Handshake done
I1102 19:10:33.950475 IO-0/EL  engine.cpp:277] Engine: Receive new handshake message from message connection
I1102 19:10:33.950483 IO-0/EL  worker_manager.cpp:60] WorkerManager: FuncWorker of func_id 1, client_id 112 connected
I1102 19:10:33.950504 IO-0/EL  message_connection.cpp:269] FuncWorkerConnection[1-112]: Handshake done
I1102 19:10:33.950530 IO-0/EL  engine.cpp:277] Engine: Receive new handshake message from message connection
I1102 19:10:33.950537 IO-0/EL  worker_manager.cpp:60] WorkerManager: FuncWorker of func_id 1, client_id 113 connected
I1102 19:10:33.950573 IO-0/EL  message_connection.cpp:269] FuncWorkerConnection[1-113]: Handshake done
I1102 19:10:33.950595 IO-0/EL  engine.cpp:277] Engine: Receive new handshake message from message connection
I1102 19:10:33.950602 IO-0/EL  worker_manager.cpp:60] WorkerManager: FuncWorker of func_id 1, client_id 114 connected
I1102 19:10:33.950623 IO-0/EL  message_connection.cpp:269] FuncWorkerConnection[1-114]: Handshake done
I1102 19:10:33.950647 IO-0/EL  engine.cpp:277] Engine: Receive new handshake message from message connection
I1102 19:10:33.950653 IO-0/EL  worker_manager.cpp:60] WorkerManager: FuncWorker of func_id 1, client_id 115 connected
I1102 19:10:33.950674 IO-0/EL  message_connection.cpp:269] FuncWorkerConnection[1-115]: Handshake done
I1102 19:10:33.950696 IO-0/EL  engine.cpp:277] Engine: Receive new handshake message from message connection
I1102 19:10:33.950703 IO-0/EL  worker_manager.cpp:60] WorkerManager: FuncWorker of func_id 1, client_id 116 connected
I1102 19:10:33.950767 IO-0/EL  message_connection.cpp:269] FuncWorkerConnection[1-116]: Handshake done
I1102 19:10:33.950797 IO-0/EL  engine.cpp:277] Engine: Receive new handshake message from message connection
I1102 19:10:33.950805 IO-0/EL  worker_manager.cpp:60] WorkerManager: FuncWorker of func_id 1, client_id 117 connected
I1102 19:10:33.950812 Server/E engine.cpp:674] Engine: New message connection
I1102 19:10:33.950826 IO-0/EL  message_connection.cpp:269] FuncWorkerConnection[1-117]: Handshake done
I1102 19:10:33.950889 IO-0/EL  engine.cpp:277] Engine: Receive new handshake message from message connection
I1102 19:10:33.950920 IO-0/EL  worker_manager.cpp:60] WorkerManager: FuncWorker of func_id 1, client_id 118 connected
I1102 19:10:33.950945 IO-0/EL  message_connection.cpp:269] FuncWorkerConnection[1-118]: Handshake done
I1102 19:10:33.951465 Server/E engine.cpp:674] Engine: New message connection
I1102 19:10:33.951552 IO-0/EL  engine.cpp:277] Engine: Receive new handshake message from message connection
I1102 19:10:33.951564 IO-0/EL  worker_manager.cpp:60] WorkerManager: FuncWorker of func_id 1, client_id 119 connected
I1102 19:10:33.951597 IO-0/EL  message_connection.cpp:269] FuncWorkerConnection[1-119]: Handshake done
I1102 19:10:33.967155 Server/E engine.cpp:674] Engine: New message connection
I1102 19:10:33.967215 IO-0/EL  engine.cpp:277] Engine: Receive new handshake message from message connection
I1102 19:10:33.967228 IO-0/EL  worker_manager.cpp:60] WorkerManager: FuncWorker of func_id 1, client_id 121 connected
I1102 19:10:33.967252 IO-0/EL  message_connection.cpp:269] FuncWorkerConnection[1-121]: Handshake done
I1102 19:10:33.967703 Server/E engine.cpp:674] Engine: New message connection
I1102 19:10:33.967729 Server/E engine.cpp:674] Engine: New message connection
I1102 19:10:33.967741 IO-0/EL  engine.cpp:277] Engine: Receive new handshake message from message connection
I1102 19:10:33.967746 IO-0/EL  worker_manager.cpp:60] WorkerManager: FuncWorker of func_id 1, client_id 120 connected
I1102 19:10:33.967761 IO-0/EL  message_connection.cpp:269] FuncWorkerConnection[1-120]: Handshake done
I1102 19:10:33.967774 IO-0/EL  engine.cpp:277] Engine: Receive new handshake message from message connection
I1102 19:10:33.967778 IO-0/EL  worker_manager.cpp:60] WorkerManager: FuncWorker of func_id 1, client_id 122 connected
I1102 19:10:33.967796 IO-0/EL  message_connection.cpp:269] FuncWorkerConnection[1-122]: Handshake done
I1102 19:10:33.968065 Server/E engine.cpp:674] Engine: New message connection
I1102 19:10:33.968097 IO-0/EL  engine.cpp:277] Engine: Receive new handshake message from message connection
I1102 19:10:33.968102 IO-0/EL  worker_manager.cpp:60] WorkerManager: FuncWorker of func_id 1, client_id 123 connected
I1102 19:10:33.968115 IO-0/EL  message_connection.cpp:269] FuncWorkerConnection[1-123]: Handshake done
I1102 19:10:33.968543 Server/E engine.cpp:674] Engine: New message connection
I1102 19:10:33.968581 IO-0/EL  engine.cpp:277] Engine: Receive new handshake message from message connection
I1102 19:10:33.968586 IO-0/EL  worker_manager.cpp:60] WorkerManager: FuncWorker of func_id 1, client_id 124 connected
I1102 19:10:33.968601 IO-0/EL  message_connection.cpp:269] FuncWorkerConnection[1-124]: Handshake done
I1102 19:10:33.969064 Server/E engine.cpp:674] Engine: New message connection
I1102 19:10:33.969108 IO-0/EL  engine.cpp:277] Engine: Receive new handshake message from message connection
I1102 19:10:33.969113 IO-0/EL  worker_manager.cpp:60] WorkerManager: FuncWorker of func_id 1, client_id 125 connected
I1102 19:10:33.969129 IO-0/EL  message_connection.cpp:269] FuncWorkerConnection[1-125]: Handshake done
I1102 19:10:33.969557 Server/E engine.cpp:674] Engine: New message connection
I1102 19:10:33.969600 IO-0/EL  engine.cpp:277] Engine: Receive new handshake message from message connection
I1102 19:10:33.969605 IO-0/EL  worker_manager.cpp:60] WorkerManager: FuncWorker of func_id 1, client_id 126 connected
I1102 19:10:33.969618 IO-0/EL  message_connection.cpp:269] FuncWorkerConnection[1-126]: Handshake done
I1102 19:10:33.970041 Server/E engine.cpp:674] Engine: New message connection
I1102 19:10:33.970080 IO-0/EL  engine.cpp:277] Engine: Receive new handshake message from message connection
I1102 19:10:33.970085 IO-0/EL  worker_manager.cpp:60] WorkerManager: FuncWorker of func_id 1, client_id 127 connected
I1102 19:10:33.970099 IO-0/EL  message_connection.cpp:269] FuncWorkerConnection[1-127]: Handshake done
I1102 19:10:33.970528 Server/E engine.cpp:674] Engine: New message connection
I1102 19:10:33.970570 IO-0/EL  engine.cpp:277] Engine: Receive new handshake message from message connection
I1102 19:10:33.970575 IO-0/EL  worker_manager.cpp:60] WorkerManager: FuncWorker of func_id 1, client_id 128 connected
I1102 19:10:33.970601 IO-0/EL  message_connection.cpp:269] FuncWorkerConnection[1-128]: Handshake done
I1102 19:10:36.403950 IO-0/EL  buffer_pool.h:25] BufferPool[IO-0_Write]: Allocate new buffer, current buffer count is 3
I1102 19:10:36.403983 IO-0/EL  buffer_pool.h:25] BufferPool[IO-0_Write]: Allocate new buffer, current buffer count is 4
I1102 19:10:36.404006 IO-0/EL  buffer_pool.h:25] BufferPool[IO-0_Write]: Allocate new buffer, current buffer count is 5
I1102 19:10:36.404018 IO-0/EL  buffer_pool.h:25] BufferPool[IO-0_Write]: Allocate new buffer, current buffer count is 6
I1102 19:10:36.404035 IO-0/EL  buffer_pool.h:25] BufferPool[IO-0_Write]: Allocate new buffer, current buffer count is 7
I1102 19:10:36.404051 IO-0/EL  buffer_pool.h:25] BufferPool[IO-0_Write]: Allocate new buffer, current buffer count is 8
I1102 19:10:36.404068 IO-0/EL  buffer_pool.h:25] BufferPool[IO-0_Write]: Allocate new buffer, current buffer count is 9
I1102 19:10:36.404083 IO-0/EL  buffer_pool.h:25] BufferPool[IO-0_Write]: Allocate new buffer, current buffer count is 10
I1102 19:10:36.404102 IO-0/EL  buffer_pool.h:25] BufferPool[IO-0_Write]: Allocate new buffer, current buffer count is 11
I1102 19:10:36.404117 IO-0/EL  buffer_pool.h:25] BufferPool[IO-0_Write]: Allocate new buffer, current buffer count is 12
I1102 19:10:36.404138 IO-0/EL  buffer_pool.h:25] BufferPool[IO-0_Write]: Allocate new buffer, current buffer count is 13
I1102 19:10:36.404153 IO-0/EL  buffer_pool.h:25] BufferPool[IO-0_Write]: Allocate new buffer, current buffer count is 14
I1102 19:10:36.404185 IO-0/EL  buffer_pool.h:25] BufferPool[IO-0_Write]: Allocate new buffer, current buffer count is 15
I1102 19:10:36.404201 IO-0/EL  buffer_pool.h:25] BufferPool[IO-0_Write]: Allocate new buffer, current buffer count is 16
I1102 19:10:36.404221 IO-0/EL  buffer_pool.h:25] BufferPool[IO-0_Write]: Allocate new buffer, current buffer count is 17
I1102 19:10:36.404237 IO-0/EL  buffer_pool.h:25] BufferPool[IO-0_Write]: Allocate new buffer, current buffer count is 18
I1102 19:10:36.404257 IO-0/EL  buffer_pool.h:25] BufferPool[IO-0_Write]: Allocate new buffer, current buffer count is 19
I1102 19:10:36.404275 IO-0/EL  buffer_pool.h:25] BufferPool[IO-0_Write]: Allocate new buffer, current buffer count is 20
I1102 19:10:36.404297 IO-0/EL  buffer_pool.h:25] BufferPool[IO-0_Write]: Allocate new buffer, current buffer count is 21
I1102 19:10:36.404316 IO-0/EL  buffer_pool.h:25] BufferPool[IO-0_Write]: Allocate new buffer, current buffer count is 22
I1102 19:10:36.404338 IO-0/EL  buffer_pool.h:25] BufferPool[IO-0_Write]: Allocate new buffer, current buffer count is 23
I1102 19:10:36.404359 IO-0/EL  buffer_pool.h:25] BufferPool[IO-0_Write]: Allocate new buffer, current buffer count is 24
I1102 19:10:36.404374 IO-0/EL  buffer_pool.h:25] BufferPool[IO-0_Write]: Allocate new buffer, current buffer count is 25
I1102 19:10:36.404400 IO-0/EL  buffer_pool.h:25] BufferPool[IO-0_Write]: Allocate new buffer, current buffer count is 26
I1102 19:10:36.404416 IO-0/EL  buffer_pool.h:25] BufferPool[IO-0_Write]: Allocate new buffer, current buffer count is 27
I1102 19:10:36.404437 IO-0/EL  buffer_pool.h:25] BufferPool[IO-0_Write]: Allocate new buffer, current buffer count is 28
I1102 19:10:36.404462 IO-0/EL  buffer_pool.h:25] BufferPool[IO-0_Write]: Allocate new buffer, current buffer count is 29
I1102 19:10:36.404481 IO-0/EL  buffer_pool.h:25] BufferPool[IO-0_Write]: Allocate new buffer, current buffer count is 30
I1102 19:10:36.404497 IO-0/EL  buffer_pool.h:25] BufferPool[IO-0_Write]: Allocate new buffer, current buffer count is 31
I1102 19:10:36.404513 IO-0/EL  buffer_pool.h:25] BufferPool[IO-0_Write]: Allocate new buffer, current buffer count is 32
I1102 19:10:36.404535 IO-0/EL  buffer_pool.h:25] BufferPool[IO-0_Write]: Allocate new buffer, current buffer count is 33
I1102 19:10:36.404552 IO-0/EL  buffer_pool.h:25] BufferPool[IO-0_Write]: Allocate new buffer, current buffer count is 34
I1102 19:10:36.404574 IO-0/EL  buffer_pool.h:25] BufferPool[IO-0_Write]: Allocate new buffer, current buffer count is 35
I1102 19:10:36.404613 IO-0/EL  buffer_pool.h:25] BufferPool[IO-0_Write]: Allocate new buffer, current buffer count is 36
I1102 19:10:36.404635 IO-0/EL  buffer_pool.h:25] BufferPool[IO-0_Write]: Allocate new buffer, current buffer count is 37
I1102 19:10:36.404651 IO-0/EL  buffer_pool.h:25] BufferPool[IO-0_Write]: Allocate new buffer, current buffer count is 38
I1102 19:10:36.404674 IO-0/EL  buffer_pool.h:25] BufferPool[IO-0_Write]: Allocate new buffer, current buffer count is 39
I1102 19:10:36.404690 IO-0/EL  buffer_pool.h:25] BufferPool[IO-0_Write]: Allocate new buffer, current buffer count is 40
I1102 19:10:36.404736 IO-0/EL  buffer_pool.h:25] BufferPool[IO-0_Write]: Allocate new buffer, current buffer count is 41
I1102 19:10:36.404756 IO-0/EL  buffer_pool.h:25] BufferPool[IO-0_Write]: Allocate new buffer, current buffer count is 42
I1102 19:10:36.404779 IO-0/EL  buffer_pool.h:25] BufferPool[IO-0_Write]: Allocate new buffer, current buffer count is 43
I1102 19:10:36.404795 IO-0/EL  buffer_pool.h:25] BufferPool[IO-0_Write]: Allocate new buffer, current buffer count is 44
I1102 19:10:36.404815 IO-0/EL  buffer_pool.h:25] BufferPool[IO-0_Write]: Allocate new buffer, current buffer count is 45
I1102 19:10:36.404836 IO-0/EL  buffer_pool.h:25] BufferPool[IO-0_Write]: Allocate new buffer, current buffer count is 46
I1102 19:10:36.404851 IO-0/EL  buffer_pool.h:25] BufferPool[IO-0_Write]: Allocate new buffer, current buffer count is 47
I1102 19:10:36.404874 IO-0/EL  buffer_pool.h:25] BufferPool[IO-0_Write]: Allocate new buffer, current buffer count is 48
I1102 19:10:36.404888 IO-0/EL  buffer_pool.h:25] BufferPool[IO-0_Write]: Allocate new buffer, current buffer count is 49
I1102 19:10:36.404915 IO-0/EL  buffer_pool.h:25] BufferPool[IO-0_Write]: Allocate new buffer, current buffer count is 50
I1102 19:10:36.404932 IO-0/EL  buffer_pool.h:25] BufferPool[IO-0_Write]: Allocate new buffer, current buffer count is 51
I1102 19:10:36.404950 IO-0/EL  buffer_pool.h:25] BufferPool[IO-0_Write]: Allocate new buffer, current buffer count is 52
I1102 19:10:36.404967 IO-0/EL  buffer_pool.h:25] BufferPool[IO-0_Write]: Allocate new buffer, current buffer count is 53
I1102 19:10:36.404986 IO-0/EL  buffer_pool.h:25] BufferPool[IO-0_Write]: Allocate new buffer, current buffer count is 54
I1102 19:10:36.405002 IO-0/EL  buffer_pool.h:25] BufferPool[IO-0_Write]: Allocate new buffer, current buffer count is 55
I1102 19:10:36.405020 IO-0/EL  buffer_pool.h:25] BufferPool[IO-0_Write]: Allocate new buffer, current buffer count is 56
I1102 19:10:36.405043 IO-0/EL  buffer_pool.h:25] BufferPool[IO-0_Write]: Allocate new buffer, current buffer count is 57
I1102 19:10:36.405064 IO-0/EL  buffer_pool.h:25] BufferPool[IO-0_Write]: Allocate new buffer, current buffer count is 58
I1102 19:10:36.405085 IO-0/EL  buffer_pool.h:25] BufferPool[IO-0_Write]: Allocate new buffer, current buffer count is 59
I1102 19:10:36.405103 IO-0/EL  buffer_pool.h:25] BufferPool[IO-0_Write]: Allocate new buffer, current buffer count is 60
I1102 19:10:36.405123 IO-0/EL  buffer_pool.h:25] BufferPool[IO-0_Write]: Allocate new buffer, current buffer count is 61
I1102 19:10:36.405141 IO-0/EL  buffer_pool.h:25] BufferPool[IO-0_Write]: Allocate new buffer, current buffer count is 62
I1102 19:10:36.405163 IO-0/EL  buffer_pool.h:25] BufferPool[IO-0_Write]: Allocate new buffer, current buffer count is 63
I1102 19:10:36.405180 IO-0/EL  buffer_pool.h:25] BufferPool[IO-0_Write]: Allocate new buffer, current buffer count is 64
I1102 19:10:36.405201 IO-0/EL  buffer_pool.h:25] BufferPool[IO-0_Write]: Allocate new buffer, current buffer count is 65
I1102 19:10:36.405222 IO-0/EL  buffer_pool.h:25] BufferPool[IO-0_Write]: Allocate new buffer, current buffer count is 66
I1102 19:10:36.405242 IO-0/EL  buffer_pool.h:25] BufferPool[IO-0_Write]: Allocate new buffer, current buffer count is 67
I1102 19:10:36.405260 IO-0/EL  buffer_pool.h:25] BufferPool[IO-0_Write]: Allocate new buffer, current buffer count is 68
I1102 19:10:36.405291 IO-0/EL  buffer_pool.h:25] BufferPool[IO-0_Write]: Allocate new buffer, current buffer count is 69
I1102 19:10:36.405308 IO-0/EL  buffer_pool.h:25] BufferPool[IO-0_Write]: Allocate new buffer, current buffer count is 70
I1102 19:10:36.405327 IO-0/EL  buffer_pool.h:25] BufferPool[IO-0_Write]: Allocate new buffer, current buffer count is 71
I1102 19:10:36.405349 IO-0/EL  buffer_pool.h:25] BufferPool[IO-0_Write]: Allocate new buffer, current buffer count is 72
I1102 19:10:36.405371 IO-0/EL  buffer_pool.h:25] BufferPool[IO-0_Write]: Allocate new buffer, current buffer count is 73
I1102 19:10:36.405393 IO-0/EL  buffer_pool.h:25] BufferPool[IO-0_Write]: Allocate new buffer, current buffer count is 74
I1102 19:10:36.405408 IO-0/EL  buffer_pool.h:25] BufferPool[IO-0_Write]: Allocate new buffer, current buffer count is 75
I1102 19:10:36.405430 IO-0/EL  buffer_pool.h:25] BufferPool[IO-0_Write]: Allocate new buffer, current buffer count is 76
I1102 19:10:36.405445 IO-0/EL  buffer_pool.h:25] BufferPool[IO-0_Write]: Allocate new buffer, current buffer count is 77
I1102 19:10:36.405467 IO-0/EL  buffer_pool.h:25] BufferPool[IO-0_Write]: Allocate new buffer, current buffer count is 78
I1102 19:10:36.405483 IO-0/EL  buffer_pool.h:25] BufferPool[IO-0_Write]: Allocate new buffer, current buffer count is 79
I1102 19:10:36.405504 IO-0/EL  buffer_pool.h:25] BufferPool[IO-0_Write]: Allocate new buffer, current buffer count is 80
I1102 19:10:36.405520 IO-0/EL  buffer_pool.h:25] BufferPool[IO-0_Write]: Allocate new buffer, current buffer count is 81
I1102 19:10:36.405535 IO-0/EL  buffer_pool.h:25] BufferPool[IO-0_Write]: Allocate new buffer, current buffer count is 82
I1102 19:10:36.405559 IO-0/EL  buffer_pool.h:25] BufferPool[IO-0_Write]: Allocate new buffer, current buffer count is 83
I1102 19:10:36.405575 IO-0/EL  buffer_pool.h:25] BufferPool[IO-0_Write]: Allocate new buffer, current buffer count is 84
I1102 19:10:36.405597 IO-0/EL  buffer_pool.h:25] BufferPool[IO-0_Write]: Allocate new buffer, current buffer count is 85
I1102 19:10:36.405615 IO-0/EL  buffer_pool.h:25] BufferPool[IO-0_Write]: Allocate new buffer, current buffer count is 86
I1102 19:10:36.405640 IO-0/EL  buffer_pool.h:25] BufferPool[IO-0_Write]: Allocate new buffer, current buffer count is 87
I1102 19:10:36.405659 IO-0/EL  buffer_pool.h:25] BufferPool[IO-0_Write]: Allocate new buffer, current buffer count is 88
I1102 19:10:36.405678 IO-0/EL  buffer_pool.h:25] BufferPool[IO-0_Write]: Allocate new buffer, current buffer count is 89
I1102 19:10:36.405695 IO-0/EL  buffer_pool.h:25] BufferPool[IO-0_Write]: Allocate new buffer, current buffer count is 90
I1102 19:10:36.405722 IO-0/EL  buffer_pool.h:25] BufferPool[IO-0_Write]: Allocate new buffer, current buffer count is 91
I1102 19:10:36.405741 IO-0/EL  buffer_pool.h:25] BufferPool[IO-0_Write]: Allocate new buffer, current buffer count is 92
I1102 19:10:36.405758 IO-0/EL  buffer_pool.h:25] BufferPool[IO-0_Write]: Allocate new buffer, current buffer count is 93
I1102 19:10:36.405780 IO-0/EL  buffer_pool.h:25] BufferPool[IO-0_Write]: Allocate new buffer, current buffer count is 94
I1102 19:10:36.405797 IO-0/EL  buffer_pool.h:25] BufferPool[IO-0_Write]: Allocate new buffer, current buffer count is 95
I1102 19:10:36.405823 IO-0/EL  buffer_pool.h:25] BufferPool[IO-0_Write]: Allocate new buffer, current buffer count is 96
I1102 19:10:36.405839 IO-0/EL  buffer_pool.h:25] BufferPool[IO-0_Write]: Allocate new buffer, current buffer count is 97
I1102 19:10:36.405860 IO-0/EL  buffer_pool.h:25] BufferPool[IO-0_Write]: Allocate new buffer, current buffer count is 98
I1102 19:10:36.405878 IO-0/EL  buffer_pool.h:25] BufferPool[IO-0_Write]: Allocate new buffer, current buffer count is 99
I1102 19:10:36.405897 IO-0/EL  buffer_pool.h:25] BufferPool[IO-0_Write]: Allocate new buffer, current buffer count is 100
I1102 19:10:36.405914 IO-0/EL  buffer_pool.h:25] BufferPool[IO-0_Write]: Allocate new buffer, current buffer count is 101
I1102 19:10:36.405933 IO-0/EL  buffer_pool.h:25] BufferPool[IO-0_Write]: Allocate new buffer, current buffer count is 102
I1102 19:10:36.405961 IO-0/EL  buffer_pool.h:25] BufferPool[IO-0_Write]: Allocate new buffer, current buffer count is 103
I1102 19:10:36.405981 IO-0/EL  buffer_pool.h:25] BufferPool[IO-0_Write]: Allocate new buffer, current buffer count is 104
I1102 19:10:36.405999 IO-0/EL  buffer_pool.h:25] BufferPool[IO-0_Write]: Allocate new buffer, current buffer count is 105
I1102 19:10:36.406017 IO-0/EL  buffer_pool.h:25] BufferPool[IO-0_Write]: Allocate new buffer, current buffer count is 106
I1102 19:10:36.406038 IO-0/EL  buffer_pool.h:25] BufferPool[IO-0_Write]: Allocate new buffer, current buffer count is 107
I1102 19:10:36.406055 IO-0/EL  buffer_pool.h:25] BufferPool[IO-0_Write]: Allocate new buffer, current buffer count is 108
I1102 19:10:36.406077 IO-0/EL  buffer_pool.h:25] BufferPool[IO-0_Write]: Allocate new buffer, current buffer count is 109
I1102 19:10:36.406095 IO-0/EL  buffer_pool.h:25] BufferPool[IO-0_Write]: Allocate new buffer, current buffer count is 110
I1102 19:10:36.406118 IO-0/EL  buffer_pool.h:25] BufferPool[IO-0_Write]: Allocate new buffer, current buffer count is 111
I1102 19:10:36.406133 IO-0/EL  buffer_pool.h:25] BufferPool[IO-0_Write]: Allocate new buffer, current buffer count is 112
I1102 19:10:36.406161 IO-0/EL  buffer_pool.h:25] BufferPool[IO-0_Write]: Allocate new buffer, current buffer count is 113
I1102 19:10:36.406183 IO-0/EL  buffer_pool.h:25] BufferPool[IO-0_Write]: Allocate new buffer, current buffer count is 114
I1102 19:10:36.406201 IO-0/EL  buffer_pool.h:25] BufferPool[IO-0_Write]: Allocate new buffer, current buffer count is 115
I1102 19:10:36.406222 IO-0/EL  buffer_pool.h:25] BufferPool[IO-0_Write]: Allocate new buffer, current buffer count is 116
I1102 19:10:36.406240 IO-0/EL  buffer_pool.h:25] BufferPool[IO-0_Write]: Allocate new buffer, current buffer count is 117
I1102 19:10:36.406260 IO-0/EL  buffer_pool.h:25] BufferPool[IO-0_Write]: Allocate new buffer, current buffer count is 118
I1102 19:10:36.406278 IO-0/EL  buffer_pool.h:25] BufferPool[IO-0_Write]: Allocate new buffer, current buffer count is 119
I1102 19:10:36.406293 IO-0/EL  buffer_pool.h:25] BufferPool[IO-0_Write]: Allocate new buffer, current buffer count is 120
I1102 19:10:36.406314 IO-0/EL  buffer_pool.h:25] BufferPool[IO-0_Write]: Allocate new buffer, current buffer count is 121
I1102 19:10:36.406332 IO-0/EL  buffer_pool.h:25] BufferPool[IO-0_Write]: Allocate new buffer, current buffer count is 122
I1102 19:10:36.406354 IO-0/EL  buffer_pool.h:25] BufferPool[IO-0_Write]: Allocate new buffer, current buffer count is 123
I1102 19:10:36.406370 IO-0/EL  buffer_pool.h:25] BufferPool[IO-0_Write]: Allocate new buffer, current buffer count is 124
I1102 19:10:36.406392 IO-0/EL  buffer_pool.h:25] BufferPool[IO-0_Write]: Allocate new buffer, current buffer count is 125
I1102 19:10:36.406407 IO-0/EL  buffer_pool.h:25] BufferPool[IO-0_Write]: Allocate new buffer, current buffer count is 126
I1102 19:10:36.406428 IO-0/EL  buffer_pool.h:25] BufferPool[IO-0_Write]: Allocate new buffer, current buffer count is 127
I1102 19:10:36.406444 IO-0/EL  buffer_pool.h:25] BufferPool[IO-0_Write]: Allocate new buffer, current buffer count is 128
I1102 19:10:36.406799 IO-0/EL  buffer_pool.h:25] BufferPool[IO-0_Write]: Allocate new buffer, current buffer count is 129
I1102 19:10:36.406822 IO-0/EL  buffer_pool.h:25] BufferPool[IO-0_Write]: Allocate new buffer, current buffer count is 130
I1102 19:10:36.406841 IO-0/EL  buffer_pool.h:25] BufferPool[IO-0_Write]: Allocate new buffer, current buffer count is 131
I1102 19:10:36.406859 IO-0/EL  buffer_pool.h:25] BufferPool[IO-0_Write]: Allocate new buffer, current buffer count is 132
I1102 19:10:36.406876 IO-0/EL  buffer_pool.h:25] BufferPool[IO-0_Write]: Allocate new buffer, current buffer count is 133
I1102 19:10:36.406898 IO-0/EL  buffer_pool.h:25] BufferPool[IO-0_Write]: Allocate new buffer, current buffer count is 134
I1102 19:10:36.406914 IO-0/EL  buffer_pool.h:25] BufferPool[IO-0_Write]: Allocate new buffer, current buffer count is 135
I1102 19:10:36.406929 IO-0/EL  buffer_pool.h:25] BufferPool[IO-0_Write]: Allocate new buffer, current buffer count is 136
I1102 19:10:36.406955 IO-0/EL  buffer_pool.h:25] BufferPool[IO-0_Write]: Allocate new buffer, current buffer count is 137
I1102 19:10:36.406971 IO-0/EL  buffer_pool.h:25] BufferPool[IO-0_Write]: Allocate new buffer, current buffer count is 138
I1102 19:10:36.406986 IO-0/EL  buffer_pool.h:25] BufferPool[IO-0_Write]: Allocate new buffer, current buffer count is 139
I1102 19:10:36.407001 IO-0/EL  buffer_pool.h:25] BufferPool[IO-0_Write]: Allocate new buffer, current buffer count is 140
I1102 19:10:36.407016 IO-0/EL  buffer_pool.h:25] BufferPool[IO-0_Write]: Allocate new buffer, current buffer count is 141
I1102 19:10:36.407031 IO-0/EL  buffer_pool.h:25] BufferPool[IO-0_Write]: Allocate new buffer, current buffer count is 142
I1102 19:10:36.407047 IO-0/EL  buffer_pool.h:25] BufferPool[IO-0_Write]: Allocate new buffer, current buffer count is 143
I1102 19:10:36.407062 IO-0/EL  buffer_pool.h:25] BufferPool[IO-0_Write]: Allocate new buffer, current buffer count is 144
I1102 19:10:36.407076 IO-0/EL  buffer_pool.h:25] BufferPool[IO-0_Write]: Allocate new buffer, current buffer count is 145
I1102 19:10:36.407092 IO-0/EL  buffer_pool.h:25] BufferPool[IO-0_Write]: Allocate new buffer, current buffer count is 146
I1102 19:10:36.407110 IO-0/EL  buffer_pool.h:25] BufferPool[IO-0_Write]: Allocate new buffer, current buffer count is 147
I1102 19:10:36.407128 IO-0/EL  buffer_pool.h:25] BufferPool[IO-0_Write]: Allocate new buffer, current buffer count is 148
I1102 19:10:36.407146 IO-0/EL  buffer_pool.h:25] BufferPool[IO-0_Write]: Allocate new buffer, current buffer count is 149
I1102 19:10:36.407163 IO-0/EL  buffer_pool.h:25] BufferPool[IO-0_Write]: Allocate new buffer, current buffer count is 150
I1102 19:10:36.407180 IO-0/EL  buffer_pool.h:25] BufferPool[IO-0_Write]: Allocate new buffer, current buffer count is 151
I1102 19:10:36.407201 IO-0/EL  buffer_pool.h:25] BufferPool[IO-0_Write]: Allocate new buffer, current buffer count is 152
I1102 19:10:36.407218 IO-0/EL  buffer_pool.h:25] BufferPool[IO-0_Write]: Allocate new buffer, current buffer count is 153
I1102 19:10:36.407234 IO-0/EL  buffer_pool.h:25] BufferPool[IO-0_Write]: Allocate new buffer, current buffer count is 154
I1102 19:10:36.407249 IO-0/EL  buffer_pool.h:25] BufferPool[IO-0_Write]: Allocate new buffer, current buffer count is 155
I1102 19:10:36.407266 IO-0/EL  buffer_pool.h:25] BufferPool[IO-0_Write]: Allocate new buffer, current buffer count is 156
I1102 19:10:36.407282 IO-0/EL  buffer_pool.h:25] BufferPool[IO-0_Write]: Allocate new buffer, current buffer count is 157
I1102 19:10:36.407297 IO-0/EL  buffer_pool.h:25] BufferPool[IO-0_Write]: Allocate new buffer, current buffer count is 158
I1102 19:10:36.407312 IO-0/EL  buffer_pool.h:25] BufferPool[IO-0_Write]: Allocate new buffer, current buffer count is 159
I1102 19:10:36.407328 IO-0/EL  buffer_pool.h:25] BufferPool[IO-0_Write]: Allocate new buffer, current buffer count is 160
I1102 19:10:36.407344 IO-0/EL  buffer_pool.h:25] BufferPool[IO-0_Write]: Allocate new buffer, current buffer count is 161
I1102 19:10:36.407359 IO-0/EL  buffer_pool.h:25] BufferPool[IO-0_Write]: Allocate new buffer, current buffer count is 162
I1102 19:10:36.407374 IO-0/EL  buffer_pool.h:25] BufferPool[IO-0_Write]: Allocate new buffer, current buffer count is 163
I1102 19:10:36.407389 IO-0/EL  buffer_pool.h:25] BufferPool[IO-0_Write]: Allocate new buffer, current buffer count is 164
I1102 19:10:36.407405 IO-0/EL  buffer_pool.h:25] BufferPool[IO-0_Write]: Allocate new buffer, current buffer count is 165
I1102 19:10:36.407420 IO-0/EL  buffer_pool.h:25] BufferPool[IO-0_Write]: Allocate new buffer, current buffer count is 166
I1102 19:10:36.407440 IO-0/EL  buffer_pool.h:25] BufferPool[IO-0_Write]: Allocate new buffer, current buffer count is 167
I1102 19:10:36.407457 IO-0/EL  buffer_pool.h:25] BufferPool[IO-0_Write]: Allocate new buffer, current buffer count is 168
I1102 19:10:36.407476 IO-0/EL  buffer_pool.h:25] BufferPool[IO-0_Write]: Allocate new buffer, current buffer count is 169
I1102 19:10:36.407506 IO-0/EL  buffer_pool.h:25] BufferPool[IO-0_Write]: Allocate new buffer, current buffer count is 170
I1102 19:10:36.407522 IO-0/EL  buffer_pool.h:25] BufferPool[IO-0_Write]: Allocate new buffer, current buffer count is 171
I1102 19:10:36.407538 IO-0/EL  buffer_pool.h:25] BufferPool[IO-0_Write]: Allocate new buffer, current buffer count is 172
I1102 19:10:36.407553 IO-0/EL  buffer_pool.h:25] BufferPool[IO-0_Write]: Allocate new buffer, current buffer count is 173
I1102 19:10:36.407569 IO-0/EL  buffer_pool.h:25] BufferPool[IO-0_Write]: Allocate new buffer, current buffer count is 174
I1102 19:10:36.407585 IO-0/EL  buffer_pool.h:25] BufferPool[IO-0_Write]: Allocate new buffer, current buffer count is 175
I1102 19:10:36.407601 IO-0/EL  buffer_pool.h:25] BufferPool[IO-0_Write]: Allocate new buffer, current buffer count is 176
I1102 19:10:36.407617 IO-0/EL  buffer_pool.h:25] BufferPool[IO-0_Write]: Allocate new buffer, current buffer count is 177
I1102 19:10:36.407632 IO-0/EL  buffer_pool.h:25] BufferPool[IO-0_Write]: Allocate new buffer, current buffer count is 178
I1102 19:10:36.407647 IO-0/EL  buffer_pool.h:25] BufferPool[IO-0_Write]: Allocate new buffer, current buffer count is 179
I1102 19:10:36.407667 IO-0/EL  buffer_pool.h:25] BufferPool[IO-0_Write]: Allocate new buffer, current buffer count is 180
I1102 19:10:36.407682 IO-0/EL  buffer_pool.h:25] BufferPool[IO-0_Write]: Allocate new buffer, current buffer count is 181
I1102 19:10:36.407697 IO-0/EL  buffer_pool.h:25] BufferPool[IO-0_Write]: Allocate new buffer, current buffer count is 182
I1102 19:10:36.407720 IO-0/EL  buffer_pool.h:25] BufferPool[IO-0_Write]: Allocate new buffer, current buffer count is 183
I1102 19:10:36.407737 IO-0/EL  buffer_pool.h:25] BufferPool[IO-0_Write]: Allocate new buffer, current buffer count is 184
I1102 19:10:36.407754 IO-0/EL  buffer_pool.h:25] BufferPool[IO-0_Write]: Allocate new buffer, current buffer count is 185
I1102 19:10:36.407772 IO-0/EL  buffer_pool.h:25] BufferPool[IO-0_Write]: Allocate new buffer, current buffer count is 186
I1102 19:10:36.407789 IO-0/EL  buffer_pool.h:25] BufferPool[IO-0_Write]: Allocate new buffer, current buffer count is 187
I1102 19:10:36.407807 IO-0/EL  buffer_pool.h:25] BufferPool[IO-0_Write]: Allocate new buffer, current buffer count is 188
I1102 19:10:36.407825 IO-0/EL  buffer_pool.h:25] BufferPool[IO-0_Write]: Allocate new buffer, current buffer count is 189
I1102 19:10:36.407843 IO-0/EL  buffer_pool.h:25] BufferPool[IO-0_Write]: Allocate new buffer, current buffer count is 190
I1102 19:10:36.407858 IO-0/EL  buffer_pool.h:25] BufferPool[IO-0_Write]: Allocate new buffer, current buffer count is 191
I1102 19:10:36.407874 IO-0/EL  buffer_pool.h:25] BufferPool[IO-0_Write]: Allocate new buffer, current buffer count is 192
I1102 19:10:36.407890 IO-0/EL  buffer_pool.h:25] BufferPool[IO-0_Write]: Allocate new buffer, current buffer count is 193
I1102 19:10:36.407905 IO-0/EL  buffer_pool.h:25] BufferPool[IO-0_Write]: Allocate new buffer, current buffer count is 194
I1102 19:10:36.407920 IO-0/EL  buffer_pool.h:25] BufferPool[IO-0_Write]: Allocate new buffer, current buffer count is 195
I1102 19:10:36.407936 IO-0/EL  buffer_pool.h:25] BufferPool[IO-0_Write]: Allocate new buffer, current buffer count is 196
I1102 19:10:36.407951 IO-0/EL  buffer_pool.h:25] BufferPool[IO-0_Write]: Allocate new buffer, current buffer count is 197
I1102 19:10:36.407967 IO-0/EL  buffer_pool.h:25] BufferPool[IO-0_Write]: Allocate new buffer, current buffer count is 198
I1102 19:10:36.407982 IO-0/EL  buffer_pool.h:25] BufferPool[IO-0_Write]: Allocate new buffer, current buffer count is 199
I1102 19:10:36.407998 IO-0/EL  buffer_pool.h:25] BufferPool[IO-0_Write]: Allocate new buffer, current buffer count is 200
I1102 19:10:36.408014 IO-0/EL  buffer_pool.h:25] BufferPool[IO-0_Write]: Allocate new buffer, current buffer count is 201
I1102 19:10:36.408029 IO-0/EL  buffer_pool.h:25] BufferPool[IO-0_Write]: Allocate new buffer, current buffer count is 202
I1102 19:10:36.408047 IO-0/EL  buffer_pool.h:25] BufferPool[IO-0_Write]: Allocate new buffer, current buffer count is 203
I1102 19:10:36.408075 IO-0/EL  buffer_pool.h:25] BufferPool[IO-0_Write]: Allocate new buffer, current buffer count is 204
I1102 19:10:36.408092 IO-0/EL  buffer_pool.h:25] BufferPool[IO-0_Write]: Allocate new buffer, current buffer count is 205
I1102 19:10:36.408111 IO-0/EL  buffer_pool.h:25] BufferPool[IO-0_Write]: Allocate new buffer, current buffer count is 206
I1102 19:10:36.408131 IO-0/EL  buffer_pool.h:25] BufferPool[IO-0_Write]: Allocate new buffer, current buffer count is 207
I1102 19:10:36.408146 IO-0/EL  buffer_pool.h:25] BufferPool[IO-0_Write]: Allocate new buffer, current buffer count is 208
I1102 19:10:36.408162 IO-0/EL  buffer_pool.h:25] BufferPool[IO-0_Write]: Allocate new buffer, current buffer count is 209
I1102 19:10:36.408177 IO-0/EL  buffer_pool.h:25] BufferPool[IO-0_Write]: Allocate new buffer, current buffer count is 210
I1102 19:10:36.408193 IO-0/EL  buffer_pool.h:25] BufferPool[IO-0_Write]: Allocate new buffer, current buffer count is 211
I1102 19:10:36.408210 IO-0/EL  buffer_pool.h:25] BufferPool[IO-0_Write]: Allocate new buffer, current buffer count is 212
I1102 19:10:36.408228 IO-0/EL  buffer_pool.h:25] BufferPool[IO-0_Write]: Allocate new buffer, current buffer count is 213
I1102 19:10:36.408243 IO-0/EL  buffer_pool.h:25] BufferPool[IO-0_Write]: Allocate new buffer, current buffer count is 214
I1102 19:10:36.408258 IO-0/EL  buffer_pool.h:25] BufferPool[IO-0_Write]: Allocate new buffer, current buffer count is 215
I1102 19:10:36.408274 IO-0/EL  buffer_pool.h:25] BufferPool[IO-0_Write]: Allocate new buffer, current buffer count is 216
I1102 19:10:36.408290 IO-0/EL  buffer_pool.h:25] BufferPool[IO-0_Write]: Allocate new buffer, current buffer count is 217
I1102 19:10:36.408305 IO-0/EL  buffer_pool.h:25] BufferPool[IO-0_Write]: Allocate new buffer, current buffer count is 218
I1102 19:10:36.408322 IO-0/EL  buffer_pool.h:25] BufferPool[IO-0_Write]: Allocate new buffer, current buffer count is 219
I1102 19:10:36.408337 IO-0/EL  buffer_pool.h:25] BufferPool[IO-0_Write]: Allocate new buffer, current buffer count is 220
I1102 19:10:36.408352 IO-0/EL  buffer_pool.h:25] BufferPool[IO-0_Write]: Allocate new buffer, current buffer count is 221
I1102 19:10:36.408370 IO-0/EL  buffer_pool.h:25] BufferPool[IO-0_Write]: Allocate new buffer, current buffer count is 222
I1102 19:10:36.408388 IO-0/EL  buffer_pool.h:25] BufferPool[IO-0_Write]: Allocate new buffer, current buffer count is 223
I1102 19:10:36.408405 IO-0/EL  buffer_pool.h:25] BufferPool[IO-0_Write]: Allocate new buffer, current buffer count is 224
I1102 19:10:36.408427 IO-0/EL  buffer_pool.h:25] BufferPool[IO-0_Write]: Allocate new buffer, current buffer count is 225
I1102 19:10:36.408443 IO-0/EL  buffer_pool.h:25] BufferPool[IO-0_Write]: Allocate new buffer, current buffer count is 226
I1102 19:10:36.408458 IO-0/EL  buffer_pool.h:25] BufferPool[IO-0_Write]: Allocate new buffer, current buffer count is 227
I1102 19:10:36.408473 IO-0/EL  buffer_pool.h:25] BufferPool[IO-0_Write]: Allocate new buffer, current buffer count is 228
I1102 19:10:36.408489 IO-0/EL  buffer_pool.h:25] BufferPool[IO-0_Write]: Allocate new buffer, current buffer count is 229
I1102 19:10:36.408505 IO-0/EL  buffer_pool.h:25] BufferPool[IO-0_Write]: Allocate new buffer, current buffer count is 230
I1102 19:10:36.408523 IO-0/EL  buffer_pool.h:25] BufferPool[IO-0_Write]: Allocate new buffer, current buffer count is 231
I1102 19:10:36.408538 IO-0/EL  buffer_pool.h:25] BufferPool[IO-0_Write]: Allocate new buffer, current buffer count is 232
I1102 19:10:36.408554 IO-0/EL  buffer_pool.h:25] BufferPool[IO-0_Write]: Allocate new buffer, current buffer count is 233
I1102 19:10:36.408569 IO-0/EL  buffer_pool.h:25] BufferPool[IO-0_Write]: Allocate new buffer, current buffer count is 234
I1102 19:10:36.408585 IO-0/EL  buffer_pool.h:25] BufferPool[IO-0_Write]: Allocate new buffer, current buffer count is 235
I1102 19:10:36.408600 IO-0/EL  buffer_pool.h:25] BufferPool[IO-0_Write]: Allocate new buffer, current buffer count is 236
I1102 19:10:36.408615 IO-0/EL  buffer_pool.h:25] BufferPool[IO-0_Write]: Allocate new buffer, current buffer count is 237
I1102 19:10:36.408643 IO-0/EL  buffer_pool.h:25] BufferPool[IO-0_Write]: Allocate new buffer, current buffer count is 238
I1102 19:10:36.408660 IO-0/EL  buffer_pool.h:25] BufferPool[IO-0_Write]: Allocate new buffer, current buffer count is 239
I1102 19:10:36.408677 IO-0/EL  buffer_pool.h:25] BufferPool[IO-0_Write]: Allocate new buffer, current buffer count is 240
I1102 19:10:36.408694 IO-0/EL  buffer_pool.h:25] BufferPool[IO-0_Write]: Allocate new buffer, current buffer count is 241
I1102 19:10:36.408716 IO-0/EL  buffer_pool.h:25] BufferPool[IO-0_Write]: Allocate new buffer, current buffer count is 242
I1102 19:10:36.408738 IO-0/EL  buffer_pool.h:25] BufferPool[IO-0_Write]: Allocate new buffer, current buffer count is 243
I1102 19:10:36.408756 IO-0/EL  buffer_pool.h:25] BufferPool[IO-0_Write]: Allocate new buffer, current buffer count is 244
I1102 19:10:36.408771 IO-0/EL  buffer_pool.h:25] BufferPool[IO-0_Write]: Allocate new buffer, current buffer count is 245
I1102 19:10:36.408787 IO-0/EL  buffer_pool.h:25] BufferPool[IO-0_Write]: Allocate new buffer, current buffer count is 246
I1102 19:10:36.408805 IO-0/EL  buffer_pool.h:25] BufferPool[IO-0_Write]: Allocate new buffer, current buffer count is 247
I1102 19:10:36.408821 IO-0/EL  buffer_pool.h:25] BufferPool[IO-0_Write]: Allocate new buffer, current buffer count is 248
I1102 19:10:36.408836 IO-0/EL  buffer_pool.h:25] BufferPool[IO-0_Write]: Allocate new buffer, current buffer count is 249
I1102 19:10:36.408852 IO-0/EL  buffer_pool.h:25] BufferPool[IO-0_Write]: Allocate new buffer, current buffer count is 250
I1102 19:10:36.408867 IO-0/EL  buffer_pool.h:25] BufferPool[IO-0_Write]: Allocate new buffer, current buffer count is 251
I1102 19:10:36.408883 IO-0/EL  buffer_pool.h:25] BufferPool[IO-0_Write]: Allocate new buffer, current buffer count is 252
I1102 19:10:36.408899 IO-0/EL  buffer_pool.h:25] BufferPool[IO-0_Write]: Allocate new buffer, current buffer count is 253
I1102 19:10:36.408913 IO-0/EL  buffer_pool.h:25] BufferPool[IO-0_Write]: Allocate new buffer, current buffer count is 254
I1102 19:10:36.408928 IO-0/EL  buffer_pool.h:25] BufferPool[IO-0_Write]: Allocate new buffer, current buffer count is 255
I1102 19:10:41.465411 Main     server_base.cpp:35] Server: Scheduled to stop
I1102 19:10:41.465561 IO-0/EL  message_connection.cpp:284] LauncherConnection[1]: Connection closed remotely
I1102 19:10:41.465568 Server/E server_base.cpp:109] Server: Start stopping process
I1102 19:10:41.465632 IO-0/EL  io_worker.cpp:206] IO-0: Start stopping process
I1102 19:10:41.465697 Server/E server_base.cpp:55] Server: Event loop finishes
