I1102 18:26:20.006507 Main     thread.cpp:100] Register main thread: tid=1378314
E1102 18:26:20.007680 Main     docker.cpp:59] Cannot find docker's cgroup in /proc/self/cgroup
I1102 18:26:20.007747 Main     func_config.cpp:135] Load configuration for function Noop[1]
I1102 18:26:20.007759 Main     engine.cpp:109] Engine: Start 1 IO workers
I1102 18:26:20.010986 IO-0/EL  thread.cpp:40] Start thread: IO-0/EL
I1102 18:26:20.011034 IO-0/EL  io_worker.cpp:192] IO-0: Event loop starts
Checking for file descriptor...
Got a file descriptor!
I1102 18:26:21.357444 Main     engine.cpp:180] Engine: Created 1 Machnet connections to Gateway at 10.10.1.2:10007
I1102 18:26:21.357549 Main     engine.cpp:208] Engine: Listen on /dev/shm/faas_ipc/engine.sock for IPC connections
I1102 18:26:21.357766 Server/E thread.cpp:40] Start thread: Server/EL
I1102 18:26:21.357917 Server/E server_base.cpp:50] Server: Event loop starts
I1102 18:26:22.008791 Server/E engine.cpp:674] Engine: New message connection
I1102 18:26:22.012092 IO-0/EL  buffer_pool.h:25] BufferPool[IO-0_Read]: Allocate new buffer, current buffer count is 1
I1102 18:26:22.012125 IO-0/EL  engine.cpp:277] Engine: Receive new handshake message from message connection
I1102 18:26:22.012132 IO-0/EL  worker_manager.cpp:23] WorkerManager: Launcher of func_id 1 connected
I1102 18:26:22.012137 IO-0/EL  worker_manager.cpp:131] WorkerManager: Request new FuncWorker for func_id 1 with client_id 1
I1102 18:26:22.012157 IO-0/EL  worker_manager.cpp:131] WorkerManager: Request new FuncWorker for func_id 1 with client_id 2
I1102 18:26:22.012170 IO-0/EL  worker_manager.cpp:131] WorkerManager: Request new FuncWorker for func_id 1 with client_id 3
I1102 18:26:22.012179 IO-0/EL  worker_manager.cpp:131] WorkerManager: Request new FuncWorker for func_id 1 with client_id 4
I1102 18:26:22.012188 IO-0/EL  worker_manager.cpp:131] WorkerManager: Request new FuncWorker for func_id 1 with client_id 5
I1102 18:26:22.012197 IO-0/EL  worker_manager.cpp:131] WorkerManager: Request new FuncWorker for func_id 1 with client_id 6
I1102 18:26:22.012208 IO-0/EL  worker_manager.cpp:131] WorkerManager: Request new FuncWorker for func_id 1 with client_id 7
I1102 18:26:22.012217 IO-0/EL  worker_manager.cpp:131] WorkerManager: Request new FuncWorker for func_id 1 with client_id 8
I1102 18:26:22.012230 IO-0/EL  worker_manager.cpp:131] WorkerManager: Request new FuncWorker for func_id 1 with client_id 9
I1102 18:26:22.012239 IO-0/EL  worker_manager.cpp:131] WorkerManager: Request new FuncWorker for func_id 1 with client_id 10
I1102 18:26:22.012250 IO-0/EL  worker_manager.cpp:131] WorkerManager: Request new FuncWorker for func_id 1 with client_id 11
I1102 18:26:22.012260 IO-0/EL  worker_manager.cpp:131] WorkerManager: Request new FuncWorker for func_id 1 with client_id 12
I1102 18:26:22.012272 IO-0/EL  worker_manager.cpp:131] WorkerManager: Request new FuncWorker for func_id 1 with client_id 13
I1102 18:26:22.012281 IO-0/EL  worker_manager.cpp:131] WorkerManager: Request new FuncWorker for func_id 1 with client_id 14
I1102 18:26:22.012290 IO-0/EL  worker_manager.cpp:131] WorkerManager: Request new FuncWorker for func_id 1 with client_id 15
I1102 18:26:22.012301 IO-0/EL  worker_manager.cpp:131] WorkerManager: Request new FuncWorker for func_id 1 with client_id 16
I1102 18:26:22.012310 IO-0/EL  worker_manager.cpp:131] WorkerManager: Request new FuncWorker for func_id 1 with client_id 17
I1102 18:26:22.012330 IO-0/EL  worker_manager.cpp:131] WorkerManager: Request new FuncWorker for func_id 1 with client_id 18
I1102 18:26:22.012340 IO-0/EL  worker_manager.cpp:131] WorkerManager: Request new FuncWorker for func_id 1 with client_id 19
I1102 18:26:22.012350 IO-0/EL  worker_manager.cpp:131] WorkerManager: Request new FuncWorker for func_id 1 with client_id 20
I1102 18:26:22.012361 IO-0/EL  worker_manager.cpp:131] WorkerManager: Request new FuncWorker for func_id 1 with client_id 21
I1102 18:26:22.012370 IO-0/EL  worker_manager.cpp:131] WorkerManager: Request new FuncWorker for func_id 1 with client_id 22
I1102 18:26:22.012379 IO-0/EL  worker_manager.cpp:131] WorkerManager: Request new FuncWorker for func_id 1 with client_id 23
I1102 18:26:22.012404 IO-0/EL  worker_manager.cpp:131] WorkerManager: Request new FuncWorker for func_id 1 with client_id 24
I1102 18:26:22.012414 IO-0/EL  worker_manager.cpp:131] WorkerManager: Request new FuncWorker for func_id 1 with client_id 25
I1102 18:26:22.012423 IO-0/EL  worker_manager.cpp:131] WorkerManager: Request new FuncWorker for func_id 1 with client_id 26
I1102 18:26:22.012433 IO-0/EL  worker_manager.cpp:131] WorkerManager: Request new FuncWorker for func_id 1 with client_id 27
I1102 18:26:22.012445 IO-0/EL  worker_manager.cpp:131] WorkerManager: Request new FuncWorker for func_id 1 with client_id 28
I1102 18:26:22.012455 IO-0/EL  worker_manager.cpp:131] WorkerManager: Request new FuncWorker for func_id 1 with client_id 29
I1102 18:26:22.012465 IO-0/EL  worker_manager.cpp:131] WorkerManager: Request new FuncWorker for func_id 1 with client_id 30
I1102 18:26:22.012476 IO-0/EL  worker_manager.cpp:131] WorkerManager: Request new FuncWorker for func_id 1 with client_id 31
I1102 18:26:22.012485 IO-0/EL  worker_manager.cpp:131] WorkerManager: Request new FuncWorker for func_id 1 with client_id 32
I1102 18:26:22.012495 IO-0/EL  worker_manager.cpp:131] WorkerManager: Request new FuncWorker for func_id 1 with client_id 33
I1102 18:26:22.012531 IO-0/EL  worker_manager.cpp:131] WorkerManager: Request new FuncWorker for func_id 1 with client_id 34
I1102 18:26:22.012542 IO-0/EL  worker_manager.cpp:131] WorkerManager: Request new FuncWorker for func_id 1 with client_id 35
I1102 18:26:22.012555 IO-0/EL  worker_manager.cpp:131] WorkerManager: Request new FuncWorker for func_id 1 with client_id 36
I1102 18:26:22.012566 IO-0/EL  worker_manager.cpp:131] WorkerManager: Request new FuncWorker for func_id 1 with client_id 37
I1102 18:26:22.012575 IO-0/EL  worker_manager.cpp:131] WorkerManager: Request new FuncWorker for func_id 1 with client_id 38
I1102 18:26:22.012585 IO-0/EL  worker_manager.cpp:131] WorkerManager: Request new FuncWorker for func_id 1 with client_id 39
I1102 18:26:22.012597 IO-0/EL  worker_manager.cpp:131] WorkerManager: Request new FuncWorker for func_id 1 with client_id 40
I1102 18:26:22.012606 IO-0/EL  worker_manager.cpp:131] WorkerManager: Request new FuncWorker for func_id 1 with client_id 41
I1102 18:26:22.012615 IO-0/EL  worker_manager.cpp:131] WorkerManager: Request new FuncWorker for func_id 1 with client_id 42
I1102 18:26:22.012626 IO-0/EL  worker_manager.cpp:131] WorkerManager: Request new FuncWorker for func_id 1 with client_id 43
I1102 18:26:22.012637 IO-0/EL  worker_manager.cpp:131] WorkerManager: Request new FuncWorker for func_id 1 with client_id 44
I1102 18:26:22.012647 IO-0/EL  worker_manager.cpp:131] WorkerManager: Request new FuncWorker for func_id 1 with client_id 45
I1102 18:26:22.012657 IO-0/EL  worker_manager.cpp:131] WorkerManager: Request new FuncWorker for func_id 1 with client_id 46
I1102 18:26:22.012667 IO-0/EL  worker_manager.cpp:131] WorkerManager: Request new FuncWorker for func_id 1 with client_id 47
I1102 18:26:22.012678 IO-0/EL  worker_manager.cpp:131] WorkerManager: Request new FuncWorker for func_id 1 with client_id 48
I1102 18:26:22.012687 IO-0/EL  worker_manager.cpp:131] WorkerManager: Request new FuncWorker for func_id 1 with client_id 49
I1102 18:26:22.012697 IO-0/EL  worker_manager.cpp:131] WorkerManager: Request new FuncWorker for func_id 1 with client_id 50
I1102 18:26:22.012712 IO-0/EL  worker_manager.cpp:131] WorkerManager: Request new FuncWorker for func_id 1 with client_id 51
I1102 18:26:22.012724 IO-0/EL  worker_manager.cpp:131] WorkerManager: Request new FuncWorker for func_id 1 with client_id 52
I1102 18:26:22.012734 IO-0/EL  worker_manager.cpp:131] WorkerManager: Request new FuncWorker for func_id 1 with client_id 53
I1102 18:26:22.012745 IO-0/EL  worker_manager.cpp:131] WorkerManager: Request new FuncWorker for func_id 1 with client_id 54
I1102 18:26:22.012754 IO-0/EL  worker_manager.cpp:131] WorkerManager: Request new FuncWorker for func_id 1 with client_id 55
I1102 18:26:22.012765 IO-0/EL  worker_manager.cpp:131] WorkerManager: Request new FuncWorker for func_id 1 with client_id 56
I1102 18:26:22.012780 IO-0/EL  worker_manager.cpp:131] WorkerManager: Request new FuncWorker for func_id 1 with client_id 57
I1102 18:26:22.012791 IO-0/EL  worker_manager.cpp:131] WorkerManager: Request new FuncWorker for func_id 1 with client_id 58
I1102 18:26:22.012800 IO-0/EL  worker_manager.cpp:131] WorkerManager: Request new FuncWorker for func_id 1 with client_id 59
I1102 18:26:22.012812 IO-0/EL  worker_manager.cpp:131] WorkerManager: Request new FuncWorker for func_id 1 with client_id 60
I1102 18:26:22.012823 IO-0/EL  worker_manager.cpp:131] WorkerManager: Request new FuncWorker for func_id 1 with client_id 61
I1102 18:26:22.012832 IO-0/EL  worker_manager.cpp:131] WorkerManager: Request new FuncWorker for func_id 1 with client_id 62
I1102 18:26:22.012842 IO-0/EL  worker_manager.cpp:131] WorkerManager: Request new FuncWorker for func_id 1 with client_id 63
I1102 18:26:22.012852 IO-0/EL  worker_manager.cpp:131] WorkerManager: Request new FuncWorker for func_id 1 with client_id 64
I1102 18:26:22.012861 IO-0/EL  worker_manager.cpp:131] WorkerManager: Request new FuncWorker for func_id 1 with client_id 65
I1102 18:26:22.012912 IO-0/EL  worker_manager.cpp:131] WorkerManager: Request new FuncWorker for func_id 1 with client_id 66
I1102 18:26:22.012923 IO-0/EL  worker_manager.cpp:131] WorkerManager: Request new FuncWorker for func_id 1 with client_id 67
I1102 18:26:22.012932 IO-0/EL  worker_manager.cpp:131] WorkerManager: Request new FuncWorker for func_id 1 with client_id 68
I1102 18:26:22.012944 IO-0/EL  worker_manager.cpp:131] WorkerManager: Request new FuncWorker for func_id 1 with client_id 69
I1102 18:26:22.012955 IO-0/EL  worker_manager.cpp:131] WorkerManager: Request new FuncWorker for func_id 1 with client_id 70
I1102 18:26:22.012964 IO-0/EL  worker_manager.cpp:131] WorkerManager: Request new FuncWorker for func_id 1 with client_id 71
I1102 18:26:22.012973 IO-0/EL  worker_manager.cpp:131] WorkerManager: Request new FuncWorker for func_id 1 with client_id 72
I1102 18:26:22.012986 IO-0/EL  worker_manager.cpp:131] WorkerManager: Request new FuncWorker for func_id 1 with client_id 73
I1102 18:26:22.012995 IO-0/EL  worker_manager.cpp:131] WorkerManager: Request new FuncWorker for func_id 1 with client_id 74
I1102 18:26:22.013005 IO-0/EL  worker_manager.cpp:131] WorkerManager: Request new FuncWorker for func_id 1 with client_id 75
I1102 18:26:22.013016 IO-0/EL  worker_manager.cpp:131] WorkerManager: Request new FuncWorker for func_id 1 with client_id 76
I1102 18:26:22.013028 IO-0/EL  worker_manager.cpp:131] WorkerManager: Request new FuncWorker for func_id 1 with client_id 77
I1102 18:26:22.013037 IO-0/EL  worker_manager.cpp:131] WorkerManager: Request new FuncWorker for func_id 1 with client_id 78
I1102 18:26:22.013046 IO-0/EL  worker_manager.cpp:131] WorkerManager: Request new FuncWorker for func_id 1 with client_id 79
I1102 18:26:22.013056 IO-0/EL  worker_manager.cpp:131] WorkerManager: Request new FuncWorker for func_id 1 with client_id 80
I1102 18:26:22.013068 IO-0/EL  worker_manager.cpp:131] WorkerManager: Request new FuncWorker for func_id 1 with client_id 81
I1102 18:26:22.013078 IO-0/EL  worker_manager.cpp:131] WorkerManager: Request new FuncWorker for func_id 1 with client_id 82
I1102 18:26:22.013087 IO-0/EL  worker_manager.cpp:131] WorkerManager: Request new FuncWorker for func_id 1 with client_id 83
I1102 18:26:22.013099 IO-0/EL  worker_manager.cpp:131] WorkerManager: Request new FuncWorker for func_id 1 with client_id 84
I1102 18:26:22.013111 IO-0/EL  worker_manager.cpp:131] WorkerManager: Request new FuncWorker for func_id 1 with client_id 85
I1102 18:26:22.013120 IO-0/EL  worker_manager.cpp:131] WorkerManager: Request new FuncWorker for func_id 1 with client_id 86
I1102 18:26:22.013129 IO-0/EL  worker_manager.cpp:131] WorkerManager: Request new FuncWorker for func_id 1 with client_id 87
I1102 18:26:22.013141 IO-0/EL  worker_manager.cpp:131] WorkerManager: Request new FuncWorker for func_id 1 with client_id 88
I1102 18:26:22.013157 IO-0/EL  worker_manager.cpp:131] WorkerManager: Request new FuncWorker for func_id 1 with client_id 89
I1102 18:26:22.013167 IO-0/EL  worker_manager.cpp:131] WorkerManager: Request new FuncWorker for func_id 1 with client_id 90
I1102 18:26:22.013178 IO-0/EL  worker_manager.cpp:131] WorkerManager: Request new FuncWorker for func_id 1 with client_id 91
I1102 18:26:22.013187 IO-0/EL  worker_manager.cpp:131] WorkerManager: Request new FuncWorker for func_id 1 with client_id 92
I1102 18:26:22.013198 IO-0/EL  worker_manager.cpp:131] WorkerManager: Request new FuncWorker for func_id 1 with client_id 93
I1102 18:26:22.013207 IO-0/EL  worker_manager.cpp:131] WorkerManager: Request new FuncWorker for func_id 1 with client_id 94
I1102 18:26:22.013216 IO-0/EL  worker_manager.cpp:131] WorkerManager: Request new FuncWorker for func_id 1 with client_id 95
I1102 18:26:22.013227 IO-0/EL  worker_manager.cpp:131] WorkerManager: Request new FuncWorker for func_id 1 with client_id 96
I1102 18:26:22.013238 IO-0/EL  worker_manager.cpp:131] WorkerManager: Request new FuncWorker for func_id 1 with client_id 97
I1102 18:26:22.013247 IO-0/EL  worker_manager.cpp:131] WorkerManager: Request new FuncWorker for func_id 1 with client_id 98
I1102 18:26:22.013258 IO-0/EL  worker_manager.cpp:131] WorkerManager: Request new FuncWorker for func_id 1 with client_id 99
I1102 18:26:22.013268 IO-0/EL  worker_manager.cpp:131] WorkerManager: Request new FuncWorker for func_id 1 with client_id 100
I1102 18:26:22.013280 IO-0/EL  worker_manager.cpp:131] WorkerManager: Request new FuncWorker for func_id 1 with client_id 101
I1102 18:26:22.013290 IO-0/EL  worker_manager.cpp:131] WorkerManager: Request new FuncWorker for func_id 1 with client_id 102
I1102 18:26:22.013300 IO-0/EL  worker_manager.cpp:131] WorkerManager: Request new FuncWorker for func_id 1 with client_id 103
I1102 18:26:22.013310 IO-0/EL  worker_manager.cpp:131] WorkerManager: Request new FuncWorker for func_id 1 with client_id 104
I1102 18:26:22.013321 IO-0/EL  worker_manager.cpp:131] WorkerManager: Request new FuncWorker for func_id 1 with client_id 105
I1102 18:26:22.013332 IO-0/EL  worker_manager.cpp:131] WorkerManager: Request new FuncWorker for func_id 1 with client_id 106
I1102 18:26:22.013343 IO-0/EL  worker_manager.cpp:131] WorkerManager: Request new FuncWorker for func_id 1 with client_id 107
I1102 18:26:22.013352 IO-0/EL  worker_manager.cpp:131] WorkerManager: Request new FuncWorker for func_id 1 with client_id 108
I1102 18:26:22.013364 IO-0/EL  worker_manager.cpp:131] WorkerManager: Request new FuncWorker for func_id 1 with client_id 109
I1102 18:26:22.013374 IO-0/EL  worker_manager.cpp:131] WorkerManager: Request new FuncWorker for func_id 1 with client_id 110
I1102 18:26:22.013385 IO-0/EL  worker_manager.cpp:131] WorkerManager: Request new FuncWorker for func_id 1 with client_id 111
I1102 18:26:22.013394 IO-0/EL  worker_manager.cpp:131] WorkerManager: Request new FuncWorker for func_id 1 with client_id 112
I1102 18:26:22.013405 IO-0/EL  worker_manager.cpp:131] WorkerManager: Request new FuncWorker for func_id 1 with client_id 113
I1102 18:26:22.013422 IO-0/EL  worker_manager.cpp:131] WorkerManager: Request new FuncWorker for func_id 1 with client_id 114
I1102 18:26:22.013433 IO-0/EL  worker_manager.cpp:131] WorkerManager: Request new FuncWorker for func_id 1 with client_id 115
I1102 18:26:22.013442 IO-0/EL  worker_manager.cpp:131] WorkerManager: Request new FuncWorker for func_id 1 with client_id 116
I1102 18:26:22.013453 IO-0/EL  worker_manager.cpp:131] WorkerManager: Request new FuncWorker for func_id 1 with client_id 117
I1102 18:26:22.013464 IO-0/EL  worker_manager.cpp:131] WorkerManager: Request new FuncWorker for func_id 1 with client_id 118
I1102 18:26:22.013474 IO-0/EL  worker_manager.cpp:131] WorkerManager: Request new FuncWorker for func_id 1 with client_id 119
I1102 18:26:22.013482 IO-0/EL  worker_manager.cpp:131] WorkerManager: Request new FuncWorker for func_id 1 with client_id 120
I1102 18:26:22.013496 IO-0/EL  worker_manager.cpp:131] WorkerManager: Request new FuncWorker for func_id 1 with client_id 121
I1102 18:26:22.013510 IO-0/EL  worker_manager.cpp:131] WorkerManager: Request new FuncWorker for func_id 1 with client_id 122
I1102 18:26:22.013519 IO-0/EL  worker_manager.cpp:131] WorkerManager: Request new FuncWorker for func_id 1 with client_id 123
I1102 18:26:22.013529 IO-0/EL  worker_manager.cpp:131] WorkerManager: Request new FuncWorker for func_id 1 with client_id 124
I1102 18:26:22.013540 IO-0/EL  worker_manager.cpp:131] WorkerManager: Request new FuncWorker for func_id 1 with client_id 125
I1102 18:26:22.013551 IO-0/EL  worker_manager.cpp:131] WorkerManager: Request new FuncWorker for func_id 1 with client_id 126
I1102 18:26:22.013560 IO-0/EL  worker_manager.cpp:131] WorkerManager: Request new FuncWorker for func_id 1 with client_id 127
I1102 18:26:22.013569 IO-0/EL  worker_manager.cpp:131] WorkerManager: Request new FuncWorker for func_id 1 with client_id 128
I1102 18:26:22.013677 IO-0/EL  buffer_pool.h:25] BufferPool[IO-0_Write]: Allocate new buffer, current buffer count is 1
I1102 18:26:22.013714 IO-0/EL  buffer_pool.h:25] BufferPool[IO-0_Write]: Allocate new buffer, current buffer count is 2
I1102 18:26:22.013746 IO-0/EL  message_connection.cpp:269] LauncherConnection[1]: Handshake done
I1102 18:26:22.016817 Server/E engine.cpp:674] Engine: New message connection
I1102 18:26:22.016853 IO-0/EL  engine.cpp:277] Engine: Receive new handshake message from message connection
I1102 18:26:22.016859 IO-0/EL  worker_manager.cpp:60] WorkerManager: FuncWorker of func_id 1, client_id 1 connected
I1102 18:26:22.016870 IO-0/EL  dispatcher.cpp:47] Dispatcher[1]: min_workers=128
I1102 18:26:22.016874 IO-0/EL  dispatcher.cpp:51] Dispatcher[1]: max_workers=128
I1102 18:26:22.016895 IO-0/EL  message_connection.cpp:269] FuncWorkerConnection[1-1]: Handshake done
I1102 18:26:22.017370 Server/E engine.cpp:674] Engine: New message connection
I1102 18:26:22.017397 IO-0/EL  engine.cpp:277] Engine: Receive new handshake message from message connection
I1102 18:26:22.017402 IO-0/EL  worker_manager.cpp:60] WorkerManager: FuncWorker of func_id 1, client_id 2 connected
I1102 18:26:22.017416 IO-0/EL  message_connection.cpp:269] FuncWorkerConnection[1-2]: Handshake done
I1102 18:26:22.020308 Server/E engine.cpp:674] Engine: New message connection
I1102 18:26:22.020333 IO-0/EL  engine.cpp:277] Engine: Receive new handshake message from message connection
I1102 18:26:22.020338 IO-0/EL  worker_manager.cpp:60] WorkerManager: FuncWorker of func_id 1, client_id 3 connected
I1102 18:26:22.020352 IO-0/EL  message_connection.cpp:269] FuncWorkerConnection[1-3]: Handshake done
I1102 18:26:22.020682 Server/E engine.cpp:674] Engine: New message connection
I1102 18:26:22.020708 IO-0/EL  engine.cpp:277] Engine: Receive new handshake message from message connection
I1102 18:26:22.020716 IO-0/EL  worker_manager.cpp:60] WorkerManager: FuncWorker of func_id 1, client_id 5 connected
I1102 18:26:22.020730 IO-0/EL  message_connection.cpp:269] FuncWorkerConnection[1-5]: Handshake done
I1102 18:26:22.020770 Server/E engine.cpp:674] Engine: New message connection
I1102 18:26:22.020790 IO-0/EL  engine.cpp:277] Engine: Receive new handshake message from message connection
I1102 18:26:22.020794 IO-0/EL  worker_manager.cpp:60] WorkerManager: FuncWorker of func_id 1, client_id 4 connected
I1102 18:26:22.020807 IO-0/EL  message_connection.cpp:269] FuncWorkerConnection[1-4]: Handshake done
I1102 18:26:22.021485 Server/E engine.cpp:674] Engine: New message connection
I1102 18:26:22.021517 IO-0/EL  engine.cpp:277] Engine: Receive new handshake message from message connection
I1102 18:26:22.021522 IO-0/EL  worker_manager.cpp:60] WorkerManager: FuncWorker of func_id 1, client_id 6 connected
I1102 18:26:22.021535 IO-0/EL  message_connection.cpp:269] FuncWorkerConnection[1-6]: Handshake done
I1102 18:26:22.023596 Server/E engine.cpp:674] Engine: New message connection
I1102 18:26:22.023633 IO-0/EL  engine.cpp:277] Engine: Receive new handshake message from message connection
I1102 18:26:22.023638 IO-0/EL  worker_manager.cpp:60] WorkerManager: FuncWorker of func_id 1, client_id 7 connected
I1102 18:26:22.023660 IO-0/EL  message_connection.cpp:269] FuncWorkerConnection[1-7]: Handshake done
I1102 18:26:22.023994 Server/E engine.cpp:674] Engine: New message connection
I1102 18:26:22.024039 IO-0/EL  engine.cpp:277] Engine: Receive new handshake message from message connection
I1102 18:26:22.024045 IO-0/EL  worker_manager.cpp:60] WorkerManager: FuncWorker of func_id 1, client_id 8 connected
I1102 18:26:22.024058 IO-0/EL  message_connection.cpp:269] FuncWorkerConnection[1-8]: Handshake done
I1102 18:26:22.025013 Server/E engine.cpp:674] Engine: New message connection
I1102 18:26:22.025054 IO-0/EL  engine.cpp:277] Engine: Receive new handshake message from message connection
I1102 18:26:22.025059 IO-0/EL  worker_manager.cpp:60] WorkerManager: FuncWorker of func_id 1, client_id 10 connected
I1102 18:26:22.025074 IO-0/EL  message_connection.cpp:269] FuncWorkerConnection[1-10]: Handshake done
I1102 18:26:22.025179 Server/E engine.cpp:674] Engine: New message connection
I1102 18:26:22.025211 IO-0/EL  engine.cpp:277] Engine: Receive new handshake message from message connection
I1102 18:26:22.025215 IO-0/EL  worker_manager.cpp:60] WorkerManager: FuncWorker of func_id 1, client_id 9 connected
I1102 18:26:22.025228 IO-0/EL  message_connection.cpp:269] FuncWorkerConnection[1-9]: Handshake done
I1102 18:26:22.026323 Server/E engine.cpp:674] Engine: New message connection
I1102 18:26:22.026350 Server/E engine.cpp:674] Engine: New message connection
I1102 18:26:22.026355 IO-0/EL  engine.cpp:277] Engine: Receive new handshake message from message connection
I1102 18:26:22.026361 IO-0/EL  worker_manager.cpp:60] WorkerManager: FuncWorker of func_id 1, client_id 11 connected
I1102 18:26:22.026375 IO-0/EL  message_connection.cpp:269] FuncWorkerConnection[1-11]: Handshake done
I1102 18:26:22.026388 IO-0/EL  engine.cpp:277] Engine: Receive new handshake message from message connection
I1102 18:26:22.026392 IO-0/EL  worker_manager.cpp:60] WorkerManager: FuncWorker of func_id 1, client_id 12 connected
I1102 18:26:22.026405 IO-0/EL  message_connection.cpp:269] FuncWorkerConnection[1-12]: Handshake done
I1102 18:26:22.026768 Server/E engine.cpp:674] Engine: New message connection
I1102 18:26:22.026797 IO-0/EL  engine.cpp:277] Engine: Receive new handshake message from message connection
I1102 18:26:22.026802 IO-0/EL  worker_manager.cpp:60] WorkerManager: FuncWorker of func_id 1, client_id 13 connected
I1102 18:26:22.026815 IO-0/EL  message_connection.cpp:269] FuncWorkerConnection[1-13]: Handshake done
I1102 18:26:22.027206 Server/E engine.cpp:674] Engine: New message connection
I1102 18:26:22.027230 IO-0/EL  engine.cpp:277] Engine: Receive new handshake message from message connection
I1102 18:26:22.027235 IO-0/EL  worker_manager.cpp:60] WorkerManager: FuncWorker of func_id 1, client_id 14 connected
I1102 18:26:22.027248 IO-0/EL  message_connection.cpp:269] FuncWorkerConnection[1-14]: Handshake done
I1102 18:26:22.027650 Server/E engine.cpp:674] Engine: New message connection
I1102 18:26:22.027678 IO-0/EL  engine.cpp:277] Engine: Receive new handshake message from message connection
I1102 18:26:22.027683 IO-0/EL  worker_manager.cpp:60] WorkerManager: FuncWorker of func_id 1, client_id 15 connected
I1102 18:26:22.027696 IO-0/EL  message_connection.cpp:269] FuncWorkerConnection[1-15]: Handshake done
I1102 18:26:22.028029 Server/E engine.cpp:674] Engine: New message connection
I1102 18:26:22.028057 IO-0/EL  engine.cpp:277] Engine: Receive new handshake message from message connection
I1102 18:26:22.028062 IO-0/EL  worker_manager.cpp:60] WorkerManager: FuncWorker of func_id 1, client_id 16 connected
I1102 18:26:22.028075 IO-0/EL  message_connection.cpp:269] FuncWorkerConnection[1-16]: Handshake done
I1102 18:26:22.028515 Server/E engine.cpp:674] Engine: New message connection
I1102 18:26:22.028548 IO-0/EL  engine.cpp:277] Engine: Receive new handshake message from message connection
I1102 18:26:22.028552 IO-0/EL  worker_manager.cpp:60] WorkerManager: FuncWorker of func_id 1, client_id 17 connected
I1102 18:26:22.028577 IO-0/EL  message_connection.cpp:269] FuncWorkerConnection[1-17]: Handshake done
I1102 18:26:22.028952 Server/E engine.cpp:674] Engine: New message connection
I1102 18:26:22.028984 IO-0/EL  engine.cpp:277] Engine: Receive new handshake message from message connection
I1102 18:26:22.028989 IO-0/EL  worker_manager.cpp:60] WorkerManager: FuncWorker of func_id 1, client_id 18 connected
I1102 18:26:22.029002 IO-0/EL  message_connection.cpp:269] FuncWorkerConnection[1-18]: Handshake done
I1102 18:26:22.029424 Server/E engine.cpp:674] Engine: New message connection
I1102 18:26:22.029457 IO-0/EL  engine.cpp:277] Engine: Receive new handshake message from message connection
I1102 18:26:22.029462 IO-0/EL  worker_manager.cpp:60] WorkerManager: FuncWorker of func_id 1, client_id 19 connected
I1102 18:26:22.029475 IO-0/EL  message_connection.cpp:269] FuncWorkerConnection[1-19]: Handshake done
I1102 18:26:22.030848 Server/E engine.cpp:674] Engine: New message connection
I1102 18:26:22.030880 IO-0/EL  engine.cpp:277] Engine: Receive new handshake message from message connection
I1102 18:26:22.030886 IO-0/EL  worker_manager.cpp:60] WorkerManager: FuncWorker of func_id 1, client_id 21 connected
I1102 18:26:22.030899 IO-0/EL  message_connection.cpp:269] FuncWorkerConnection[1-21]: Handshake done
I1102 18:26:22.031333 Server/E engine.cpp:674] Engine: New message connection
I1102 18:26:22.031366 IO-0/EL  engine.cpp:277] Engine: Receive new handshake message from message connection
I1102 18:26:22.031371 IO-0/EL  worker_manager.cpp:60] WorkerManager: FuncWorker of func_id 1, client_id 22 connected
I1102 18:26:22.031384 IO-0/EL  message_connection.cpp:269] FuncWorkerConnection[1-22]: Handshake done
I1102 18:26:22.031848 Server/E engine.cpp:674] Engine: New message connection
I1102 18:26:22.031879 IO-0/EL  engine.cpp:277] Engine: Receive new handshake message from message connection
I1102 18:26:22.031884 IO-0/EL  worker_manager.cpp:60] WorkerManager: FuncWorker of func_id 1, client_id 23 connected
I1102 18:26:22.031897 IO-0/EL  message_connection.cpp:269] FuncWorkerConnection[1-23]: Handshake done
I1102 18:26:22.032107 Server/E engine.cpp:674] Engine: New message connection
I1102 18:26:22.032144 IO-0/EL  engine.cpp:277] Engine: Receive new handshake message from message connection
I1102 18:26:22.032149 IO-0/EL  worker_manager.cpp:60] WorkerManager: FuncWorker of func_id 1, client_id 20 connected
I1102 18:26:22.032162 IO-0/EL  message_connection.cpp:269] FuncWorkerConnection[1-20]: Handshake done
I1102 18:26:22.032199 Server/E engine.cpp:674] Engine: New message connection
I1102 18:26:22.032220 IO-0/EL  engine.cpp:277] Engine: Receive new handshake message from message connection
I1102 18:26:22.032224 IO-0/EL  worker_manager.cpp:60] WorkerManager: FuncWorker of func_id 1, client_id 24 connected
I1102 18:26:22.032237 IO-0/EL  message_connection.cpp:269] FuncWorkerConnection[1-24]: Handshake done
I1102 18:26:22.032638 Server/E engine.cpp:674] Engine: New message connection
I1102 18:26:22.032667 IO-0/EL  engine.cpp:277] Engine: Receive new handshake message from message connection
I1102 18:26:22.032671 IO-0/EL  worker_manager.cpp:60] WorkerManager: FuncWorker of func_id 1, client_id 25 connected
I1102 18:26:22.032685 IO-0/EL  message_connection.cpp:269] FuncWorkerConnection[1-25]: Handshake done
I1102 18:26:22.033061 Server/E engine.cpp:674] Engine: New message connection
I1102 18:26:22.033082 IO-0/EL  engine.cpp:277] Engine: Receive new handshake message from message connection
I1102 18:26:22.033086 IO-0/EL  worker_manager.cpp:60] WorkerManager: FuncWorker of func_id 1, client_id 26 connected
I1102 18:26:22.033099 IO-0/EL  message_connection.cpp:269] FuncWorkerConnection[1-26]: Handshake done
I1102 18:26:22.033479 Server/E engine.cpp:674] Engine: New message connection
I1102 18:26:22.033505 IO-0/EL  engine.cpp:277] Engine: Receive new handshake message from message connection
I1102 18:26:22.033509 IO-0/EL  worker_manager.cpp:60] WorkerManager: FuncWorker of func_id 1, client_id 27 connected
I1102 18:26:22.033528 IO-0/EL  message_connection.cpp:269] FuncWorkerConnection[1-27]: Handshake done
I1102 18:26:22.033943 Server/E engine.cpp:674] Engine: New message connection
I1102 18:26:22.033972 IO-0/EL  engine.cpp:277] Engine: Receive new handshake message from message connection
I1102 18:26:22.033978 IO-0/EL  worker_manager.cpp:60] WorkerManager: FuncWorker of func_id 1, client_id 28 connected
I1102 18:26:22.033991 IO-0/EL  message_connection.cpp:269] FuncWorkerConnection[1-28]: Handshake done
I1102 18:26:22.034882 Server/E engine.cpp:674] Engine: New message connection
I1102 18:26:22.034924 IO-0/EL  engine.cpp:277] Engine: Receive new handshake message from message connection
I1102 18:26:22.034929 IO-0/EL  worker_manager.cpp:60] WorkerManager: FuncWorker of func_id 1, client_id 29 connected
I1102 18:26:22.034949 IO-0/EL  message_connection.cpp:269] FuncWorkerConnection[1-29]: Handshake done
I1102 18:26:22.034973 Server/E engine.cpp:674] Engine: New message connection
I1102 18:26:22.035026 IO-0/EL  engine.cpp:277] Engine: Receive new handshake message from message connection
I1102 18:26:22.035031 IO-0/EL  worker_manager.cpp:60] WorkerManager: FuncWorker of func_id 1, client_id 30 connected
I1102 18:26:22.035044 IO-0/EL  message_connection.cpp:269] FuncWorkerConnection[1-30]: Handshake done
I1102 18:26:22.035513 Server/E engine.cpp:674] Engine: New message connection
I1102 18:26:22.035559 IO-0/EL  engine.cpp:277] Engine: Receive new handshake message from message connection
I1102 18:26:22.035564 IO-0/EL  worker_manager.cpp:60] WorkerManager: FuncWorker of func_id 1, client_id 31 connected
I1102 18:26:22.035578 IO-0/EL  message_connection.cpp:269] FuncWorkerConnection[1-31]: Handshake done
I1102 18:26:22.035978 Server/E engine.cpp:674] Engine: New message connection
I1102 18:26:22.036036 IO-0/EL  engine.cpp:277] Engine: Receive new handshake message from message connection
I1102 18:26:22.036041 IO-0/EL  worker_manager.cpp:60] WorkerManager: FuncWorker of func_id 1, client_id 32 connected
I1102 18:26:22.036055 IO-0/EL  message_connection.cpp:269] FuncWorkerConnection[1-32]: Handshake done
I1102 18:26:22.036484 Server/E engine.cpp:674] Engine: New message connection
I1102 18:26:22.036527 IO-0/EL  engine.cpp:277] Engine: Receive new handshake message from message connection
I1102 18:26:22.036532 IO-0/EL  worker_manager.cpp:60] WorkerManager: FuncWorker of func_id 1, client_id 33 connected
I1102 18:26:22.036545 IO-0/EL  message_connection.cpp:269] FuncWorkerConnection[1-33]: Handshake done
I1102 18:26:22.036948 Server/E engine.cpp:674] Engine: New message connection
I1102 18:26:22.036977 IO-0/EL  engine.cpp:277] Engine: Receive new handshake message from message connection
I1102 18:26:22.036982 IO-0/EL  worker_manager.cpp:60] WorkerManager: FuncWorker of func_id 1, client_id 34 connected
I1102 18:26:22.036995 IO-0/EL  message_connection.cpp:269] FuncWorkerConnection[1-34]: Handshake done
I1102 18:26:22.037518 Server/E engine.cpp:674] Engine: New message connection
I1102 18:26:22.037548 IO-0/EL  engine.cpp:277] Engine: Receive new handshake message from message connection
I1102 18:26:22.037552 IO-0/EL  worker_manager.cpp:60] WorkerManager: FuncWorker of func_id 1, client_id 35 connected
I1102 18:26:22.037565 IO-0/EL  message_connection.cpp:269] FuncWorkerConnection[1-35]: Handshake done
I1102 18:26:22.037873 Server/E engine.cpp:674] Engine: New message connection
I1102 18:26:22.037903 IO-0/EL  engine.cpp:277] Engine: Receive new handshake message from message connection
I1102 18:26:22.037907 IO-0/EL  worker_manager.cpp:60] WorkerManager: FuncWorker of func_id 1, client_id 36 connected
I1102 18:26:22.037920 IO-0/EL  message_connection.cpp:269] FuncWorkerConnection[1-36]: Handshake done
I1102 18:26:22.038340 Server/E engine.cpp:674] Engine: New message connection
I1102 18:26:22.038362 IO-0/EL  engine.cpp:277] Engine: Receive new handshake message from message connection
I1102 18:26:22.038367 IO-0/EL  worker_manager.cpp:60] WorkerManager: FuncWorker of func_id 1, client_id 37 connected
I1102 18:26:22.038379 IO-0/EL  message_connection.cpp:269] FuncWorkerConnection[1-37]: Handshake done
I1102 18:26:22.038844 Server/E engine.cpp:674] Engine: New message connection
I1102 18:26:22.038871 IO-0/EL  engine.cpp:277] Engine: Receive new handshake message from message connection
I1102 18:26:22.038876 IO-0/EL  worker_manager.cpp:60] WorkerManager: FuncWorker of func_id 1, client_id 38 connected
I1102 18:26:22.038890 IO-0/EL  message_connection.cpp:269] FuncWorkerConnection[1-38]: Handshake done
I1102 18:26:22.039326 Server/E engine.cpp:674] Engine: New message connection
I1102 18:26:22.039350 IO-0/EL  engine.cpp:277] Engine: Receive new handshake message from message connection
I1102 18:26:22.039354 IO-0/EL  worker_manager.cpp:60] WorkerManager: FuncWorker of func_id 1, client_id 39 connected
I1102 18:26:22.039367 IO-0/EL  message_connection.cpp:269] FuncWorkerConnection[1-39]: Handshake done
I1102 18:26:22.040499 Server/E engine.cpp:674] Engine: New message connection
I1102 18:26:22.040549 IO-0/EL  engine.cpp:277] Engine: Receive new handshake message from message connection
I1102 18:26:22.040554 IO-0/EL  worker_manager.cpp:60] WorkerManager: FuncWorker of func_id 1, client_id 40 connected
I1102 18:26:22.040567 IO-0/EL  message_connection.cpp:269] FuncWorkerConnection[1-40]: Handshake done
I1102 18:26:22.040704 Server/E engine.cpp:674] Engine: New message connection
I1102 18:26:22.040770 IO-0/EL  engine.cpp:277] Engine: Receive new handshake message from message connection
I1102 18:26:22.040776 IO-0/EL  worker_manager.cpp:60] WorkerManager: FuncWorker of func_id 1, client_id 41 connected
I1102 18:26:22.040793 IO-0/EL  message_connection.cpp:269] FuncWorkerConnection[1-41]: Handshake done
I1102 18:26:22.041183 Server/E engine.cpp:674] Engine: New message connection
I1102 18:26:22.041234 IO-0/EL  engine.cpp:277] Engine: Receive new handshake message from message connection
I1102 18:26:22.041239 IO-0/EL  worker_manager.cpp:60] WorkerManager: FuncWorker of func_id 1, client_id 42 connected
I1102 18:26:22.041252 IO-0/EL  message_connection.cpp:269] FuncWorkerConnection[1-42]: Handshake done
I1102 18:26:22.041656 Server/E engine.cpp:674] Engine: New message connection
I1102 18:26:22.041698 IO-0/EL  engine.cpp:277] Engine: Receive new handshake message from message connection
I1102 18:26:22.041706 IO-0/EL  worker_manager.cpp:60] WorkerManager: FuncWorker of func_id 1, client_id 43 connected
I1102 18:26:22.041726 IO-0/EL  message_connection.cpp:269] FuncWorkerConnection[1-43]: Handshake done
I1102 18:26:22.042160 Server/E engine.cpp:674] Engine: New message connection
I1102 18:26:22.042210 IO-0/EL  engine.cpp:277] Engine: Receive new handshake message from message connection
I1102 18:26:22.042214 IO-0/EL  worker_manager.cpp:60] WorkerManager: FuncWorker of func_id 1, client_id 44 connected
I1102 18:26:22.042228 IO-0/EL  message_connection.cpp:269] FuncWorkerConnection[1-44]: Handshake done
I1102 18:26:22.043205 Server/E engine.cpp:674] Engine: New message connection
I1102 18:26:22.043262 IO-0/EL  engine.cpp:277] Engine: Receive new handshake message from message connection
I1102 18:26:22.043268 IO-0/EL  worker_manager.cpp:60] WorkerManager: FuncWorker of func_id 1, client_id 46 connected
I1102 18:26:22.043282 IO-0/EL  message_connection.cpp:269] FuncWorkerConnection[1-46]: Handshake done
I1102 18:26:22.043835 Server/E engine.cpp:674] Engine: New message connection
I1102 18:26:22.043882 IO-0/EL  engine.cpp:277] Engine: Receive new handshake message from message connection
I1102 18:26:22.043887 IO-0/EL  worker_manager.cpp:60] WorkerManager: FuncWorker of func_id 1, client_id 47 connected
I1102 18:26:22.043900 IO-0/EL  message_connection.cpp:269] FuncWorkerConnection[1-47]: Handshake done
I1102 18:26:22.044272 Server/E engine.cpp:674] Engine: New message connection
I1102 18:26:22.044322 IO-0/EL  engine.cpp:277] Engine: Receive new handshake message from message connection
I1102 18:26:22.044327 IO-0/EL  worker_manager.cpp:60] WorkerManager: FuncWorker of func_id 1, client_id 48 connected
I1102 18:26:22.044342 IO-0/EL  message_connection.cpp:269] FuncWorkerConnection[1-48]: Handshake done
I1102 18:26:22.044465 Server/E engine.cpp:674] Engine: New message connection
I1102 18:26:22.044497 IO-0/EL  engine.cpp:277] Engine: Receive new handshake message from message connection
I1102 18:26:22.044502 IO-0/EL  worker_manager.cpp:60] WorkerManager: FuncWorker of func_id 1, client_id 45 connected
I1102 18:26:22.044515 IO-0/EL  message_connection.cpp:269] FuncWorkerConnection[1-45]: Handshake done
I1102 18:26:22.044736 Server/E engine.cpp:674] Engine: New message connection
I1102 18:26:22.044772 IO-0/EL  engine.cpp:277] Engine: Receive new handshake message from message connection
I1102 18:26:22.044778 IO-0/EL  worker_manager.cpp:60] WorkerManager: FuncWorker of func_id 1, client_id 49 connected
I1102 18:26:22.044790 IO-0/EL  message_connection.cpp:269] FuncWorkerConnection[1-49]: Handshake done
I1102 18:26:22.045217 Server/E engine.cpp:674] Engine: New message connection
I1102 18:26:22.045239 IO-0/EL  engine.cpp:277] Engine: Receive new handshake message from message connection
I1102 18:26:22.045244 IO-0/EL  worker_manager.cpp:60] WorkerManager: FuncWorker of func_id 1, client_id 50 connected
I1102 18:26:22.045256 IO-0/EL  message_connection.cpp:269] FuncWorkerConnection[1-50]: Handshake done
I1102 18:26:22.045721 Server/E engine.cpp:674] Engine: New message connection
I1102 18:26:22.045764 IO-0/EL  engine.cpp:277] Engine: Receive new handshake message from message connection
I1102 18:26:22.045769 IO-0/EL  worker_manager.cpp:60] WorkerManager: FuncWorker of func_id 1, client_id 51 connected
I1102 18:26:22.045782 IO-0/EL  message_connection.cpp:269] FuncWorkerConnection[1-51]: Handshake done
I1102 18:26:22.046156 Server/E engine.cpp:674] Engine: New message connection
I1102 18:26:22.046179 IO-0/EL  engine.cpp:277] Engine: Receive new handshake message from message connection
I1102 18:26:22.046184 IO-0/EL  worker_manager.cpp:60] WorkerManager: FuncWorker of func_id 1, client_id 52 connected
I1102 18:26:22.046197 IO-0/EL  message_connection.cpp:269] FuncWorkerConnection[1-52]: Handshake done
I1102 18:26:22.047258 Server/E engine.cpp:674] Engine: New message connection
I1102 18:26:22.047289 IO-0/EL  engine.cpp:277] Engine: Receive new handshake message from message connection
I1102 18:26:22.047295 IO-0/EL  worker_manager.cpp:60] WorkerManager: FuncWorker of func_id 1, client_id 53 connected
I1102 18:26:22.047308 IO-0/EL  message_connection.cpp:269] FuncWorkerConnection[1-53]: Handshake done
I1102 18:26:22.047483 Server/E engine.cpp:674] Engine: New message connection
I1102 18:26:22.047504 IO-0/EL  engine.cpp:277] Engine: Receive new handshake message from message connection
I1102 18:26:22.047508 IO-0/EL  worker_manager.cpp:60] WorkerManager: FuncWorker of func_id 1, client_id 54 connected
I1102 18:26:22.047520 IO-0/EL  message_connection.cpp:269] FuncWorkerConnection[1-54]: Handshake done
I1102 18:26:22.048081 Server/E engine.cpp:674] Engine: New message connection
I1102 18:26:22.048115 IO-0/EL  engine.cpp:277] Engine: Receive new handshake message from message connection
I1102 18:26:22.048120 IO-0/EL  worker_manager.cpp:60] WorkerManager: FuncWorker of func_id 1, client_id 55 connected
I1102 18:26:22.048133 IO-0/EL  message_connection.cpp:269] FuncWorkerConnection[1-55]: Handshake done
I1102 18:26:22.048701 Server/E engine.cpp:674] Engine: New message connection
I1102 18:26:22.048745 IO-0/EL  engine.cpp:277] Engine: Receive new handshake message from message connection
I1102 18:26:22.048751 IO-0/EL  worker_manager.cpp:60] WorkerManager: FuncWorker of func_id 1, client_id 56 connected
I1102 18:26:22.048765 IO-0/EL  message_connection.cpp:269] FuncWorkerConnection[1-56]: Handshake done
I1102 18:26:22.049055 Server/E engine.cpp:674] Engine: New message connection
I1102 18:26:22.049079 IO-0/EL  engine.cpp:277] Engine: Receive new handshake message from message connection
I1102 18:26:22.049083 IO-0/EL  worker_manager.cpp:60] WorkerManager: FuncWorker of func_id 1, client_id 57 connected
I1102 18:26:22.049107 IO-0/EL  message_connection.cpp:269] FuncWorkerConnection[1-57]: Handshake done
I1102 18:26:22.049540 Server/E engine.cpp:674] Engine: New message connection
I1102 18:26:22.049560 IO-0/EL  engine.cpp:277] Engine: Receive new handshake message from message connection
I1102 18:26:22.049565 IO-0/EL  worker_manager.cpp:60] WorkerManager: FuncWorker of func_id 1, client_id 58 connected
I1102 18:26:22.049578 IO-0/EL  message_connection.cpp:269] FuncWorkerConnection[1-58]: Handshake done
I1102 18:26:22.050049 Server/E engine.cpp:674] Engine: New message connection
I1102 18:26:22.050072 IO-0/EL  engine.cpp:277] Engine: Receive new handshake message from message connection
I1102 18:26:22.050077 IO-0/EL  worker_manager.cpp:60] WorkerManager: FuncWorker of func_id 1, client_id 59 connected
I1102 18:26:22.050089 IO-0/EL  message_connection.cpp:269] FuncWorkerConnection[1-59]: Handshake done
I1102 18:26:22.050516 Server/E engine.cpp:674] Engine: New message connection
I1102 18:26:22.050543 IO-0/EL  engine.cpp:277] Engine: Receive new handshake message from message connection
I1102 18:26:22.050548 IO-0/EL  worker_manager.cpp:60] WorkerManager: FuncWorker of func_id 1, client_id 60 connected
I1102 18:26:22.050560 IO-0/EL  message_connection.cpp:269] FuncWorkerConnection[1-60]: Handshake done
I1102 18:26:22.051676 Server/E engine.cpp:674] Engine: New message connection
I1102 18:26:22.051714 IO-0/EL  engine.cpp:277] Engine: Receive new handshake message from message connection
I1102 18:26:22.051720 IO-0/EL  worker_manager.cpp:60] WorkerManager: FuncWorker of func_id 1, client_id 61 connected
I1102 18:26:22.051733 IO-0/EL  message_connection.cpp:269] FuncWorkerConnection[1-61]: Handshake done
I1102 18:26:22.051927 Server/E engine.cpp:674] Engine: New message connection
I1102 18:26:22.051957 IO-0/EL  engine.cpp:277] Engine: Receive new handshake message from message connection
I1102 18:26:22.051962 IO-0/EL  worker_manager.cpp:60] WorkerManager: FuncWorker of func_id 1, client_id 62 connected
I1102 18:26:22.051975 IO-0/EL  message_connection.cpp:269] FuncWorkerConnection[1-62]: Handshake done
I1102 18:26:22.052426 Server/E engine.cpp:674] Engine: New message connection
I1102 18:26:22.052446 IO-0/EL  engine.cpp:277] Engine: Receive new handshake message from message connection
I1102 18:26:22.052451 IO-0/EL  worker_manager.cpp:60] WorkerManager: FuncWorker of func_id 1, client_id 63 connected
I1102 18:26:22.052464 IO-0/EL  message_connection.cpp:269] FuncWorkerConnection[1-63]: Handshake done
I1102 18:26:22.052980 Server/E engine.cpp:674] Engine: New message connection
I1102 18:26:22.053031 IO-0/EL  engine.cpp:277] Engine: Receive new handshake message from message connection
I1102 18:26:22.053036 IO-0/EL  worker_manager.cpp:60] WorkerManager: FuncWorker of func_id 1, client_id 64 connected
I1102 18:26:22.053049 IO-0/EL  message_connection.cpp:269] FuncWorkerConnection[1-64]: Handshake done
I1102 18:26:22.053522 Server/E engine.cpp:674] Engine: New message connection
I1102 18:26:22.053563 IO-0/EL  engine.cpp:277] Engine: Receive new handshake message from message connection
I1102 18:26:22.053568 IO-0/EL  worker_manager.cpp:60] WorkerManager: FuncWorker of func_id 1, client_id 65 connected
I1102 18:26:22.053581 IO-0/EL  message_connection.cpp:269] FuncWorkerConnection[1-65]: Handshake done
I1102 18:26:22.054617 Server/E engine.cpp:674] Engine: New message connection
I1102 18:26:22.054647 IO-0/EL  engine.cpp:277] Engine: Receive new handshake message from message connection
I1102 18:26:22.054653 IO-0/EL  worker_manager.cpp:60] WorkerManager: FuncWorker of func_id 1, client_id 67 connected
I1102 18:26:22.054666 IO-0/EL  message_connection.cpp:269] FuncWorkerConnection[1-67]: Handshake done
I1102 18:26:22.055017 Server/E engine.cpp:674] Engine: New message connection
I1102 18:26:22.055062 IO-0/EL  engine.cpp:277] Engine: Receive new handshake message from message connection
I1102 18:26:22.055067 IO-0/EL  worker_manager.cpp:60] WorkerManager: FuncWorker of func_id 1, client_id 66 connected
I1102 18:26:22.055081 IO-0/EL  message_connection.cpp:269] FuncWorkerConnection[1-66]: Handshake done
I1102 18:26:22.055095 Server/E engine.cpp:674] Engine: New message connection
I1102 18:26:22.055129 IO-0/EL  engine.cpp:277] Engine: Receive new handshake message from message connection
I1102 18:26:22.055134 IO-0/EL  worker_manager.cpp:60] WorkerManager: FuncWorker of func_id 1, client_id 68 connected
I1102 18:26:22.055146 IO-0/EL  message_connection.cpp:269] FuncWorkerConnection[1-68]: Handshake done
I1102 18:26:22.055567 Server/E engine.cpp:674] Engine: New message connection
I1102 18:26:22.055601 IO-0/EL  engine.cpp:277] Engine: Receive new handshake message from message connection
I1102 18:26:22.055606 IO-0/EL  worker_manager.cpp:60] WorkerManager: FuncWorker of func_id 1, client_id 69 connected
I1102 18:26:22.055619 IO-0/EL  message_connection.cpp:269] FuncWorkerConnection[1-69]: Handshake done
I1102 18:26:22.056010 Server/E engine.cpp:674] Engine: New message connection
I1102 18:26:22.056044 IO-0/EL  engine.cpp:277] Engine: Receive new handshake message from message connection
I1102 18:26:22.056048 IO-0/EL  worker_manager.cpp:60] WorkerManager: FuncWorker of func_id 1, client_id 70 connected
I1102 18:26:22.056061 IO-0/EL  message_connection.cpp:269] FuncWorkerConnection[1-70]: Handshake done
I1102 18:26:22.056491 Server/E engine.cpp:674] Engine: New message connection
I1102 18:26:22.056526 IO-0/EL  engine.cpp:277] Engine: Receive new handshake message from message connection
I1102 18:26:22.056531 IO-0/EL  worker_manager.cpp:60] WorkerManager: FuncWorker of func_id 1, client_id 71 connected
I1102 18:26:22.056543 IO-0/EL  message_connection.cpp:269] FuncWorkerConnection[1-71]: Handshake done
I1102 18:26:22.056954 Server/E engine.cpp:674] Engine: New message connection
I1102 18:26:22.056988 IO-0/EL  engine.cpp:277] Engine: Receive new handshake message from message connection
I1102 18:26:22.056993 IO-0/EL  worker_manager.cpp:60] WorkerManager: FuncWorker of func_id 1, client_id 72 connected
I1102 18:26:22.057011 IO-0/EL  message_connection.cpp:269] FuncWorkerConnection[1-72]: Handshake done
I1102 18:26:22.057385 Server/E engine.cpp:674] Engine: New message connection
I1102 18:26:22.057417 IO-0/EL  engine.cpp:277] Engine: Receive new handshake message from message connection
I1102 18:26:22.057421 IO-0/EL  worker_manager.cpp:60] WorkerManager: FuncWorker of func_id 1, client_id 73 connected
I1102 18:26:22.057434 IO-0/EL  message_connection.cpp:269] FuncWorkerConnection[1-73]: Handshake done
I1102 18:26:22.058127 Server/E engine.cpp:674] Engine: New message connection
I1102 18:26:22.058162 IO-0/EL  engine.cpp:277] Engine: Receive new handshake message from message connection
I1102 18:26:22.058167 IO-0/EL  worker_manager.cpp:60] WorkerManager: FuncWorker of func_id 1, client_id 74 connected
I1102 18:26:22.058181 IO-0/EL  message_connection.cpp:269] FuncWorkerConnection[1-74]: Handshake done
I1102 18:26:22.058446 Server/E engine.cpp:674] Engine: New message connection
I1102 18:26:22.058474 IO-0/EL  engine.cpp:277] Engine: Receive new handshake message from message connection
I1102 18:26:22.058479 IO-0/EL  worker_manager.cpp:60] WorkerManager: FuncWorker of func_id 1, client_id 75 connected
I1102 18:26:22.058492 IO-0/EL  message_connection.cpp:269] FuncWorkerConnection[1-75]: Handshake done
I1102 18:26:22.058886 Server/E engine.cpp:674] Engine: New message connection
I1102 18:26:22.058923 IO-0/EL  engine.cpp:277] Engine: Receive new handshake message from message connection
I1102 18:26:22.058928 IO-0/EL  worker_manager.cpp:60] WorkerManager: FuncWorker of func_id 1, client_id 76 connected
I1102 18:26:22.058941 IO-0/EL  message_connection.cpp:269] FuncWorkerConnection[1-76]: Handshake done
I1102 18:26:22.059437 Server/E engine.cpp:674] Engine: New message connection
I1102 18:26:22.059464 IO-0/EL  engine.cpp:277] Engine: Receive new handshake message from message connection
I1102 18:26:22.059469 IO-0/EL  worker_manager.cpp:60] WorkerManager: FuncWorker of func_id 1, client_id 77 connected
I1102 18:26:22.059481 IO-0/EL  message_connection.cpp:269] FuncWorkerConnection[1-77]: Handshake done
I1102 18:26:22.059856 Server/E engine.cpp:674] Engine: New message connection
I1102 18:26:22.059916 IO-0/EL  engine.cpp:277] Engine: Receive new handshake message from message connection
I1102 18:26:22.059921 IO-0/EL  worker_manager.cpp:60] WorkerManager: FuncWorker of func_id 1, client_id 78 connected
I1102 18:26:22.059934 IO-0/EL  message_connection.cpp:269] FuncWorkerConnection[1-78]: Handshake done
I1102 18:26:22.073734 Server/E engine.cpp:674] Engine: New message connection
I1102 18:26:22.073768 Server/E engine.cpp:674] Engine: New message connection
I1102 18:26:22.073776 IO-0/EL  engine.cpp:277] Engine: Receive new handshake message from message connection
I1102 18:26:22.073782 IO-0/EL  worker_manager.cpp:60] WorkerManager: FuncWorker of func_id 1, client_id 79 connected
I1102 18:26:22.073784 Server/E engine.cpp:674] Engine: New message connection
I1102 18:26:22.073798 IO-0/EL  message_connection.cpp:269] FuncWorkerConnection[1-79]: Handshake done
I1102 18:26:22.073798 Server/E engine.cpp:674] Engine: New message connection
I1102 18:26:22.073820 Server/E engine.cpp:674] Engine: New message connection
I1102 18:26:22.073823 IO-0/EL  engine.cpp:277] Engine: Receive new handshake message from message connection
I1102 18:26:22.073830 IO-0/EL  worker_manager.cpp:60] WorkerManager: FuncWorker of func_id 1, client_id 80 connected
I1102 18:26:22.073840 Server/E engine.cpp:674] Engine: New message connection
I1102 18:26:22.073845 IO-0/EL  message_connection.cpp:269] FuncWorkerConnection[1-80]: Handshake done
I1102 18:26:22.073859 IO-0/EL  engine.cpp:277] Engine: Receive new handshake message from message connection
I1102 18:26:22.073859 Server/E engine.cpp:674] Engine: New message connection
I1102 18:26:22.073864 IO-0/EL  worker_manager.cpp:60] WorkerManager: FuncWorker of func_id 1, client_id 81 connected
I1102 18:26:22.073890 Server/E engine.cpp:674] Engine: New message connection
I1102 18:26:22.073895 IO-0/EL  message_connection.cpp:269] FuncWorkerConnection[1-81]: Handshake done
I1102 18:26:22.073910 Server/E engine.cpp:674] Engine: New message connection
I1102 18:26:22.073924 IO-0/EL  engine.cpp:277] Engine: Receive new handshake message from message connection
I1102 18:26:22.073930 IO-0/EL  worker_manager.cpp:60] WorkerManager: FuncWorker of func_id 1, client_id 82 connected
I1102 18:26:22.073930 Server/E engine.cpp:674] Engine: New message connection
I1102 18:26:22.073944 IO-0/EL  message_connection.cpp:269] FuncWorkerConnection[1-82]: Handshake done
I1102 18:26:22.073951 Server/E engine.cpp:674] Engine: New message connection
I1102 18:26:22.073960 IO-0/EL  engine.cpp:277] Engine: Receive new handshake message from message connection
I1102 18:26:22.073964 IO-0/EL  worker_manager.cpp:60] WorkerManager: FuncWorker of func_id 1, client_id 83 connected
I1102 18:26:22.073973 Server/E engine.cpp:674] Engine: New message connection
I1102 18:26:22.073977 IO-0/EL  message_connection.cpp:269] FuncWorkerConnection[1-83]: Handshake done
I1102 18:26:22.074000 Server/E engine.cpp:674] Engine: New message connection
I1102 18:26:22.074011 IO-0/EL  engine.cpp:277] Engine: Receive new handshake message from message connection
I1102 18:26:22.074016 IO-0/EL  worker_manager.cpp:60] WorkerManager: FuncWorker of func_id 1, client_id 84 connected
I1102 18:26:22.074017 Server/E engine.cpp:674] Engine: New message connection
I1102 18:26:22.074030 IO-0/EL  message_connection.cpp:269] FuncWorkerConnection[1-84]: Handshake done
I1102 18:26:22.074041 Server/E engine.cpp:674] Engine: New message connection
I1102 18:26:22.074044 IO-0/EL  engine.cpp:277] Engine: Receive new handshake message from message connection
I1102 18:26:22.074059 IO-0/EL  worker_manager.cpp:60] WorkerManager: FuncWorker of func_id 1, client_id 85 connected
I1102 18:26:22.074064 Server/E engine.cpp:674] Engine: New message connection
I1102 18:26:22.074077 IO-0/EL  message_connection.cpp:269] FuncWorkerConnection[1-85]: Handshake done
I1102 18:26:22.074084 Server/E engine.cpp:674] Engine: New message connection
I1102 18:26:22.074094 IO-0/EL  engine.cpp:277] Engine: Receive new handshake message from message connection
I1102 18:26:22.074099 IO-0/EL  worker_manager.cpp:60] WorkerManager: FuncWorker of func_id 1, client_id 86 connected
I1102 18:26:22.074102 Server/E engine.cpp:674] Engine: New message connection
I1102 18:26:22.074125 IO-0/EL  message_connection.cpp:269] FuncWorkerConnection[1-86]: Handshake done
I1102 18:26:22.074141 Server/E engine.cpp:674] Engine: New message connection
I1102 18:26:22.074139 IO-0/EL  engine.cpp:277] Engine: Receive new handshake message from message connection
I1102 18:26:22.074158 IO-0/EL  worker_manager.cpp:60] WorkerManager: FuncWorker of func_id 1, client_id 87 connected
I1102 18:26:22.074163 Server/E engine.cpp:674] Engine: New message connection
I1102 18:26:22.074175 IO-0/EL  message_connection.cpp:269] FuncWorkerConnection[1-87]: Handshake done
I1102 18:26:22.074180 Server/E engine.cpp:674] Engine: New message connection
I1102 18:26:22.074189 IO-0/EL  engine.cpp:277] Engine: Receive new handshake message from message connection
I1102 18:26:22.074194 IO-0/EL  worker_manager.cpp:60] WorkerManager: FuncWorker of func_id 1, client_id 88 connected
I1102 18:26:22.074195 Server/E engine.cpp:674] Engine: New message connection
I1102 18:26:22.074207 IO-0/EL  message_connection.cpp:269] FuncWorkerConnection[1-88]: Handshake done
I1102 18:26:22.074209 Server/E engine.cpp:674] Engine: New message connection
I1102 18:26:22.074224 Server/E engine.cpp:674] Engine: New message connection
I1102 18:26:22.074226 IO-0/EL  engine.cpp:277] Engine: Receive new handshake message from message connection
I1102 18:26:22.074232 IO-0/EL  worker_manager.cpp:60] WorkerManager: FuncWorker of func_id 1, client_id 89 connected
I1102 18:26:22.074244 Server/E engine.cpp:674] Engine: New message connection
I1102 18:26:22.074245 IO-0/EL  message_connection.cpp:269] FuncWorkerConnection[1-89]: Handshake done
I1102 18:26:22.074270 Server/E engine.cpp:674] Engine: New message connection
I1102 18:26:22.074300 Server/E engine.cpp:674] Engine: New message connection
I1102 18:26:22.074308 IO-0/EL  engine.cpp:277] Engine: Receive new handshake message from message connection
I1102 18:26:22.074315 Server/E engine.cpp:674] Engine: New message connection
I1102 18:26:22.074317 IO-0/EL  worker_manager.cpp:60] WorkerManager: FuncWorker of func_id 1, client_id 90 connected
I1102 18:26:22.074327 Server/E engine.cpp:674] Engine: New message connection
I1102 18:26:22.074341 Server/E engine.cpp:674] Engine: New message connection
I1102 18:26:22.074341 IO-0/EL  message_connection.cpp:269] FuncWorkerConnection[1-90]: Handshake done
I1102 18:26:22.074355 Server/E engine.cpp:674] Engine: New message connection
I1102 18:26:22.074373 IO-0/EL  engine.cpp:277] Engine: Receive new handshake message from message connection
I1102 18:26:22.074378 IO-0/EL  worker_manager.cpp:60] WorkerManager: FuncWorker of func_id 1, client_id 91 connected
I1102 18:26:22.074393 IO-0/EL  message_connection.cpp:269] FuncWorkerConnection[1-91]: Handshake done
I1102 18:26:22.074408 IO-0/EL  engine.cpp:277] Engine: Receive new handshake message from message connection
I1102 18:26:22.074412 IO-0/EL  worker_manager.cpp:60] WorkerManager: FuncWorker of func_id 1, client_id 92 connected
I1102 18:26:22.074426 IO-0/EL  message_connection.cpp:269] FuncWorkerConnection[1-92]: Handshake done
I1102 18:26:22.074446 IO-0/EL  engine.cpp:277] Engine: Receive new handshake message from message connection
I1102 18:26:22.074451 IO-0/EL  worker_manager.cpp:60] WorkerManager: FuncWorker of func_id 1, client_id 93 connected
I1102 18:26:22.074465 IO-0/EL  message_connection.cpp:269] FuncWorkerConnection[1-93]: Handshake done
I1102 18:26:22.074478 IO-0/EL  engine.cpp:277] Engine: Receive new handshake message from message connection
I1102 18:26:22.074482 IO-0/EL  worker_manager.cpp:60] WorkerManager: FuncWorker of func_id 1, client_id 94 connected
I1102 18:26:22.074496 IO-0/EL  message_connection.cpp:269] FuncWorkerConnection[1-94]: Handshake done
I1102 18:26:22.074513 IO-0/EL  engine.cpp:277] Engine: Receive new handshake message from message connection
I1102 18:26:22.074518 IO-0/EL  worker_manager.cpp:60] WorkerManager: FuncWorker of func_id 1, client_id 95 connected
I1102 18:26:22.074548 IO-0/EL  message_connection.cpp:269] FuncWorkerConnection[1-95]: Handshake done
I1102 18:26:22.074562 IO-0/EL  engine.cpp:277] Engine: Receive new handshake message from message connection
I1102 18:26:22.074566 IO-0/EL  worker_manager.cpp:60] WorkerManager: FuncWorker of func_id 1, client_id 96 connected
I1102 18:26:22.074579 IO-0/EL  message_connection.cpp:269] FuncWorkerConnection[1-96]: Handshake done
I1102 18:26:22.074597 IO-0/EL  engine.cpp:277] Engine: Receive new handshake message from message connection
I1102 18:26:22.074601 IO-0/EL  worker_manager.cpp:60] WorkerManager: FuncWorker of func_id 1, client_id 97 connected
I1102 18:26:22.074615 IO-0/EL  message_connection.cpp:269] FuncWorkerConnection[1-97]: Handshake done
I1102 18:26:22.074628 IO-0/EL  engine.cpp:277] Engine: Receive new handshake message from message connection
I1102 18:26:22.074632 IO-0/EL  worker_manager.cpp:60] WorkerManager: FuncWorker of func_id 1, client_id 98 connected
I1102 18:26:22.074645 IO-0/EL  message_connection.cpp:269] FuncWorkerConnection[1-98]: Handshake done
I1102 18:26:22.074662 IO-0/EL  engine.cpp:277] Engine: Receive new handshake message from message connection
I1102 18:26:22.074667 IO-0/EL  worker_manager.cpp:60] WorkerManager: FuncWorker of func_id 1, client_id 99 connected
I1102 18:26:22.074681 IO-0/EL  message_connection.cpp:269] FuncWorkerConnection[1-99]: Handshake done
I1102 18:26:22.074694 IO-0/EL  engine.cpp:277] Engine: Receive new handshake message from message connection
I1102 18:26:22.074698 IO-0/EL  worker_manager.cpp:60] WorkerManager: FuncWorker of func_id 1, client_id 100 connected
I1102 18:26:22.074719 IO-0/EL  message_connection.cpp:269] FuncWorkerConnection[1-100]: Handshake done
I1102 18:26:22.074738 IO-0/EL  engine.cpp:277] Engine: Receive new handshake message from message connection
I1102 18:26:22.074742 IO-0/EL  worker_manager.cpp:60] WorkerManager: FuncWorker of func_id 1, client_id 101 connected
I1102 18:26:22.074756 IO-0/EL  message_connection.cpp:269] FuncWorkerConnection[1-101]: Handshake done
I1102 18:26:22.074760 Server/E engine.cpp:674] Engine: New message connection
I1102 18:26:22.074769 IO-0/EL  engine.cpp:277] Engine: Receive new handshake message from message connection
I1102 18:26:22.074773 IO-0/EL  worker_manager.cpp:60] WorkerManager: FuncWorker of func_id 1, client_id 102 connected
I1102 18:26:22.074794 IO-0/EL  message_connection.cpp:269] FuncWorkerConnection[1-102]: Handshake done
I1102 18:26:22.074807 IO-0/EL  engine.cpp:277] Engine: Receive new handshake message from message connection
I1102 18:26:22.074811 IO-0/EL  worker_manager.cpp:60] WorkerManager: FuncWorker of func_id 1, client_id 103 connected
I1102 18:26:22.074824 IO-0/EL  message_connection.cpp:269] FuncWorkerConnection[1-103]: Handshake done
I1102 18:26:22.074843 IO-0/EL  engine.cpp:277] Engine: Receive new handshake message from message connection
I1102 18:26:22.074847 IO-0/EL  worker_manager.cpp:60] WorkerManager: FuncWorker of func_id 1, client_id 104 connected
I1102 18:26:22.074860 IO-0/EL  message_connection.cpp:269] FuncWorkerConnection[1-104]: Handshake done
I1102 18:26:22.074873 IO-0/EL  engine.cpp:277] Engine: Receive new handshake message from message connection
I1102 18:26:22.074877 IO-0/EL  worker_manager.cpp:60] WorkerManager: FuncWorker of func_id 1, client_id 105 connected
I1102 18:26:22.074892 IO-0/EL  message_connection.cpp:269] FuncWorkerConnection[1-105]: Handshake done
I1102 18:26:22.074909 IO-0/EL  engine.cpp:277] Engine: Receive new handshake message from message connection
I1102 18:26:22.074914 IO-0/EL  worker_manager.cpp:60] WorkerManager: FuncWorker of func_id 1, client_id 106 connected
I1102 18:26:22.074927 IO-0/EL  message_connection.cpp:269] FuncWorkerConnection[1-106]: Handshake done
I1102 18:26:22.074939 IO-0/EL  engine.cpp:277] Engine: Receive new handshake message from message connection
I1102 18:26:22.074943 IO-0/EL  worker_manager.cpp:60] WorkerManager: FuncWorker of func_id 1, client_id 108 connected
I1102 18:26:22.074956 IO-0/EL  message_connection.cpp:269] FuncWorkerConnection[1-108]: Handshake done
I1102 18:26:22.074982 IO-0/EL  engine.cpp:277] Engine: Receive new handshake message from message connection
I1102 18:26:22.074987 IO-0/EL  worker_manager.cpp:60] WorkerManager: FuncWorker of func_id 1, client_id 109 connected
I1102 18:26:22.075000 IO-0/EL  message_connection.cpp:269] FuncWorkerConnection[1-109]: Handshake done
I1102 18:26:22.075012 IO-0/EL  engine.cpp:277] Engine: Receive new handshake message from message connection
I1102 18:26:22.075017 IO-0/EL  worker_manager.cpp:60] WorkerManager: FuncWorker of func_id 1, client_id 107 connected
I1102 18:26:22.075026 Server/E engine.cpp:674] Engine: New message connection
I1102 18:26:22.075030 IO-0/EL  message_connection.cpp:269] FuncWorkerConnection[1-107]: Handshake done
I1102 18:26:22.075048 IO-0/EL  engine.cpp:277] Engine: Receive new handshake message from message connection
I1102 18:26:22.075052 IO-0/EL  worker_manager.cpp:60] WorkerManager: FuncWorker of func_id 1, client_id 110 connected
I1102 18:26:22.075066 IO-0/EL  message_connection.cpp:269] FuncWorkerConnection[1-110]: Handshake done
I1102 18:26:22.075080 IO-0/EL  engine.cpp:277] Engine: Receive new handshake message from message connection
I1102 18:26:22.075084 IO-0/EL  worker_manager.cpp:60] WorkerManager: FuncWorker of func_id 1, client_id 111 connected
I1102 18:26:22.075097 IO-0/EL  message_connection.cpp:269] FuncWorkerConnection[1-111]: Handshake done
I1102 18:26:22.075516 Server/E engine.cpp:674] Engine: New message connection
I1102 18:26:22.075550 IO-0/EL  engine.cpp:277] Engine: Receive new handshake message from message connection
I1102 18:26:22.075555 IO-0/EL  worker_manager.cpp:60] WorkerManager: FuncWorker of func_id 1, client_id 112 connected
I1102 18:26:22.075569 IO-0/EL  message_connection.cpp:269] FuncWorkerConnection[1-112]: Handshake done
I1102 18:26:22.076011 Server/E engine.cpp:674] Engine: New message connection
I1102 18:26:22.076035 IO-0/EL  engine.cpp:277] Engine: Receive new handshake message from message connection
I1102 18:26:22.076040 IO-0/EL  worker_manager.cpp:60] WorkerManager: FuncWorker of func_id 1, client_id 113 connected
I1102 18:26:22.076068 IO-0/EL  message_connection.cpp:269] FuncWorkerConnection[1-113]: Handshake done
I1102 18:26:22.076535 Server/E engine.cpp:674] Engine: New message connection
I1102 18:26:22.076558 IO-0/EL  engine.cpp:277] Engine: Receive new handshake message from message connection
I1102 18:26:22.076562 IO-0/EL  worker_manager.cpp:60] WorkerManager: FuncWorker of func_id 1, client_id 114 connected
I1102 18:26:22.076576 IO-0/EL  message_connection.cpp:269] FuncWorkerConnection[1-114]: Handshake done
I1102 18:26:22.077058 Server/E engine.cpp:674] Engine: New message connection
I1102 18:26:22.077082 IO-0/EL  engine.cpp:277] Engine: Receive new handshake message from message connection
I1102 18:26:22.077086 IO-0/EL  worker_manager.cpp:60] WorkerManager: FuncWorker of func_id 1, client_id 115 connected
I1102 18:26:22.077100 IO-0/EL  message_connection.cpp:269] FuncWorkerConnection[1-115]: Handshake done
I1102 18:26:22.078161 Server/E engine.cpp:674] Engine: New message connection
I1102 18:26:22.078183 IO-0/EL  engine.cpp:277] Engine: Receive new handshake message from message connection
I1102 18:26:22.078188 IO-0/EL  worker_manager.cpp:60] WorkerManager: FuncWorker of func_id 1, client_id 116 connected
I1102 18:26:22.078202 IO-0/EL  message_connection.cpp:269] FuncWorkerConnection[1-116]: Handshake done
I1102 18:26:22.078558 Server/E engine.cpp:674] Engine: New message connection
I1102 18:26:22.078587 IO-0/EL  engine.cpp:277] Engine: Receive new handshake message from message connection
I1102 18:26:22.078592 IO-0/EL  worker_manager.cpp:60] WorkerManager: FuncWorker of func_id 1, client_id 117 connected
I1102 18:26:22.078606 IO-0/EL  message_connection.cpp:269] FuncWorkerConnection[1-117]: Handshake done
I1102 18:26:22.079032 Server/E engine.cpp:674] Engine: New message connection
I1102 18:26:22.079056 IO-0/EL  engine.cpp:277] Engine: Receive new handshake message from message connection
I1102 18:26:22.079078 IO-0/EL  worker_manager.cpp:60] WorkerManager: FuncWorker of func_id 1, client_id 118 connected
I1102 18:26:22.079093 IO-0/EL  message_connection.cpp:269] FuncWorkerConnection[1-118]: Handshake done
I1102 18:26:22.079500 Server/E engine.cpp:674] Engine: New message connection
I1102 18:26:22.079526 IO-0/EL  engine.cpp:277] Engine: Receive new handshake message from message connection
I1102 18:26:22.079531 IO-0/EL  worker_manager.cpp:60] WorkerManager: FuncWorker of func_id 1, client_id 119 connected
I1102 18:26:22.079544 IO-0/EL  message_connection.cpp:269] FuncWorkerConnection[1-119]: Handshake done
I1102 18:26:22.102416 Server/E engine.cpp:674] Engine: New message connection
I1102 18:26:22.102518 IO-0/EL  engine.cpp:277] Engine: Receive new handshake message from message connection
I1102 18:26:22.102531 IO-0/EL  worker_manager.cpp:60] WorkerManager: FuncWorker of func_id 1, client_id 121 connected
I1102 18:26:22.102552 IO-0/EL  message_connection.cpp:269] FuncWorkerConnection[1-121]: Handshake done
I1102 18:26:22.102883 Server/E engine.cpp:674] Engine: New message connection
I1102 18:26:22.102943 IO-0/EL  engine.cpp:277] Engine: Receive new handshake message from message connection
I1102 18:26:22.102948 IO-0/EL  worker_manager.cpp:60] WorkerManager: FuncWorker of func_id 1, client_id 122 connected
I1102 18:26:22.102962 IO-0/EL  message_connection.cpp:269] FuncWorkerConnection[1-122]: Handshake done
I1102 18:26:22.103362 Server/E engine.cpp:674] Engine: New message connection
I1102 18:26:22.103410 IO-0/EL  engine.cpp:277] Engine: Receive new handshake message from message connection
I1102 18:26:22.103408 Server/E engine.cpp:674] Engine: New message connection
I1102 18:26:22.103415 IO-0/EL  worker_manager.cpp:60] WorkerManager: FuncWorker of func_id 1, client_id 120 connected
I1102 18:26:22.103456 IO-0/EL  message_connection.cpp:269] FuncWorkerConnection[1-120]: Handshake done
I1102 18:26:22.103472 IO-0/EL  engine.cpp:277] Engine: Receive new handshake message from message connection
I1102 18:26:22.103477 IO-0/EL  worker_manager.cpp:60] WorkerManager: FuncWorker of func_id 1, client_id 123 connected
I1102 18:26:22.103490 IO-0/EL  message_connection.cpp:269] FuncWorkerConnection[1-123]: Handshake done
I1102 18:26:22.104241 Server/E engine.cpp:674] Engine: New message connection
I1102 18:26:22.104292 IO-0/EL  engine.cpp:277] Engine: Receive new handshake message from message connection
I1102 18:26:22.104298 IO-0/EL  worker_manager.cpp:60] WorkerManager: FuncWorker of func_id 1, client_id 124 connected
I1102 18:26:22.104314 IO-0/EL  message_connection.cpp:269] FuncWorkerConnection[1-124]: Handshake done
I1102 18:26:22.104579 Server/E engine.cpp:674] Engine: New message connection
I1102 18:26:22.104626 IO-0/EL  engine.cpp:277] Engine: Receive new handshake message from message connection
I1102 18:26:22.104631 IO-0/EL  worker_manager.cpp:60] WorkerManager: FuncWorker of func_id 1, client_id 125 connected
I1102 18:26:22.104645 IO-0/EL  message_connection.cpp:269] FuncWorkerConnection[1-125]: Handshake done
I1102 18:26:22.104952 Server/E engine.cpp:674] Engine: New message connection
I1102 18:26:22.105004 IO-0/EL  engine.cpp:277] Engine: Receive new handshake message from message connection
I1102 18:26:22.105009 IO-0/EL  worker_manager.cpp:60] WorkerManager: FuncWorker of func_id 1, client_id 126 connected
I1102 18:26:22.105023 IO-0/EL  message_connection.cpp:269] FuncWorkerConnection[1-126]: Handshake done
I1102 18:26:22.106274 Server/E engine.cpp:674] Engine: New message connection
I1102 18:26:22.106323 IO-0/EL  engine.cpp:277] Engine: Receive new handshake message from message connection
I1102 18:26:22.106329 IO-0/EL  worker_manager.cpp:60] WorkerManager: FuncWorker of func_id 1, client_id 127 connected
I1102 18:26:22.106343 IO-0/EL  message_connection.cpp:269] FuncWorkerConnection[1-127]: Handshake done
I1102 18:26:22.106348 Server/E engine.cpp:674] Engine: New message connection
I1102 18:26:22.106404 IO-0/EL  engine.cpp:277] Engine: Receive new handshake message from message connection
I1102 18:26:22.106409 IO-0/EL  worker_manager.cpp:60] WorkerManager: FuncWorker of func_id 1, client_id 128 connected
I1102 18:26:22.106434 IO-0/EL  message_connection.cpp:269] FuncWorkerConnection[1-128]: Handshake done
I1102 18:26:24.445766 IO-0/EL  buffer_pool.h:25] BufferPool[IO-0_Write]: Allocate new buffer, current buffer count is 3
I1102 18:26:24.445791 IO-0/EL  buffer_pool.h:25] BufferPool[IO-0_Write]: Allocate new buffer, current buffer count is 4
I1102 18:26:24.445806 IO-0/EL  buffer_pool.h:25] BufferPool[IO-0_Write]: Allocate new buffer, current buffer count is 5
I1102 18:26:24.445817 IO-0/EL  buffer_pool.h:25] BufferPool[IO-0_Write]: Allocate new buffer, current buffer count is 6
I1102 18:26:24.445830 IO-0/EL  buffer_pool.h:25] BufferPool[IO-0_Write]: Allocate new buffer, current buffer count is 7
I1102 18:26:24.445842 IO-0/EL  buffer_pool.h:25] BufferPool[IO-0_Write]: Allocate new buffer, current buffer count is 8
I1102 18:26:24.445855 IO-0/EL  buffer_pool.h:25] BufferPool[IO-0_Write]: Allocate new buffer, current buffer count is 9
I1102 18:26:24.445864 IO-0/EL  buffer_pool.h:25] BufferPool[IO-0_Write]: Allocate new buffer, current buffer count is 10
I1102 18:26:24.445879 IO-0/EL  buffer_pool.h:25] BufferPool[IO-0_Write]: Allocate new buffer, current buffer count is 11
I1102 18:26:24.445890 IO-0/EL  buffer_pool.h:25] BufferPool[IO-0_Write]: Allocate new buffer, current buffer count is 12
I1102 18:26:24.445905 IO-0/EL  buffer_pool.h:25] BufferPool[IO-0_Write]: Allocate new buffer, current buffer count is 13
I1102 18:26:24.445916 IO-0/EL  buffer_pool.h:25] BufferPool[IO-0_Write]: Allocate new buffer, current buffer count is 14
I1102 18:26:24.445932 IO-0/EL  buffer_pool.h:25] BufferPool[IO-0_Write]: Allocate new buffer, current buffer count is 15
I1102 18:26:24.445945 IO-0/EL  buffer_pool.h:25] BufferPool[IO-0_Write]: Allocate new buffer, current buffer count is 16
I1102 18:26:24.445962 IO-0/EL  buffer_pool.h:25] BufferPool[IO-0_Write]: Allocate new buffer, current buffer count is 17
I1102 18:26:24.445974 IO-0/EL  buffer_pool.h:25] BufferPool[IO-0_Write]: Allocate new buffer, current buffer count is 18
I1102 18:26:24.445990 IO-0/EL  buffer_pool.h:25] BufferPool[IO-0_Write]: Allocate new buffer, current buffer count is 19
I1102 18:26:24.446002 IO-0/EL  buffer_pool.h:25] BufferPool[IO-0_Write]: Allocate new buffer, current buffer count is 20
I1102 18:26:24.446016 IO-0/EL  buffer_pool.h:25] BufferPool[IO-0_Write]: Allocate new buffer, current buffer count is 21
I1102 18:26:24.446028 IO-0/EL  buffer_pool.h:25] BufferPool[IO-0_Write]: Allocate new buffer, current buffer count is 22
I1102 18:26:24.446045 IO-0/EL  buffer_pool.h:25] BufferPool[IO-0_Write]: Allocate new buffer, current buffer count is 23
I1102 18:26:24.446059 IO-0/EL  buffer_pool.h:25] BufferPool[IO-0_Write]: Allocate new buffer, current buffer count is 24
I1102 18:26:24.446071 IO-0/EL  buffer_pool.h:25] BufferPool[IO-0_Write]: Allocate new buffer, current buffer count is 25
I1102 18:26:24.446095 IO-0/EL  buffer_pool.h:25] BufferPool[IO-0_Write]: Allocate new buffer, current buffer count is 26
I1102 18:26:24.446112 IO-0/EL  buffer_pool.h:25] BufferPool[IO-0_Write]: Allocate new buffer, current buffer count is 27
I1102 18:26:24.446137 IO-0/EL  buffer_pool.h:25] BufferPool[IO-0_Write]: Allocate new buffer, current buffer count is 28
I1102 18:26:24.446162 IO-0/EL  buffer_pool.h:25] BufferPool[IO-0_Write]: Allocate new buffer, current buffer count is 29
I1102 18:26:24.446177 IO-0/EL  buffer_pool.h:25] BufferPool[IO-0_Write]: Allocate new buffer, current buffer count is 30
I1102 18:26:24.446188 IO-0/EL  buffer_pool.h:25] BufferPool[IO-0_Write]: Allocate new buffer, current buffer count is 31
I1102 18:26:24.446202 IO-0/EL  buffer_pool.h:25] BufferPool[IO-0_Write]: Allocate new buffer, current buffer count is 32
I1102 18:26:24.446227 IO-0/EL  buffer_pool.h:25] BufferPool[IO-0_Write]: Allocate new buffer, current buffer count is 33
I1102 18:26:24.446246 IO-0/EL  buffer_pool.h:25] BufferPool[IO-0_Write]: Allocate new buffer, current buffer count is 34
I1102 18:26:24.446264 IO-0/EL  buffer_pool.h:25] BufferPool[IO-0_Write]: Allocate new buffer, current buffer count is 35
I1102 18:26:24.446286 IO-0/EL  buffer_pool.h:25] BufferPool[IO-0_Write]: Allocate new buffer, current buffer count is 36
I1102 18:26:24.446304 IO-0/EL  buffer_pool.h:25] BufferPool[IO-0_Write]: Allocate new buffer, current buffer count is 37
I1102 18:26:24.446316 IO-0/EL  buffer_pool.h:25] BufferPool[IO-0_Write]: Allocate new buffer, current buffer count is 38
I1102 18:26:24.446334 IO-0/EL  buffer_pool.h:25] BufferPool[IO-0_Write]: Allocate new buffer, current buffer count is 39
I1102 18:26:24.446345 IO-0/EL  buffer_pool.h:25] BufferPool[IO-0_Write]: Allocate new buffer, current buffer count is 40
I1102 18:26:24.446359 IO-0/EL  buffer_pool.h:25] BufferPool[IO-0_Write]: Allocate new buffer, current buffer count is 41
I1102 18:26:24.446372 IO-0/EL  buffer_pool.h:25] BufferPool[IO-0_Write]: Allocate new buffer, current buffer count is 42
I1102 18:26:24.446387 IO-0/EL  buffer_pool.h:25] BufferPool[IO-0_Write]: Allocate new buffer, current buffer count is 43
I1102 18:26:24.446400 IO-0/EL  buffer_pool.h:25] BufferPool[IO-0_Write]: Allocate new buffer, current buffer count is 44
I1102 18:26:24.446413 IO-0/EL  buffer_pool.h:25] BufferPool[IO-0_Write]: Allocate new buffer, current buffer count is 45
I1102 18:26:24.446430 IO-0/EL  buffer_pool.h:25] BufferPool[IO-0_Write]: Allocate new buffer, current buffer count is 46
I1102 18:26:24.446440 IO-0/EL  buffer_pool.h:25] BufferPool[IO-0_Write]: Allocate new buffer, current buffer count is 47
I1102 18:26:24.446461 IO-0/EL  buffer_pool.h:25] BufferPool[IO-0_Write]: Allocate new buffer, current buffer count is 48
I1102 18:26:24.446477 IO-0/EL  buffer_pool.h:25] BufferPool[IO-0_Write]: Allocate new buffer, current buffer count is 49
I1102 18:26:24.446501 IO-0/EL  buffer_pool.h:25] BufferPool[IO-0_Write]: Allocate new buffer, current buffer count is 50
I1102 18:26:24.446514 IO-0/EL  buffer_pool.h:25] BufferPool[IO-0_Write]: Allocate new buffer, current buffer count is 51
I1102 18:26:24.446529 IO-0/EL  buffer_pool.h:25] BufferPool[IO-0_Write]: Allocate new buffer, current buffer count is 52
I1102 18:26:24.446541 IO-0/EL  buffer_pool.h:25] BufferPool[IO-0_Write]: Allocate new buffer, current buffer count is 53
I1102 18:26:24.446554 IO-0/EL  buffer_pool.h:25] BufferPool[IO-0_Write]: Allocate new buffer, current buffer count is 54
I1102 18:26:24.446565 IO-0/EL  buffer_pool.h:25] BufferPool[IO-0_Write]: Allocate new buffer, current buffer count is 55
I1102 18:26:24.446579 IO-0/EL  buffer_pool.h:25] BufferPool[IO-0_Write]: Allocate new buffer, current buffer count is 56
I1102 18:26:24.446598 IO-0/EL  buffer_pool.h:25] BufferPool[IO-0_Write]: Allocate new buffer, current buffer count is 57
I1102 18:26:24.446614 IO-0/EL  buffer_pool.h:25] BufferPool[IO-0_Write]: Allocate new buffer, current buffer count is 58
I1102 18:26:24.446639 IO-0/EL  buffer_pool.h:25] BufferPool[IO-0_Write]: Allocate new buffer, current buffer count is 59
I1102 18:26:24.446655 IO-0/EL  buffer_pool.h:25] BufferPool[IO-0_Write]: Allocate new buffer, current buffer count is 60
I1102 18:26:24.446671 IO-0/EL  buffer_pool.h:25] BufferPool[IO-0_Write]: Allocate new buffer, current buffer count is 61
I1102 18:26:24.446682 IO-0/EL  buffer_pool.h:25] BufferPool[IO-0_Write]: Allocate new buffer, current buffer count is 62
I1102 18:26:24.446698 IO-0/EL  buffer_pool.h:25] BufferPool[IO-0_Write]: Allocate new buffer, current buffer count is 63
I1102 18:26:24.446718 IO-0/EL  buffer_pool.h:25] BufferPool[IO-0_Write]: Allocate new buffer, current buffer count is 64
I1102 18:26:24.446739 IO-0/EL  buffer_pool.h:25] BufferPool[IO-0_Write]: Allocate new buffer, current buffer count is 65
I1102 18:26:24.446760 IO-0/EL  buffer_pool.h:25] BufferPool[IO-0_Write]: Allocate new buffer, current buffer count is 66
I1102 18:26:24.446781 IO-0/EL  buffer_pool.h:25] BufferPool[IO-0_Write]: Allocate new buffer, current buffer count is 67
I1102 18:26:24.446793 IO-0/EL  buffer_pool.h:25] BufferPool[IO-0_Write]: Allocate new buffer, current buffer count is 68
I1102 18:26:24.446814 IO-0/EL  buffer_pool.h:25] BufferPool[IO-0_Write]: Allocate new buffer, current buffer count is 69
I1102 18:26:24.446825 IO-0/EL  buffer_pool.h:25] BufferPool[IO-0_Write]: Allocate new buffer, current buffer count is 70
I1102 18:26:24.446837 IO-0/EL  buffer_pool.h:25] BufferPool[IO-0_Write]: Allocate new buffer, current buffer count is 71
I1102 18:26:24.446854 IO-0/EL  buffer_pool.h:25] BufferPool[IO-0_Write]: Allocate new buffer, current buffer count is 72
I1102 18:26:24.446870 IO-0/EL  buffer_pool.h:25] BufferPool[IO-0_Write]: Allocate new buffer, current buffer count is 73
I1102 18:26:24.446896 IO-0/EL  buffer_pool.h:25] BufferPool[IO-0_Write]: Allocate new buffer, current buffer count is 74
I1102 18:26:24.446913 IO-0/EL  buffer_pool.h:25] BufferPool[IO-0_Write]: Allocate new buffer, current buffer count is 75
I1102 18:26:24.446931 IO-0/EL  buffer_pool.h:25] BufferPool[IO-0_Write]: Allocate new buffer, current buffer count is 76
I1102 18:26:24.446942 IO-0/EL  buffer_pool.h:25] BufferPool[IO-0_Write]: Allocate new buffer, current buffer count is 77
I1102 18:26:24.446958 IO-0/EL  buffer_pool.h:25] BufferPool[IO-0_Write]: Allocate new buffer, current buffer count is 78
I1102 18:26:24.446970 IO-0/EL  buffer_pool.h:25] BufferPool[IO-0_Write]: Allocate new buffer, current buffer count is 79
I1102 18:26:24.446985 IO-0/EL  buffer_pool.h:25] BufferPool[IO-0_Write]: Allocate new buffer, current buffer count is 80
I1102 18:26:24.447000 IO-0/EL  buffer_pool.h:25] BufferPool[IO-0_Write]: Allocate new buffer, current buffer count is 81
I1102 18:26:24.447017 IO-0/EL  buffer_pool.h:25] BufferPool[IO-0_Write]: Allocate new buffer, current buffer count is 82
I1102 18:26:24.447043 IO-0/EL  buffer_pool.h:25] BufferPool[IO-0_Write]: Allocate new buffer, current buffer count is 83
I1102 18:26:24.447055 IO-0/EL  buffer_pool.h:25] BufferPool[IO-0_Write]: Allocate new buffer, current buffer count is 84
I1102 18:26:24.447071 IO-0/EL  buffer_pool.h:25] BufferPool[IO-0_Write]: Allocate new buffer, current buffer count is 85
I1102 18:26:24.447085 IO-0/EL  buffer_pool.h:25] BufferPool[IO-0_Write]: Allocate new buffer, current buffer count is 86
I1102 18:26:24.447101 IO-0/EL  buffer_pool.h:25] BufferPool[IO-0_Write]: Allocate new buffer, current buffer count is 87
I1102 18:26:24.447114 IO-0/EL  buffer_pool.h:25] BufferPool[IO-0_Write]: Allocate new buffer, current buffer count is 88
I1102 18:26:24.447129 IO-0/EL  buffer_pool.h:25] BufferPool[IO-0_Write]: Allocate new buffer, current buffer count is 89
I1102 18:26:24.447140 IO-0/EL  buffer_pool.h:25] BufferPool[IO-0_Write]: Allocate new buffer, current buffer count is 90
I1102 18:26:24.447156 IO-0/EL  buffer_pool.h:25] BufferPool[IO-0_Write]: Allocate new buffer, current buffer count is 91
I1102 18:26:24.447168 IO-0/EL  buffer_pool.h:25] BufferPool[IO-0_Write]: Allocate new buffer, current buffer count is 92
I1102 18:26:24.447179 IO-0/EL  buffer_pool.h:25] BufferPool[IO-0_Write]: Allocate new buffer, current buffer count is 93
I1102 18:26:24.447199 IO-0/EL  buffer_pool.h:25] BufferPool[IO-0_Write]: Allocate new buffer, current buffer count is 94
I1102 18:26:24.447213 IO-0/EL  buffer_pool.h:25] BufferPool[IO-0_Write]: Allocate new buffer, current buffer count is 95
I1102 18:26:24.447238 IO-0/EL  buffer_pool.h:25] BufferPool[IO-0_Write]: Allocate new buffer, current buffer count is 96
I1102 18:26:24.447254 IO-0/EL  buffer_pool.h:25] BufferPool[IO-0_Write]: Allocate new buffer, current buffer count is 97
I1102 18:26:24.447271 IO-0/EL  buffer_pool.h:25] BufferPool[IO-0_Write]: Allocate new buffer, current buffer count is 98
I1102 18:26:24.447284 IO-0/EL  buffer_pool.h:25] BufferPool[IO-0_Write]: Allocate new buffer, current buffer count is 99
I1102 18:26:24.447299 IO-0/EL  buffer_pool.h:25] BufferPool[IO-0_Write]: Allocate new buffer, current buffer count is 100
I1102 18:26:24.447310 IO-0/EL  buffer_pool.h:25] BufferPool[IO-0_Write]: Allocate new buffer, current buffer count is 101
I1102 18:26:24.447325 IO-0/EL  buffer_pool.h:25] BufferPool[IO-0_Write]: Allocate new buffer, current buffer count is 102
I1102 18:26:24.447344 IO-0/EL  buffer_pool.h:25] BufferPool[IO-0_Write]: Allocate new buffer, current buffer count is 103
I1102 18:26:24.447361 IO-0/EL  buffer_pool.h:25] BufferPool[IO-0_Write]: Allocate new buffer, current buffer count is 104
I1102 18:26:24.447374 IO-0/EL  buffer_pool.h:25] BufferPool[IO-0_Write]: Allocate new buffer, current buffer count is 105
I1102 18:26:24.447387 IO-0/EL  buffer_pool.h:25] BufferPool[IO-0_Write]: Allocate new buffer, current buffer count is 106
I1102 18:26:24.447409 IO-0/EL  buffer_pool.h:25] BufferPool[IO-0_Write]: Allocate new buffer, current buffer count is 107
I1102 18:26:24.447427 IO-0/EL  buffer_pool.h:25] BufferPool[IO-0_Write]: Allocate new buffer, current buffer count is 108
I1102 18:26:24.447444 IO-0/EL  buffer_pool.h:25] BufferPool[IO-0_Write]: Allocate new buffer, current buffer count is 109
I1102 18:26:24.447455 IO-0/EL  buffer_pool.h:25] BufferPool[IO-0_Write]: Allocate new buffer, current buffer count is 110
I1102 18:26:24.447473 IO-0/EL  buffer_pool.h:25] BufferPool[IO-0_Write]: Allocate new buffer, current buffer count is 111
I1102 18:26:24.447484 IO-0/EL  buffer_pool.h:25] BufferPool[IO-0_Write]: Allocate new buffer, current buffer count is 112
I1102 18:26:24.447505 IO-0/EL  buffer_pool.h:25] BufferPool[IO-0_Write]: Allocate new buffer, current buffer count is 113
I1102 18:26:24.447522 IO-0/EL  buffer_pool.h:25] BufferPool[IO-0_Write]: Allocate new buffer, current buffer count is 114
I1102 18:26:24.447533 IO-0/EL  buffer_pool.h:25] BufferPool[IO-0_Write]: Allocate new buffer, current buffer count is 115
I1102 18:26:24.447550 IO-0/EL  buffer_pool.h:25] BufferPool[IO-0_Write]: Allocate new buffer, current buffer count is 116
I1102 18:26:24.447561 IO-0/EL  buffer_pool.h:25] BufferPool[IO-0_Write]: Allocate new buffer, current buffer count is 117
I1102 18:26:24.447581 IO-0/EL  buffer_pool.h:25] BufferPool[IO-0_Write]: Allocate new buffer, current buffer count is 118
I1102 18:26:24.447601 IO-0/EL  buffer_pool.h:25] BufferPool[IO-0_Write]: Allocate new buffer, current buffer count is 119
I1102 18:26:24.447616 IO-0/EL  buffer_pool.h:25] BufferPool[IO-0_Write]: Allocate new buffer, current buffer count is 120
I1102 18:26:24.447632 IO-0/EL  buffer_pool.h:25] BufferPool[IO-0_Write]: Allocate new buffer, current buffer count is 121
I1102 18:26:24.447644 IO-0/EL  buffer_pool.h:25] BufferPool[IO-0_Write]: Allocate new buffer, current buffer count is 122
I1102 18:26:24.447660 IO-0/EL  buffer_pool.h:25] BufferPool[IO-0_Write]: Allocate new buffer, current buffer count is 123
I1102 18:26:24.447671 IO-0/EL  buffer_pool.h:25] BufferPool[IO-0_Write]: Allocate new buffer, current buffer count is 124
I1102 18:26:24.447688 IO-0/EL  buffer_pool.h:25] BufferPool[IO-0_Write]: Allocate new buffer, current buffer count is 125
I1102 18:26:24.447698 IO-0/EL  buffer_pool.h:25] BufferPool[IO-0_Write]: Allocate new buffer, current buffer count is 126
I1102 18:26:24.447721 IO-0/EL  buffer_pool.h:25] BufferPool[IO-0_Write]: Allocate new buffer, current buffer count is 127
I1102 18:26:24.447733 IO-0/EL  buffer_pool.h:25] BufferPool[IO-0_Write]: Allocate new buffer, current buffer count is 128
I1102 18:26:24.449003 IO-0/EL  buffer_pool.h:25] BufferPool[IO-0_Write]: Allocate new buffer, current buffer count is 129
I1102 18:26:24.449024 IO-0/EL  buffer_pool.h:25] BufferPool[IO-0_Write]: Allocate new buffer, current buffer count is 130
I1102 18:26:24.449036 IO-0/EL  buffer_pool.h:25] BufferPool[IO-0_Write]: Allocate new buffer, current buffer count is 131
I1102 18:26:24.449048 IO-0/EL  buffer_pool.h:25] BufferPool[IO-0_Write]: Allocate new buffer, current buffer count is 132
I1102 18:26:24.449059 IO-0/EL  buffer_pool.h:25] BufferPool[IO-0_Write]: Allocate new buffer, current buffer count is 133
I1102 18:26:24.449071 IO-0/EL  buffer_pool.h:25] BufferPool[IO-0_Write]: Allocate new buffer, current buffer count is 134
I1102 18:26:24.449083 IO-0/EL  buffer_pool.h:25] BufferPool[IO-0_Write]: Allocate new buffer, current buffer count is 135
I1102 18:26:24.449094 IO-0/EL  buffer_pool.h:25] BufferPool[IO-0_Write]: Allocate new buffer, current buffer count is 136
I1102 18:26:24.449115 IO-0/EL  buffer_pool.h:25] BufferPool[IO-0_Write]: Allocate new buffer, current buffer count is 137
I1102 18:26:24.449128 IO-0/EL  buffer_pool.h:25] BufferPool[IO-0_Write]: Allocate new buffer, current buffer count is 138
I1102 18:26:24.449140 IO-0/EL  buffer_pool.h:25] BufferPool[IO-0_Write]: Allocate new buffer, current buffer count is 139
I1102 18:26:24.449152 IO-0/EL  buffer_pool.h:25] BufferPool[IO-0_Write]: Allocate new buffer, current buffer count is 140
I1102 18:26:24.449168 IO-0/EL  buffer_pool.h:25] BufferPool[IO-0_Write]: Allocate new buffer, current buffer count is 141
I1102 18:26:24.449179 IO-0/EL  buffer_pool.h:25] BufferPool[IO-0_Write]: Allocate new buffer, current buffer count is 142
I1102 18:26:24.449190 IO-0/EL  buffer_pool.h:25] BufferPool[IO-0_Write]: Allocate new buffer, current buffer count is 143
I1102 18:26:24.449203 IO-0/EL  buffer_pool.h:25] BufferPool[IO-0_Write]: Allocate new buffer, current buffer count is 144
I1102 18:26:24.449214 IO-0/EL  buffer_pool.h:25] BufferPool[IO-0_Write]: Allocate new buffer, current buffer count is 145
I1102 18:26:24.449225 IO-0/EL  buffer_pool.h:25] BufferPool[IO-0_Write]: Allocate new buffer, current buffer count is 146
I1102 18:26:24.449236 IO-0/EL  buffer_pool.h:25] BufferPool[IO-0_Write]: Allocate new buffer, current buffer count is 147
I1102 18:26:24.449247 IO-0/EL  buffer_pool.h:25] BufferPool[IO-0_Write]: Allocate new buffer, current buffer count is 148
I1102 18:26:24.449258 IO-0/EL  buffer_pool.h:25] BufferPool[IO-0_Write]: Allocate new buffer, current buffer count is 149
I1102 18:26:24.449269 IO-0/EL  buffer_pool.h:25] BufferPool[IO-0_Write]: Allocate new buffer, current buffer count is 150
I1102 18:26:24.449285 IO-0/EL  buffer_pool.h:25] BufferPool[IO-0_Write]: Allocate new buffer, current buffer count is 151
I1102 18:26:24.449302 IO-0/EL  buffer_pool.h:25] BufferPool[IO-0_Write]: Allocate new buffer, current buffer count is 152
I1102 18:26:24.449316 IO-0/EL  buffer_pool.h:25] BufferPool[IO-0_Write]: Allocate new buffer, current buffer count is 153
I1102 18:26:24.449328 IO-0/EL  buffer_pool.h:25] BufferPool[IO-0_Write]: Allocate new buffer, current buffer count is 154
I1102 18:26:24.449339 IO-0/EL  buffer_pool.h:25] BufferPool[IO-0_Write]: Allocate new buffer, current buffer count is 155
I1102 18:26:24.449351 IO-0/EL  buffer_pool.h:25] BufferPool[IO-0_Write]: Allocate new buffer, current buffer count is 156
I1102 18:26:24.449368 IO-0/EL  buffer_pool.h:25] BufferPool[IO-0_Write]: Allocate new buffer, current buffer count is 157
I1102 18:26:24.449386 IO-0/EL  buffer_pool.h:25] BufferPool[IO-0_Write]: Allocate new buffer, current buffer count is 158
I1102 18:26:24.449403 IO-0/EL  buffer_pool.h:25] BufferPool[IO-0_Write]: Allocate new buffer, current buffer count is 159
I1102 18:26:24.449414 IO-0/EL  buffer_pool.h:25] BufferPool[IO-0_Write]: Allocate new buffer, current buffer count is 160
I1102 18:26:24.449424 IO-0/EL  buffer_pool.h:25] BufferPool[IO-0_Write]: Allocate new buffer, current buffer count is 161
I1102 18:26:24.449436 IO-0/EL  buffer_pool.h:25] BufferPool[IO-0_Write]: Allocate new buffer, current buffer count is 162
I1102 18:26:24.449446 IO-0/EL  buffer_pool.h:25] BufferPool[IO-0_Write]: Allocate new buffer, current buffer count is 163
I1102 18:26:24.449457 IO-0/EL  buffer_pool.h:25] BufferPool[IO-0_Write]: Allocate new buffer, current buffer count is 164
I1102 18:26:24.449468 IO-0/EL  buffer_pool.h:25] BufferPool[IO-0_Write]: Allocate new buffer, current buffer count is 165
I1102 18:26:24.449479 IO-0/EL  buffer_pool.h:25] BufferPool[IO-0_Write]: Allocate new buffer, current buffer count is 166
I1102 18:26:24.449491 IO-0/EL  buffer_pool.h:25] BufferPool[IO-0_Write]: Allocate new buffer, current buffer count is 167
I1102 18:26:24.449502 IO-0/EL  buffer_pool.h:25] BufferPool[IO-0_Write]: Allocate new buffer, current buffer count is 168
I1102 18:26:24.449515 IO-0/EL  buffer_pool.h:25] BufferPool[IO-0_Write]: Allocate new buffer, current buffer count is 169
I1102 18:26:24.449532 IO-0/EL  buffer_pool.h:25] BufferPool[IO-0_Write]: Allocate new buffer, current buffer count is 170
I1102 18:26:24.449544 IO-0/EL  buffer_pool.h:25] BufferPool[IO-0_Write]: Allocate new buffer, current buffer count is 171
I1102 18:26:24.449556 IO-0/EL  buffer_pool.h:25] BufferPool[IO-0_Write]: Allocate new buffer, current buffer count is 172
I1102 18:26:24.449570 IO-0/EL  buffer_pool.h:25] BufferPool[IO-0_Write]: Allocate new buffer, current buffer count is 173
I1102 18:26:24.449585 IO-0/EL  buffer_pool.h:25] BufferPool[IO-0_Write]: Allocate new buffer, current buffer count is 174
I1102 18:26:24.449603 IO-0/EL  buffer_pool.h:25] BufferPool[IO-0_Write]: Allocate new buffer, current buffer count is 175
I1102 18:26:24.449615 IO-0/EL  buffer_pool.h:25] BufferPool[IO-0_Write]: Allocate new buffer, current buffer count is 176
I1102 18:26:24.449627 IO-0/EL  buffer_pool.h:25] BufferPool[IO-0_Write]: Allocate new buffer, current buffer count is 177
I1102 18:26:24.449645 IO-0/EL  buffer_pool.h:25] BufferPool[IO-0_Write]: Allocate new buffer, current buffer count is 178
I1102 18:26:24.449656 IO-0/EL  buffer_pool.h:25] BufferPool[IO-0_Write]: Allocate new buffer, current buffer count is 179
I1102 18:26:24.449668 IO-0/EL  buffer_pool.h:25] BufferPool[IO-0_Write]: Allocate new buffer, current buffer count is 180
I1102 18:26:24.449680 IO-0/EL  buffer_pool.h:25] BufferPool[IO-0_Write]: Allocate new buffer, current buffer count is 181
I1102 18:26:24.449691 IO-0/EL  buffer_pool.h:25] BufferPool[IO-0_Write]: Allocate new buffer, current buffer count is 182
I1102 18:26:24.449701 IO-0/EL  buffer_pool.h:25] BufferPool[IO-0_Write]: Allocate new buffer, current buffer count is 183
I1102 18:26:24.449723 IO-0/EL  buffer_pool.h:25] BufferPool[IO-0_Write]: Allocate new buffer, current buffer count is 184
I1102 18:26:24.449740 IO-0/EL  buffer_pool.h:25] BufferPool[IO-0_Write]: Allocate new buffer, current buffer count is 185
I1102 18:26:24.449752 IO-0/EL  buffer_pool.h:25] BufferPool[IO-0_Write]: Allocate new buffer, current buffer count is 186
I1102 18:26:24.449762 IO-0/EL  buffer_pool.h:25] BufferPool[IO-0_Write]: Allocate new buffer, current buffer count is 187
I1102 18:26:24.449773 IO-0/EL  buffer_pool.h:25] BufferPool[IO-0_Write]: Allocate new buffer, current buffer count is 188
I1102 18:26:24.449785 IO-0/EL  buffer_pool.h:25] BufferPool[IO-0_Write]: Allocate new buffer, current buffer count is 189
I1102 18:26:24.449797 IO-0/EL  buffer_pool.h:25] BufferPool[IO-0_Write]: Allocate new buffer, current buffer count is 190
I1102 18:26:24.449810 IO-0/EL  buffer_pool.h:25] BufferPool[IO-0_Write]: Allocate new buffer, current buffer count is 191
I1102 18:26:24.449830 IO-0/EL  buffer_pool.h:25] BufferPool[IO-0_Write]: Allocate new buffer, current buffer count is 192
I1102 18:26:24.449843 IO-0/EL  buffer_pool.h:25] BufferPool[IO-0_Write]: Allocate new buffer, current buffer count is 193
I1102 18:26:24.449856 IO-0/EL  buffer_pool.h:25] BufferPool[IO-0_Write]: Allocate new buffer, current buffer count is 194
I1102 18:26:24.449875 IO-0/EL  buffer_pool.h:25] BufferPool[IO-0_Write]: Allocate new buffer, current buffer count is 195
I1102 18:26:24.449890 IO-0/EL  buffer_pool.h:25] BufferPool[IO-0_Write]: Allocate new buffer, current buffer count is 196
I1102 18:26:24.449902 IO-0/EL  buffer_pool.h:25] BufferPool[IO-0_Write]: Allocate new buffer, current buffer count is 197
I1102 18:26:24.449913 IO-0/EL  buffer_pool.h:25] BufferPool[IO-0_Write]: Allocate new buffer, current buffer count is 198
I1102 18:26:24.449924 IO-0/EL  buffer_pool.h:25] BufferPool[IO-0_Write]: Allocate new buffer, current buffer count is 199
I1102 18:26:24.449938 IO-0/EL  buffer_pool.h:25] BufferPool[IO-0_Write]: Allocate new buffer, current buffer count is 200
I1102 18:26:24.449956 IO-0/EL  buffer_pool.h:25] BufferPool[IO-0_Write]: Allocate new buffer, current buffer count is 201
I1102 18:26:24.449968 IO-0/EL  buffer_pool.h:25] BufferPool[IO-0_Write]: Allocate new buffer, current buffer count is 202
I1102 18:26:24.449979 IO-0/EL  buffer_pool.h:25] BufferPool[IO-0_Write]: Allocate new buffer, current buffer count is 203
I1102 18:26:24.449997 IO-0/EL  buffer_pool.h:25] BufferPool[IO-0_Write]: Allocate new buffer, current buffer count is 204
I1102 18:26:24.450008 IO-0/EL  buffer_pool.h:25] BufferPool[IO-0_Write]: Allocate new buffer, current buffer count is 205
I1102 18:26:24.450020 IO-0/EL  buffer_pool.h:25] BufferPool[IO-0_Write]: Allocate new buffer, current buffer count is 206
I1102 18:26:24.450034 IO-0/EL  buffer_pool.h:25] BufferPool[IO-0_Write]: Allocate new buffer, current buffer count is 207
I1102 18:26:24.450051 IO-0/EL  buffer_pool.h:25] BufferPool[IO-0_Write]: Allocate new buffer, current buffer count is 208
I1102 18:26:24.450063 IO-0/EL  buffer_pool.h:25] BufferPool[IO-0_Write]: Allocate new buffer, current buffer count is 209
I1102 18:26:24.450074 IO-0/EL  buffer_pool.h:25] BufferPool[IO-0_Write]: Allocate new buffer, current buffer count is 210
I1102 18:26:24.450086 IO-0/EL  buffer_pool.h:25] BufferPool[IO-0_Write]: Allocate new buffer, current buffer count is 211
I1102 18:26:24.450098 IO-0/EL  buffer_pool.h:25] BufferPool[IO-0_Write]: Allocate new buffer, current buffer count is 212
I1102 18:26:24.450111 IO-0/EL  buffer_pool.h:25] BufferPool[IO-0_Write]: Allocate new buffer, current buffer count is 213
I1102 18:26:24.450128 IO-0/EL  buffer_pool.h:25] BufferPool[IO-0_Write]: Allocate new buffer, current buffer count is 214
I1102 18:26:24.450140 IO-0/EL  buffer_pool.h:25] BufferPool[IO-0_Write]: Allocate new buffer, current buffer count is 215
I1102 18:26:24.450151 IO-0/EL  buffer_pool.h:25] BufferPool[IO-0_Write]: Allocate new buffer, current buffer count is 216
I1102 18:26:24.450162 IO-0/EL  buffer_pool.h:25] BufferPool[IO-0_Write]: Allocate new buffer, current buffer count is 217
I1102 18:26:24.450173 IO-0/EL  buffer_pool.h:25] BufferPool[IO-0_Write]: Allocate new buffer, current buffer count is 218
I1102 18:26:24.450186 IO-0/EL  buffer_pool.h:25] BufferPool[IO-0_Write]: Allocate new buffer, current buffer count is 219
I1102 18:26:24.450197 IO-0/EL  buffer_pool.h:25] BufferPool[IO-0_Write]: Allocate new buffer, current buffer count is 220
I1102 18:26:24.450212 IO-0/EL  buffer_pool.h:25] BufferPool[IO-0_Write]: Allocate new buffer, current buffer count is 221
I1102 18:26:24.450228 IO-0/EL  buffer_pool.h:25] BufferPool[IO-0_Write]: Allocate new buffer, current buffer count is 222
I1102 18:26:24.450240 IO-0/EL  buffer_pool.h:25] BufferPool[IO-0_Write]: Allocate new buffer, current buffer count is 223
I1102 18:26:24.450252 IO-0/EL  buffer_pool.h:25] BufferPool[IO-0_Write]: Allocate new buffer, current buffer count is 224
I1102 18:26:24.450264 IO-0/EL  buffer_pool.h:25] BufferPool[IO-0_Write]: Allocate new buffer, current buffer count is 225
I1102 18:26:24.450276 IO-0/EL  buffer_pool.h:25] BufferPool[IO-0_Write]: Allocate new buffer, current buffer count is 226
I1102 18:26:24.450287 IO-0/EL  buffer_pool.h:25] BufferPool[IO-0_Write]: Allocate new buffer, current buffer count is 227
I1102 18:26:24.450298 IO-0/EL  buffer_pool.h:25] BufferPool[IO-0_Write]: Allocate new buffer, current buffer count is 228
I1102 18:26:24.450310 IO-0/EL  buffer_pool.h:25] BufferPool[IO-0_Write]: Allocate new buffer, current buffer count is 229
I1102 18:26:24.450322 IO-0/EL  buffer_pool.h:25] BufferPool[IO-0_Write]: Allocate new buffer, current buffer count is 230
I1102 18:26:24.450334 IO-0/EL  buffer_pool.h:25] BufferPool[IO-0_Write]: Allocate new buffer, current buffer count is 231
I1102 18:26:24.450347 IO-0/EL  buffer_pool.h:25] BufferPool[IO-0_Write]: Allocate new buffer, current buffer count is 232
I1102 18:26:24.450364 IO-0/EL  buffer_pool.h:25] BufferPool[IO-0_Write]: Allocate new buffer, current buffer count is 233
I1102 18:26:24.450381 IO-0/EL  buffer_pool.h:25] BufferPool[IO-0_Write]: Allocate new buffer, current buffer count is 234
I1102 18:26:24.450393 IO-0/EL  buffer_pool.h:25] BufferPool[IO-0_Write]: Allocate new buffer, current buffer count is 235
I1102 18:26:24.450404 IO-0/EL  buffer_pool.h:25] BufferPool[IO-0_Write]: Allocate new buffer, current buffer count is 236
I1102 18:26:24.450417 IO-0/EL  buffer_pool.h:25] BufferPool[IO-0_Write]: Allocate new buffer, current buffer count is 237
I1102 18:26:24.450435 IO-0/EL  buffer_pool.h:25] BufferPool[IO-0_Write]: Allocate new buffer, current buffer count is 238
I1102 18:26:24.450447 IO-0/EL  buffer_pool.h:25] BufferPool[IO-0_Write]: Allocate new buffer, current buffer count is 239
I1102 18:26:24.450459 IO-0/EL  buffer_pool.h:25] BufferPool[IO-0_Write]: Allocate new buffer, current buffer count is 240
I1102 18:26:24.450471 IO-0/EL  buffer_pool.h:25] BufferPool[IO-0_Write]: Allocate new buffer, current buffer count is 241
I1102 18:26:24.450482 IO-0/EL  buffer_pool.h:25] BufferPool[IO-0_Write]: Allocate new buffer, current buffer count is 242
I1102 18:26:24.450493 IO-0/EL  buffer_pool.h:25] BufferPool[IO-0_Write]: Allocate new buffer, current buffer count is 243
I1102 18:26:24.450508 IO-0/EL  buffer_pool.h:25] BufferPool[IO-0_Write]: Allocate new buffer, current buffer count is 244
I1102 18:26:24.450526 IO-0/EL  buffer_pool.h:25] BufferPool[IO-0_Write]: Allocate new buffer, current buffer count is 245
I1102 18:26:24.450539 IO-0/EL  buffer_pool.h:25] BufferPool[IO-0_Write]: Allocate new buffer, current buffer count is 246
I1102 18:26:24.450553 IO-0/EL  buffer_pool.h:25] BufferPool[IO-0_Write]: Allocate new buffer, current buffer count is 247
I1102 18:26:24.450565 IO-0/EL  buffer_pool.h:25] BufferPool[IO-0_Write]: Allocate new buffer, current buffer count is 248
I1102 18:26:24.450577 IO-0/EL  buffer_pool.h:25] BufferPool[IO-0_Write]: Allocate new buffer, current buffer count is 249
I1102 18:26:24.450589 IO-0/EL  buffer_pool.h:25] BufferPool[IO-0_Write]: Allocate new buffer, current buffer count is 250
I1102 18:26:24.450606 IO-0/EL  buffer_pool.h:25] BufferPool[IO-0_Write]: Allocate new buffer, current buffer count is 251
I1102 18:26:24.450617 IO-0/EL  buffer_pool.h:25] BufferPool[IO-0_Write]: Allocate new buffer, current buffer count is 252
I1102 18:26:24.450628 IO-0/EL  buffer_pool.h:25] BufferPool[IO-0_Write]: Allocate new buffer, current buffer count is 253
I1102 18:26:24.450639 IO-0/EL  buffer_pool.h:25] BufferPool[IO-0_Write]: Allocate new buffer, current buffer count is 254
I1102 18:26:24.450650 IO-0/EL  buffer_pool.h:25] BufferPool[IO-0_Write]: Allocate new buffer, current buffer count is 255
I1102 18:26:24.450661 IO-0/EL  buffer_pool.h:25] BufferPool[IO-0_Write]: Allocate new buffer, current buffer count is 256
I1102 18:26:29.550746 Main     server_base.cpp:35] Server: Scheduled to stop
I1102 18:26:29.550862 Server/E server_base.cpp:109] Server: Start stopping process
I1102 18:26:29.551006 Server/E server_base.cpp:55] Server: Event loop finishes
