I1102 18:28:35.844539 Main     thread.cpp:100] Register main thread: tid=1380385
E1102 18:28:35.846652 Main     docker.cpp:59] Cannot find docker's cgroup in /proc/self/cgroup
I1102 18:28:35.846724 Main     func_config.cpp:135] Load configuration for function Noop[1]
I1102 18:28:35.846736 Main     engine.cpp:109] Engine: Start 1 IO workers
I1102 18:28:35.849985 IO-0/EL  thread.cpp:40] Start thread: IO-0/EL
I1102 18:28:35.850038 IO-0/EL  io_worker.cpp:192] IO-0: Event loop starts
Checking for file descriptor...
Got a file descriptor!
I1102 18:28:37.358028 Main     engine.cpp:180] Engine: Created 1 Machnet connections to Gateway at 10.10.1.2:10007
I1102 18:28:37.358139 Main     engine.cpp:208] Engine: Listen on /dev/shm/faas_ipc/engine.sock for IPC connections
I1102 18:28:37.358382 Server/E thread.cpp:40] Start thread: Server/EL
I1102 18:28:37.358421 Server/E server_base.cpp:50] Server: Event loop starts
I1102 18:28:37.846651 Server/E engine.cpp:674] Engine: New message connection
I1102 18:28:37.849884 IO-0/EL  buffer_pool.h:25] BufferPool[IO-0_Read]: Allocate new buffer, current buffer count is 1
I1102 18:28:37.849919 IO-0/EL  engine.cpp:277] Engine: Receive new handshake message from message connection
I1102 18:28:37.849924 IO-0/EL  worker_manager.cpp:23] WorkerManager: Launcher of func_id 1 connected
I1102 18:28:37.849928 IO-0/EL  worker_manager.cpp:131] WorkerManager: Request new FuncWorker for func_id 1 with client_id 1
I1102 18:28:37.849948 IO-0/EL  worker_manager.cpp:131] WorkerManager: Request new FuncWorker for func_id 1 with client_id 2
I1102 18:28:37.849961 IO-0/EL  worker_manager.cpp:131] WorkerManager: Request new FuncWorker for func_id 1 with client_id 3
I1102 18:28:37.849972 IO-0/EL  worker_manager.cpp:131] WorkerManager: Request new FuncWorker for func_id 1 with client_id 4
I1102 18:28:37.849982 IO-0/EL  worker_manager.cpp:131] WorkerManager: Request new FuncWorker for func_id 1 with client_id 5
I1102 18:28:37.849991 IO-0/EL  worker_manager.cpp:131] WorkerManager: Request new FuncWorker for func_id 1 with client_id 6
I1102 18:28:37.850002 IO-0/EL  worker_manager.cpp:131] WorkerManager: Request new FuncWorker for func_id 1 with client_id 7
I1102 18:28:37.850013 IO-0/EL  worker_manager.cpp:131] WorkerManager: Request new FuncWorker for func_id 1 with client_id 8
I1102 18:28:37.850025 IO-0/EL  worker_manager.cpp:131] WorkerManager: Request new FuncWorker for func_id 1 with client_id 9
I1102 18:28:37.850034 IO-0/EL  worker_manager.cpp:131] WorkerManager: Request new FuncWorker for func_id 1 with client_id 10
I1102 18:28:37.850046 IO-0/EL  worker_manager.cpp:131] WorkerManager: Request new FuncWorker for func_id 1 with client_id 11
I1102 18:28:37.850056 IO-0/EL  worker_manager.cpp:131] WorkerManager: Request new FuncWorker for func_id 1 with client_id 12
I1102 18:28:37.850067 IO-0/EL  worker_manager.cpp:131] WorkerManager: Request new FuncWorker for func_id 1 with client_id 13
I1102 18:28:37.850077 IO-0/EL  worker_manager.cpp:131] WorkerManager: Request new FuncWorker for func_id 1 with client_id 14
I1102 18:28:37.850086 IO-0/EL  worker_manager.cpp:131] WorkerManager: Request new FuncWorker for func_id 1 with client_id 15
I1102 18:28:37.850097 IO-0/EL  worker_manager.cpp:131] WorkerManager: Request new FuncWorker for func_id 1 with client_id 16
I1102 18:28:37.850106 IO-0/EL  worker_manager.cpp:131] WorkerManager: Request new FuncWorker for func_id 1 with client_id 17
I1102 18:28:37.850127 IO-0/EL  worker_manager.cpp:131] WorkerManager: Request new FuncWorker for func_id 1 with client_id 18
I1102 18:28:37.850136 IO-0/EL  worker_manager.cpp:131] WorkerManager: Request new FuncWorker for func_id 1 with client_id 19
I1102 18:28:37.850148 IO-0/EL  worker_manager.cpp:131] WorkerManager: Request new FuncWorker for func_id 1 with client_id 20
I1102 18:28:37.850159 IO-0/EL  worker_manager.cpp:131] WorkerManager: Request new FuncWorker for func_id 1 with client_id 21
I1102 18:28:37.850168 IO-0/EL  worker_manager.cpp:131] WorkerManager: Request new FuncWorker for func_id 1 with client_id 22
I1102 18:28:37.850178 IO-0/EL  worker_manager.cpp:131] WorkerManager: Request new FuncWorker for func_id 1 with client_id 23
I1102 18:28:37.850204 IO-0/EL  worker_manager.cpp:131] WorkerManager: Request new FuncWorker for func_id 1 with client_id 24
I1102 18:28:37.850215 IO-0/EL  worker_manager.cpp:131] WorkerManager: Request new FuncWorker for func_id 1 with client_id 25
I1102 18:28:37.850224 IO-0/EL  worker_manager.cpp:131] WorkerManager: Request new FuncWorker for func_id 1 with client_id 26
I1102 18:28:37.850234 IO-0/EL  worker_manager.cpp:131] WorkerManager: Request new FuncWorker for func_id 1 with client_id 27
I1102 18:28:37.850246 IO-0/EL  worker_manager.cpp:131] WorkerManager: Request new FuncWorker for func_id 1 with client_id 28
I1102 18:28:37.850256 IO-0/EL  worker_manager.cpp:131] WorkerManager: Request new FuncWorker for func_id 1 with client_id 29
I1102 18:28:37.850265 IO-0/EL  worker_manager.cpp:131] WorkerManager: Request new FuncWorker for func_id 1 with client_id 30
I1102 18:28:37.850276 IO-0/EL  worker_manager.cpp:131] WorkerManager: Request new FuncWorker for func_id 1 with client_id 31
I1102 18:28:37.850286 IO-0/EL  worker_manager.cpp:131] WorkerManager: Request new FuncWorker for func_id 1 with client_id 32
I1102 18:28:37.850295 IO-0/EL  worker_manager.cpp:131] WorkerManager: Request new FuncWorker for func_id 1 with client_id 33
I1102 18:28:37.850328 IO-0/EL  worker_manager.cpp:131] WorkerManager: Request new FuncWorker for func_id 1 with client_id 34
I1102 18:28:37.850338 IO-0/EL  worker_manager.cpp:131] WorkerManager: Request new FuncWorker for func_id 1 with client_id 35
I1102 18:28:37.850351 IO-0/EL  worker_manager.cpp:131] WorkerManager: Request new FuncWorker for func_id 1 with client_id 36
I1102 18:28:37.850360 IO-0/EL  worker_manager.cpp:131] WorkerManager: Request new FuncWorker for func_id 1 with client_id 37
I1102 18:28:37.850369 IO-0/EL  worker_manager.cpp:131] WorkerManager: Request new FuncWorker for func_id 1 with client_id 38
I1102 18:28:37.850380 IO-0/EL  worker_manager.cpp:131] WorkerManager: Request new FuncWorker for func_id 1 with client_id 39
I1102 18:28:37.850391 IO-0/EL  worker_manager.cpp:131] WorkerManager: Request new FuncWorker for func_id 1 with client_id 40
I1102 18:28:37.850400 IO-0/EL  worker_manager.cpp:131] WorkerManager: Request new FuncWorker for func_id 1 with client_id 41
I1102 18:28:37.850409 IO-0/EL  worker_manager.cpp:131] WorkerManager: Request new FuncWorker for func_id 1 with client_id 42
I1102 18:28:37.850419 IO-0/EL  worker_manager.cpp:131] WorkerManager: Request new FuncWorker for func_id 1 with client_id 43
I1102 18:28:37.850431 IO-0/EL  worker_manager.cpp:131] WorkerManager: Request new FuncWorker for func_id 1 with client_id 44
I1102 18:28:37.850440 IO-0/EL  worker_manager.cpp:131] WorkerManager: Request new FuncWorker for func_id 1 with client_id 45
I1102 18:28:37.850451 IO-0/EL  worker_manager.cpp:131] WorkerManager: Request new FuncWorker for func_id 1 with client_id 46
I1102 18:28:37.850460 IO-0/EL  worker_manager.cpp:131] WorkerManager: Request new FuncWorker for func_id 1 with client_id 47
I1102 18:28:37.850471 IO-0/EL  worker_manager.cpp:131] WorkerManager: Request new FuncWorker for func_id 1 with client_id 48
I1102 18:28:37.850481 IO-0/EL  worker_manager.cpp:131] WorkerManager: Request new FuncWorker for func_id 1 with client_id 49
I1102 18:28:37.850490 IO-0/EL  worker_manager.cpp:131] WorkerManager: Request new FuncWorker for func_id 1 with client_id 50
I1102 18:28:37.850501 IO-0/EL  worker_manager.cpp:131] WorkerManager: Request new FuncWorker for func_id 1 with client_id 51
I1102 18:28:37.850512 IO-0/EL  worker_manager.cpp:131] WorkerManager: Request new FuncWorker for func_id 1 with client_id 52
I1102 18:28:37.850521 IO-0/EL  worker_manager.cpp:131] WorkerManager: Request new FuncWorker for func_id 1 with client_id 53
I1102 18:28:37.850532 IO-0/EL  worker_manager.cpp:131] WorkerManager: Request new FuncWorker for func_id 1 with client_id 54
I1102 18:28:37.850541 IO-0/EL  worker_manager.cpp:131] WorkerManager: Request new FuncWorker for func_id 1 with client_id 55
I1102 18:28:37.850552 IO-0/EL  worker_manager.cpp:131] WorkerManager: Request new FuncWorker for func_id 1 with client_id 56
I1102 18:28:37.850567 IO-0/EL  worker_manager.cpp:131] WorkerManager: Request new FuncWorker for func_id 1 with client_id 57
I1102 18:28:37.850577 IO-0/EL  worker_manager.cpp:131] WorkerManager: Request new FuncWorker for func_id 1 with client_id 58
I1102 18:28:37.850587 IO-0/EL  worker_manager.cpp:131] WorkerManager: Request new FuncWorker for func_id 1 with client_id 59
I1102 18:28:37.850598 IO-0/EL  worker_manager.cpp:131] WorkerManager: Request new FuncWorker for func_id 1 with client_id 60
I1102 18:28:37.850608 IO-0/EL  worker_manager.cpp:131] WorkerManager: Request new FuncWorker for func_id 1 with client_id 61
I1102 18:28:37.850617 IO-0/EL  worker_manager.cpp:131] WorkerManager: Request new FuncWorker for func_id 1 with client_id 62
I1102 18:28:37.850626 IO-0/EL  worker_manager.cpp:131] WorkerManager: Request new FuncWorker for func_id 1 with client_id 63
I1102 18:28:37.850635 IO-0/EL  worker_manager.cpp:131] WorkerManager: Request new FuncWorker for func_id 1 with client_id 64
I1102 18:28:37.850644 IO-0/EL  worker_manager.cpp:131] WorkerManager: Request new FuncWorker for func_id 1 with client_id 65
I1102 18:28:37.850695 IO-0/EL  worker_manager.cpp:131] WorkerManager: Request new FuncWorker for func_id 1 with client_id 66
I1102 18:28:37.850706 IO-0/EL  worker_manager.cpp:131] WorkerManager: Request new FuncWorker for func_id 1 with client_id 67
I1102 18:28:37.850721 IO-0/EL  worker_manager.cpp:131] WorkerManager: Request new FuncWorker for func_id 1 with client_id 68
I1102 18:28:37.850736 IO-0/EL  worker_manager.cpp:131] WorkerManager: Request new FuncWorker for func_id 1 with client_id 69
I1102 18:28:37.850745 IO-0/EL  worker_manager.cpp:131] WorkerManager: Request new FuncWorker for func_id 1 with client_id 70
I1102 18:28:37.850755 IO-0/EL  worker_manager.cpp:131] WorkerManager: Request new FuncWorker for func_id 1 with client_id 71
I1102 18:28:37.850764 IO-0/EL  worker_manager.cpp:131] WorkerManager: Request new FuncWorker for func_id 1 with client_id 72
I1102 18:28:37.850779 IO-0/EL  worker_manager.cpp:131] WorkerManager: Request new FuncWorker for func_id 1 with client_id 73
I1102 18:28:37.850789 IO-0/EL  worker_manager.cpp:131] WorkerManager: Request new FuncWorker for func_id 1 with client_id 74
I1102 18:28:37.850798 IO-0/EL  worker_manager.cpp:131] WorkerManager: Request new FuncWorker for func_id 1 with client_id 75
I1102 18:28:37.850810 IO-0/EL  worker_manager.cpp:131] WorkerManager: Request new FuncWorker for func_id 1 with client_id 76
I1102 18:28:37.850822 IO-0/EL  worker_manager.cpp:131] WorkerManager: Request new FuncWorker for func_id 1 with client_id 77
I1102 18:28:37.850831 IO-0/EL  worker_manager.cpp:131] WorkerManager: Request new FuncWorker for func_id 1 with client_id 78
I1102 18:28:37.850841 IO-0/EL  worker_manager.cpp:131] WorkerManager: Request new FuncWorker for func_id 1 with client_id 79
I1102 18:28:37.850851 IO-0/EL  worker_manager.cpp:131] WorkerManager: Request new FuncWorker for func_id 1 with client_id 80
I1102 18:28:37.850864 IO-0/EL  worker_manager.cpp:131] WorkerManager: Request new FuncWorker for func_id 1 with client_id 81
I1102 18:28:37.850875 IO-0/EL  worker_manager.cpp:131] WorkerManager: Request new FuncWorker for func_id 1 with client_id 82
I1102 18:28:37.850884 IO-0/EL  worker_manager.cpp:131] WorkerManager: Request new FuncWorker for func_id 1 with client_id 83
I1102 18:28:37.850895 IO-0/EL  worker_manager.cpp:131] WorkerManager: Request new FuncWorker for func_id 1 with client_id 84
I1102 18:28:37.850908 IO-0/EL  worker_manager.cpp:131] WorkerManager: Request new FuncWorker for func_id 1 with client_id 85
I1102 18:28:37.850918 IO-0/EL  worker_manager.cpp:131] WorkerManager: Request new FuncWorker for func_id 1 with client_id 86
I1102 18:28:37.850928 IO-0/EL  worker_manager.cpp:131] WorkerManager: Request new FuncWorker for func_id 1 with client_id 87
I1102 18:28:37.850939 IO-0/EL  worker_manager.cpp:131] WorkerManager: Request new FuncWorker for func_id 1 with client_id 88
I1102 18:28:37.850955 IO-0/EL  worker_manager.cpp:131] WorkerManager: Request new FuncWorker for func_id 1 with client_id 89
I1102 18:28:37.850965 IO-0/EL  worker_manager.cpp:131] WorkerManager: Request new FuncWorker for func_id 1 with client_id 90
I1102 18:28:37.850976 IO-0/EL  worker_manager.cpp:131] WorkerManager: Request new FuncWorker for func_id 1 with client_id 91
I1102 18:28:37.850987 IO-0/EL  worker_manager.cpp:131] WorkerManager: Request new FuncWorker for func_id 1 with client_id 92
I1102 18:28:37.850998 IO-0/EL  worker_manager.cpp:131] WorkerManager: Request new FuncWorker for func_id 1 with client_id 93
I1102 18:28:37.851007 IO-0/EL  worker_manager.cpp:131] WorkerManager: Request new FuncWorker for func_id 1 with client_id 94
I1102 18:28:37.851017 IO-0/EL  worker_manager.cpp:131] WorkerManager: Request new FuncWorker for func_id 1 with client_id 95
I1102 18:28:37.851029 IO-0/EL  worker_manager.cpp:131] WorkerManager: Request new FuncWorker for func_id 1 with client_id 96
I1102 18:28:37.851041 IO-0/EL  worker_manager.cpp:131] WorkerManager: Request new FuncWorker for func_id 1 with client_id 97
I1102 18:28:37.851050 IO-0/EL  worker_manager.cpp:131] WorkerManager: Request new FuncWorker for func_id 1 with client_id 98
I1102 18:28:37.851062 IO-0/EL  worker_manager.cpp:131] WorkerManager: Request new FuncWorker for func_id 1 with client_id 99
I1102 18:28:37.851071 IO-0/EL  worker_manager.cpp:131] WorkerManager: Request new FuncWorker for func_id 1 with client_id 100
I1102 18:28:37.851083 IO-0/EL  worker_manager.cpp:131] WorkerManager: Request new FuncWorker for func_id 1 with client_id 101
I1102 18:28:37.851093 IO-0/EL  worker_manager.cpp:131] WorkerManager: Request new FuncWorker for func_id 1 with client_id 102
I1102 18:28:37.851104 IO-0/EL  worker_manager.cpp:131] WorkerManager: Request new FuncWorker for func_id 1 with client_id 103
I1102 18:28:37.851114 IO-0/EL  worker_manager.cpp:131] WorkerManager: Request new FuncWorker for func_id 1 with client_id 104
I1102 18:28:37.851125 IO-0/EL  worker_manager.cpp:131] WorkerManager: Request new FuncWorker for func_id 1 with client_id 105
I1102 18:28:37.851136 IO-0/EL  worker_manager.cpp:131] WorkerManager: Request new FuncWorker for func_id 1 with client_id 106
I1102 18:28:37.851146 IO-0/EL  worker_manager.cpp:131] WorkerManager: Request new FuncWorker for func_id 1 with client_id 107
I1102 18:28:37.851155 IO-0/EL  worker_manager.cpp:131] WorkerManager: Request new FuncWorker for func_id 1 with client_id 108
I1102 18:28:37.851167 IO-0/EL  worker_manager.cpp:131] WorkerManager: Request new FuncWorker for func_id 1 with client_id 109
I1102 18:28:37.851176 IO-0/EL  worker_manager.cpp:131] WorkerManager: Request new FuncWorker for func_id 1 with client_id 110
I1102 18:28:37.851188 IO-0/EL  worker_manager.cpp:131] WorkerManager: Request new FuncWorker for func_id 1 with client_id 111
I1102 18:28:37.851198 IO-0/EL  worker_manager.cpp:131] WorkerManager: Request new FuncWorker for func_id 1 with client_id 112
I1102 18:28:37.851210 IO-0/EL  worker_manager.cpp:131] WorkerManager: Request new FuncWorker for func_id 1 with client_id 113
I1102 18:28:37.851220 IO-0/EL  worker_manager.cpp:131] WorkerManager: Request new FuncWorker for func_id 1 with client_id 114
I1102 18:28:37.851230 IO-0/EL  worker_manager.cpp:131] WorkerManager: Request new FuncWorker for func_id 1 with client_id 115
I1102 18:28:37.851240 IO-0/EL  worker_manager.cpp:131] WorkerManager: Request new FuncWorker for func_id 1 with client_id 116
I1102 18:28:37.851251 IO-0/EL  worker_manager.cpp:131] WorkerManager: Request new FuncWorker for func_id 1 with client_id 117
I1102 18:28:37.851263 IO-0/EL  worker_manager.cpp:131] WorkerManager: Request new FuncWorker for func_id 1 with client_id 118
I1102 18:28:37.851273 IO-0/EL  worker_manager.cpp:131] WorkerManager: Request new FuncWorker for func_id 1 with client_id 119
I1102 18:28:37.851283 IO-0/EL  worker_manager.cpp:131] WorkerManager: Request new FuncWorker for func_id 1 with client_id 120
I1102 18:28:37.851297 IO-0/EL  worker_manager.cpp:131] WorkerManager: Request new FuncWorker for func_id 1 with client_id 121
I1102 18:28:37.851311 IO-0/EL  worker_manager.cpp:131] WorkerManager: Request new FuncWorker for func_id 1 with client_id 122
I1102 18:28:37.851321 IO-0/EL  worker_manager.cpp:131] WorkerManager: Request new FuncWorker for func_id 1 with client_id 123
I1102 18:28:37.851330 IO-0/EL  worker_manager.cpp:131] WorkerManager: Request new FuncWorker for func_id 1 with client_id 124
I1102 18:28:37.851341 IO-0/EL  worker_manager.cpp:131] WorkerManager: Request new FuncWorker for func_id 1 with client_id 125
I1102 18:28:37.851353 IO-0/EL  worker_manager.cpp:131] WorkerManager: Request new FuncWorker for func_id 1 with client_id 126
I1102 18:28:37.851363 IO-0/EL  worker_manager.cpp:131] WorkerManager: Request new FuncWorker for func_id 1 with client_id 127
I1102 18:28:37.851373 IO-0/EL  worker_manager.cpp:131] WorkerManager: Request new FuncWorker for func_id 1 with client_id 128
I1102 18:28:37.851385 IO-0/EL  worker_manager.cpp:131] WorkerManager: Request new FuncWorker for func_id 1 with client_id 129
I1102 18:28:37.851481 IO-0/EL  worker_manager.cpp:131] WorkerManager: Request new FuncWorker for func_id 1 with client_id 130
I1102 18:28:37.851493 IO-0/EL  worker_manager.cpp:131] WorkerManager: Request new FuncWorker for func_id 1 with client_id 131
I1102 18:28:37.851502 IO-0/EL  worker_manager.cpp:131] WorkerManager: Request new FuncWorker for func_id 1 with client_id 132
I1102 18:28:37.851516 IO-0/EL  worker_manager.cpp:131] WorkerManager: Request new FuncWorker for func_id 1 with client_id 133
I1102 18:28:37.851525 IO-0/EL  worker_manager.cpp:131] WorkerManager: Request new FuncWorker for func_id 1 with client_id 134
I1102 18:28:37.851534 IO-0/EL  worker_manager.cpp:131] WorkerManager: Request new FuncWorker for func_id 1 with client_id 135
I1102 18:28:37.851545 IO-0/EL  worker_manager.cpp:131] WorkerManager: Request new FuncWorker for func_id 1 with client_id 136
I1102 18:28:37.851557 IO-0/EL  worker_manager.cpp:131] WorkerManager: Request new FuncWorker for func_id 1 with client_id 137
I1102 18:28:37.851566 IO-0/EL  worker_manager.cpp:131] WorkerManager: Request new FuncWorker for func_id 1 with client_id 138
I1102 18:28:37.851575 IO-0/EL  worker_manager.cpp:131] WorkerManager: Request new FuncWorker for func_id 1 with client_id 139
I1102 18:28:37.851585 IO-0/EL  worker_manager.cpp:131] WorkerManager: Request new FuncWorker for func_id 1 with client_id 140
I1102 18:28:37.851597 IO-0/EL  worker_manager.cpp:131] WorkerManager: Request new FuncWorker for func_id 1 with client_id 141
I1102 18:28:37.851607 IO-0/EL  worker_manager.cpp:131] WorkerManager: Request new FuncWorker for func_id 1 with client_id 142
I1102 18:28:37.851616 IO-0/EL  worker_manager.cpp:131] WorkerManager: Request new FuncWorker for func_id 1 with client_id 143
I1102 18:28:37.851627 IO-0/EL  worker_manager.cpp:131] WorkerManager: Request new FuncWorker for func_id 1 with client_id 144
I1102 18:28:37.851639 IO-0/EL  worker_manager.cpp:131] WorkerManager: Request new FuncWorker for func_id 1 with client_id 145
I1102 18:28:37.851649 IO-0/EL  worker_manager.cpp:131] WorkerManager: Request new FuncWorker for func_id 1 with client_id 146
I1102 18:28:37.851658 IO-0/EL  worker_manager.cpp:131] WorkerManager: Request new FuncWorker for func_id 1 with client_id 147
I1102 18:28:37.851669 IO-0/EL  worker_manager.cpp:131] WorkerManager: Request new FuncWorker for func_id 1 with client_id 148
I1102 18:28:37.851680 IO-0/EL  worker_manager.cpp:131] WorkerManager: Request new FuncWorker for func_id 1 with client_id 149
I1102 18:28:37.851690 IO-0/EL  worker_manager.cpp:131] WorkerManager: Request new FuncWorker for func_id 1 with client_id 150
I1102 18:28:37.851701 IO-0/EL  worker_manager.cpp:131] WorkerManager: Request new FuncWorker for func_id 1 with client_id 151
I1102 18:28:37.851715 IO-0/EL  worker_manager.cpp:131] WorkerManager: Request new FuncWorker for func_id 1 with client_id 152
I1102 18:28:37.851726 IO-0/EL  worker_manager.cpp:131] WorkerManager: Request new FuncWorker for func_id 1 with client_id 153
I1102 18:28:37.851741 IO-0/EL  worker_manager.cpp:131] WorkerManager: Request new FuncWorker for func_id 1 with client_id 154
I1102 18:28:37.851751 IO-0/EL  worker_manager.cpp:131] WorkerManager: Request new FuncWorker for func_id 1 with client_id 155
I1102 18:28:37.851762 IO-0/EL  worker_manager.cpp:131] WorkerManager: Request new FuncWorker for func_id 1 with client_id 156
I1102 18:28:37.851773 IO-0/EL  worker_manager.cpp:131] WorkerManager: Request new FuncWorker for func_id 1 with client_id 157
I1102 18:28:37.851783 IO-0/EL  worker_manager.cpp:131] WorkerManager: Request new FuncWorker for func_id 1 with client_id 158
I1102 18:28:37.851794 IO-0/EL  worker_manager.cpp:131] WorkerManager: Request new FuncWorker for func_id 1 with client_id 159
I1102 18:28:37.851803 IO-0/EL  worker_manager.cpp:131] WorkerManager: Request new FuncWorker for func_id 1 with client_id 160
I1102 18:28:37.851814 IO-0/EL  worker_manager.cpp:131] WorkerManager: Request new FuncWorker for func_id 1 with client_id 161
I1102 18:28:37.851823 IO-0/EL  worker_manager.cpp:131] WorkerManager: Request new FuncWorker for func_id 1 with client_id 162
I1102 18:28:37.851834 IO-0/EL  worker_manager.cpp:131] WorkerManager: Request new FuncWorker for func_id 1 with client_id 163
I1102 18:28:37.851844 IO-0/EL  worker_manager.cpp:131] WorkerManager: Request new FuncWorker for func_id 1 with client_id 164
I1102 18:28:37.851855 IO-0/EL  worker_manager.cpp:131] WorkerManager: Request new FuncWorker for func_id 1 with client_id 165
I1102 18:28:37.851866 IO-0/EL  worker_manager.cpp:131] WorkerManager: Request new FuncWorker for func_id 1 with client_id 166
I1102 18:28:37.851876 IO-0/EL  worker_manager.cpp:131] WorkerManager: Request new FuncWorker for func_id 1 with client_id 167
I1102 18:28:37.851885 IO-0/EL  worker_manager.cpp:131] WorkerManager: Request new FuncWorker for func_id 1 with client_id 168
I1102 18:28:37.851896 IO-0/EL  worker_manager.cpp:131] WorkerManager: Request new FuncWorker for func_id 1 with client_id 169
I1102 18:28:37.851905 IO-0/EL  worker_manager.cpp:131] WorkerManager: Request new FuncWorker for func_id 1 with client_id 170
I1102 18:28:37.851916 IO-0/EL  worker_manager.cpp:131] WorkerManager: Request new FuncWorker for func_id 1 with client_id 171
I1102 18:28:37.851925 IO-0/EL  worker_manager.cpp:131] WorkerManager: Request new FuncWorker for func_id 1 with client_id 172
I1102 18:28:37.851936 IO-0/EL  worker_manager.cpp:131] WorkerManager: Request new FuncWorker for func_id 1 with client_id 173
I1102 18:28:37.851947 IO-0/EL  worker_manager.cpp:131] WorkerManager: Request new FuncWorker for func_id 1 with client_id 174
I1102 18:28:37.851957 IO-0/EL  worker_manager.cpp:131] WorkerManager: Request new FuncWorker for func_id 1 with client_id 175
I1102 18:28:37.851968 IO-0/EL  worker_manager.cpp:131] WorkerManager: Request new FuncWorker for func_id 1 with client_id 176
I1102 18:28:37.851979 IO-0/EL  worker_manager.cpp:131] WorkerManager: Request new FuncWorker for func_id 1 with client_id 177
I1102 18:28:37.851990 IO-0/EL  worker_manager.cpp:131] WorkerManager: Request new FuncWorker for func_id 1 with client_id 178
I1102 18:28:37.851999 IO-0/EL  worker_manager.cpp:131] WorkerManager: Request new FuncWorker for func_id 1 with client_id 179
I1102 18:28:37.852009 IO-0/EL  worker_manager.cpp:131] WorkerManager: Request new FuncWorker for func_id 1 with client_id 180
I1102 18:28:37.852021 IO-0/EL  worker_manager.cpp:131] WorkerManager: Request new FuncWorker for func_id 1 with client_id 181
I1102 18:28:37.852031 IO-0/EL  worker_manager.cpp:131] WorkerManager: Request new FuncWorker for func_id 1 with client_id 182
I1102 18:28:37.852040 IO-0/EL  worker_manager.cpp:131] WorkerManager: Request new FuncWorker for func_id 1 with client_id 183
I1102 18:28:37.852056 IO-0/EL  worker_manager.cpp:131] WorkerManager: Request new FuncWorker for func_id 1 with client_id 184
I1102 18:28:37.852070 IO-0/EL  worker_manager.cpp:131] WorkerManager: Request new FuncWorker for func_id 1 with client_id 185
I1102 18:28:37.852080 IO-0/EL  worker_manager.cpp:131] WorkerManager: Request new FuncWorker for func_id 1 with client_id 186
I1102 18:28:37.852094 IO-0/EL  worker_manager.cpp:131] WorkerManager: Request new FuncWorker for func_id 1 with client_id 187
I1102 18:28:37.852104 IO-0/EL  worker_manager.cpp:131] WorkerManager: Request new FuncWorker for func_id 1 with client_id 188
I1102 18:28:37.852117 IO-0/EL  worker_manager.cpp:131] WorkerManager: Request new FuncWorker for func_id 1 with client_id 189
I1102 18:28:37.852127 IO-0/EL  worker_manager.cpp:131] WorkerManager: Request new FuncWorker for func_id 1 with client_id 190
I1102 18:28:37.852136 IO-0/EL  worker_manager.cpp:131] WorkerManager: Request new FuncWorker for func_id 1 with client_id 191
I1102 18:28:37.852145 IO-0/EL  worker_manager.cpp:131] WorkerManager: Request new FuncWorker for func_id 1 with client_id 192
I1102 18:28:37.852158 IO-0/EL  worker_manager.cpp:131] WorkerManager: Request new FuncWorker for func_id 1 with client_id 193
I1102 18:28:37.852167 IO-0/EL  worker_manager.cpp:131] WorkerManager: Request new FuncWorker for func_id 1 with client_id 194
I1102 18:28:37.852176 IO-0/EL  worker_manager.cpp:131] WorkerManager: Request new FuncWorker for func_id 1 with client_id 195
I1102 18:28:37.852187 IO-0/EL  worker_manager.cpp:131] WorkerManager: Request new FuncWorker for func_id 1 with client_id 196
I1102 18:28:37.852198 IO-0/EL  worker_manager.cpp:131] WorkerManager: Request new FuncWorker for func_id 1 with client_id 197
I1102 18:28:37.852207 IO-0/EL  worker_manager.cpp:131] WorkerManager: Request new FuncWorker for func_id 1 with client_id 198
I1102 18:28:37.852217 IO-0/EL  worker_manager.cpp:131] WorkerManager: Request new FuncWorker for func_id 1 with client_id 199
I1102 18:28:37.852227 IO-0/EL  worker_manager.cpp:131] WorkerManager: Request new FuncWorker for func_id 1 with client_id 200
I1102 18:28:37.852239 IO-0/EL  worker_manager.cpp:131] WorkerManager: Request new FuncWorker for func_id 1 with client_id 201
I1102 18:28:37.852249 IO-0/EL  worker_manager.cpp:131] WorkerManager: Request new FuncWorker for func_id 1 with client_id 202
I1102 18:28:37.852258 IO-0/EL  worker_manager.cpp:131] WorkerManager: Request new FuncWorker for func_id 1 with client_id 203
I1102 18:28:37.852274 IO-0/EL  worker_manager.cpp:131] WorkerManager: Request new FuncWorker for func_id 1 with client_id 204
I1102 18:28:37.852285 IO-0/EL  worker_manager.cpp:131] WorkerManager: Request new FuncWorker for func_id 1 with client_id 205
I1102 18:28:37.852295 IO-0/EL  worker_manager.cpp:131] WorkerManager: Request new FuncWorker for func_id 1 with client_id 206
I1102 18:28:37.852304 IO-0/EL  worker_manager.cpp:131] WorkerManager: Request new FuncWorker for func_id 1 with client_id 207
I1102 18:28:37.852315 IO-0/EL  worker_manager.cpp:131] WorkerManager: Request new FuncWorker for func_id 1 with client_id 208
I1102 18:28:37.852326 IO-0/EL  worker_manager.cpp:131] WorkerManager: Request new FuncWorker for func_id 1 with client_id 209
I1102 18:28:37.852336 IO-0/EL  worker_manager.cpp:131] WorkerManager: Request new FuncWorker for func_id 1 with client_id 210
I1102 18:28:37.852348 IO-0/EL  worker_manager.cpp:131] WorkerManager: Request new FuncWorker for func_id 1 with client_id 211
I1102 18:28:37.852357 IO-0/EL  worker_manager.cpp:131] WorkerManager: Request new FuncWorker for func_id 1 with client_id 212
I1102 18:28:37.852368 IO-0/EL  worker_manager.cpp:131] WorkerManager: Request new FuncWorker for func_id 1 with client_id 213
I1102 18:28:37.852377 IO-0/EL  worker_manager.cpp:131] WorkerManager: Request new FuncWorker for func_id 1 with client_id 214
I1102 18:28:37.852386 IO-0/EL  worker_manager.cpp:131] WorkerManager: Request new FuncWorker for func_id 1 with client_id 215
I1102 18:28:37.852398 IO-0/EL  worker_manager.cpp:131] WorkerManager: Request new FuncWorker for func_id 1 with client_id 216
I1102 18:28:37.852408 IO-0/EL  worker_manager.cpp:131] WorkerManager: Request new FuncWorker for func_id 1 with client_id 217
I1102 18:28:37.852418 IO-0/EL  worker_manager.cpp:131] WorkerManager: Request new FuncWorker for func_id 1 with client_id 218
I1102 18:28:37.852432 IO-0/EL  worker_manager.cpp:131] WorkerManager: Request new FuncWorker for func_id 1 with client_id 219
I1102 18:28:37.852442 IO-0/EL  worker_manager.cpp:131] WorkerManager: Request new FuncWorker for func_id 1 with client_id 220
I1102 18:28:37.852453 IO-0/EL  worker_manager.cpp:131] WorkerManager: Request new FuncWorker for func_id 1 with client_id 221
I1102 18:28:37.852463 IO-0/EL  worker_manager.cpp:131] WorkerManager: Request new FuncWorker for func_id 1 with client_id 222
I1102 18:28:37.852474 IO-0/EL  worker_manager.cpp:131] WorkerManager: Request new FuncWorker for func_id 1 with client_id 223
I1102 18:28:37.852484 IO-0/EL  worker_manager.cpp:131] WorkerManager: Request new FuncWorker for func_id 1 with client_id 224
I1102 18:28:37.852501 IO-0/EL  worker_manager.cpp:131] WorkerManager: Request new FuncWorker for func_id 1 with client_id 225
I1102 18:28:37.852512 IO-0/EL  worker_manager.cpp:131] WorkerManager: Request new FuncWorker for func_id 1 with client_id 226
I1102 18:28:37.852521 IO-0/EL  worker_manager.cpp:131] WorkerManager: Request new FuncWorker for func_id 1 with client_id 227
I1102 18:28:37.852531 IO-0/EL  worker_manager.cpp:131] WorkerManager: Request new FuncWorker for func_id 1 with client_id 228
I1102 18:28:37.852542 IO-0/EL  worker_manager.cpp:131] WorkerManager: Request new FuncWorker for func_id 1 with client_id 229
I1102 18:28:37.852551 IO-0/EL  worker_manager.cpp:131] WorkerManager: Request new FuncWorker for func_id 1 with client_id 230
I1102 18:28:37.852562 IO-0/EL  worker_manager.cpp:131] WorkerManager: Request new FuncWorker for func_id 1 with client_id 231
I1102 18:28:37.852572 IO-0/EL  worker_manager.cpp:131] WorkerManager: Request new FuncWorker for func_id 1 with client_id 232
I1102 18:28:37.852582 IO-0/EL  worker_manager.cpp:131] WorkerManager: Request new FuncWorker for func_id 1 with client_id 233
I1102 18:28:37.852593 IO-0/EL  worker_manager.cpp:131] WorkerManager: Request new FuncWorker for func_id 1 with client_id 234
I1102 18:28:37.852603 IO-0/EL  worker_manager.cpp:131] WorkerManager: Request new FuncWorker for func_id 1 with client_id 235
I1102 18:28:37.852613 IO-0/EL  worker_manager.cpp:131] WorkerManager: Request new FuncWorker for func_id 1 with client_id 236
I1102 18:28:37.852625 IO-0/EL  worker_manager.cpp:131] WorkerManager: Request new FuncWorker for func_id 1 with client_id 237
I1102 18:28:37.852636 IO-0/EL  worker_manager.cpp:131] WorkerManager: Request new FuncWorker for func_id 1 with client_id 238
I1102 18:28:37.852646 IO-0/EL  worker_manager.cpp:131] WorkerManager: Request new FuncWorker for func_id 1 with client_id 239
I1102 18:28:37.852655 IO-0/EL  worker_manager.cpp:131] WorkerManager: Request new FuncWorker for func_id 1 with client_id 240
I1102 18:28:37.852667 IO-0/EL  worker_manager.cpp:131] WorkerManager: Request new FuncWorker for func_id 1 with client_id 241
I1102 18:28:37.852678 IO-0/EL  worker_manager.cpp:131] WorkerManager: Request new FuncWorker for func_id 1 with client_id 242
I1102 18:28:37.852687 IO-0/EL  worker_manager.cpp:131] WorkerManager: Request new FuncWorker for func_id 1 with client_id 243
I1102 18:28:37.852696 IO-0/EL  worker_manager.cpp:131] WorkerManager: Request new FuncWorker for func_id 1 with client_id 244
I1102 18:28:37.852718 IO-0/EL  worker_manager.cpp:131] WorkerManager: Request new FuncWorker for func_id 1 with client_id 245
I1102 18:28:37.852731 IO-0/EL  worker_manager.cpp:131] WorkerManager: Request new FuncWorker for func_id 1 with client_id 246
I1102 18:28:37.852741 IO-0/EL  worker_manager.cpp:131] WorkerManager: Request new FuncWorker for func_id 1 with client_id 247
I1102 18:28:37.852750 IO-0/EL  worker_manager.cpp:131] WorkerManager: Request new FuncWorker for func_id 1 with client_id 248
I1102 18:28:37.852763 IO-0/EL  worker_manager.cpp:131] WorkerManager: Request new FuncWorker for func_id 1 with client_id 249
I1102 18:28:37.852773 IO-0/EL  worker_manager.cpp:131] WorkerManager: Request new FuncWorker for func_id 1 with client_id 250
I1102 18:28:37.852782 IO-0/EL  worker_manager.cpp:131] WorkerManager: Request new FuncWorker for func_id 1 with client_id 251
I1102 18:28:37.852796 IO-0/EL  worker_manager.cpp:131] WorkerManager: Request new FuncWorker for func_id 1 with client_id 252
I1102 18:28:37.852809 IO-0/EL  worker_manager.cpp:131] WorkerManager: Request new FuncWorker for func_id 1 with client_id 253
I1102 18:28:37.852819 IO-0/EL  worker_manager.cpp:131] WorkerManager: Request new FuncWorker for func_id 1 with client_id 254
I1102 18:28:37.852828 IO-0/EL  worker_manager.cpp:131] WorkerManager: Request new FuncWorker for func_id 1 with client_id 255
I1102 18:28:37.852840 IO-0/EL  worker_manager.cpp:131] WorkerManager: Request new FuncWorker for func_id 1 with client_id 256
I1102 18:28:37.853011 IO-0/EL  buffer_pool.h:25] BufferPool[IO-0_Write]: Allocate new buffer, current buffer count is 1
I1102 18:28:37.853042 IO-0/EL  buffer_pool.h:25] BufferPool[IO-0_Write]: Allocate new buffer, current buffer count is 2
I1102 18:28:37.853074 IO-0/EL  buffer_pool.h:25] BufferPool[IO-0_Write]: Allocate new buffer, current buffer count is 3
I1102 18:28:37.853116 IO-0/EL  buffer_pool.h:25] BufferPool[IO-0_Write]: Allocate new buffer, current buffer count is 4
I1102 18:28:37.853154 IO-0/EL  message_connection.cpp:269] LauncherConnection[1]: Handshake done
I1102 18:28:37.857984 Server/E engine.cpp:674] Engine: New message connection
I1102 18:28:37.858070 IO-0/EL  engine.cpp:277] Engine: Receive new handshake message from message connection
I1102 18:28:37.858076 IO-0/EL  worker_manager.cpp:60] WorkerManager: FuncWorker of func_id 1, client_id 2 connected
I1102 18:28:37.858087 IO-0/EL  dispatcher.cpp:47] Dispatcher[1]: min_workers=256
I1102 18:28:37.858091 IO-0/EL  dispatcher.cpp:51] Dispatcher[1]: max_workers=256
I1102 18:28:37.858089 Server/E engine.cpp:674] Engine: New message connection
I1102 18:28:37.858113 IO-0/EL  message_connection.cpp:269] FuncWorkerConnection[1-2]: Handshake done
I1102 18:28:37.858143 IO-0/EL  engine.cpp:277] Engine: Receive new handshake message from message connection
I1102 18:28:37.858148 IO-0/EL  worker_manager.cpp:60] WorkerManager: FuncWorker of func_id 1, client_id 1 connected
I1102 18:28:37.858163 IO-0/EL  message_connection.cpp:269] FuncWorkerConnection[1-1]: Handshake done
I1102 18:28:37.858851 Server/E engine.cpp:674] Engine: New message connection
I1102 18:28:37.858881 IO-0/EL  engine.cpp:277] Engine: Receive new handshake message from message connection
I1102 18:28:37.858886 IO-0/EL  worker_manager.cpp:60] WorkerManager: FuncWorker of func_id 1, client_id 3 connected
I1102 18:28:37.858900 IO-0/EL  message_connection.cpp:269] FuncWorkerConnection[1-3]: Handshake done
I1102 18:28:37.859337 Server/E engine.cpp:674] Engine: New message connection
I1102 18:28:37.859399 IO-0/EL  engine.cpp:277] Engine: Receive new handshake message from message connection
I1102 18:28:37.859405 IO-0/EL  worker_manager.cpp:60] WorkerManager: FuncWorker of func_id 1, client_id 4 connected
I1102 18:28:37.859419 IO-0/EL  message_connection.cpp:269] FuncWorkerConnection[1-4]: Handshake done
I1102 18:28:37.861446 Server/E engine.cpp:674] Engine: New message connection
I1102 18:28:37.861505 IO-0/EL  engine.cpp:277] Engine: Receive new handshake message from message connection
I1102 18:28:37.861510 IO-0/EL  worker_manager.cpp:60] WorkerManager: FuncWorker of func_id 1, client_id 6 connected
I1102 18:28:37.861524 IO-0/EL  message_connection.cpp:269] FuncWorkerConnection[1-6]: Handshake done
I1102 18:28:37.862220 Server/E engine.cpp:674] Engine: New message connection
I1102 18:28:37.862301 IO-0/EL  engine.cpp:277] Engine: Receive new handshake message from message connection
I1102 18:28:37.862300 Server/E engine.cpp:674] Engine: New message connection
I1102 18:28:37.862307 IO-0/EL  worker_manager.cpp:60] WorkerManager: FuncWorker of func_id 1, client_id 7 connected
I1102 18:28:37.862348 IO-0/EL  message_connection.cpp:269] FuncWorkerConnection[1-7]: Handshake done
I1102 18:28:37.862369 IO-0/EL  engine.cpp:277] Engine: Receive new handshake message from message connection
I1102 18:28:37.862373 IO-0/EL  worker_manager.cpp:60] WorkerManager: FuncWorker of func_id 1, client_id 5 connected
I1102 18:28:37.862404 IO-0/EL  message_connection.cpp:269] FuncWorkerConnection[1-5]: Handshake done
I1102 18:28:37.863390 Server/E engine.cpp:674] Engine: New message connection
I1102 18:28:37.863462 IO-0/EL  engine.cpp:277] Engine: Receive new handshake message from message connection
I1102 18:28:37.863468 IO-0/EL  worker_manager.cpp:60] WorkerManager: FuncWorker of func_id 1, client_id 8 connected
I1102 18:28:37.863482 IO-0/EL  message_connection.cpp:269] FuncWorkerConnection[1-8]: Handshake done
I1102 18:28:37.864225 Server/E engine.cpp:674] Engine: New message connection
I1102 18:28:37.864295 IO-0/EL  engine.cpp:277] Engine: Receive new handshake message from message connection
I1102 18:28:37.864301 IO-0/EL  worker_manager.cpp:60] WorkerManager: FuncWorker of func_id 1, client_id 9 connected
I1102 18:28:37.864316 IO-0/EL  message_connection.cpp:269] FuncWorkerConnection[1-9]: Handshake done
I1102 18:28:37.866163 Server/E engine.cpp:674] Engine: New message connection
I1102 18:28:37.866231 IO-0/EL  engine.cpp:277] Engine: Receive new handshake message from message connection
I1102 18:28:37.866236 IO-0/EL  worker_manager.cpp:60] WorkerManager: FuncWorker of func_id 1, client_id 11 connected
I1102 18:28:37.866251 IO-0/EL  message_connection.cpp:269] FuncWorkerConnection[1-11]: Handshake done
I1102 18:28:37.866513 Server/E engine.cpp:674] Engine: New message connection
I1102 18:28:37.866575 IO-0/EL  engine.cpp:277] Engine: Receive new handshake message from message connection
I1102 18:28:37.866581 IO-0/EL  worker_manager.cpp:60] WorkerManager: FuncWorker of func_id 1, client_id 12 connected
I1102 18:28:37.866595 IO-0/EL  message_connection.cpp:269] FuncWorkerConnection[1-12]: Handshake done
I1102 18:28:37.866624 Server/E engine.cpp:674] Engine: New message connection
I1102 18:28:37.866684 IO-0/EL  engine.cpp:277] Engine: Receive new handshake message from message connection
I1102 18:28:37.866689 IO-0/EL  worker_manager.cpp:60] WorkerManager: FuncWorker of func_id 1, client_id 10 connected
I1102 18:28:37.866702 IO-0/EL  message_connection.cpp:269] FuncWorkerConnection[1-10]: Handshake done
I1102 18:28:37.866918 Server/E engine.cpp:674] Engine: New message connection
I1102 18:28:37.866978 IO-0/EL  engine.cpp:277] Engine: Receive new handshake message from message connection
I1102 18:28:37.866983 IO-0/EL  worker_manager.cpp:60] WorkerManager: FuncWorker of func_id 1, client_id 13 connected
I1102 18:28:37.866997 IO-0/EL  message_connection.cpp:269] FuncWorkerConnection[1-13]: Handshake done
I1102 18:28:37.867327 Server/E engine.cpp:674] Engine: New message connection
I1102 18:28:37.867388 IO-0/EL  engine.cpp:277] Engine: Receive new handshake message from message connection
I1102 18:28:37.867393 IO-0/EL  worker_manager.cpp:60] WorkerManager: FuncWorker of func_id 1, client_id 14 connected
I1102 18:28:37.867410 IO-0/EL  message_connection.cpp:269] FuncWorkerConnection[1-14]: Handshake done
I1102 18:28:37.867770 Server/E engine.cpp:674] Engine: New message connection
I1102 18:28:37.867830 IO-0/EL  engine.cpp:277] Engine: Receive new handshake message from message connection
I1102 18:28:37.867835 IO-0/EL  worker_manager.cpp:60] WorkerManager: FuncWorker of func_id 1, client_id 15 connected
I1102 18:28:37.867853 IO-0/EL  message_connection.cpp:269] FuncWorkerConnection[1-15]: Handshake done
I1102 18:28:37.868267 Server/E engine.cpp:674] Engine: New message connection
I1102 18:28:37.868319 IO-0/EL  engine.cpp:277] Engine: Receive new handshake message from message connection
I1102 18:28:37.868324 IO-0/EL  worker_manager.cpp:60] WorkerManager: FuncWorker of func_id 1, client_id 16 connected
I1102 18:28:37.868337 IO-0/EL  message_connection.cpp:269] FuncWorkerConnection[1-16]: Handshake done
I1102 18:28:37.868664 Server/E engine.cpp:674] Engine: New message connection
I1102 18:28:37.868737 IO-0/EL  engine.cpp:277] Engine: Receive new handshake message from message connection
I1102 18:28:37.868743 IO-0/EL  worker_manager.cpp:60] WorkerManager: FuncWorker of func_id 1, client_id 17 connected
I1102 18:28:37.868763 IO-0/EL  message_connection.cpp:269] FuncWorkerConnection[1-17]: Handshake done
I1102 18:28:37.869159 Server/E engine.cpp:674] Engine: New message connection
I1102 18:28:37.869225 IO-0/EL  engine.cpp:277] Engine: Receive new handshake message from message connection
I1102 18:28:37.869230 IO-0/EL  worker_manager.cpp:60] WorkerManager: FuncWorker of func_id 1, client_id 18 connected
I1102 18:28:37.869243 IO-0/EL  message_connection.cpp:269] FuncWorkerConnection[1-18]: Handshake done
I1102 18:28:37.869651 Server/E engine.cpp:674] Engine: New message connection
I1102 18:28:37.869706 IO-0/EL  engine.cpp:277] Engine: Receive new handshake message from message connection
I1102 18:28:37.869715 IO-0/EL  worker_manager.cpp:60] WorkerManager: FuncWorker of func_id 1, client_id 19 connected
I1102 18:28:37.869729 IO-0/EL  message_connection.cpp:269] FuncWorkerConnection[1-19]: Handshake done
I1102 18:28:37.869992 Server/E engine.cpp:674] Engine: New message connection
I1102 18:28:37.870049 IO-0/EL  engine.cpp:277] Engine: Receive new handshake message from message connection
I1102 18:28:37.870054 IO-0/EL  worker_manager.cpp:60] WorkerManager: FuncWorker of func_id 1, client_id 20 connected
I1102 18:28:37.870067 IO-0/EL  message_connection.cpp:269] FuncWorkerConnection[1-20]: Handshake done
I1102 18:28:37.870945 Server/E engine.cpp:674] Engine: New message connection
I1102 18:28:37.871007 IO-0/EL  engine.cpp:277] Engine: Receive new handshake message from message connection
I1102 18:28:37.871013 IO-0/EL  worker_manager.cpp:60] WorkerManager: FuncWorker of func_id 1, client_id 22 connected
I1102 18:28:37.871027 IO-0/EL  message_connection.cpp:269] FuncWorkerConnection[1-22]: Handshake done
I1102 18:28:37.871382 Server/E engine.cpp:674] Engine: New message connection
I1102 18:28:37.871439 IO-0/EL  engine.cpp:277] Engine: Receive new handshake message from message connection
I1102 18:28:37.871440 Server/E engine.cpp:674] Engine: New message connection
I1102 18:28:37.871444 IO-0/EL  worker_manager.cpp:60] WorkerManager: FuncWorker of func_id 1, client_id 21 connected
I1102 18:28:37.871504 IO-0/EL  message_connection.cpp:269] FuncWorkerConnection[1-21]: Handshake done
I1102 18:28:37.871528 IO-0/EL  engine.cpp:277] Engine: Receive new handshake message from message connection
I1102 18:28:37.871533 IO-0/EL  worker_manager.cpp:60] WorkerManager: FuncWorker of func_id 1, client_id 23 connected
I1102 18:28:37.871546 IO-0/EL  message_connection.cpp:269] FuncWorkerConnection[1-23]: Handshake done
I1102 18:28:37.871797 Server/E engine.cpp:674] Engine: New message connection
I1102 18:28:37.871853 IO-0/EL  engine.cpp:277] Engine: Receive new handshake message from message connection
I1102 18:28:37.871858 IO-0/EL  worker_manager.cpp:60] WorkerManager: FuncWorker of func_id 1, client_id 24 connected
I1102 18:28:37.871871 IO-0/EL  message_connection.cpp:269] FuncWorkerConnection[1-24]: Handshake done
I1102 18:28:37.871909 Server/E engine.cpp:674] Engine: New message connection
I1102 18:28:37.871968 IO-0/EL  engine.cpp:277] Engine: Receive new handshake message from message connection
I1102 18:28:37.871973 IO-0/EL  worker_manager.cpp:60] WorkerManager: FuncWorker of func_id 1, client_id 25 connected
I1102 18:28:37.871986 IO-0/EL  message_connection.cpp:269] FuncWorkerConnection[1-25]: Handshake done
I1102 18:28:37.872642 Server/E engine.cpp:674] Engine: New message connection
I1102 18:28:37.872699 IO-0/EL  engine.cpp:277] Engine: Receive new handshake message from message connection
I1102 18:28:37.872704 IO-0/EL  worker_manager.cpp:60] WorkerManager: FuncWorker of func_id 1, client_id 26 connected
I1102 18:28:37.872721 IO-0/EL  message_connection.cpp:269] FuncWorkerConnection[1-26]: Handshake done
I1102 18:28:37.873059 Server/E engine.cpp:674] Engine: New message connection
I1102 18:28:37.873121 IO-0/EL  engine.cpp:277] Engine: Receive new handshake message from message connection
I1102 18:28:37.873126 IO-0/EL  worker_manager.cpp:60] WorkerManager: FuncWorker of func_id 1, client_id 27 connected
I1102 18:28:37.873140 IO-0/EL  message_connection.cpp:269] FuncWorkerConnection[1-27]: Handshake done
I1102 18:28:37.873507 Server/E engine.cpp:674] Engine: New message connection
I1102 18:28:37.873572 IO-0/EL  engine.cpp:277] Engine: Receive new handshake message from message connection
I1102 18:28:37.873577 IO-0/EL  worker_manager.cpp:60] WorkerManager: FuncWorker of func_id 1, client_id 28 connected
I1102 18:28:37.873592 IO-0/EL  message_connection.cpp:269] FuncWorkerConnection[1-28]: Handshake done
I1102 18:28:37.873932 Server/E engine.cpp:674] Engine: New message connection
I1102 18:28:37.873996 IO-0/EL  engine.cpp:277] Engine: Receive new handshake message from message connection
I1102 18:28:37.874001 IO-0/EL  worker_manager.cpp:60] WorkerManager: FuncWorker of func_id 1, client_id 29 connected
I1102 18:28:37.874019 IO-0/EL  message_connection.cpp:269] FuncWorkerConnection[1-29]: Handshake done
I1102 18:28:37.874367 Server/E engine.cpp:674] Engine: New message connection
I1102 18:28:37.874424 IO-0/EL  engine.cpp:277] Engine: Receive new handshake message from message connection
I1102 18:28:37.874429 IO-0/EL  worker_manager.cpp:60] WorkerManager: FuncWorker of func_id 1, client_id 30 connected
I1102 18:28:37.874442 IO-0/EL  message_connection.cpp:269] FuncWorkerConnection[1-30]: Handshake done
I1102 18:28:37.874828 Server/E engine.cpp:674] Engine: New message connection
I1102 18:28:37.874890 IO-0/EL  engine.cpp:277] Engine: Receive new handshake message from message connection
I1102 18:28:37.874894 IO-0/EL  worker_manager.cpp:60] WorkerManager: FuncWorker of func_id 1, client_id 31 connected
I1102 18:28:37.874909 IO-0/EL  message_connection.cpp:269] FuncWorkerConnection[1-31]: Handshake done
I1102 18:28:37.875228 Server/E engine.cpp:674] Engine: New message connection
I1102 18:28:37.875288 IO-0/EL  engine.cpp:277] Engine: Receive new handshake message from message connection
I1102 18:28:37.875293 IO-0/EL  worker_manager.cpp:60] WorkerManager: FuncWorker of func_id 1, client_id 32 connected
I1102 18:28:37.875306 IO-0/EL  message_connection.cpp:269] FuncWorkerConnection[1-32]: Handshake done
I1102 18:28:37.875708 Server/E engine.cpp:674] Engine: New message connection
I1102 18:28:37.875784 IO-0/EL  engine.cpp:277] Engine: Receive new handshake message from message connection
I1102 18:28:37.875789 IO-0/EL  worker_manager.cpp:60] WorkerManager: FuncWorker of func_id 1, client_id 33 connected
I1102 18:28:37.875803 IO-0/EL  message_connection.cpp:269] FuncWorkerConnection[1-33]: Handshake done
I1102 18:28:37.876107 Server/E engine.cpp:674] Engine: New message connection
I1102 18:28:37.876169 IO-0/EL  engine.cpp:277] Engine: Receive new handshake message from message connection
I1102 18:28:37.876174 IO-0/EL  worker_manager.cpp:60] WorkerManager: FuncWorker of func_id 1, client_id 34 connected
I1102 18:28:37.876188 IO-0/EL  message_connection.cpp:269] FuncWorkerConnection[1-34]: Handshake done
I1102 18:28:37.876535 Server/E engine.cpp:674] Engine: New message connection
I1102 18:28:37.876594 IO-0/EL  engine.cpp:277] Engine: Receive new handshake message from message connection
I1102 18:28:37.876599 IO-0/EL  worker_manager.cpp:60] WorkerManager: FuncWorker of func_id 1, client_id 35 connected
I1102 18:28:37.876612 IO-0/EL  message_connection.cpp:269] FuncWorkerConnection[1-35]: Handshake done
I1102 18:28:37.876995 Server/E engine.cpp:674] Engine: New message connection
I1102 18:28:37.877062 IO-0/EL  engine.cpp:277] Engine: Receive new handshake message from message connection
I1102 18:28:37.877067 IO-0/EL  worker_manager.cpp:60] WorkerManager: FuncWorker of func_id 1, client_id 36 connected
I1102 18:28:37.877080 IO-0/EL  message_connection.cpp:269] FuncWorkerConnection[1-36]: Handshake done
I1102 18:28:37.877579 Server/E engine.cpp:674] Engine: New message connection
I1102 18:28:37.877636 IO-0/EL  engine.cpp:277] Engine: Receive new handshake message from message connection
I1102 18:28:37.877641 IO-0/EL  worker_manager.cpp:60] WorkerManager: FuncWorker of func_id 1, client_id 37 connected
I1102 18:28:37.877654 IO-0/EL  message_connection.cpp:269] FuncWorkerConnection[1-37]: Handshake done
I1102 18:28:37.877869 Server/E engine.cpp:674] Engine: New message connection
I1102 18:28:37.877931 IO-0/EL  engine.cpp:277] Engine: Receive new handshake message from message connection
I1102 18:28:37.877937 IO-0/EL  worker_manager.cpp:60] WorkerManager: FuncWorker of func_id 1, client_id 38 connected
I1102 18:28:37.877950 IO-0/EL  message_connection.cpp:269] FuncWorkerConnection[1-38]: Handshake done
I1102 18:28:37.878317 Server/E engine.cpp:674] Engine: New message connection
I1102 18:28:37.878374 IO-0/EL  engine.cpp:277] Engine: Receive new handshake message from message connection
I1102 18:28:37.878379 IO-0/EL  worker_manager.cpp:60] WorkerManager: FuncWorker of func_id 1, client_id 39 connected
I1102 18:28:37.878392 IO-0/EL  message_connection.cpp:269] FuncWorkerConnection[1-39]: Handshake done
I1102 18:28:37.878806 Server/E engine.cpp:674] Engine: New message connection
I1102 18:28:37.878871 IO-0/EL  engine.cpp:277] Engine: Receive new handshake message from message connection
I1102 18:28:37.878876 IO-0/EL  worker_manager.cpp:60] WorkerManager: FuncWorker of func_id 1, client_id 40 connected
I1102 18:28:37.878889 IO-0/EL  message_connection.cpp:269] FuncWorkerConnection[1-40]: Handshake done
I1102 18:28:37.879324 Server/E engine.cpp:674] Engine: New message connection
I1102 18:28:37.879377 IO-0/EL  engine.cpp:277] Engine: Receive new handshake message from message connection
I1102 18:28:37.879382 IO-0/EL  worker_manager.cpp:60] WorkerManager: FuncWorker of func_id 1, client_id 41 connected
I1102 18:28:37.879398 IO-0/EL  message_connection.cpp:269] FuncWorkerConnection[1-41]: Handshake done
I1102 18:28:37.879818 Server/E engine.cpp:674] Engine: New message connection
I1102 18:28:37.879880 IO-0/EL  engine.cpp:277] Engine: Receive new handshake message from message connection
I1102 18:28:37.879885 IO-0/EL  worker_manager.cpp:60] WorkerManager: FuncWorker of func_id 1, client_id 42 connected
I1102 18:28:37.879898 IO-0/EL  message_connection.cpp:269] FuncWorkerConnection[1-42]: Handshake done
I1102 18:28:37.880489 Server/E engine.cpp:674] Engine: New message connection
I1102 18:28:37.880547 IO-0/EL  engine.cpp:277] Engine: Receive new handshake message from message connection
I1102 18:28:37.880552 IO-0/EL  worker_manager.cpp:60] WorkerManager: FuncWorker of func_id 1, client_id 43 connected
I1102 18:28:37.880567 IO-0/EL  message_connection.cpp:269] FuncWorkerConnection[1-43]: Handshake done
I1102 18:28:37.880877 Server/E engine.cpp:674] Engine: New message connection
I1102 18:28:37.880938 IO-0/EL  engine.cpp:277] Engine: Receive new handshake message from message connection
I1102 18:28:37.880943 IO-0/EL  worker_manager.cpp:60] WorkerManager: FuncWorker of func_id 1, client_id 44 connected
I1102 18:28:37.880957 IO-0/EL  message_connection.cpp:269] FuncWorkerConnection[1-44]: Handshake done
I1102 18:28:37.881376 Server/E engine.cpp:674] Engine: New message connection
I1102 18:28:37.881442 IO-0/EL  engine.cpp:277] Engine: Receive new handshake message from message connection
I1102 18:28:37.881447 IO-0/EL  worker_manager.cpp:60] WorkerManager: FuncWorker of func_id 1, client_id 45 connected
I1102 18:28:37.881460 IO-0/EL  message_connection.cpp:269] FuncWorkerConnection[1-45]: Handshake done
I1102 18:28:37.881925 Server/E engine.cpp:674] Engine: New message connection
I1102 18:28:37.881983 IO-0/EL  engine.cpp:277] Engine: Receive new handshake message from message connection
I1102 18:28:37.881988 IO-0/EL  worker_manager.cpp:60] WorkerManager: FuncWorker of func_id 1, client_id 46 connected
I1102 18:28:37.882001 IO-0/EL  message_connection.cpp:269] FuncWorkerConnection[1-46]: Handshake done
I1102 18:28:37.882403 Server/E engine.cpp:674] Engine: New message connection
I1102 18:28:37.882466 IO-0/EL  engine.cpp:277] Engine: Receive new handshake message from message connection
I1102 18:28:37.882471 IO-0/EL  worker_manager.cpp:60] WorkerManager: FuncWorker of func_id 1, client_id 47 connected
I1102 18:28:37.882484 IO-0/EL  message_connection.cpp:269] FuncWorkerConnection[1-47]: Handshake done
I1102 18:28:37.882891 Server/E engine.cpp:674] Engine: New message connection
I1102 18:28:37.882952 IO-0/EL  engine.cpp:277] Engine: Receive new handshake message from message connection
I1102 18:28:37.882957 IO-0/EL  worker_manager.cpp:60] WorkerManager: FuncWorker of func_id 1, client_id 48 connected
I1102 18:28:37.882971 IO-0/EL  message_connection.cpp:269] FuncWorkerConnection[1-48]: Handshake done
I1102 18:28:37.883400 Server/E engine.cpp:674] Engine: New message connection
I1102 18:28:37.883456 IO-0/EL  engine.cpp:277] Engine: Receive new handshake message from message connection
I1102 18:28:37.883461 IO-0/EL  worker_manager.cpp:60] WorkerManager: FuncWorker of func_id 1, client_id 49 connected
I1102 18:28:37.883474 IO-0/EL  message_connection.cpp:269] FuncWorkerConnection[1-49]: Handshake done
I1102 18:28:37.883924 Server/E engine.cpp:674] Engine: New message connection
I1102 18:28:37.883986 IO-0/EL  engine.cpp:277] Engine: Receive new handshake message from message connection
I1102 18:28:37.883991 IO-0/EL  worker_manager.cpp:60] WorkerManager: FuncWorker of func_id 1, client_id 50 connected
I1102 18:28:37.884004 IO-0/EL  message_connection.cpp:269] FuncWorkerConnection[1-50]: Handshake done
I1102 18:28:37.884419 Server/E engine.cpp:674] Engine: New message connection
I1102 18:28:37.884478 IO-0/EL  engine.cpp:277] Engine: Receive new handshake message from message connection
I1102 18:28:37.884483 IO-0/EL  worker_manager.cpp:60] WorkerManager: FuncWorker of func_id 1, client_id 51 connected
I1102 18:28:37.884496 IO-0/EL  message_connection.cpp:269] FuncWorkerConnection[1-51]: Handshake done
I1102 18:28:37.884968 Server/E engine.cpp:674] Engine: New message connection
I1102 18:28:37.885031 IO-0/EL  engine.cpp:277] Engine: Receive new handshake message from message connection
I1102 18:28:37.885036 IO-0/EL  worker_manager.cpp:60] WorkerManager: FuncWorker of func_id 1, client_id 52 connected
I1102 18:28:37.885049 IO-0/EL  message_connection.cpp:269] FuncWorkerConnection[1-52]: Handshake done
I1102 18:28:37.885385 Server/E engine.cpp:674] Engine: New message connection
I1102 18:28:37.885447 IO-0/EL  engine.cpp:277] Engine: Receive new handshake message from message connection
I1102 18:28:37.885452 IO-0/EL  worker_manager.cpp:60] WorkerManager: FuncWorker of func_id 1, client_id 53 connected
I1102 18:28:37.885466 IO-0/EL  message_connection.cpp:269] FuncWorkerConnection[1-53]: Handshake done
I1102 18:28:37.885906 Server/E engine.cpp:674] Engine: New message connection
I1102 18:28:37.885963 IO-0/EL  engine.cpp:277] Engine: Receive new handshake message from message connection
I1102 18:28:37.885968 IO-0/EL  worker_manager.cpp:60] WorkerManager: FuncWorker of func_id 1, client_id 54 connected
I1102 18:28:37.885981 IO-0/EL  message_connection.cpp:269] FuncWorkerConnection[1-54]: Handshake done
I1102 18:28:37.886433 Server/E engine.cpp:674] Engine: New message connection
I1102 18:28:37.886501 IO-0/EL  engine.cpp:277] Engine: Receive new handshake message from message connection
I1102 18:28:37.886506 IO-0/EL  worker_manager.cpp:60] WorkerManager: FuncWorker of func_id 1, client_id 55 connected
I1102 18:28:37.886519 IO-0/EL  message_connection.cpp:269] FuncWorkerConnection[1-55]: Handshake done
I1102 18:28:37.886969 Server/E engine.cpp:674] Engine: New message connection
I1102 18:28:37.887032 IO-0/EL  engine.cpp:277] Engine: Receive new handshake message from message connection
I1102 18:28:37.887038 IO-0/EL  worker_manager.cpp:60] WorkerManager: FuncWorker of func_id 1, client_id 56 connected
I1102 18:28:37.887052 IO-0/EL  message_connection.cpp:269] FuncWorkerConnection[1-56]: Handshake done
I1102 18:28:37.887498 Server/E engine.cpp:674] Engine: New message connection
I1102 18:28:37.887556 IO-0/EL  engine.cpp:277] Engine: Receive new handshake message from message connection
I1102 18:28:37.887561 IO-0/EL  worker_manager.cpp:60] WorkerManager: FuncWorker of func_id 1, client_id 57 connected
I1102 18:28:37.887582 IO-0/EL  message_connection.cpp:269] FuncWorkerConnection[1-57]: Handshake done
I1102 18:28:37.887991 Server/E engine.cpp:674] Engine: New message connection
I1102 18:28:37.888095 IO-0/EL  engine.cpp:277] Engine: Receive new handshake message from message connection
I1102 18:28:37.888100 IO-0/EL  worker_manager.cpp:60] WorkerManager: FuncWorker of func_id 1, client_id 58 connected
I1102 18:28:37.888113 IO-0/EL  message_connection.cpp:269] FuncWorkerConnection[1-58]: Handshake done
I1102 18:28:37.888520 Server/E engine.cpp:674] Engine: New message connection
I1102 18:28:37.888575 IO-0/EL  engine.cpp:277] Engine: Receive new handshake message from message connection
I1102 18:28:37.888579 IO-0/EL  worker_manager.cpp:60] WorkerManager: FuncWorker of func_id 1, client_id 59 connected
I1102 18:28:37.888593 IO-0/EL  message_connection.cpp:269] FuncWorkerConnection[1-59]: Handshake done
I1102 18:28:37.889030 Server/E engine.cpp:674] Engine: New message connection
I1102 18:28:37.889108 IO-0/EL  engine.cpp:277] Engine: Receive new handshake message from message connection
I1102 18:28:37.889113 IO-0/EL  worker_manager.cpp:60] WorkerManager: FuncWorker of func_id 1, client_id 60 connected
I1102 18:28:37.889126 IO-0/EL  message_connection.cpp:269] FuncWorkerConnection[1-60]: Handshake done
I1102 18:28:37.889528 Server/E engine.cpp:674] Engine: New message connection
I1102 18:28:37.889583 IO-0/EL  engine.cpp:277] Engine: Receive new handshake message from message connection
I1102 18:28:37.889588 IO-0/EL  worker_manager.cpp:60] WorkerManager: FuncWorker of func_id 1, client_id 61 connected
I1102 18:28:37.889602 IO-0/EL  message_connection.cpp:269] FuncWorkerConnection[1-61]: Handshake done
I1102 18:28:37.890030 Server/E engine.cpp:674] Engine: New message connection
I1102 18:28:37.890097 IO-0/EL  engine.cpp:277] Engine: Receive new handshake message from message connection
I1102 18:28:37.890102 IO-0/EL  worker_manager.cpp:60] WorkerManager: FuncWorker of func_id 1, client_id 62 connected
I1102 18:28:37.890116 IO-0/EL  message_connection.cpp:269] FuncWorkerConnection[1-62]: Handshake done
I1102 18:28:37.890533 Server/E engine.cpp:674] Engine: New message connection
I1102 18:28:37.890598 IO-0/EL  engine.cpp:277] Engine: Receive new handshake message from message connection
I1102 18:28:37.890603 IO-0/EL  worker_manager.cpp:60] WorkerManager: FuncWorker of func_id 1, client_id 63 connected
I1102 18:28:37.890620 IO-0/EL  message_connection.cpp:269] FuncWorkerConnection[1-63]: Handshake done
I1102 18:28:37.891030 Server/E engine.cpp:674] Engine: New message connection
I1102 18:28:37.891087 IO-0/EL  engine.cpp:277] Engine: Receive new handshake message from message connection
I1102 18:28:37.891092 IO-0/EL  worker_manager.cpp:60] WorkerManager: FuncWorker of func_id 1, client_id 64 connected
I1102 18:28:37.891106 IO-0/EL  message_connection.cpp:269] FuncWorkerConnection[1-64]: Handshake done
I1102 18:28:37.891617 Server/E engine.cpp:674] Engine: New message connection
I1102 18:28:37.891676 IO-0/EL  engine.cpp:277] Engine: Receive new handshake message from message connection
I1102 18:28:37.891681 IO-0/EL  worker_manager.cpp:60] WorkerManager: FuncWorker of func_id 1, client_id 65 connected
I1102 18:28:37.891695 IO-0/EL  message_connection.cpp:269] FuncWorkerConnection[1-65]: Handshake done
I1102 18:28:37.892172 Server/E engine.cpp:674] Engine: New message connection
I1102 18:28:37.892230 IO-0/EL  engine.cpp:277] Engine: Receive new handshake message from message connection
I1102 18:28:37.892235 IO-0/EL  worker_manager.cpp:60] WorkerManager: FuncWorker of func_id 1, client_id 66 connected
I1102 18:28:37.892248 IO-0/EL  message_connection.cpp:269] FuncWorkerConnection[1-66]: Handshake done
I1102 18:28:37.892730 Server/E engine.cpp:674] Engine: New message connection
I1102 18:28:37.892798 IO-0/EL  engine.cpp:277] Engine: Receive new handshake message from message connection
I1102 18:28:37.892803 IO-0/EL  worker_manager.cpp:60] WorkerManager: FuncWorker of func_id 1, client_id 67 connected
I1102 18:28:37.892817 IO-0/EL  message_connection.cpp:269] FuncWorkerConnection[1-67]: Handshake done
I1102 18:28:37.893209 Server/E engine.cpp:674] Engine: New message connection
I1102 18:28:37.893291 IO-0/EL  engine.cpp:277] Engine: Receive new handshake message from message connection
I1102 18:28:37.893296 IO-0/EL  worker_manager.cpp:60] WorkerManager: FuncWorker of func_id 1, client_id 68 connected
I1102 18:28:37.893309 IO-0/EL  message_connection.cpp:269] FuncWorkerConnection[1-68]: Handshake done
I1102 18:28:37.893671 Server/E engine.cpp:674] Engine: New message connection
I1102 18:28:37.893736 IO-0/EL  engine.cpp:277] Engine: Receive new handshake message from message connection
I1102 18:28:37.893742 IO-0/EL  worker_manager.cpp:60] WorkerManager: FuncWorker of func_id 1, client_id 69 connected
I1102 18:28:37.893755 IO-0/EL  message_connection.cpp:269] FuncWorkerConnection[1-69]: Handshake done
I1102 18:28:37.894275 Server/E engine.cpp:674] Engine: New message connection
I1102 18:28:37.894334 IO-0/EL  engine.cpp:277] Engine: Receive new handshake message from message connection
I1102 18:28:37.894339 IO-0/EL  worker_manager.cpp:60] WorkerManager: FuncWorker of func_id 1, client_id 70 connected
I1102 18:28:37.894356 IO-0/EL  message_connection.cpp:269] FuncWorkerConnection[1-70]: Handshake done
I1102 18:28:37.894744 Server/E engine.cpp:674] Engine: New message connection
I1102 18:28:37.894800 IO-0/EL  engine.cpp:277] Engine: Receive new handshake message from message connection
I1102 18:28:37.894805 IO-0/EL  worker_manager.cpp:60] WorkerManager: FuncWorker of func_id 1, client_id 71 connected
I1102 18:28:37.894819 IO-0/EL  message_connection.cpp:269] FuncWorkerConnection[1-71]: Handshake done
I1102 18:28:37.895227 Server/E engine.cpp:674] Engine: New message connection
I1102 18:28:37.895288 IO-0/EL  engine.cpp:277] Engine: Receive new handshake message from message connection
I1102 18:28:37.895295 IO-0/EL  worker_manager.cpp:60] WorkerManager: FuncWorker of func_id 1, client_id 72 connected
I1102 18:28:37.895309 IO-0/EL  message_connection.cpp:269] FuncWorkerConnection[1-72]: Handshake done
I1102 18:28:37.895745 Server/E engine.cpp:674] Engine: New message connection
I1102 18:28:37.895800 IO-0/EL  engine.cpp:277] Engine: Receive new handshake message from message connection
I1102 18:28:37.895805 IO-0/EL  worker_manager.cpp:60] WorkerManager: FuncWorker of func_id 1, client_id 73 connected
I1102 18:28:37.895818 IO-0/EL  message_connection.cpp:269] FuncWorkerConnection[1-73]: Handshake done
I1102 18:28:37.896262 Server/E engine.cpp:674] Engine: New message connection
I1102 18:28:37.896315 IO-0/EL  engine.cpp:277] Engine: Receive new handshake message from message connection
I1102 18:28:37.896320 IO-0/EL  worker_manager.cpp:60] WorkerManager: FuncWorker of func_id 1, client_id 74 connected
I1102 18:28:37.896334 IO-0/EL  message_connection.cpp:269] FuncWorkerConnection[1-74]: Handshake done
I1102 18:28:37.896782 Server/E engine.cpp:674] Engine: New message connection
I1102 18:28:37.896842 IO-0/EL  engine.cpp:277] Engine: Receive new handshake message from message connection
I1102 18:28:37.896848 IO-0/EL  worker_manager.cpp:60] WorkerManager: FuncWorker of func_id 1, client_id 75 connected
I1102 18:28:37.896860 IO-0/EL  message_connection.cpp:269] FuncWorkerConnection[1-75]: Handshake done
I1102 18:28:37.897266 Server/E engine.cpp:674] Engine: New message connection
I1102 18:28:37.897319 IO-0/EL  engine.cpp:277] Engine: Receive new handshake message from message connection
I1102 18:28:37.897324 IO-0/EL  worker_manager.cpp:60] WorkerManager: FuncWorker of func_id 1, client_id 76 connected
I1102 18:28:37.897338 IO-0/EL  message_connection.cpp:269] FuncWorkerConnection[1-76]: Handshake done
I1102 18:28:37.897767 Server/E engine.cpp:674] Engine: New message connection
I1102 18:28:37.897823 IO-0/EL  engine.cpp:277] Engine: Receive new handshake message from message connection
I1102 18:28:37.897827 IO-0/EL  worker_manager.cpp:60] WorkerManager: FuncWorker of func_id 1, client_id 77 connected
I1102 18:28:37.897841 IO-0/EL  message_connection.cpp:269] FuncWorkerConnection[1-77]: Handshake done
I1102 18:28:37.898314 Server/E engine.cpp:674] Engine: New message connection
I1102 18:28:37.898373 IO-0/EL  engine.cpp:277] Engine: Receive new handshake message from message connection
I1102 18:28:37.898394 IO-0/EL  worker_manager.cpp:60] WorkerManager: FuncWorker of func_id 1, client_id 78 connected
I1102 18:28:37.898408 IO-0/EL  message_connection.cpp:269] FuncWorkerConnection[1-78]: Handshake done
I1102 18:28:37.915742 Server/E engine.cpp:674] Engine: New message connection
I1102 18:28:37.915793 Server/E engine.cpp:674] Engine: New message connection
I1102 18:28:37.915799 IO-0/EL  engine.cpp:277] Engine: Receive new handshake message from message connection
I1102 18:28:37.915820 IO-0/EL  worker_manager.cpp:60] WorkerManager: FuncWorker of func_id 1, client_id 79 connected
I1102 18:28:37.915835 IO-0/EL  message_connection.cpp:269] FuncWorkerConnection[1-79]: Handshake done
I1102 18:28:37.915834 Server/E engine.cpp:674] Engine: New message connection
I1102 18:28:37.915857 IO-0/EL  engine.cpp:277] Engine: Receive new handshake message from message connection
I1102 18:28:37.915861 IO-0/EL  worker_manager.cpp:60] WorkerManager: FuncWorker of func_id 1, client_id 80 connected
I1102 18:28:37.915873 Server/E engine.cpp:674] Engine: New message connection
I1102 18:28:37.915875 IO-0/EL  message_connection.cpp:269] FuncWorkerConnection[1-80]: Handshake done
I1102 18:28:37.915896 Server/E engine.cpp:674] Engine: New message connection
I1102 18:28:37.915904 IO-0/EL  engine.cpp:277] Engine: Receive new handshake message from message connection
I1102 18:28:37.915909 IO-0/EL  worker_manager.cpp:60] WorkerManager: FuncWorker of func_id 1, client_id 81 connected
I1102 18:28:37.915918 Server/E engine.cpp:674] Engine: New message connection
I1102 18:28:37.915922 IO-0/EL  message_connection.cpp:269] FuncWorkerConnection[1-81]: Handshake done
I1102 18:28:37.915939 Server/E engine.cpp:674] Engine: New message connection
I1102 18:28:37.915947 IO-0/EL  engine.cpp:277] Engine: Receive new handshake message from message connection
I1102 18:28:37.915952 IO-0/EL  worker_manager.cpp:60] WorkerManager: FuncWorker of func_id 1, client_id 82 connected
I1102 18:28:37.915961 Server/E engine.cpp:674] Engine: New message connection
I1102 18:28:37.915965 IO-0/EL  message_connection.cpp:269] FuncWorkerConnection[1-82]: Handshake done
I1102 18:28:37.915984 Server/E engine.cpp:674] Engine: New message connection
I1102 18:28:37.915986 IO-0/EL  engine.cpp:277] Engine: Receive new handshake message from message connection
I1102 18:28:37.916005 Server/E engine.cpp:674] Engine: New message connection
I1102 18:28:37.916008 IO-0/EL  worker_manager.cpp:60] WorkerManager: FuncWorker of func_id 1, client_id 83 connected
I1102 18:28:37.916029 Server/E engine.cpp:674] Engine: New message connection
I1102 18:28:37.916037 IO-0/EL  message_connection.cpp:269] FuncWorkerConnection[1-83]: Handshake done
I1102 18:28:37.916051 Server/E engine.cpp:674] Engine: New message connection
I1102 18:28:37.916056 IO-0/EL  engine.cpp:277] Engine: Receive new handshake message from message connection
I1102 18:28:37.916061 IO-0/EL  worker_manager.cpp:60] WorkerManager: FuncWorker of func_id 1, client_id 84 connected
I1102 18:28:37.916075 IO-0/EL  message_connection.cpp:269] FuncWorkerConnection[1-84]: Handshake done
I1102 18:28:37.916077 Server/E engine.cpp:674] Engine: New message connection
I1102 18:28:37.916088 IO-0/EL  engine.cpp:277] Engine: Receive new handshake message from message connection
I1102 18:28:37.916093 IO-0/EL  worker_manager.cpp:60] WorkerManager: FuncWorker of func_id 1, client_id 85 connected
I1102 18:28:37.916097 Server/E engine.cpp:674] Engine: New message connection
I1102 18:28:37.916110 IO-0/EL  message_connection.cpp:269] FuncWorkerConnection[1-85]: Handshake done
I1102 18:28:37.916118 Server/E engine.cpp:674] Engine: New message connection
I1102 18:28:37.916124 IO-0/EL  engine.cpp:277] Engine: Receive new handshake message from message connection
I1102 18:28:37.916129 IO-0/EL  worker_manager.cpp:60] WorkerManager: FuncWorker of func_id 1, client_id 86 connected
I1102 18:28:37.916138 Server/E engine.cpp:674] Engine: New message connection
I1102 18:28:37.916142 IO-0/EL  message_connection.cpp:269] FuncWorkerConnection[1-86]: Handshake done
I1102 18:28:37.916159 Server/E engine.cpp:674] Engine: New message connection
I1102 18:28:37.916174 IO-0/EL  engine.cpp:277] Engine: Receive new handshake message from message connection
I1102 18:28:37.916179 IO-0/EL  worker_manager.cpp:60] WorkerManager: FuncWorker of func_id 1, client_id 87 connected
I1102 18:28:37.916181 Server/E engine.cpp:674] Engine: New message connection
I1102 18:28:37.916193 IO-0/EL  message_connection.cpp:269] FuncWorkerConnection[1-87]: Handshake done
I1102 18:28:37.916203 Server/E engine.cpp:674] Engine: New message connection
I1102 18:28:37.916207 IO-0/EL  engine.cpp:277] Engine: Receive new handshake message from message connection
I1102 18:28:37.916219 IO-0/EL  worker_manager.cpp:60] WorkerManager: FuncWorker of func_id 1, client_id 88 connected
I1102 18:28:37.916226 Server/E engine.cpp:674] Engine: New message connection
I1102 18:28:37.916232 IO-0/EL  message_connection.cpp:269] FuncWorkerConnection[1-88]: Handshake done
I1102 18:28:37.916248 Server/E engine.cpp:674] Engine: New message connection
I1102 18:28:37.916250 IO-0/EL  engine.cpp:277] Engine: Receive new handshake message from message connection
I1102 18:28:37.916264 IO-0/EL  worker_manager.cpp:60] WorkerManager: FuncWorker of func_id 1, client_id 89 connected
I1102 18:28:37.916271 Server/E engine.cpp:674] Engine: New message connection
I1102 18:28:37.916278 IO-0/EL  message_connection.cpp:269] FuncWorkerConnection[1-89]: Handshake done
I1102 18:28:37.916291 IO-0/EL  engine.cpp:277] Engine: Receive new handshake message from message connection
I1102 18:28:37.916295 IO-0/EL  worker_manager.cpp:60] WorkerManager: FuncWorker of func_id 1, client_id 90 connected
I1102 18:28:37.916294 Server/E engine.cpp:674] Engine: New message connection
I1102 18:28:37.916307 IO-0/EL  message_connection.cpp:269] FuncWorkerConnection[1-90]: Handshake done
I1102 18:28:37.916319 Server/E engine.cpp:674] Engine: New message connection
I1102 18:28:37.916325 IO-0/EL  engine.cpp:277] Engine: Receive new handshake message from message connection
I1102 18:28:37.916330 IO-0/EL  worker_manager.cpp:60] WorkerManager: FuncWorker of func_id 1, client_id 91 connected
I1102 18:28:37.916342 Server/E engine.cpp:674] Engine: New message connection
I1102 18:28:37.916345 IO-0/EL  message_connection.cpp:269] FuncWorkerConnection[1-91]: Handshake done
I1102 18:28:37.916363 Server/E engine.cpp:674] Engine: New message connection
I1102 18:28:37.916375 IO-0/EL  engine.cpp:277] Engine: Receive new handshake message from message connection
I1102 18:28:37.916380 IO-0/EL  worker_manager.cpp:60] WorkerManager: FuncWorker of func_id 1, client_id 92 connected
I1102 18:28:37.916385 Server/E engine.cpp:674] Engine: New message connection
I1102 18:28:37.916393 IO-0/EL  message_connection.cpp:269] FuncWorkerConnection[1-92]: Handshake done
I1102 18:28:37.916407 Server/E engine.cpp:674] Engine: New message connection
I1102 18:28:37.916412 IO-0/EL  engine.cpp:277] Engine: Receive new handshake message from message connection
I1102 18:28:37.916417 IO-0/EL  worker_manager.cpp:60] WorkerManager: FuncWorker of func_id 1, client_id 93 connected
I1102 18:28:37.916426 Server/E engine.cpp:674] Engine: New message connection
I1102 18:28:37.916432 IO-0/EL  message_connection.cpp:269] FuncWorkerConnection[1-93]: Handshake done
I1102 18:28:37.916445 IO-0/EL  engine.cpp:277] Engine: Receive new handshake message from message connection
I1102 18:28:37.916447 Server/E engine.cpp:674] Engine: New message connection
I1102 18:28:37.916449 IO-0/EL  worker_manager.cpp:60] WorkerManager: FuncWorker of func_id 1, client_id 94 connected
I1102 18:28:37.916470 Server/E engine.cpp:674] Engine: New message connection
I1102 18:28:37.916474 IO-0/EL  message_connection.cpp:269] FuncWorkerConnection[1-94]: Handshake done
I1102 18:28:37.916500 Server/E engine.cpp:674] Engine: New message connection
I1102 18:28:37.916502 IO-0/EL  engine.cpp:277] Engine: Receive new handshake message from message connection
I1102 18:28:37.916517 IO-0/EL  worker_manager.cpp:60] WorkerManager: FuncWorker of func_id 1, client_id 95 connected
I1102 18:28:37.916521 Server/E engine.cpp:674] Engine: New message connection
I1102 18:28:37.916538 IO-0/EL  message_connection.cpp:269] FuncWorkerConnection[1-95]: Handshake done
I1102 18:28:37.916549 Server/E engine.cpp:674] Engine: New message connection
I1102 18:28:37.916554 IO-0/EL  engine.cpp:277] Engine: Receive new handshake message from message connection
I1102 18:28:37.916565 IO-0/EL  worker_manager.cpp:60] WorkerManager: FuncWorker of func_id 1, client_id 96 connected
I1102 18:28:37.916578 IO-0/EL  message_connection.cpp:269] FuncWorkerConnection[1-96]: Handshake done
I1102 18:28:37.916579 Server/E engine.cpp:674] Engine: New message connection
I1102 18:28:37.916596 IO-0/EL  engine.cpp:277] Engine: Receive new handshake message from message connection
I1102 18:28:37.916601 IO-0/EL  worker_manager.cpp:60] WorkerManager: FuncWorker of func_id 1, client_id 97 connected
I1102 18:28:37.916615 IO-0/EL  message_connection.cpp:269] FuncWorkerConnection[1-97]: Handshake done
I1102 18:28:37.916628 IO-0/EL  engine.cpp:277] Engine: Receive new handshake message from message connection
I1102 18:28:37.916632 IO-0/EL  worker_manager.cpp:60] WorkerManager: FuncWorker of func_id 1, client_id 98 connected
I1102 18:28:37.916645 IO-0/EL  message_connection.cpp:269] FuncWorkerConnection[1-98]: Handshake done
I1102 18:28:37.916660 IO-0/EL  engine.cpp:277] Engine: Receive new handshake message from message connection
I1102 18:28:37.916664 IO-0/EL  worker_manager.cpp:60] WorkerManager: FuncWorker of func_id 1, client_id 99 connected
I1102 18:28:37.916677 IO-0/EL  message_connection.cpp:269] FuncWorkerConnection[1-99]: Handshake done
I1102 18:28:37.916690 IO-0/EL  engine.cpp:277] Engine: Receive new handshake message from message connection
I1102 18:28:37.916694 IO-0/EL  worker_manager.cpp:60] WorkerManager: FuncWorker of func_id 1, client_id 100 connected
I1102 18:28:37.916716 IO-0/EL  message_connection.cpp:269] FuncWorkerConnection[1-100]: Handshake done
I1102 18:28:37.916730 IO-0/EL  engine.cpp:277] Engine: Receive new handshake message from message connection
I1102 18:28:37.916734 IO-0/EL  worker_manager.cpp:60] WorkerManager: FuncWorker of func_id 1, client_id 101 connected
I1102 18:28:37.916748 IO-0/EL  message_connection.cpp:269] FuncWorkerConnection[1-101]: Handshake done
I1102 18:28:37.916763 IO-0/EL  engine.cpp:277] Engine: Receive new handshake message from message connection
I1102 18:28:37.916767 IO-0/EL  worker_manager.cpp:60] WorkerManager: FuncWorker of func_id 1, client_id 102 connected
I1102 18:28:37.916781 IO-0/EL  message_connection.cpp:269] FuncWorkerConnection[1-102]: Handshake done
I1102 18:28:37.916792 IO-0/EL  engine.cpp:277] Engine: Receive new handshake message from message connection
I1102 18:28:37.916796 IO-0/EL  worker_manager.cpp:60] WorkerManager: FuncWorker of func_id 1, client_id 103 connected
I1102 18:28:37.916809 IO-0/EL  message_connection.cpp:269] FuncWorkerConnection[1-103]: Handshake done
I1102 18:28:37.916824 IO-0/EL  engine.cpp:277] Engine: Receive new handshake message from message connection
I1102 18:28:37.916829 IO-0/EL  worker_manager.cpp:60] WorkerManager: FuncWorker of func_id 1, client_id 104 connected
I1102 18:28:37.916829 Server/E engine.cpp:674] Engine: New message connection
I1102 18:28:37.916843 IO-0/EL  message_connection.cpp:269] FuncWorkerConnection[1-104]: Handshake done
I1102 18:28:37.916856 IO-0/EL  engine.cpp:277] Engine: Receive new handshake message from message connection
I1102 18:28:37.916860 IO-0/EL  worker_manager.cpp:60] WorkerManager: FuncWorker of func_id 1, client_id 106 connected
I1102 18:28:37.916873 IO-0/EL  message_connection.cpp:269] FuncWorkerConnection[1-106]: Handshake done
I1102 18:28:37.916889 IO-0/EL  engine.cpp:277] Engine: Receive new handshake message from message connection
I1102 18:28:37.916893 IO-0/EL  worker_manager.cpp:60] WorkerManager: FuncWorker of func_id 1, client_id 105 connected
I1102 18:28:37.916907 IO-0/EL  message_connection.cpp:269] FuncWorkerConnection[1-105]: Handshake done
I1102 18:28:37.916925 IO-0/EL  engine.cpp:277] Engine: Receive new handshake message from message connection
I1102 18:28:37.916929 IO-0/EL  worker_manager.cpp:60] WorkerManager: FuncWorker of func_id 1, client_id 107 connected
I1102 18:28:37.916942 IO-0/EL  message_connection.cpp:269] FuncWorkerConnection[1-107]: Handshake done
I1102 18:28:37.916957 IO-0/EL  engine.cpp:277] Engine: Receive new handshake message from message connection
I1102 18:28:37.916962 IO-0/EL  worker_manager.cpp:60] WorkerManager: FuncWorker of func_id 1, client_id 108 connected
I1102 18:28:37.916981 IO-0/EL  message_connection.cpp:269] FuncWorkerConnection[1-108]: Handshake done
I1102 18:28:37.916994 IO-0/EL  engine.cpp:277] Engine: Receive new handshake message from message connection
I1102 18:28:37.916998 IO-0/EL  worker_manager.cpp:60] WorkerManager: FuncWorker of func_id 1, client_id 109 connected
I1102 18:28:37.917010 IO-0/EL  message_connection.cpp:269] FuncWorkerConnection[1-109]: Handshake done
I1102 18:28:37.917026 IO-0/EL  engine.cpp:277] Engine: Receive new handshake message from message connection
I1102 18:28:37.917030 IO-0/EL  worker_manager.cpp:60] WorkerManager: FuncWorker of func_id 1, client_id 110 connected
I1102 18:28:37.917043 IO-0/EL  message_connection.cpp:269] FuncWorkerConnection[1-110]: Handshake done
I1102 18:28:37.917062 IO-0/EL  engine.cpp:277] Engine: Receive new handshake message from message connection
I1102 18:28:37.917066 IO-0/EL  worker_manager.cpp:60] WorkerManager: FuncWorker of func_id 1, client_id 111 connected
I1102 18:28:37.917079 IO-0/EL  message_connection.cpp:269] FuncWorkerConnection[1-111]: Handshake done
I1102 18:28:37.917093 IO-0/EL  engine.cpp:277] Engine: Receive new handshake message from message connection
I1102 18:28:37.917098 IO-0/EL  worker_manager.cpp:60] WorkerManager: FuncWorker of func_id 1, client_id 112 connected
I1102 18:28:37.917111 IO-0/EL  message_connection.cpp:269] FuncWorkerConnection[1-112]: Handshake done
I1102 18:28:37.917123 IO-0/EL  engine.cpp:277] Engine: Receive new handshake message from message connection
I1102 18:28:37.917126 IO-0/EL  worker_manager.cpp:60] WorkerManager: FuncWorker of func_id 1, client_id 113 connected
I1102 18:28:37.917149 IO-0/EL  message_connection.cpp:269] FuncWorkerConnection[1-113]: Handshake done
I1102 18:28:37.917159 IO-0/EL  engine.cpp:277] Engine: Receive new handshake message from message connection
I1102 18:28:37.917163 IO-0/EL  worker_manager.cpp:60] WorkerManager: FuncWorker of func_id 1, client_id 114 connected
I1102 18:28:37.917176 IO-0/EL  message_connection.cpp:269] FuncWorkerConnection[1-114]: Handshake done
I1102 18:28:37.917293 Server/E engine.cpp:674] Engine: New message connection
I1102 18:28:37.917333 IO-0/EL  engine.cpp:277] Engine: Receive new handshake message from message connection
I1102 18:28:37.917338 IO-0/EL  worker_manager.cpp:60] WorkerManager: FuncWorker of func_id 1, client_id 115 connected
I1102 18:28:37.917351 IO-0/EL  message_connection.cpp:269] FuncWorkerConnection[1-115]: Handshake done
I1102 18:28:37.917812 Server/E engine.cpp:674] Engine: New message connection
I1102 18:28:37.917843 IO-0/EL  engine.cpp:277] Engine: Receive new handshake message from message connection
I1102 18:28:37.917848 IO-0/EL  worker_manager.cpp:60] WorkerManager: FuncWorker of func_id 1, client_id 116 connected
I1102 18:28:37.917861 IO-0/EL  message_connection.cpp:269] FuncWorkerConnection[1-116]: Handshake done
I1102 18:28:37.918350 Server/E engine.cpp:674] Engine: New message connection
I1102 18:28:37.918383 IO-0/EL  engine.cpp:277] Engine: Receive new handshake message from message connection
I1102 18:28:37.918388 IO-0/EL  worker_manager.cpp:60] WorkerManager: FuncWorker of func_id 1, client_id 117 connected
I1102 18:28:37.918401 IO-0/EL  message_connection.cpp:269] FuncWorkerConnection[1-117]: Handshake done
I1102 18:28:37.918963 Server/E engine.cpp:674] Engine: New message connection
I1102 18:28:37.918993 IO-0/EL  engine.cpp:277] Engine: Receive new handshake message from message connection
I1102 18:28:37.918998 IO-0/EL  worker_manager.cpp:60] WorkerManager: FuncWorker of func_id 1, client_id 118 connected
I1102 18:28:37.919019 IO-0/EL  message_connection.cpp:269] FuncWorkerConnection[1-118]: Handshake done
I1102 18:28:37.919427 Server/E engine.cpp:674] Engine: New message connection
I1102 18:28:37.919456 IO-0/EL  engine.cpp:277] Engine: Receive new handshake message from message connection
I1102 18:28:37.919461 IO-0/EL  worker_manager.cpp:60] WorkerManager: FuncWorker of func_id 1, client_id 119 connected
I1102 18:28:37.919474 IO-0/EL  message_connection.cpp:269] FuncWorkerConnection[1-119]: Handshake done
I1102 18:28:37.931531 Server/E engine.cpp:674] Engine: New message connection
I1102 18:28:37.931572 IO-0/EL  engine.cpp:277] Engine: Receive new handshake message from message connection
I1102 18:28:37.931577 IO-0/EL  worker_manager.cpp:60] WorkerManager: FuncWorker of func_id 1, client_id 120 connected
I1102 18:28:37.931596 IO-0/EL  message_connection.cpp:269] FuncWorkerConnection[1-120]: Handshake done
I1102 18:28:37.931698 Server/E engine.cpp:674] Engine: New message connection
I1102 18:28:37.931732 IO-0/EL  engine.cpp:277] Engine: Receive new handshake message from message connection
I1102 18:28:37.931738 IO-0/EL  worker_manager.cpp:60] WorkerManager: FuncWorker of func_id 1, client_id 121 connected
I1102 18:28:37.931751 IO-0/EL  message_connection.cpp:269] FuncWorkerConnection[1-121]: Handshake done
I1102 18:28:37.932686 Server/E engine.cpp:674] Engine: New message connection
I1102 18:28:37.932703 Server/E engine.cpp:674] Engine: New message connection
I1102 18:28:37.932708 IO-0/EL  engine.cpp:277] Engine: Receive new handshake message from message connection
I1102 18:28:37.932716 IO-0/EL  worker_manager.cpp:60] WorkerManager: FuncWorker of func_id 1, client_id 123 connected
I1102 18:28:37.932733 IO-0/EL  message_connection.cpp:269] FuncWorkerConnection[1-123]: Handshake done
I1102 18:28:37.932747 IO-0/EL  engine.cpp:277] Engine: Receive new handshake message from message connection
I1102 18:28:37.932751 IO-0/EL  worker_manager.cpp:60] WorkerManager: FuncWorker of func_id 1, client_id 122 connected
I1102 18:28:37.932764 IO-0/EL  message_connection.cpp:269] FuncWorkerConnection[1-122]: Handshake done
I1102 18:28:37.934077 Server/E engine.cpp:674] Engine: New message connection
I1102 18:28:37.934114 IO-0/EL  engine.cpp:277] Engine: Receive new handshake message from message connection
I1102 18:28:37.934120 IO-0/EL  worker_manager.cpp:60] WorkerManager: FuncWorker of func_id 1, client_id 124 connected
I1102 18:28:37.934135 IO-0/EL  message_connection.cpp:269] FuncWorkerConnection[1-124]: Handshake done
I1102 18:28:37.934606 Server/E engine.cpp:674] Engine: New message connection
I1102 18:28:37.934630 IO-0/EL  engine.cpp:277] Engine: Receive new handshake message from message connection
I1102 18:28:37.934634 IO-0/EL  worker_manager.cpp:60] WorkerManager: FuncWorker of func_id 1, client_id 126 connected
I1102 18:28:37.934647 IO-0/EL  message_connection.cpp:269] FuncWorkerConnection[1-126]: Handshake done
I1102 18:28:37.934954 Server/E engine.cpp:674] Engine: New message connection
I1102 18:28:37.934982 IO-0/EL  engine.cpp:277] Engine: Receive new handshake message from message connection
I1102 18:28:37.934987 IO-0/EL  worker_manager.cpp:60] WorkerManager: FuncWorker of func_id 1, client_id 125 connected
I1102 18:28:37.935000 IO-0/EL  message_connection.cpp:269] FuncWorkerConnection[1-125]: Handshake done
I1102 18:28:37.935131 Server/E engine.cpp:674] Engine: New message connection
I1102 18:28:37.935152 IO-0/EL  engine.cpp:277] Engine: Receive new handshake message from message connection
I1102 18:28:37.935156 IO-0/EL  worker_manager.cpp:60] WorkerManager: FuncWorker of func_id 1, client_id 127 connected
I1102 18:28:37.935173 IO-0/EL  message_connection.cpp:269] FuncWorkerConnection[1-127]: Handshake done
I1102 18:28:37.935586 Server/E engine.cpp:674] Engine: New message connection
I1102 18:28:37.935608 IO-0/EL  engine.cpp:277] Engine: Receive new handshake message from message connection
I1102 18:28:37.935612 IO-0/EL  worker_manager.cpp:60] WorkerManager: FuncWorker of func_id 1, client_id 128 connected
I1102 18:28:37.935632 IO-0/EL  message_connection.cpp:269] FuncWorkerConnection[1-128]: Handshake done
I1102 18:28:37.936166 Server/E engine.cpp:674] Engine: New message connection
I1102 18:28:37.936193 IO-0/EL  engine.cpp:277] Engine: Receive new handshake message from message connection
I1102 18:28:37.936198 IO-0/EL  worker_manager.cpp:60] WorkerManager: FuncWorker of func_id 1, client_id 129 connected
I1102 18:28:37.936211 IO-0/EL  message_connection.cpp:269] FuncWorkerConnection[1-129]: Handshake done
I1102 18:28:37.937667 Server/E engine.cpp:674] Engine: New message connection
I1102 18:28:37.937699 IO-0/EL  engine.cpp:277] Engine: Receive new handshake message from message connection
I1102 18:28:37.937704 IO-0/EL  worker_manager.cpp:60] WorkerManager: FuncWorker of func_id 1, client_id 131 connected
I1102 18:28:37.937720 IO-0/EL  message_connection.cpp:269] FuncWorkerConnection[1-131]: Handshake done
I1102 18:28:37.938095 Server/E engine.cpp:674] Engine: New message connection
I1102 18:28:37.938122 IO-0/EL  engine.cpp:277] Engine: Receive new handshake message from message connection
I1102 18:28:37.938127 IO-0/EL  worker_manager.cpp:60] WorkerManager: FuncWorker of func_id 1, client_id 132 connected
I1102 18:28:37.938140 IO-0/EL  message_connection.cpp:269] FuncWorkerConnection[1-132]: Handshake done
I1102 18:28:37.938627 Server/E engine.cpp:674] Engine: New message connection
I1102 18:28:37.938647 IO-0/EL  engine.cpp:277] Engine: Receive new handshake message from message connection
I1102 18:28:37.938651 IO-0/EL  worker_manager.cpp:60] WorkerManager: FuncWorker of func_id 1, client_id 133 connected
I1102 18:28:37.938664 IO-0/EL  message_connection.cpp:269] FuncWorkerConnection[1-133]: Handshake done
I1102 18:28:37.938737 Server/E engine.cpp:674] Engine: New message connection
I1102 18:28:37.938764 IO-0/EL  engine.cpp:277] Engine: Receive new handshake message from message connection
I1102 18:28:37.938769 IO-0/EL  worker_manager.cpp:60] WorkerManager: FuncWorker of func_id 1, client_id 130 connected
I1102 18:28:37.938782 IO-0/EL  message_connection.cpp:269] FuncWorkerConnection[1-130]: Handshake done
I1102 18:28:37.939090 Server/E engine.cpp:674] Engine: New message connection
I1102 18:28:37.939112 IO-0/EL  engine.cpp:277] Engine: Receive new handshake message from message connection
I1102 18:28:37.939116 IO-0/EL  worker_manager.cpp:60] WorkerManager: FuncWorker of func_id 1, client_id 134 connected
I1102 18:28:37.939129 IO-0/EL  message_connection.cpp:269] FuncWorkerConnection[1-134]: Handshake done
I1102 18:28:37.939510 Server/E engine.cpp:674] Engine: New message connection
I1102 18:28:37.939533 IO-0/EL  engine.cpp:277] Engine: Receive new handshake message from message connection
I1102 18:28:37.939538 IO-0/EL  worker_manager.cpp:60] WorkerManager: FuncWorker of func_id 1, client_id 135 connected
I1102 18:28:37.939551 IO-0/EL  message_connection.cpp:269] FuncWorkerConnection[1-135]: Handshake done
I1102 18:28:37.940026 Server/E engine.cpp:674] Engine: New message connection
I1102 18:28:37.940049 IO-0/EL  engine.cpp:277] Engine: Receive new handshake message from message connection
I1102 18:28:37.940054 IO-0/EL  worker_manager.cpp:60] WorkerManager: FuncWorker of func_id 1, client_id 136 connected
I1102 18:28:37.940066 IO-0/EL  message_connection.cpp:269] FuncWorkerConnection[1-136]: Handshake done
I1102 18:28:37.940474 Server/E engine.cpp:674] Engine: New message connection
I1102 18:28:37.940497 IO-0/EL  engine.cpp:277] Engine: Receive new handshake message from message connection
I1102 18:28:37.940502 IO-0/EL  worker_manager.cpp:60] WorkerManager: FuncWorker of func_id 1, client_id 137 connected
I1102 18:28:37.940515 IO-0/EL  message_connection.cpp:269] FuncWorkerConnection[1-137]: Handshake done
I1102 18:28:37.940924 Server/E engine.cpp:674] Engine: New message connection
I1102 18:28:37.940961 IO-0/EL  engine.cpp:277] Engine: Receive new handshake message from message connection
I1102 18:28:37.940965 IO-0/EL  worker_manager.cpp:60] WorkerManager: FuncWorker of func_id 1, client_id 138 connected
I1102 18:28:37.940988 IO-0/EL  message_connection.cpp:269] FuncWorkerConnection[1-138]: Handshake done
I1102 18:28:37.941387 Server/E engine.cpp:674] Engine: New message connection
I1102 18:28:37.941412 IO-0/EL  engine.cpp:277] Engine: Receive new handshake message from message connection
I1102 18:28:37.941416 IO-0/EL  worker_manager.cpp:60] WorkerManager: FuncWorker of func_id 1, client_id 139 connected
I1102 18:28:37.941429 IO-0/EL  message_connection.cpp:269] FuncWorkerConnection[1-139]: Handshake done
I1102 18:28:37.941901 Server/E engine.cpp:674] Engine: New message connection
I1102 18:28:37.941924 IO-0/EL  engine.cpp:277] Engine: Receive new handshake message from message connection
I1102 18:28:37.941929 IO-0/EL  worker_manager.cpp:60] WorkerManager: FuncWorker of func_id 1, client_id 140 connected
I1102 18:28:37.941949 IO-0/EL  message_connection.cpp:269] FuncWorkerConnection[1-140]: Handshake done
I1102 18:28:37.942307 Server/E engine.cpp:674] Engine: New message connection
I1102 18:28:37.942330 IO-0/EL  engine.cpp:277] Engine: Receive new handshake message from message connection
I1102 18:28:37.942335 IO-0/EL  worker_manager.cpp:60] WorkerManager: FuncWorker of func_id 1, client_id 141 connected
I1102 18:28:37.942348 IO-0/EL  message_connection.cpp:269] FuncWorkerConnection[1-141]: Handshake done
I1102 18:28:37.942805 Server/E engine.cpp:674] Engine: New message connection
I1102 18:28:37.942832 IO-0/EL  engine.cpp:277] Engine: Receive new handshake message from message connection
I1102 18:28:37.942837 IO-0/EL  worker_manager.cpp:60] WorkerManager: FuncWorker of func_id 1, client_id 142 connected
I1102 18:28:37.942850 IO-0/EL  message_connection.cpp:269] FuncWorkerConnection[1-142]: Handshake done
I1102 18:28:37.943367 Server/E engine.cpp:674] Engine: New message connection
I1102 18:28:37.943389 IO-0/EL  engine.cpp:277] Engine: Receive new handshake message from message connection
I1102 18:28:37.943394 IO-0/EL  worker_manager.cpp:60] WorkerManager: FuncWorker of func_id 1, client_id 143 connected
I1102 18:28:37.943406 IO-0/EL  message_connection.cpp:269] FuncWorkerConnection[1-143]: Handshake done
I1102 18:28:37.943686 Server/E engine.cpp:674] Engine: New message connection
I1102 18:28:37.943716 IO-0/EL  engine.cpp:277] Engine: Receive new handshake message from message connection
I1102 18:28:37.943721 IO-0/EL  worker_manager.cpp:60] WorkerManager: FuncWorker of func_id 1, client_id 144 connected
I1102 18:28:37.943735 IO-0/EL  message_connection.cpp:269] FuncWorkerConnection[1-144]: Handshake done
I1102 18:28:37.944168 Server/E engine.cpp:674] Engine: New message connection
I1102 18:28:37.944192 IO-0/EL  engine.cpp:277] Engine: Receive new handshake message from message connection
I1102 18:28:37.944197 IO-0/EL  worker_manager.cpp:60] WorkerManager: FuncWorker of func_id 1, client_id 145 connected
I1102 18:28:37.944209 IO-0/EL  message_connection.cpp:269] FuncWorkerConnection[1-145]: Handshake done
I1102 18:28:37.944766 Server/E engine.cpp:674] Engine: New message connection
I1102 18:28:37.944815 IO-0/EL  engine.cpp:277] Engine: Receive new handshake message from message connection
I1102 18:28:37.944820 IO-0/EL  worker_manager.cpp:60] WorkerManager: FuncWorker of func_id 1, client_id 146 connected
I1102 18:28:37.944833 IO-0/EL  message_connection.cpp:269] FuncWorkerConnection[1-146]: Handshake done
I1102 18:28:37.945195 Server/E engine.cpp:674] Engine: New message connection
I1102 18:28:37.945223 IO-0/EL  engine.cpp:277] Engine: Receive new handshake message from message connection
I1102 18:28:37.945228 IO-0/EL  worker_manager.cpp:60] WorkerManager: FuncWorker of func_id 1, client_id 147 connected
I1102 18:28:37.945240 IO-0/EL  message_connection.cpp:269] FuncWorkerConnection[1-147]: Handshake done
I1102 18:28:37.945660 Server/E engine.cpp:674] Engine: New message connection
I1102 18:28:37.945698 IO-0/EL  engine.cpp:277] Engine: Receive new handshake message from message connection
I1102 18:28:37.945702 IO-0/EL  worker_manager.cpp:60] WorkerManager: FuncWorker of func_id 1, client_id 148 connected
I1102 18:28:37.945725 IO-0/EL  message_connection.cpp:269] FuncWorkerConnection[1-148]: Handshake done
I1102 18:28:37.946125 Server/E engine.cpp:674] Engine: New message connection
I1102 18:28:37.946154 IO-0/EL  engine.cpp:277] Engine: Receive new handshake message from message connection
I1102 18:28:37.946158 IO-0/EL  worker_manager.cpp:60] WorkerManager: FuncWorker of func_id 1, client_id 149 connected
I1102 18:28:37.946171 IO-0/EL  message_connection.cpp:269] FuncWorkerConnection[1-149]: Handshake done
I1102 18:28:37.946553 Server/E engine.cpp:674] Engine: New message connection
I1102 18:28:37.946583 IO-0/EL  engine.cpp:277] Engine: Receive new handshake message from message connection
I1102 18:28:37.946587 IO-0/EL  worker_manager.cpp:60] WorkerManager: FuncWorker of func_id 1, client_id 150 connected
I1102 18:28:37.946600 IO-0/EL  message_connection.cpp:269] FuncWorkerConnection[1-150]: Handshake done
I1102 18:28:37.947118 Server/E engine.cpp:674] Engine: New message connection
I1102 18:28:37.947147 IO-0/EL  engine.cpp:277] Engine: Receive new handshake message from message connection
I1102 18:28:37.947152 IO-0/EL  worker_manager.cpp:60] WorkerManager: FuncWorker of func_id 1, client_id 151 connected
I1102 18:28:37.947164 IO-0/EL  message_connection.cpp:269] FuncWorkerConnection[1-151]: Handshake done
I1102 18:28:37.947484 Server/E engine.cpp:674] Engine: New message connection
I1102 18:28:37.947514 IO-0/EL  engine.cpp:277] Engine: Receive new handshake message from message connection
I1102 18:28:37.947519 IO-0/EL  worker_manager.cpp:60] WorkerManager: FuncWorker of func_id 1, client_id 152 connected
I1102 18:28:37.947532 IO-0/EL  message_connection.cpp:269] FuncWorkerConnection[1-152]: Handshake done
I1102 18:28:37.947968 Server/E engine.cpp:674] Engine: New message connection
I1102 18:28:37.947996 IO-0/EL  engine.cpp:277] Engine: Receive new handshake message from message connection
I1102 18:28:37.948001 IO-0/EL  worker_manager.cpp:60] WorkerManager: FuncWorker of func_id 1, client_id 153 connected
I1102 18:28:37.948013 IO-0/EL  message_connection.cpp:269] FuncWorkerConnection[1-153]: Handshake done
I1102 18:28:37.948446 Server/E engine.cpp:674] Engine: New message connection
I1102 18:28:37.948478 IO-0/EL  engine.cpp:277] Engine: Receive new handshake message from message connection
I1102 18:28:37.948483 IO-0/EL  worker_manager.cpp:60] WorkerManager: FuncWorker of func_id 1, client_id 154 connected
I1102 18:28:37.948495 IO-0/EL  message_connection.cpp:269] FuncWorkerConnection[1-154]: Handshake done
I1102 18:28:37.948925 Server/E engine.cpp:674] Engine: New message connection
I1102 18:28:37.948952 IO-0/EL  engine.cpp:277] Engine: Receive new handshake message from message connection
I1102 18:28:37.948957 IO-0/EL  worker_manager.cpp:60] WorkerManager: FuncWorker of func_id 1, client_id 155 connected
I1102 18:28:37.948973 IO-0/EL  message_connection.cpp:269] FuncWorkerConnection[1-155]: Handshake done
I1102 18:28:37.949386 Server/E engine.cpp:674] Engine: New message connection
I1102 18:28:37.949415 IO-0/EL  engine.cpp:277] Engine: Receive new handshake message from message connection
I1102 18:28:37.949419 IO-0/EL  worker_manager.cpp:60] WorkerManager: FuncWorker of func_id 1, client_id 156 connected
I1102 18:28:37.949434 IO-0/EL  message_connection.cpp:269] FuncWorkerConnection[1-156]: Handshake done
I1102 18:28:37.949816 Server/E engine.cpp:674] Engine: New message connection
I1102 18:28:37.949852 IO-0/EL  engine.cpp:277] Engine: Receive new handshake message from message connection
I1102 18:28:37.949857 IO-0/EL  worker_manager.cpp:60] WorkerManager: FuncWorker of func_id 1, client_id 157 connected
I1102 18:28:37.949871 IO-0/EL  message_connection.cpp:269] FuncWorkerConnection[1-157]: Handshake done
I1102 18:28:37.950269 Server/E engine.cpp:674] Engine: New message connection
I1102 18:28:37.950296 IO-0/EL  engine.cpp:277] Engine: Receive new handshake message from message connection
I1102 18:28:37.950301 IO-0/EL  worker_manager.cpp:60] WorkerManager: FuncWorker of func_id 1, client_id 158 connected
I1102 18:28:37.950319 IO-0/EL  message_connection.cpp:269] FuncWorkerConnection[1-158]: Handshake done
I1102 18:28:37.950880 Server/E engine.cpp:674] Engine: New message connection
I1102 18:28:37.950914 IO-0/EL  engine.cpp:277] Engine: Receive new handshake message from message connection
I1102 18:28:37.950919 IO-0/EL  worker_manager.cpp:60] WorkerManager: FuncWorker of func_id 1, client_id 159 connected
I1102 18:28:37.950932 IO-0/EL  message_connection.cpp:269] FuncWorkerConnection[1-159]: Handshake done
I1102 18:28:37.951244 Server/E engine.cpp:674] Engine: New message connection
I1102 18:28:37.951270 IO-0/EL  engine.cpp:277] Engine: Receive new handshake message from message connection
I1102 18:28:37.951275 IO-0/EL  worker_manager.cpp:60] WorkerManager: FuncWorker of func_id 1, client_id 160 connected
I1102 18:28:37.951288 IO-0/EL  message_connection.cpp:269] FuncWorkerConnection[1-160]: Handshake done
I1102 18:28:37.951686 Server/E engine.cpp:674] Engine: New message connection
I1102 18:28:37.951721 IO-0/EL  engine.cpp:277] Engine: Receive new handshake message from message connection
I1102 18:28:37.951727 IO-0/EL  worker_manager.cpp:60] WorkerManager: FuncWorker of func_id 1, client_id 161 connected
I1102 18:28:37.951739 IO-0/EL  message_connection.cpp:269] FuncWorkerConnection[1-161]: Handshake done
I1102 18:28:37.952150 Server/E engine.cpp:674] Engine: New message connection
I1102 18:28:37.952181 IO-0/EL  engine.cpp:277] Engine: Receive new handshake message from message connection
I1102 18:28:37.952185 IO-0/EL  worker_manager.cpp:60] WorkerManager: FuncWorker of func_id 1, client_id 162 connected
I1102 18:28:37.952198 IO-0/EL  message_connection.cpp:269] FuncWorkerConnection[1-162]: Handshake done
I1102 18:28:37.952589 Server/E engine.cpp:674] Engine: New message connection
I1102 18:28:37.952625 IO-0/EL  engine.cpp:277] Engine: Receive new handshake message from message connection
I1102 18:28:37.952629 IO-0/EL  worker_manager.cpp:60] WorkerManager: FuncWorker of func_id 1, client_id 163 connected
I1102 18:28:37.952643 IO-0/EL  message_connection.cpp:269] FuncWorkerConnection[1-163]: Handshake done
I1102 18:28:37.953069 Server/E engine.cpp:674] Engine: New message connection
I1102 18:28:37.966733 Server/E engine.cpp:674] Engine: New message connection
I1102 18:28:37.966769 Server/E engine.cpp:674] Engine: New message connection
I1102 18:28:37.966784 Server/E engine.cpp:674] Engine: New message connection
I1102 18:28:37.966800 Server/E engine.cpp:674] Engine: New message connection
I1102 18:28:37.966813 Server/E engine.cpp:674] Engine: New message connection
I1102 18:28:37.966827 Server/E engine.cpp:674] Engine: New message connection
I1102 18:28:37.966840 Server/E engine.cpp:674] Engine: New message connection
I1102 18:28:37.966855 Server/E engine.cpp:674] Engine: New message connection
I1102 18:28:37.966868 Server/E engine.cpp:674] Engine: New message connection
I1102 18:28:37.966880 Server/E engine.cpp:674] Engine: New message connection
I1102 18:28:37.966872 IO-0/EL  engine.cpp:277] Engine: Receive new handshake message from message connection
I1102 18:28:37.966894 Server/E engine.cpp:674] Engine: New message connection
I1102 18:28:37.966925 IO-0/EL  worker_manager.cpp:60] WorkerManager: FuncWorker of func_id 1, client_id 164 connected
I1102 18:28:37.966943 Server/E engine.cpp:674] Engine: New message connection
I1102 18:28:37.966958 Server/E engine.cpp:674] Engine: New message connection
I1102 18:28:37.966971 Server/E engine.cpp:674] Engine: New message connection
I1102 18:28:37.966986 Server/E engine.cpp:674] Engine: New message connection
I1102 18:28:37.966990 IO-0/EL  message_connection.cpp:269] FuncWorkerConnection[1-164]: Handshake done
I1102 18:28:37.967001 Server/E engine.cpp:674] Engine: New message connection
I1102 18:28:37.967024 Server/E engine.cpp:674] Engine: New message connection
I1102 18:28:37.967036 Server/E engine.cpp:674] Engine: New message connection
I1102 18:28:37.967058 Server/E engine.cpp:674] Engine: New message connection
I1102 18:28:37.967062 IO-0/EL  engine.cpp:277] Engine: Receive new handshake message from message connection
I1102 18:28:37.967070 Server/E engine.cpp:674] Engine: New message connection
I1102 18:28:37.967107 IO-0/EL  worker_manager.cpp:60] WorkerManager: FuncWorker of func_id 1, client_id 165 connected
I1102 18:28:37.967125 Server/E engine.cpp:674] Engine: New message connection
I1102 18:28:37.967142 Server/E engine.cpp:674] Engine: New message connection
I1102 18:28:37.967153 Server/E engine.cpp:674] Engine: New message connection
I1102 18:28:37.967153 IO-0/EL  message_connection.cpp:269] FuncWorkerConnection[1-165]: Handshake done
I1102 18:28:37.967167 Server/E engine.cpp:674] Engine: New message connection
I1102 18:28:37.967180 Server/E engine.cpp:674] Engine: New message connection
I1102 18:28:37.967193 IO-0/EL  engine.cpp:277] Engine: Receive new handshake message from message connection
I1102 18:28:37.967207 IO-0/EL  worker_manager.cpp:60] WorkerManager: FuncWorker of func_id 1, client_id 166 connected
I1102 18:28:37.967194 Server/E engine.cpp:674] Engine: New message connection
I1102 18:28:37.967236 Server/E engine.cpp:674] Engine: New message connection
I1102 18:28:37.967245 IO-0/EL  message_connection.cpp:269] FuncWorkerConnection[1-166]: Handshake done
I1102 18:28:37.967249 Server/E engine.cpp:674] Engine: New message connection
I1102 18:28:37.967273 IO-0/EL  engine.cpp:277] Engine: Receive new handshake message from message connection
I1102 18:28:37.967278 IO-0/EL  worker_manager.cpp:60] WorkerManager: FuncWorker of func_id 1, client_id 167 connected
I1102 18:28:37.967292 IO-0/EL  message_connection.cpp:269] FuncWorkerConnection[1-167]: Handshake done
I1102 18:28:37.967305 IO-0/EL  engine.cpp:277] Engine: Receive new handshake message from message connection
I1102 18:28:37.967309 IO-0/EL  worker_manager.cpp:60] WorkerManager: FuncWorker of func_id 1, client_id 168 connected
I1102 18:28:37.967322 IO-0/EL  message_connection.cpp:269] FuncWorkerConnection[1-168]: Handshake done
I1102 18:28:37.967342 IO-0/EL  engine.cpp:277] Engine: Receive new handshake message from message connection
I1102 18:28:37.967347 IO-0/EL  worker_manager.cpp:60] WorkerManager: FuncWorker of func_id 1, client_id 169 connected
I1102 18:28:37.967360 IO-0/EL  message_connection.cpp:269] FuncWorkerConnection[1-169]: Handshake done
I1102 18:28:37.967372 IO-0/EL  engine.cpp:277] Engine: Receive new handshake message from message connection
I1102 18:28:37.967376 IO-0/EL  worker_manager.cpp:60] WorkerManager: FuncWorker of func_id 1, client_id 170 connected
I1102 18:28:37.967392 IO-0/EL  message_connection.cpp:269] FuncWorkerConnection[1-170]: Handshake done
I1102 18:28:37.967405 IO-0/EL  engine.cpp:277] Engine: Receive new handshake message from message connection
I1102 18:28:37.967409 IO-0/EL  worker_manager.cpp:60] WorkerManager: FuncWorker of func_id 1, client_id 171 connected
I1102 18:28:37.967422 IO-0/EL  message_connection.cpp:269] FuncWorkerConnection[1-171]: Handshake done
I1102 18:28:37.967438 IO-0/EL  engine.cpp:277] Engine: Receive new handshake message from message connection
I1102 18:28:37.967443 IO-0/EL  worker_manager.cpp:60] WorkerManager: FuncWorker of func_id 1, client_id 172 connected
I1102 18:28:37.967457 IO-0/EL  message_connection.cpp:269] FuncWorkerConnection[1-172]: Handshake done
I1102 18:28:37.967470 IO-0/EL  engine.cpp:277] Engine: Receive new handshake message from message connection
I1102 18:28:37.967474 IO-0/EL  worker_manager.cpp:60] WorkerManager: FuncWorker of func_id 1, client_id 173 connected
I1102 18:28:37.967487 IO-0/EL  message_connection.cpp:269] FuncWorkerConnection[1-173]: Handshake done
I1102 18:28:37.967503 IO-0/EL  engine.cpp:277] Engine: Receive new handshake message from message connection
I1102 18:28:37.967507 IO-0/EL  worker_manager.cpp:60] WorkerManager: FuncWorker of func_id 1, client_id 174 connected
I1102 18:28:37.967521 IO-0/EL  message_connection.cpp:269] FuncWorkerConnection[1-174]: Handshake done
I1102 18:28:37.967533 IO-0/EL  engine.cpp:277] Engine: Receive new handshake message from message connection
I1102 18:28:37.967542 IO-0/EL  worker_manager.cpp:60] WorkerManager: FuncWorker of func_id 1, client_id 175 connected
I1102 18:28:37.967556 IO-0/EL  message_connection.cpp:269] FuncWorkerConnection[1-175]: Handshake done
I1102 18:28:37.967572 IO-0/EL  engine.cpp:277] Engine: Receive new handshake message from message connection
I1102 18:28:37.967576 IO-0/EL  worker_manager.cpp:60] WorkerManager: FuncWorker of func_id 1, client_id 176 connected
I1102 18:28:37.967587 Server/E engine.cpp:674] Engine: New message connection
I1102 18:28:37.967589 IO-0/EL  message_connection.cpp:269] FuncWorkerConnection[1-176]: Handshake done
I1102 18:28:37.967618 IO-0/EL  engine.cpp:277] Engine: Receive new handshake message from message connection
I1102 18:28:37.967623 IO-0/EL  worker_manager.cpp:60] WorkerManager: FuncWorker of func_id 1, client_id 177 connected
I1102 18:28:37.967638 IO-0/EL  message_connection.cpp:269] FuncWorkerConnection[1-177]: Handshake done
I1102 18:28:37.967654 IO-0/EL  engine.cpp:277] Engine: Receive new handshake message from message connection
I1102 18:28:37.967658 IO-0/EL  worker_manager.cpp:60] WorkerManager: FuncWorker of func_id 1, client_id 178 connected
I1102 18:28:37.967672 IO-0/EL  message_connection.cpp:269] FuncWorkerConnection[1-178]: Handshake done
I1102 18:28:37.967685 IO-0/EL  engine.cpp:277] Engine: Receive new handshake message from message connection
I1102 18:28:37.967689 IO-0/EL  worker_manager.cpp:60] WorkerManager: FuncWorker of func_id 1, client_id 179 connected
I1102 18:28:37.967701 IO-0/EL  message_connection.cpp:269] FuncWorkerConnection[1-179]: Handshake done
I1102 18:28:37.967727 IO-0/EL  engine.cpp:277] Engine: Receive new handshake message from message connection
I1102 18:28:37.967732 IO-0/EL  worker_manager.cpp:60] WorkerManager: FuncWorker of func_id 1, client_id 180 connected
I1102 18:28:37.967745 IO-0/EL  message_connection.cpp:269] FuncWorkerConnection[1-180]: Handshake done
I1102 18:28:37.967758 IO-0/EL  engine.cpp:277] Engine: Receive new handshake message from message connection
I1102 18:28:37.967761 IO-0/EL  worker_manager.cpp:60] WorkerManager: FuncWorker of func_id 1, client_id 181 connected
I1102 18:28:37.967774 IO-0/EL  message_connection.cpp:269] FuncWorkerConnection[1-181]: Handshake done
I1102 18:28:37.967789 IO-0/EL  engine.cpp:277] Engine: Receive new handshake message from message connection
I1102 18:28:37.967793 IO-0/EL  worker_manager.cpp:60] WorkerManager: FuncWorker of func_id 1, client_id 182 connected
I1102 18:28:37.967806 IO-0/EL  message_connection.cpp:269] FuncWorkerConnection[1-182]: Handshake done
I1102 18:28:37.967818 IO-0/EL  engine.cpp:277] Engine: Receive new handshake message from message connection
I1102 18:28:37.967822 IO-0/EL  worker_manager.cpp:60] WorkerManager: FuncWorker of func_id 1, client_id 183 connected
I1102 18:28:37.967834 IO-0/EL  message_connection.cpp:269] FuncWorkerConnection[1-183]: Handshake done
I1102 18:28:37.967852 IO-0/EL  engine.cpp:277] Engine: Receive new handshake message from message connection
I1102 18:28:37.967857 IO-0/EL  worker_manager.cpp:60] WorkerManager: FuncWorker of func_id 1, client_id 184 connected
I1102 18:28:37.967873 IO-0/EL  message_connection.cpp:269] FuncWorkerConnection[1-184]: Handshake done
I1102 18:28:37.967887 IO-0/EL  engine.cpp:277] Engine: Receive new handshake message from message connection
I1102 18:28:37.967891 IO-0/EL  worker_manager.cpp:60] WorkerManager: FuncWorker of func_id 1, client_id 185 connected
I1102 18:28:37.967905 IO-0/EL  message_connection.cpp:269] FuncWorkerConnection[1-185]: Handshake done
I1102 18:28:37.967920 IO-0/EL  engine.cpp:277] Engine: Receive new handshake message from message connection
I1102 18:28:37.967924 IO-0/EL  worker_manager.cpp:60] WorkerManager: FuncWorker of func_id 1, client_id 186 connected
I1102 18:28:37.967937 IO-0/EL  message_connection.cpp:269] FuncWorkerConnection[1-186]: Handshake done
I1102 18:28:37.967949 IO-0/EL  engine.cpp:277] Engine: Receive new handshake message from message connection
I1102 18:28:37.967953 IO-0/EL  worker_manager.cpp:60] WorkerManager: FuncWorker of func_id 1, client_id 187 connected
I1102 18:28:37.967976 IO-0/EL  message_connection.cpp:269] FuncWorkerConnection[1-187]: Handshake done
I1102 18:28:37.967990 IO-0/EL  engine.cpp:277] Engine: Receive new handshake message from message connection
I1102 18:28:37.967994 IO-0/EL  worker_manager.cpp:60] WorkerManager: FuncWorker of func_id 1, client_id 188 connected
I1102 18:28:37.967997 Server/E engine.cpp:674] Engine: New message connection
I1102 18:28:37.968007 IO-0/EL  message_connection.cpp:269] FuncWorkerConnection[1-188]: Handshake done
I1102 18:28:37.968023 IO-0/EL  engine.cpp:277] Engine: Receive new handshake message from message connection
I1102 18:28:37.968027 IO-0/EL  worker_manager.cpp:60] WorkerManager: FuncWorker of func_id 1, client_id 189 connected
I1102 18:28:37.968040 IO-0/EL  message_connection.cpp:269] FuncWorkerConnection[1-189]: Handshake done
I1102 18:28:37.968052 IO-0/EL  engine.cpp:277] Engine: Receive new handshake message from message connection
I1102 18:28:37.968056 IO-0/EL  worker_manager.cpp:60] WorkerManager: FuncWorker of func_id 1, client_id 190 connected
I1102 18:28:37.968068 IO-0/EL  message_connection.cpp:269] FuncWorkerConnection[1-190]: Handshake done
I1102 18:28:37.968082 IO-0/EL  engine.cpp:277] Engine: Receive new handshake message from message connection
I1102 18:28:37.968086 IO-0/EL  worker_manager.cpp:60] WorkerManager: FuncWorker of func_id 1, client_id 192 connected
I1102 18:28:37.968099 IO-0/EL  message_connection.cpp:269] FuncWorkerConnection[1-192]: Handshake done
I1102 18:28:37.968111 IO-0/EL  engine.cpp:277] Engine: Receive new handshake message from message connection
I1102 18:28:37.968115 IO-0/EL  worker_manager.cpp:60] WorkerManager: FuncWorker of func_id 1, client_id 191 connected
I1102 18:28:37.968128 IO-0/EL  message_connection.cpp:269] FuncWorkerConnection[1-191]: Handshake done
I1102 18:28:37.968144 IO-0/EL  engine.cpp:277] Engine: Receive new handshake message from message connection
I1102 18:28:37.968148 IO-0/EL  worker_manager.cpp:60] WorkerManager: FuncWorker of func_id 1, client_id 193 connected
I1102 18:28:37.968162 IO-0/EL  message_connection.cpp:269] FuncWorkerConnection[1-193]: Handshake done
I1102 18:28:37.968172 IO-0/EL  engine.cpp:277] Engine: Receive new handshake message from message connection
I1102 18:28:37.968176 IO-0/EL  worker_manager.cpp:60] WorkerManager: FuncWorker of func_id 1, client_id 194 connected
I1102 18:28:37.968188 IO-0/EL  message_connection.cpp:269] FuncWorkerConnection[1-194]: Handshake done
I1102 18:28:37.968563 Server/E engine.cpp:674] Engine: New message connection
I1102 18:28:37.968591 IO-0/EL  engine.cpp:277] Engine: Receive new handshake message from message connection
I1102 18:28:37.968595 IO-0/EL  worker_manager.cpp:60] WorkerManager: FuncWorker of func_id 1, client_id 195 connected
I1102 18:28:37.968608 IO-0/EL  message_connection.cpp:269] FuncWorkerConnection[1-195]: Handshake done
I1102 18:28:37.969126 Server/E engine.cpp:674] Engine: New message connection
I1102 18:28:37.969149 IO-0/EL  engine.cpp:277] Engine: Receive new handshake message from message connection
I1102 18:28:37.969154 IO-0/EL  worker_manager.cpp:60] WorkerManager: FuncWorker of func_id 1, client_id 196 connected
I1102 18:28:37.969166 IO-0/EL  message_connection.cpp:269] FuncWorkerConnection[1-196]: Handshake done
I1102 18:28:37.969641 Server/E engine.cpp:674] Engine: New message connection
I1102 18:28:37.969667 IO-0/EL  engine.cpp:277] Engine: Receive new handshake message from message connection
I1102 18:28:37.969671 IO-0/EL  worker_manager.cpp:60] WorkerManager: FuncWorker of func_id 1, client_id 197 connected
I1102 18:28:37.969684 IO-0/EL  message_connection.cpp:269] FuncWorkerConnection[1-197]: Handshake done
I1102 18:28:37.970165 Server/E engine.cpp:674] Engine: New message connection
I1102 18:28:37.970187 IO-0/EL  engine.cpp:277] Engine: Receive new handshake message from message connection
I1102 18:28:37.970192 IO-0/EL  worker_manager.cpp:60] WorkerManager: FuncWorker of func_id 1, client_id 198 connected
I1102 18:28:37.970205 IO-0/EL  message_connection.cpp:269] FuncWorkerConnection[1-198]: Handshake done
I1102 18:28:37.970638 Server/E engine.cpp:674] Engine: New message connection
I1102 18:28:37.970663 IO-0/EL  engine.cpp:277] Engine: Receive new handshake message from message connection
I1102 18:28:37.970668 IO-0/EL  worker_manager.cpp:60] WorkerManager: FuncWorker of func_id 1, client_id 199 connected
I1102 18:28:37.970681 IO-0/EL  message_connection.cpp:269] FuncWorkerConnection[1-199]: Handshake done
I1102 18:28:37.971207 Server/E engine.cpp:674] Engine: New message connection
I1102 18:28:37.971241 IO-0/EL  engine.cpp:277] Engine: Receive new handshake message from message connection
I1102 18:28:37.971246 IO-0/EL  worker_manager.cpp:60] WorkerManager: FuncWorker of func_id 1, client_id 200 connected
I1102 18:28:37.971259 IO-0/EL  message_connection.cpp:269] FuncWorkerConnection[1-200]: Handshake done
I1102 18:28:37.971633 Server/E engine.cpp:674] Engine: New message connection
I1102 18:28:37.971659 IO-0/EL  engine.cpp:277] Engine: Receive new handshake message from message connection
I1102 18:28:37.971664 IO-0/EL  worker_manager.cpp:60] WorkerManager: FuncWorker of func_id 1, client_id 201 connected
I1102 18:28:37.971677 IO-0/EL  message_connection.cpp:269] FuncWorkerConnection[1-201]: Handshake done
I1102 18:28:37.972170 Server/E engine.cpp:674] Engine: New message connection
I1102 18:28:37.972193 IO-0/EL  engine.cpp:277] Engine: Receive new handshake message from message connection
I1102 18:28:37.972198 IO-0/EL  worker_manager.cpp:60] WorkerManager: FuncWorker of func_id 1, client_id 202 connected
I1102 18:28:37.972211 IO-0/EL  message_connection.cpp:269] FuncWorkerConnection[1-202]: Handshake done
I1102 18:28:37.972625 Server/E engine.cpp:674] Engine: New message connection
I1102 18:28:37.972650 IO-0/EL  engine.cpp:277] Engine: Receive new handshake message from message connection
I1102 18:28:37.972655 IO-0/EL  worker_manager.cpp:60] WorkerManager: FuncWorker of func_id 1, client_id 203 connected
I1102 18:28:37.972667 IO-0/EL  message_connection.cpp:269] FuncWorkerConnection[1-203]: Handshake done
I1102 18:28:37.973042 Server/E engine.cpp:674] Engine: New message connection
I1102 18:28:37.973063 IO-0/EL  engine.cpp:277] Engine: Receive new handshake message from message connection
I1102 18:28:37.973069 IO-0/EL  worker_manager.cpp:60] WorkerManager: FuncWorker of func_id 1, client_id 204 connected
I1102 18:28:37.973086 IO-0/EL  message_connection.cpp:269] FuncWorkerConnection[1-204]: Handshake done
I1102 18:28:37.973581 Server/E engine.cpp:674] Engine: New message connection
I1102 18:28:37.973604 IO-0/EL  engine.cpp:277] Engine: Receive new handshake message from message connection
I1102 18:28:37.973608 IO-0/EL  worker_manager.cpp:60] WorkerManager: FuncWorker of func_id 1, client_id 205 connected
I1102 18:28:37.973621 IO-0/EL  message_connection.cpp:269] FuncWorkerConnection[1-205]: Handshake done
I1102 18:28:37.974000 Server/E engine.cpp:674] Engine: New message connection
I1102 18:28:37.974025 IO-0/EL  engine.cpp:277] Engine: Receive new handshake message from message connection
I1102 18:28:37.974030 IO-0/EL  worker_manager.cpp:60] WorkerManager: FuncWorker of func_id 1, client_id 206 connected
I1102 18:28:37.974043 IO-0/EL  message_connection.cpp:269] FuncWorkerConnection[1-206]: Handshake done
I1102 18:28:37.974460 Server/E engine.cpp:674] Engine: New message connection
I1102 18:28:37.974484 IO-0/EL  engine.cpp:277] Engine: Receive new handshake message from message connection
I1102 18:28:37.974488 IO-0/EL  worker_manager.cpp:60] WorkerManager: FuncWorker of func_id 1, client_id 207 connected
I1102 18:28:37.974501 IO-0/EL  message_connection.cpp:269] FuncWorkerConnection[1-207]: Handshake done
I1102 18:28:37.975010 Server/E engine.cpp:674] Engine: New message connection
I1102 18:28:37.975039 IO-0/EL  engine.cpp:277] Engine: Receive new handshake message from message connection
I1102 18:28:37.975044 IO-0/EL  worker_manager.cpp:60] WorkerManager: FuncWorker of func_id 1, client_id 208 connected
I1102 18:28:37.975057 IO-0/EL  message_connection.cpp:269] FuncWorkerConnection[1-208]: Handshake done
I1102 18:28:37.975507 Server/E engine.cpp:674] Engine: New message connection
I1102 18:28:37.975528 IO-0/EL  engine.cpp:277] Engine: Receive new handshake message from message connection
I1102 18:28:37.975532 IO-0/EL  worker_manager.cpp:60] WorkerManager: FuncWorker of func_id 1, client_id 209 connected
I1102 18:28:37.975547 IO-0/EL  message_connection.cpp:269] FuncWorkerConnection[1-209]: Handshake done
I1102 18:28:37.975987 Server/E engine.cpp:674] Engine: New message connection
I1102 18:28:37.976014 IO-0/EL  engine.cpp:277] Engine: Receive new handshake message from message connection
I1102 18:28:37.976020 IO-0/EL  worker_manager.cpp:60] WorkerManager: FuncWorker of func_id 1, client_id 210 connected
I1102 18:28:37.976033 IO-0/EL  message_connection.cpp:269] FuncWorkerConnection[1-210]: Handshake done
I1102 18:28:37.976419 Server/E engine.cpp:674] Engine: New message connection
I1102 18:28:37.976440 IO-0/EL  engine.cpp:277] Engine: Receive new handshake message from message connection
I1102 18:28:37.976445 IO-0/EL  worker_manager.cpp:60] WorkerManager: FuncWorker of func_id 1, client_id 211 connected
I1102 18:28:37.976457 IO-0/EL  message_connection.cpp:269] FuncWorkerConnection[1-211]: Handshake done
I1102 18:28:37.976898 Server/E engine.cpp:674] Engine: New message connection
I1102 18:28:37.976925 IO-0/EL  engine.cpp:277] Engine: Receive new handshake message from message connection
I1102 18:28:37.976930 IO-0/EL  worker_manager.cpp:60] WorkerManager: FuncWorker of func_id 1, client_id 212 connected
I1102 18:28:37.976943 IO-0/EL  message_connection.cpp:269] FuncWorkerConnection[1-212]: Handshake done
I1102 18:28:37.977383 Server/E engine.cpp:674] Engine: New message connection
I1102 18:28:37.977406 IO-0/EL  engine.cpp:277] Engine: Receive new handshake message from message connection
I1102 18:28:37.977411 IO-0/EL  worker_manager.cpp:60] WorkerManager: FuncWorker of func_id 1, client_id 213 connected
I1102 18:28:37.977423 IO-0/EL  message_connection.cpp:269] FuncWorkerConnection[1-213]: Handshake done
I1102 18:28:37.977833 Server/E engine.cpp:674] Engine: New message connection
I1102 18:28:37.977858 IO-0/EL  engine.cpp:277] Engine: Receive new handshake message from message connection
I1102 18:28:37.977863 IO-0/EL  worker_manager.cpp:60] WorkerManager: FuncWorker of func_id 1, client_id 214 connected
I1102 18:28:37.977876 IO-0/EL  message_connection.cpp:269] FuncWorkerConnection[1-214]: Handshake done
I1102 18:28:37.978350 Server/E engine.cpp:674] Engine: New message connection
I1102 18:28:37.978373 IO-0/EL  engine.cpp:277] Engine: Receive new handshake message from message connection
I1102 18:28:37.978377 IO-0/EL  worker_manager.cpp:60] WorkerManager: FuncWorker of func_id 1, client_id 215 connected
I1102 18:28:37.978389 IO-0/EL  message_connection.cpp:269] FuncWorkerConnection[1-215]: Handshake done
I1102 18:28:37.978814 Server/E engine.cpp:674] Engine: New message connection
I1102 18:28:37.978840 IO-0/EL  engine.cpp:277] Engine: Receive new handshake message from message connection
I1102 18:28:37.978845 IO-0/EL  worker_manager.cpp:60] WorkerManager: FuncWorker of func_id 1, client_id 216 connected
I1102 18:28:37.978864 IO-0/EL  message_connection.cpp:269] FuncWorkerConnection[1-216]: Handshake done
I1102 18:28:37.979314 Server/E engine.cpp:674] Engine: New message connection
I1102 18:28:37.979337 IO-0/EL  engine.cpp:277] Engine: Receive new handshake message from message connection
I1102 18:28:37.979342 IO-0/EL  worker_manager.cpp:60] WorkerManager: FuncWorker of func_id 1, client_id 217 connected
I1102 18:28:37.979354 IO-0/EL  message_connection.cpp:269] FuncWorkerConnection[1-217]: Handshake done
I1102 18:28:37.979791 Server/E engine.cpp:674] Engine: New message connection
I1102 18:28:37.979819 IO-0/EL  engine.cpp:277] Engine: Receive new handshake message from message connection
I1102 18:28:37.979824 IO-0/EL  worker_manager.cpp:60] WorkerManager: FuncWorker of func_id 1, client_id 218 connected
I1102 18:28:37.979837 IO-0/EL  message_connection.cpp:269] FuncWorkerConnection[1-218]: Handshake done
I1102 18:28:37.980247 Server/E engine.cpp:674] Engine: New message connection
I1102 18:28:37.980268 IO-0/EL  engine.cpp:277] Engine: Receive new handshake message from message connection
I1102 18:28:37.980273 IO-0/EL  worker_manager.cpp:60] WorkerManager: FuncWorker of func_id 1, client_id 219 connected
I1102 18:28:37.980285 IO-0/EL  message_connection.cpp:269] FuncWorkerConnection[1-219]: Handshake done
I1102 18:28:37.980845 Server/E engine.cpp:674] Engine: New message connection
I1102 18:28:37.980875 IO-0/EL  engine.cpp:277] Engine: Receive new handshake message from message connection
I1102 18:28:37.980880 IO-0/EL  worker_manager.cpp:60] WorkerManager: FuncWorker of func_id 1, client_id 220 connected
I1102 18:28:37.980892 IO-0/EL  message_connection.cpp:269] FuncWorkerConnection[1-220]: Handshake done
I1102 18:28:37.981238 Server/E engine.cpp:674] Engine: New message connection
I1102 18:28:37.981261 IO-0/EL  engine.cpp:277] Engine: Receive new handshake message from message connection
I1102 18:28:37.981265 IO-0/EL  worker_manager.cpp:60] WorkerManager: FuncWorker of func_id 1, client_id 221 connected
I1102 18:28:37.981281 IO-0/EL  message_connection.cpp:269] FuncWorkerConnection[1-221]: Handshake done
I1102 18:28:37.981724 Server/E engine.cpp:674] Engine: New message connection
I1102 18:28:37.981746 IO-0/EL  engine.cpp:277] Engine: Receive new handshake message from message connection
I1102 18:28:37.981751 IO-0/EL  worker_manager.cpp:60] WorkerManager: FuncWorker of func_id 1, client_id 222 connected
I1102 18:28:37.981765 IO-0/EL  message_connection.cpp:269] FuncWorkerConnection[1-222]: Handshake done
I1102 18:28:37.982202 Server/E engine.cpp:674] Engine: New message connection
I1102 18:28:37.982231 IO-0/EL  engine.cpp:277] Engine: Receive new handshake message from message connection
I1102 18:28:37.982235 IO-0/EL  worker_manager.cpp:60] WorkerManager: FuncWorker of func_id 1, client_id 223 connected
I1102 18:28:37.982248 IO-0/EL  message_connection.cpp:269] FuncWorkerConnection[1-223]: Handshake done
I1102 18:28:37.982647 Server/E engine.cpp:674] Engine: New message connection
I1102 18:28:37.982677 IO-0/EL  engine.cpp:277] Engine: Receive new handshake message from message connection
I1102 18:28:37.982682 IO-0/EL  worker_manager.cpp:60] WorkerManager: FuncWorker of func_id 1, client_id 224 connected
I1102 18:28:37.982696 IO-0/EL  message_connection.cpp:269] FuncWorkerConnection[1-224]: Handshake done
I1102 18:28:37.983141 Server/E engine.cpp:674] Engine: New message connection
I1102 18:28:37.983164 IO-0/EL  engine.cpp:277] Engine: Receive new handshake message from message connection
I1102 18:28:37.983168 IO-0/EL  worker_manager.cpp:60] WorkerManager: FuncWorker of func_id 1, client_id 225 connected
I1102 18:28:37.983203 IO-0/EL  message_connection.cpp:269] FuncWorkerConnection[1-225]: Handshake done
I1102 18:28:37.983661 Server/E engine.cpp:674] Engine: New message connection
I1102 18:28:37.983694 IO-0/EL  engine.cpp:277] Engine: Receive new handshake message from message connection
I1102 18:28:37.983699 IO-0/EL  worker_manager.cpp:60] WorkerManager: FuncWorker of func_id 1, client_id 226 connected
I1102 18:28:37.983716 IO-0/EL  message_connection.cpp:269] FuncWorkerConnection[1-226]: Handshake done
I1102 18:28:37.984108 Server/E engine.cpp:674] Engine: New message connection
I1102 18:28:37.984131 IO-0/EL  engine.cpp:277] Engine: Receive new handshake message from message connection
I1102 18:28:37.984135 IO-0/EL  worker_manager.cpp:60] WorkerManager: FuncWorker of func_id 1, client_id 227 connected
I1102 18:28:37.984148 IO-0/EL  message_connection.cpp:269] FuncWorkerConnection[1-227]: Handshake done
I1102 18:28:37.984564 Server/E engine.cpp:674] Engine: New message connection
I1102 18:28:37.984586 IO-0/EL  engine.cpp:277] Engine: Receive new handshake message from message connection
I1102 18:28:37.984591 IO-0/EL  worker_manager.cpp:60] WorkerManager: FuncWorker of func_id 1, client_id 228 connected
I1102 18:28:37.984603 IO-0/EL  message_connection.cpp:269] FuncWorkerConnection[1-228]: Handshake done
I1102 18:28:37.985075 Server/E engine.cpp:674] Engine: New message connection
I1102 18:28:37.985098 IO-0/EL  engine.cpp:277] Engine: Receive new handshake message from message connection
I1102 18:28:37.985103 IO-0/EL  worker_manager.cpp:60] WorkerManager: FuncWorker of func_id 1, client_id 229 connected
I1102 18:28:37.985116 IO-0/EL  message_connection.cpp:269] FuncWorkerConnection[1-229]: Handshake done
I1102 18:28:37.985516 Server/E engine.cpp:674] Engine: New message connection
I1102 18:28:37.985535 IO-0/EL  engine.cpp:277] Engine: Receive new handshake message from message connection
I1102 18:28:37.985540 IO-0/EL  worker_manager.cpp:60] WorkerManager: FuncWorker of func_id 1, client_id 230 connected
I1102 18:28:37.985552 IO-0/EL  message_connection.cpp:269] FuncWorkerConnection[1-230]: Handshake done
I1102 18:28:37.986048 Server/E engine.cpp:674] Engine: New message connection
I1102 18:28:37.986071 IO-0/EL  engine.cpp:277] Engine: Receive new handshake message from message connection
I1102 18:28:37.986077 IO-0/EL  worker_manager.cpp:60] WorkerManager: FuncWorker of func_id 1, client_id 231 connected
I1102 18:28:37.986090 IO-0/EL  message_connection.cpp:269] FuncWorkerConnection[1-231]: Handshake done
I1102 18:28:37.986515 Server/E engine.cpp:674] Engine: New message connection
I1102 18:28:37.986540 IO-0/EL  engine.cpp:277] Engine: Receive new handshake message from message connection
I1102 18:28:37.986545 IO-0/EL  worker_manager.cpp:60] WorkerManager: FuncWorker of func_id 1, client_id 232 connected
I1102 18:28:37.986559 IO-0/EL  message_connection.cpp:269] FuncWorkerConnection[1-232]: Handshake done
I1102 18:28:37.987058 Server/E engine.cpp:674] Engine: New message connection
I1102 18:28:37.987085 IO-0/EL  engine.cpp:277] Engine: Receive new handshake message from message connection
I1102 18:28:37.987090 IO-0/EL  worker_manager.cpp:60] WorkerManager: FuncWorker of func_id 1, client_id 233 connected
I1102 18:28:37.987103 IO-0/EL  message_connection.cpp:269] FuncWorkerConnection[1-233]: Handshake done
I1102 18:28:37.987479 Server/E engine.cpp:674] Engine: New message connection
I1102 18:28:37.987506 IO-0/EL  engine.cpp:277] Engine: Receive new handshake message from message connection
I1102 18:28:37.987511 IO-0/EL  worker_manager.cpp:60] WorkerManager: FuncWorker of func_id 1, client_id 234 connected
I1102 18:28:37.987524 IO-0/EL  message_connection.cpp:269] FuncWorkerConnection[1-234]: Handshake done
I1102 18:28:37.988018 Server/E engine.cpp:674] Engine: New message connection
I1102 18:28:37.988040 IO-0/EL  engine.cpp:277] Engine: Receive new handshake message from message connection
I1102 18:28:37.988045 IO-0/EL  worker_manager.cpp:60] WorkerManager: FuncWorker of func_id 1, client_id 235 connected
I1102 18:28:37.988057 IO-0/EL  message_connection.cpp:269] FuncWorkerConnection[1-235]: Handshake done
I1102 18:28:37.988521 Server/E engine.cpp:674] Engine: New message connection
I1102 18:28:37.988546 IO-0/EL  engine.cpp:277] Engine: Receive new handshake message from message connection
I1102 18:28:37.988550 IO-0/EL  worker_manager.cpp:60] WorkerManager: FuncWorker of func_id 1, client_id 236 connected
I1102 18:28:37.988563 IO-0/EL  message_connection.cpp:269] FuncWorkerConnection[1-236]: Handshake done
I1102 18:28:37.988994 Server/E engine.cpp:674] Engine: New message connection
I1102 18:28:37.989015 IO-0/EL  engine.cpp:277] Engine: Receive new handshake message from message connection
I1102 18:28:37.989019 IO-0/EL  worker_manager.cpp:60] WorkerManager: FuncWorker of func_id 1, client_id 237 connected
I1102 18:28:37.989036 IO-0/EL  message_connection.cpp:269] FuncWorkerConnection[1-237]: Handshake done
I1102 18:28:37.989460 Server/E engine.cpp:674] Engine: New message connection
I1102 18:28:37.989482 IO-0/EL  engine.cpp:277] Engine: Receive new handshake message from message connection
I1102 18:28:37.989486 IO-0/EL  worker_manager.cpp:60] WorkerManager: FuncWorker of func_id 1, client_id 238 connected
I1102 18:28:37.989499 IO-0/EL  message_connection.cpp:269] FuncWorkerConnection[1-238]: Handshake done
I1102 18:28:37.990027 Server/E engine.cpp:674] Engine: New message connection
I1102 18:28:37.990054 IO-0/EL  engine.cpp:277] Engine: Receive new handshake message from message connection
I1102 18:28:37.990059 IO-0/EL  worker_manager.cpp:60] WorkerManager: FuncWorker of func_id 1, client_id 239 connected
I1102 18:28:37.990073 IO-0/EL  message_connection.cpp:269] FuncWorkerConnection[1-239]: Handshake done
I1102 18:28:37.990636 Server/E engine.cpp:674] Engine: New message connection
I1102 18:28:37.990668 IO-0/EL  engine.cpp:277] Engine: Receive new handshake message from message connection
I1102 18:28:37.990673 IO-0/EL  worker_manager.cpp:60] WorkerManager: FuncWorker of func_id 1, client_id 240 connected
I1102 18:28:37.990686 IO-0/EL  message_connection.cpp:269] FuncWorkerConnection[1-240]: Handshake done
I1102 18:28:37.991250 Server/E engine.cpp:674] Engine: New message connection
I1102 18:28:37.991278 IO-0/EL  engine.cpp:277] Engine: Receive new handshake message from message connection
I1102 18:28:37.991283 IO-0/EL  worker_manager.cpp:60] WorkerManager: FuncWorker of func_id 1, client_id 241 connected
I1102 18:28:37.991298 IO-0/EL  message_connection.cpp:269] FuncWorkerConnection[1-241]: Handshake done
I1102 18:28:37.991861 Server/E engine.cpp:674] Engine: New message connection
I1102 18:28:37.991883 IO-0/EL  engine.cpp:277] Engine: Receive new handshake message from message connection
I1102 18:28:37.991888 IO-0/EL  worker_manager.cpp:60] WorkerManager: FuncWorker of func_id 1, client_id 242 connected
I1102 18:28:37.991901 IO-0/EL  message_connection.cpp:269] FuncWorkerConnection[1-242]: Handshake done
I1102 18:28:37.992510 Server/E engine.cpp:674] Engine: New message connection
I1102 18:28:37.992536 IO-0/EL  engine.cpp:277] Engine: Receive new handshake message from message connection
I1102 18:28:37.992541 IO-0/EL  worker_manager.cpp:60] WorkerManager: FuncWorker of func_id 1, client_id 243 connected
I1102 18:28:37.992554 IO-0/EL  message_connection.cpp:269] FuncWorkerConnection[1-243]: Handshake done
I1102 18:28:37.992966 Server/E engine.cpp:674] Engine: New message connection
I1102 18:28:37.992989 IO-0/EL  engine.cpp:277] Engine: Receive new handshake message from message connection
I1102 18:28:37.992994 IO-0/EL  worker_manager.cpp:60] WorkerManager: FuncWorker of func_id 1, client_id 244 connected
I1102 18:28:37.993007 IO-0/EL  message_connection.cpp:269] FuncWorkerConnection[1-244]: Handshake done
I1102 18:28:37.993539 Server/E engine.cpp:674] Engine: New message connection
I1102 18:28:37.993563 IO-0/EL  engine.cpp:277] Engine: Receive new handshake message from message connection
I1102 18:28:37.993568 IO-0/EL  worker_manager.cpp:60] WorkerManager: FuncWorker of func_id 1, client_id 245 connected
I1102 18:28:37.993580 IO-0/EL  message_connection.cpp:269] FuncWorkerConnection[1-245]: Handshake done
I1102 18:28:37.994149 Server/E engine.cpp:674] Engine: New message connection
I1102 18:28:37.994173 IO-0/EL  engine.cpp:277] Engine: Receive new handshake message from message connection
I1102 18:28:37.994178 IO-0/EL  worker_manager.cpp:60] WorkerManager: FuncWorker of func_id 1, client_id 246 connected
I1102 18:28:37.994190 IO-0/EL  message_connection.cpp:269] FuncWorkerConnection[1-246]: Handshake done
I1102 18:28:37.994668 Server/E engine.cpp:674] Engine: New message connection
I1102 18:28:37.994697 IO-0/EL  engine.cpp:277] Engine: Receive new handshake message from message connection
I1102 18:28:37.994701 IO-0/EL  worker_manager.cpp:60] WorkerManager: FuncWorker of func_id 1, client_id 247 connected
I1102 18:28:37.994717 IO-0/EL  message_connection.cpp:269] FuncWorkerConnection[1-247]: Handshake done
I1102 18:28:38.013138 Server/E engine.cpp:674] Engine: New message connection
I1102 18:28:38.013161 IO-0/EL  engine.cpp:277] Engine: Receive new handshake message from message connection
I1102 18:28:38.013166 IO-0/EL  worker_manager.cpp:60] WorkerManager: FuncWorker of func_id 1, client_id 248 connected
I1102 18:28:38.013184 IO-0/EL  message_connection.cpp:269] FuncWorkerConnection[1-248]: Handshake done
I1102 18:28:38.013760 Server/E engine.cpp:674] Engine: New message connection
I1102 18:28:38.013788 IO-0/EL  engine.cpp:277] Engine: Receive new handshake message from message connection
I1102 18:28:38.013793 IO-0/EL  worker_manager.cpp:60] WorkerManager: FuncWorker of func_id 1, client_id 249 connected
I1102 18:28:38.013806 IO-0/EL  message_connection.cpp:269] FuncWorkerConnection[1-249]: Handshake done
I1102 18:28:38.014297 Server/E engine.cpp:674] Engine: New message connection
I1102 18:28:38.014318 IO-0/EL  engine.cpp:277] Engine: Receive new handshake message from message connection
I1102 18:28:38.014323 IO-0/EL  worker_manager.cpp:60] WorkerManager: FuncWorker of func_id 1, client_id 250 connected
I1102 18:28:38.014335 IO-0/EL  message_connection.cpp:269] FuncWorkerConnection[1-250]: Handshake done
I1102 18:28:38.016072 Server/E engine.cpp:674] Engine: New message connection
I1102 18:28:38.016121 IO-0/EL  engine.cpp:277] Engine: Receive new handshake message from message connection
I1102 18:28:38.016126 IO-0/EL  worker_manager.cpp:60] WorkerManager: FuncWorker of func_id 1, client_id 252 connected
I1102 18:28:38.016139 IO-0/EL  message_connection.cpp:269] FuncWorkerConnection[1-252]: Handshake done
I1102 18:28:38.016461 Server/E engine.cpp:674] Engine: New message connection
I1102 18:28:38.016485 IO-0/EL  engine.cpp:277] Engine: Receive new handshake message from message connection
I1102 18:28:38.016489 IO-0/EL  worker_manager.cpp:60] WorkerManager: FuncWorker of func_id 1, client_id 251 connected
I1102 18:28:38.016506 IO-0/EL  message_connection.cpp:269] FuncWorkerConnection[1-251]: Handshake done
I1102 18:28:38.016663 Server/E engine.cpp:674] Engine: New message connection
I1102 18:28:38.016683 IO-0/EL  engine.cpp:277] Engine: Receive new handshake message from message connection
I1102 18:28:38.016687 IO-0/EL  worker_manager.cpp:60] WorkerManager: FuncWorker of func_id 1, client_id 254 connected
I1102 18:28:38.016700 IO-0/EL  message_connection.cpp:269] FuncWorkerConnection[1-254]: Handshake done
I1102 18:28:38.016768 Server/E engine.cpp:674] Engine: New message connection
I1102 18:28:38.016798 IO-0/EL  engine.cpp:277] Engine: Receive new handshake message from message connection
I1102 18:28:38.016803 IO-0/EL  worker_manager.cpp:60] WorkerManager: FuncWorker of func_id 1, client_id 253 connected
I1102 18:28:38.016816 IO-0/EL  message_connection.cpp:269] FuncWorkerConnection[1-253]: Handshake done
I1102 18:28:38.017767 Server/E engine.cpp:674] Engine: New message connection
I1102 18:28:38.017789 IO-0/EL  engine.cpp:277] Engine: Receive new handshake message from message connection
I1102 18:28:38.017794 IO-0/EL  worker_manager.cpp:60] WorkerManager: FuncWorker of func_id 1, client_id 256 connected
I1102 18:28:38.017807 IO-0/EL  message_connection.cpp:269] FuncWorkerConnection[1-256]: Handshake done
I1102 18:28:38.019147 Server/E engine.cpp:674] Engine: New message connection
I1102 18:28:38.019173 IO-0/EL  engine.cpp:277] Engine: Receive new handshake message from message connection
I1102 18:28:38.019178 IO-0/EL  worker_manager.cpp:60] WorkerManager: FuncWorker of func_id 1, client_id 255 connected
I1102 18:28:38.019196 IO-0/EL  message_connection.cpp:269] FuncWorkerConnection[1-255]: Handshake done
I1102 18:28:41.029776 IO-0/EL  buffer_pool.h:25] BufferPool[IO-0_Write]: Allocate new buffer, current buffer count is 5
I1102 18:28:41.029797 IO-0/EL  buffer_pool.h:25] BufferPool[IO-0_Write]: Allocate new buffer, current buffer count is 6
I1102 18:28:41.029803 IO-0/EL  buffer_pool.h:25] BufferPool[IO-0_Write]: Allocate new buffer, current buffer count is 7
I1102 18:28:41.029811 IO-0/EL  buffer_pool.h:25] BufferPool[IO-0_Write]: Allocate new buffer, current buffer count is 8
I1102 18:28:41.029819 IO-0/EL  buffer_pool.h:25] BufferPool[IO-0_Write]: Allocate new buffer, current buffer count is 9
I1102 18:28:41.029826 IO-0/EL  buffer_pool.h:25] BufferPool[IO-0_Write]: Allocate new buffer, current buffer count is 10
I1102 18:28:41.685790 IO-0/EL  buffer_pool.h:25] BufferPool[IO-0_Write]: Allocate new buffer, current buffer count is 11
I1102 18:28:41.685816 IO-0/EL  buffer_pool.h:25] BufferPool[IO-0_Write]: Allocate new buffer, current buffer count is 12
I1102 18:28:41.685827 IO-0/EL  buffer_pool.h:25] BufferPool[IO-0_Write]: Allocate new buffer, current buffer count is 13
I1102 18:28:41.685835 IO-0/EL  buffer_pool.h:25] BufferPool[IO-0_Write]: Allocate new buffer, current buffer count is 14
I1102 18:28:41.685849 IO-0/EL  buffer_pool.h:25] BufferPool[IO-0_Write]: Allocate new buffer, current buffer count is 15
I1102 18:28:41.685857 IO-0/EL  buffer_pool.h:25] BufferPool[IO-0_Write]: Allocate new buffer, current buffer count is 16
I1102 18:28:41.685870 IO-0/EL  buffer_pool.h:25] BufferPool[IO-0_Write]: Allocate new buffer, current buffer count is 17
I1102 18:28:41.685879 IO-0/EL  buffer_pool.h:25] BufferPool[IO-0_Write]: Allocate new buffer, current buffer count is 18
I1102 18:28:41.685891 IO-0/EL  buffer_pool.h:25] BufferPool[IO-0_Write]: Allocate new buffer, current buffer count is 19
I1102 18:28:41.685903 IO-0/EL  buffer_pool.h:25] BufferPool[IO-0_Write]: Allocate new buffer, current buffer count is 20
I1102 18:28:41.685916 IO-0/EL  buffer_pool.h:25] BufferPool[IO-0_Write]: Allocate new buffer, current buffer count is 21
I1102 18:28:41.685927 IO-0/EL  buffer_pool.h:25] BufferPool[IO-0_Write]: Allocate new buffer, current buffer count is 22
I1102 18:28:41.685936 IO-0/EL  buffer_pool.h:25] BufferPool[IO-0_Write]: Allocate new buffer, current buffer count is 23
I1102 18:28:41.685949 IO-0/EL  buffer_pool.h:25] BufferPool[IO-0_Write]: Allocate new buffer, current buffer count is 24
I1102 18:28:42.997826 IO-0/EL  buffer_pool.h:25] BufferPool[IO-0_Write]: Allocate new buffer, current buffer count is 25
I1102 18:28:42.997847 IO-0/EL  buffer_pool.h:25] BufferPool[IO-0_Write]: Allocate new buffer, current buffer count is 26
I1102 18:28:42.997857 IO-0/EL  buffer_pool.h:25] BufferPool[IO-0_Write]: Allocate new buffer, current buffer count is 27
I1102 18:28:42.997870 IO-0/EL  buffer_pool.h:25] BufferPool[IO-0_Write]: Allocate new buffer, current buffer count is 28
I1102 18:28:42.997883 IO-0/EL  buffer_pool.h:25] BufferPool[IO-0_Write]: Allocate new buffer, current buffer count is 29
I1102 18:28:42.997896 IO-0/EL  buffer_pool.h:25] BufferPool[IO-0_Write]: Allocate new buffer, current buffer count is 30
I1102 18:28:42.997906 IO-0/EL  buffer_pool.h:25] BufferPool[IO-0_Write]: Allocate new buffer, current buffer count is 31
I1102 18:28:42.997918 IO-0/EL  buffer_pool.h:25] BufferPool[IO-0_Write]: Allocate new buffer, current buffer count is 32
I1102 18:28:42.997930 IO-0/EL  buffer_pool.h:25] BufferPool[IO-0_Write]: Allocate new buffer, current buffer count is 33
I1102 18:28:42.997943 IO-0/EL  buffer_pool.h:25] BufferPool[IO-0_Write]: Allocate new buffer, current buffer count is 34
I1102 18:28:42.997953 IO-0/EL  buffer_pool.h:25] BufferPool[IO-0_Write]: Allocate new buffer, current buffer count is 35
I1102 18:28:42.997962 IO-0/EL  buffer_pool.h:25] BufferPool[IO-0_Write]: Allocate new buffer, current buffer count is 36
I1102 18:28:42.997975 IO-0/EL  buffer_pool.h:25] BufferPool[IO-0_Write]: Allocate new buffer, current buffer count is 37
I1102 18:28:42.997987 IO-0/EL  buffer_pool.h:25] BufferPool[IO-0_Write]: Allocate new buffer, current buffer count is 38
I1102 18:28:42.998001 IO-0/EL  buffer_pool.h:25] BufferPool[IO-0_Write]: Allocate new buffer, current buffer count is 39
I1102 18:28:42.998011 IO-0/EL  buffer_pool.h:25] BufferPool[IO-0_Write]: Allocate new buffer, current buffer count is 40
I1102 18:28:42.998024 IO-0/EL  buffer_pool.h:25] BufferPool[IO-0_Write]: Allocate new buffer, current buffer count is 41
I1102 18:28:42.998034 IO-0/EL  buffer_pool.h:25] BufferPool[IO-0_Write]: Allocate new buffer, current buffer count is 42
I1102 18:28:45.407120 Main     server_base.cpp:35] Server: Scheduled to stop
I1102 18:28:45.407230 Server/E server_base.cpp:109] Server: Start stopping process
I1102 18:28:45.407300 IO-0/EL  io_worker.cpp:206] IO-0: Start stopping process
I1102 18:28:45.407359 Server/E server_base.cpp:55] Server: Event loop finishes
