I1102 19:13:55.758953 Main     thread.cpp:100] Register main thread: tid=1404412
E1102 19:13:55.761069 Main     docker.cpp:59] Cannot find docker's cgroup in /proc/self/cgroup
I1102 19:13:55.761131 Main     func_config.cpp:135] Load configuration for function Echo[1]
I1102 19:13:55.761142 Main     engine.cpp:109] Engine: Start 1 IO workers
I1102 19:13:55.764386 IO-0/EL  thread.cpp:40] Start thread: IO-0/EL
I1102 19:13:55.764434 IO-0/EL  io_worker.cpp:192] IO-0: Event loop starts
Checking for file descriptor...
Got a file descriptor!
I1102 19:13:57.368672 Main     engine.cpp:180] Engine: Created 1 Machnet connections to Gateway at 10.10.1.2:10007
I1102 19:13:57.368809 Main     engine.cpp:208] Engine: Listen on /dev/shm/faas_ipc/engine.sock for IPC connections
I1102 19:13:57.369119 Server/E thread.cpp:40] Start thread: Server/EL
I1102 19:13:57.369255 Server/E server_base.cpp:50] Server: Event loop starts
I1102 19:13:57.760642 Server/E engine.cpp:674] Engine: New message connection
I1102 19:13:57.763884 IO-0/EL  buffer_pool.h:25] BufferPool[IO-0_Read]: Allocate new buffer, current buffer count is 1
I1102 19:13:57.763919 IO-0/EL  engine.cpp:277] Engine: Receive new handshake message from message connection
I1102 19:13:57.763925 IO-0/EL  worker_manager.cpp:23] WorkerManager: Launcher of func_id 1 connected
I1102 19:13:57.763929 IO-0/EL  worker_manager.cpp:131] WorkerManager: Request new FuncWorker for func_id 1 with client_id 1
I1102 19:13:57.763950 IO-0/EL  worker_manager.cpp:131] WorkerManager: Request new FuncWorker for func_id 1 with client_id 2
I1102 19:13:57.763962 IO-0/EL  worker_manager.cpp:131] WorkerManager: Request new FuncWorker for func_id 1 with client_id 3
I1102 19:13:57.763972 IO-0/EL  worker_manager.cpp:131] WorkerManager: Request new FuncWorker for func_id 1 with client_id 4
I1102 19:13:57.763981 IO-0/EL  worker_manager.cpp:131] WorkerManager: Request new FuncWorker for func_id 1 with client_id 5
I1102 19:13:57.763990 IO-0/EL  worker_manager.cpp:131] WorkerManager: Request new FuncWorker for func_id 1 with client_id 6
I1102 19:13:57.764002 IO-0/EL  worker_manager.cpp:131] WorkerManager: Request new FuncWorker for func_id 1 with client_id 7
I1102 19:13:57.764011 IO-0/EL  worker_manager.cpp:131] WorkerManager: Request new FuncWorker for func_id 1 with client_id 8
I1102 19:13:57.764024 IO-0/EL  worker_manager.cpp:131] WorkerManager: Request new FuncWorker for func_id 1 with client_id 9
I1102 19:13:57.764033 IO-0/EL  worker_manager.cpp:131] WorkerManager: Request new FuncWorker for func_id 1 with client_id 10
I1102 19:13:57.764045 IO-0/EL  worker_manager.cpp:131] WorkerManager: Request new FuncWorker for func_id 1 with client_id 11
I1102 19:13:57.764054 IO-0/EL  worker_manager.cpp:131] WorkerManager: Request new FuncWorker for func_id 1 with client_id 12
I1102 19:13:57.764066 IO-0/EL  worker_manager.cpp:131] WorkerManager: Request new FuncWorker for func_id 1 with client_id 13
I1102 19:13:57.764075 IO-0/EL  worker_manager.cpp:131] WorkerManager: Request new FuncWorker for func_id 1 with client_id 14
I1102 19:13:57.764084 IO-0/EL  worker_manager.cpp:131] WorkerManager: Request new FuncWorker for func_id 1 with client_id 15
I1102 19:13:57.764095 IO-0/EL  worker_manager.cpp:131] WorkerManager: Request new FuncWorker for func_id 1 with client_id 16
I1102 19:13:57.764104 IO-0/EL  worker_manager.cpp:131] WorkerManager: Request new FuncWorker for func_id 1 with client_id 17
I1102 19:13:57.764125 IO-0/EL  worker_manager.cpp:131] WorkerManager: Request new FuncWorker for func_id 1 with client_id 18
I1102 19:13:57.764135 IO-0/EL  worker_manager.cpp:131] WorkerManager: Request new FuncWorker for func_id 1 with client_id 19
I1102 19:13:57.764146 IO-0/EL  worker_manager.cpp:131] WorkerManager: Request new FuncWorker for func_id 1 with client_id 20
I1102 19:13:57.764158 IO-0/EL  worker_manager.cpp:131] WorkerManager: Request new FuncWorker for func_id 1 with client_id 21
I1102 19:13:57.764168 IO-0/EL  worker_manager.cpp:131] WorkerManager: Request new FuncWorker for func_id 1 with client_id 22
I1102 19:13:57.764177 IO-0/EL  worker_manager.cpp:131] WorkerManager: Request new FuncWorker for func_id 1 with client_id 23
I1102 19:13:57.764204 IO-0/EL  worker_manager.cpp:131] WorkerManager: Request new FuncWorker for func_id 1 with client_id 24
I1102 19:13:57.764214 IO-0/EL  worker_manager.cpp:131] WorkerManager: Request new FuncWorker for func_id 1 with client_id 25
I1102 19:13:57.764223 IO-0/EL  worker_manager.cpp:131] WorkerManager: Request new FuncWorker for func_id 1 with client_id 26
I1102 19:13:57.764233 IO-0/EL  worker_manager.cpp:131] WorkerManager: Request new FuncWorker for func_id 1 with client_id 27
I1102 19:13:57.764245 IO-0/EL  worker_manager.cpp:131] WorkerManager: Request new FuncWorker for func_id 1 with client_id 28
I1102 19:13:57.764255 IO-0/EL  worker_manager.cpp:131] WorkerManager: Request new FuncWorker for func_id 1 with client_id 29
I1102 19:13:57.764264 IO-0/EL  worker_manager.cpp:131] WorkerManager: Request new FuncWorker for func_id 1 with client_id 30
I1102 19:13:57.764275 IO-0/EL  worker_manager.cpp:131] WorkerManager: Request new FuncWorker for func_id 1 with client_id 31
I1102 19:13:57.764285 IO-0/EL  worker_manager.cpp:131] WorkerManager: Request new FuncWorker for func_id 1 with client_id 32
I1102 19:13:57.764294 IO-0/EL  worker_manager.cpp:131] WorkerManager: Request new FuncWorker for func_id 1 with client_id 33
I1102 19:13:57.764328 IO-0/EL  worker_manager.cpp:131] WorkerManager: Request new FuncWorker for func_id 1 with client_id 34
I1102 19:13:57.764338 IO-0/EL  worker_manager.cpp:131] WorkerManager: Request new FuncWorker for func_id 1 with client_id 35
I1102 19:13:57.764351 IO-0/EL  worker_manager.cpp:131] WorkerManager: Request new FuncWorker for func_id 1 with client_id 36
I1102 19:13:57.764361 IO-0/EL  worker_manager.cpp:131] WorkerManager: Request new FuncWorker for func_id 1 with client_id 37
I1102 19:13:57.764370 IO-0/EL  worker_manager.cpp:131] WorkerManager: Request new FuncWorker for func_id 1 with client_id 38
I1102 19:13:57.764381 IO-0/EL  worker_manager.cpp:131] WorkerManager: Request new FuncWorker for func_id 1 with client_id 39
I1102 19:13:57.764392 IO-0/EL  worker_manager.cpp:131] WorkerManager: Request new FuncWorker for func_id 1 with client_id 40
I1102 19:13:57.764401 IO-0/EL  worker_manager.cpp:131] WorkerManager: Request new FuncWorker for func_id 1 with client_id 41
I1102 19:13:57.764411 IO-0/EL  worker_manager.cpp:131] WorkerManager: Request new FuncWorker for func_id 1 with client_id 42
I1102 19:13:57.764422 IO-0/EL  worker_manager.cpp:131] WorkerManager: Request new FuncWorker for func_id 1 with client_id 43
I1102 19:13:57.764434 IO-0/EL  worker_manager.cpp:131] WorkerManager: Request new FuncWorker for func_id 1 with client_id 44
I1102 19:13:57.764444 IO-0/EL  worker_manager.cpp:131] WorkerManager: Request new FuncWorker for func_id 1 with client_id 45
I1102 19:13:57.764454 IO-0/EL  worker_manager.cpp:131] WorkerManager: Request new FuncWorker for func_id 1 with client_id 46
I1102 19:13:57.764464 IO-0/EL  worker_manager.cpp:131] WorkerManager: Request new FuncWorker for func_id 1 with client_id 47
I1102 19:13:57.764474 IO-0/EL  worker_manager.cpp:131] WorkerManager: Request new FuncWorker for func_id 1 with client_id 48
I1102 19:13:57.764483 IO-0/EL  worker_manager.cpp:131] WorkerManager: Request new FuncWorker for func_id 1 with client_id 49
I1102 19:13:57.764493 IO-0/EL  worker_manager.cpp:131] WorkerManager: Request new FuncWorker for func_id 1 with client_id 50
I1102 19:13:57.764503 IO-0/EL  worker_manager.cpp:131] WorkerManager: Request new FuncWorker for func_id 1 with client_id 51
I1102 19:13:57.764514 IO-0/EL  worker_manager.cpp:131] WorkerManager: Request new FuncWorker for func_id 1 with client_id 52
I1102 19:13:57.764523 IO-0/EL  worker_manager.cpp:131] WorkerManager: Request new FuncWorker for func_id 1 with client_id 53
I1102 19:13:57.764533 IO-0/EL  worker_manager.cpp:131] WorkerManager: Request new FuncWorker for func_id 1 with client_id 54
I1102 19:13:57.764543 IO-0/EL  worker_manager.cpp:131] WorkerManager: Request new FuncWorker for func_id 1 with client_id 55
I1102 19:13:57.764554 IO-0/EL  worker_manager.cpp:131] WorkerManager: Request new FuncWorker for func_id 1 with client_id 56
I1102 19:13:57.764568 IO-0/EL  worker_manager.cpp:131] WorkerManager: Request new FuncWorker for func_id 1 with client_id 57
I1102 19:13:57.764579 IO-0/EL  worker_manager.cpp:131] WorkerManager: Request new FuncWorker for func_id 1 with client_id 58
I1102 19:13:57.764588 IO-0/EL  worker_manager.cpp:131] WorkerManager: Request new FuncWorker for func_id 1 with client_id 59
I1102 19:13:57.764599 IO-0/EL  worker_manager.cpp:131] WorkerManager: Request new FuncWorker for func_id 1 with client_id 60
I1102 19:13:57.764610 IO-0/EL  worker_manager.cpp:131] WorkerManager: Request new FuncWorker for func_id 1 with client_id 61
I1102 19:13:57.764620 IO-0/EL  worker_manager.cpp:131] WorkerManager: Request new FuncWorker for func_id 1 with client_id 62
I1102 19:13:57.764629 IO-0/EL  worker_manager.cpp:131] WorkerManager: Request new FuncWorker for func_id 1 with client_id 63
I1102 19:13:57.764638 IO-0/EL  worker_manager.cpp:131] WorkerManager: Request new FuncWorker for func_id 1 with client_id 64
I1102 19:13:57.764647 IO-0/EL  worker_manager.cpp:131] WorkerManager: Request new FuncWorker for func_id 1 with client_id 65
I1102 19:13:57.764697 IO-0/EL  worker_manager.cpp:131] WorkerManager: Request new FuncWorker for func_id 1 with client_id 66
I1102 19:13:57.764714 IO-0/EL  worker_manager.cpp:131] WorkerManager: Request new FuncWorker for func_id 1 with client_id 67
I1102 19:13:57.764725 IO-0/EL  worker_manager.cpp:131] WorkerManager: Request new FuncWorker for func_id 1 with client_id 68
I1102 19:13:57.764738 IO-0/EL  worker_manager.cpp:131] WorkerManager: Request new FuncWorker for func_id 1 with client_id 69
I1102 19:13:57.764748 IO-0/EL  worker_manager.cpp:131] WorkerManager: Request new FuncWorker for func_id 1 with client_id 70
I1102 19:13:57.764757 IO-0/EL  worker_manager.cpp:131] WorkerManager: Request new FuncWorker for func_id 1 with client_id 71
I1102 19:13:57.764766 IO-0/EL  worker_manager.cpp:131] WorkerManager: Request new FuncWorker for func_id 1 with client_id 72
I1102 19:13:57.764779 IO-0/EL  worker_manager.cpp:131] WorkerManager: Request new FuncWorker for func_id 1 with client_id 73
I1102 19:13:57.764788 IO-0/EL  worker_manager.cpp:131] WorkerManager: Request new FuncWorker for func_id 1 with client_id 74
I1102 19:13:57.764798 IO-0/EL  worker_manager.cpp:131] WorkerManager: Request new FuncWorker for func_id 1 with client_id 75
I1102 19:13:57.764809 IO-0/EL  worker_manager.cpp:131] WorkerManager: Request new FuncWorker for func_id 1 with client_id 76
I1102 19:13:57.764820 IO-0/EL  worker_manager.cpp:131] WorkerManager: Request new FuncWorker for func_id 1 with client_id 77
I1102 19:13:57.764830 IO-0/EL  worker_manager.cpp:131] WorkerManager: Request new FuncWorker for func_id 1 with client_id 78
I1102 19:13:57.764841 IO-0/EL  worker_manager.cpp:131] WorkerManager: Request new FuncWorker for func_id 1 with client_id 79
I1102 19:13:57.764850 IO-0/EL  worker_manager.cpp:131] WorkerManager: Request new FuncWorker for func_id 1 with client_id 80
I1102 19:13:57.764865 IO-0/EL  worker_manager.cpp:131] WorkerManager: Request new FuncWorker for func_id 1 with client_id 81
I1102 19:13:57.764874 IO-0/EL  worker_manager.cpp:131] WorkerManager: Request new FuncWorker for func_id 1 with client_id 82
I1102 19:13:57.764883 IO-0/EL  worker_manager.cpp:131] WorkerManager: Request new FuncWorker for func_id 1 with client_id 83
I1102 19:13:57.764895 IO-0/EL  worker_manager.cpp:131] WorkerManager: Request new FuncWorker for func_id 1 with client_id 84
I1102 19:13:57.764907 IO-0/EL  worker_manager.cpp:131] WorkerManager: Request new FuncWorker for func_id 1 with client_id 85
I1102 19:13:57.764917 IO-0/EL  worker_manager.cpp:131] WorkerManager: Request new FuncWorker for func_id 1 with client_id 86
I1102 19:13:57.764927 IO-0/EL  worker_manager.cpp:131] WorkerManager: Request new FuncWorker for func_id 1 with client_id 87
I1102 19:13:57.764938 IO-0/EL  worker_manager.cpp:131] WorkerManager: Request new FuncWorker for func_id 1 with client_id 88
I1102 19:13:57.764955 IO-0/EL  worker_manager.cpp:131] WorkerManager: Request new FuncWorker for func_id 1 with client_id 89
I1102 19:13:57.764964 IO-0/EL  worker_manager.cpp:131] WorkerManager: Request new FuncWorker for func_id 1 with client_id 90
I1102 19:13:57.764976 IO-0/EL  worker_manager.cpp:131] WorkerManager: Request new FuncWorker for func_id 1 with client_id 91
I1102 19:13:57.764985 IO-0/EL  worker_manager.cpp:131] WorkerManager: Request new FuncWorker for func_id 1 with client_id 92
I1102 19:13:57.764997 IO-0/EL  worker_manager.cpp:131] WorkerManager: Request new FuncWorker for func_id 1 with client_id 93
I1102 19:13:57.765006 IO-0/EL  worker_manager.cpp:131] WorkerManager: Request new FuncWorker for func_id 1 with client_id 94
I1102 19:13:57.765015 IO-0/EL  worker_manager.cpp:131] WorkerManager: Request new FuncWorker for func_id 1 with client_id 95
I1102 19:13:57.765026 IO-0/EL  worker_manager.cpp:131] WorkerManager: Request new FuncWorker for func_id 1 with client_id 96
I1102 19:13:57.765037 IO-0/EL  worker_manager.cpp:131] WorkerManager: Request new FuncWorker for func_id 1 with client_id 97
I1102 19:13:57.765047 IO-0/EL  worker_manager.cpp:131] WorkerManager: Request new FuncWorker for func_id 1 with client_id 98
I1102 19:13:57.765057 IO-0/EL  worker_manager.cpp:131] WorkerManager: Request new FuncWorker for func_id 1 with client_id 99
I1102 19:13:57.765067 IO-0/EL  worker_manager.cpp:131] WorkerManager: Request new FuncWorker for func_id 1 with client_id 100
I1102 19:13:57.765078 IO-0/EL  worker_manager.cpp:131] WorkerManager: Request new FuncWorker for func_id 1 with client_id 101
I1102 19:13:57.765089 IO-0/EL  worker_manager.cpp:131] WorkerManager: Request new FuncWorker for func_id 1 with client_id 102
I1102 19:13:57.765101 IO-0/EL  worker_manager.cpp:131] WorkerManager: Request new FuncWorker for func_id 1 with client_id 103
I1102 19:13:57.765110 IO-0/EL  worker_manager.cpp:131] WorkerManager: Request new FuncWorker for func_id 1 with client_id 104
I1102 19:13:57.765121 IO-0/EL  worker_manager.cpp:131] WorkerManager: Request new FuncWorker for func_id 1 with client_id 105
I1102 19:13:57.765133 IO-0/EL  worker_manager.cpp:131] WorkerManager: Request new FuncWorker for func_id 1 with client_id 106
I1102 19:13:57.765142 IO-0/EL  worker_manager.cpp:131] WorkerManager: Request new FuncWorker for func_id 1 with client_id 107
I1102 19:13:57.765151 IO-0/EL  worker_manager.cpp:131] WorkerManager: Request new FuncWorker for func_id 1 with client_id 108
I1102 19:13:57.765162 IO-0/EL  worker_manager.cpp:131] WorkerManager: Request new FuncWorker for func_id 1 with client_id 109
I1102 19:13:57.765172 IO-0/EL  worker_manager.cpp:131] WorkerManager: Request new FuncWorker for func_id 1 with client_id 110
I1102 19:13:57.765182 IO-0/EL  worker_manager.cpp:131] WorkerManager: Request new FuncWorker for func_id 1 with client_id 111
I1102 19:13:57.765192 IO-0/EL  worker_manager.cpp:131] WorkerManager: Request new FuncWorker for func_id 1 with client_id 112
I1102 19:13:57.765204 IO-0/EL  worker_manager.cpp:131] WorkerManager: Request new FuncWorker for func_id 1 with client_id 113
I1102 19:13:57.765215 IO-0/EL  worker_manager.cpp:131] WorkerManager: Request new FuncWorker for func_id 1 with client_id 114
I1102 19:13:57.765225 IO-0/EL  worker_manager.cpp:131] WorkerManager: Request new FuncWorker for func_id 1 with client_id 115
I1102 19:13:57.765235 IO-0/EL  worker_manager.cpp:131] WorkerManager: Request new FuncWorker for func_id 1 with client_id 116
I1102 19:13:57.765246 IO-0/EL  worker_manager.cpp:131] WorkerManager: Request new FuncWorker for func_id 1 with client_id 117
I1102 19:13:57.765257 IO-0/EL  worker_manager.cpp:131] WorkerManager: Request new FuncWorker for func_id 1 with client_id 118
I1102 19:13:57.765267 IO-0/EL  worker_manager.cpp:131] WorkerManager: Request new FuncWorker for func_id 1 with client_id 119
I1102 19:13:57.765276 IO-0/EL  worker_manager.cpp:131] WorkerManager: Request new FuncWorker for func_id 1 with client_id 120
I1102 19:13:57.765290 IO-0/EL  worker_manager.cpp:131] WorkerManager: Request new FuncWorker for func_id 1 with client_id 121
I1102 19:13:57.765304 IO-0/EL  worker_manager.cpp:131] WorkerManager: Request new FuncWorker for func_id 1 with client_id 122
I1102 19:13:57.765314 IO-0/EL  worker_manager.cpp:131] WorkerManager: Request new FuncWorker for func_id 1 with client_id 123
I1102 19:13:57.765324 IO-0/EL  worker_manager.cpp:131] WorkerManager: Request new FuncWorker for func_id 1 with client_id 124
I1102 19:13:57.765336 IO-0/EL  worker_manager.cpp:131] WorkerManager: Request new FuncWorker for func_id 1 with client_id 125
I1102 19:13:57.765347 IO-0/EL  worker_manager.cpp:131] WorkerManager: Request new FuncWorker for func_id 1 with client_id 126
I1102 19:13:57.765358 IO-0/EL  worker_manager.cpp:131] WorkerManager: Request new FuncWorker for func_id 1 with client_id 127
I1102 19:13:57.765367 IO-0/EL  worker_manager.cpp:131] WorkerManager: Request new FuncWorker for func_id 1 with client_id 128
I1102 19:13:57.765380 IO-0/EL  worker_manager.cpp:131] WorkerManager: Request new FuncWorker for func_id 1 with client_id 129
I1102 19:13:57.765476 IO-0/EL  worker_manager.cpp:131] WorkerManager: Request new FuncWorker for func_id 1 with client_id 130
I1102 19:13:57.765487 IO-0/EL  worker_manager.cpp:131] WorkerManager: Request new FuncWorker for func_id 1 with client_id 131
I1102 19:13:57.765496 IO-0/EL  worker_manager.cpp:131] WorkerManager: Request new FuncWorker for func_id 1 with client_id 132
I1102 19:13:57.765509 IO-0/EL  worker_manager.cpp:131] WorkerManager: Request new FuncWorker for func_id 1 with client_id 133
I1102 19:13:57.765519 IO-0/EL  worker_manager.cpp:131] WorkerManager: Request new FuncWorker for func_id 1 with client_id 134
I1102 19:13:57.765528 IO-0/EL  worker_manager.cpp:131] WorkerManager: Request new FuncWorker for func_id 1 with client_id 135
I1102 19:13:57.765539 IO-0/EL  worker_manager.cpp:131] WorkerManager: Request new FuncWorker for func_id 1 with client_id 136
I1102 19:13:57.765550 IO-0/EL  worker_manager.cpp:131] WorkerManager: Request new FuncWorker for func_id 1 with client_id 137
I1102 19:13:57.765559 IO-0/EL  worker_manager.cpp:131] WorkerManager: Request new FuncWorker for func_id 1 with client_id 138
I1102 19:13:57.765569 IO-0/EL  worker_manager.cpp:131] WorkerManager: Request new FuncWorker for func_id 1 with client_id 139
I1102 19:13:57.765578 IO-0/EL  worker_manager.cpp:131] WorkerManager: Request new FuncWorker for func_id 1 with client_id 140
I1102 19:13:57.765590 IO-0/EL  worker_manager.cpp:131] WorkerManager: Request new FuncWorker for func_id 1 with client_id 141
I1102 19:13:57.765600 IO-0/EL  worker_manager.cpp:131] WorkerManager: Request new FuncWorker for func_id 1 with client_id 142
I1102 19:13:57.765610 IO-0/EL  worker_manager.cpp:131] WorkerManager: Request new FuncWorker for func_id 1 with client_id 143
I1102 19:13:57.765622 IO-0/EL  worker_manager.cpp:131] WorkerManager: Request new FuncWorker for func_id 1 with client_id 144
I1102 19:13:57.765632 IO-0/EL  worker_manager.cpp:131] WorkerManager: Request new FuncWorker for func_id 1 with client_id 145
I1102 19:13:57.765642 IO-0/EL  worker_manager.cpp:131] WorkerManager: Request new FuncWorker for func_id 1 with client_id 146
I1102 19:13:57.765652 IO-0/EL  worker_manager.cpp:131] WorkerManager: Request new FuncWorker for func_id 1 with client_id 147
I1102 19:13:57.765663 IO-0/EL  worker_manager.cpp:131] WorkerManager: Request new FuncWorker for func_id 1 with client_id 148
I1102 19:13:57.765674 IO-0/EL  worker_manager.cpp:131] WorkerManager: Request new FuncWorker for func_id 1 with client_id 149
I1102 19:13:57.765683 IO-0/EL  worker_manager.cpp:131] WorkerManager: Request new FuncWorker for func_id 1 with client_id 150
I1102 19:13:57.765694 IO-0/EL  worker_manager.cpp:131] WorkerManager: Request new FuncWorker for func_id 1 with client_id 151
I1102 19:13:57.765704 IO-0/EL  worker_manager.cpp:131] WorkerManager: Request new FuncWorker for func_id 1 with client_id 152
I1102 19:13:57.765720 IO-0/EL  worker_manager.cpp:131] WorkerManager: Request new FuncWorker for func_id 1 with client_id 153
I1102 19:13:57.765735 IO-0/EL  worker_manager.cpp:131] WorkerManager: Request new FuncWorker for func_id 1 with client_id 154
I1102 19:13:57.765745 IO-0/EL  worker_manager.cpp:131] WorkerManager: Request new FuncWorker for func_id 1 with client_id 155
I1102 19:13:57.765756 IO-0/EL  worker_manager.cpp:131] WorkerManager: Request new FuncWorker for func_id 1 with client_id 156
I1102 19:13:57.765768 IO-0/EL  worker_manager.cpp:131] WorkerManager: Request new FuncWorker for func_id 1 with client_id 157
I1102 19:13:57.765777 IO-0/EL  worker_manager.cpp:131] WorkerManager: Request new FuncWorker for func_id 1 with client_id 158
I1102 19:13:57.765788 IO-0/EL  worker_manager.cpp:131] WorkerManager: Request new FuncWorker for func_id 1 with client_id 159
I1102 19:13:57.765797 IO-0/EL  worker_manager.cpp:131] WorkerManager: Request new FuncWorker for func_id 1 with client_id 160
I1102 19:13:57.765808 IO-0/EL  worker_manager.cpp:131] WorkerManager: Request new FuncWorker for func_id 1 with client_id 161
I1102 19:13:57.765817 IO-0/EL  worker_manager.cpp:131] WorkerManager: Request new FuncWorker for func_id 1 with client_id 162
I1102 19:13:57.765829 IO-0/EL  worker_manager.cpp:131] WorkerManager: Request new FuncWorker for func_id 1 with client_id 163
I1102 19:13:57.765839 IO-0/EL  worker_manager.cpp:131] WorkerManager: Request new FuncWorker for func_id 1 with client_id 164
I1102 19:13:57.765850 IO-0/EL  worker_manager.cpp:131] WorkerManager: Request new FuncWorker for func_id 1 with client_id 165
I1102 19:13:57.765861 IO-0/EL  worker_manager.cpp:131] WorkerManager: Request new FuncWorker for func_id 1 with client_id 166
I1102 19:13:57.765870 IO-0/EL  worker_manager.cpp:131] WorkerManager: Request new FuncWorker for func_id 1 with client_id 167
I1102 19:13:57.765879 IO-0/EL  worker_manager.cpp:131] WorkerManager: Request new FuncWorker for func_id 1 with client_id 168
I1102 19:13:57.765891 IO-0/EL  worker_manager.cpp:131] WorkerManager: Request new FuncWorker for func_id 1 with client_id 169
I1102 19:13:57.765900 IO-0/EL  worker_manager.cpp:131] WorkerManager: Request new FuncWorker for func_id 1 with client_id 170
I1102 19:13:57.765911 IO-0/EL  worker_manager.cpp:131] WorkerManager: Request new FuncWorker for func_id 1 with client_id 171
I1102 19:13:57.765921 IO-0/EL  worker_manager.cpp:131] WorkerManager: Request new FuncWorker for func_id 1 with client_id 172
I1102 19:13:57.765932 IO-0/EL  worker_manager.cpp:131] WorkerManager: Request new FuncWorker for func_id 1 with client_id 173
I1102 19:13:57.765942 IO-0/EL  worker_manager.cpp:131] WorkerManager: Request new FuncWorker for func_id 1 with client_id 174
I1102 19:13:57.765953 IO-0/EL  worker_manager.cpp:131] WorkerManager: Request new FuncWorker for func_id 1 with client_id 175
I1102 19:13:57.765962 IO-0/EL  worker_manager.cpp:131] WorkerManager: Request new FuncWorker for func_id 1 with client_id 176
I1102 19:13:57.765973 IO-0/EL  worker_manager.cpp:131] WorkerManager: Request new FuncWorker for func_id 1 with client_id 177
I1102 19:13:57.765983 IO-0/EL  worker_manager.cpp:131] WorkerManager: Request new FuncWorker for func_id 1 with client_id 178
I1102 19:13:57.765993 IO-0/EL  worker_manager.cpp:131] WorkerManager: Request new FuncWorker for func_id 1 with client_id 179
I1102 19:13:57.766002 IO-0/EL  worker_manager.cpp:131] WorkerManager: Request new FuncWorker for func_id 1 with client_id 180
I1102 19:13:57.766014 IO-0/EL  worker_manager.cpp:131] WorkerManager: Request new FuncWorker for func_id 1 with client_id 181
I1102 19:13:57.766024 IO-0/EL  worker_manager.cpp:131] WorkerManager: Request new FuncWorker for func_id 1 with client_id 182
I1102 19:13:57.766033 IO-0/EL  worker_manager.cpp:131] WorkerManager: Request new FuncWorker for func_id 1 with client_id 183
I1102 19:13:57.766043 IO-0/EL  worker_manager.cpp:131] WorkerManager: Request new FuncWorker for func_id 1 with client_id 184
I1102 19:13:57.766055 IO-0/EL  worker_manager.cpp:131] WorkerManager: Request new FuncWorker for func_id 1 with client_id 185
I1102 19:13:57.766066 IO-0/EL  worker_manager.cpp:131] WorkerManager: Request new FuncWorker for func_id 1 with client_id 186
I1102 19:13:57.766080 IO-0/EL  worker_manager.cpp:131] WorkerManager: Request new FuncWorker for func_id 1 with client_id 187
I1102 19:13:57.766089 IO-0/EL  worker_manager.cpp:131] WorkerManager: Request new FuncWorker for func_id 1 with client_id 188
I1102 19:13:57.766103 IO-0/EL  worker_manager.cpp:131] WorkerManager: Request new FuncWorker for func_id 1 with client_id 189
I1102 19:13:57.766113 IO-0/EL  worker_manager.cpp:131] WorkerManager: Request new FuncWorker for func_id 1 with client_id 190
I1102 19:13:57.766122 IO-0/EL  worker_manager.cpp:131] WorkerManager: Request new FuncWorker for func_id 1 with client_id 191
I1102 19:13:57.766132 IO-0/EL  worker_manager.cpp:131] WorkerManager: Request new FuncWorker for func_id 1 with client_id 192
I1102 19:13:57.766144 IO-0/EL  worker_manager.cpp:131] WorkerManager: Request new FuncWorker for func_id 1 with client_id 193
I1102 19:13:57.766154 IO-0/EL  worker_manager.cpp:131] WorkerManager: Request new FuncWorker for func_id 1 with client_id 194
I1102 19:13:57.766163 IO-0/EL  worker_manager.cpp:131] WorkerManager: Request new FuncWorker for func_id 1 with client_id 195
I1102 19:13:57.766173 IO-0/EL  worker_manager.cpp:131] WorkerManager: Request new FuncWorker for func_id 1 with client_id 196
I1102 19:13:57.766185 IO-0/EL  worker_manager.cpp:131] WorkerManager: Request new FuncWorker for func_id 1 with client_id 197
I1102 19:13:57.766194 IO-0/EL  worker_manager.cpp:131] WorkerManager: Request new FuncWorker for func_id 1 with client_id 198
I1102 19:13:57.766204 IO-0/EL  worker_manager.cpp:131] WorkerManager: Request new FuncWorker for func_id 1 with client_id 199
I1102 19:13:57.766213 IO-0/EL  worker_manager.cpp:131] WorkerManager: Request new FuncWorker for func_id 1 with client_id 200
I1102 19:13:57.766226 IO-0/EL  worker_manager.cpp:131] WorkerManager: Request new FuncWorker for func_id 1 with client_id 201
I1102 19:13:57.766235 IO-0/EL  worker_manager.cpp:131] WorkerManager: Request new FuncWorker for func_id 1 with client_id 202
I1102 19:13:57.766244 IO-0/EL  worker_manager.cpp:131] WorkerManager: Request new FuncWorker for func_id 1 with client_id 203
I1102 19:13:57.766254 IO-0/EL  worker_manager.cpp:131] WorkerManager: Request new FuncWorker for func_id 1 with client_id 204
I1102 19:13:57.766266 IO-0/EL  worker_manager.cpp:131] WorkerManager: Request new FuncWorker for func_id 1 with client_id 205
I1102 19:13:57.766275 IO-0/EL  worker_manager.cpp:131] WorkerManager: Request new FuncWorker for func_id 1 with client_id 206
I1102 19:13:57.766284 IO-0/EL  worker_manager.cpp:131] WorkerManager: Request new FuncWorker for func_id 1 with client_id 207
I1102 19:13:57.766295 IO-0/EL  worker_manager.cpp:131] WorkerManager: Request new FuncWorker for func_id 1 with client_id 208
I1102 19:13:57.766306 IO-0/EL  worker_manager.cpp:131] WorkerManager: Request new FuncWorker for func_id 1 with client_id 209
I1102 19:13:57.766315 IO-0/EL  worker_manager.cpp:131] WorkerManager: Request new FuncWorker for func_id 1 with client_id 210
I1102 19:13:57.766327 IO-0/EL  worker_manager.cpp:131] WorkerManager: Request new FuncWorker for func_id 1 with client_id 211
I1102 19:13:57.766337 IO-0/EL  worker_manager.cpp:131] WorkerManager: Request new FuncWorker for func_id 1 with client_id 212
I1102 19:13:57.766347 IO-0/EL  worker_manager.cpp:131] WorkerManager: Request new FuncWorker for func_id 1 with client_id 213
I1102 19:13:57.766357 IO-0/EL  worker_manager.cpp:131] WorkerManager: Request new FuncWorker for func_id 1 with client_id 214
I1102 19:13:57.766366 IO-0/EL  worker_manager.cpp:131] WorkerManager: Request new FuncWorker for func_id 1 with client_id 215
I1102 19:13:57.766377 IO-0/EL  worker_manager.cpp:131] WorkerManager: Request new FuncWorker for func_id 1 with client_id 216
I1102 19:13:57.766388 IO-0/EL  worker_manager.cpp:131] WorkerManager: Request new FuncWorker for func_id 1 with client_id 217
I1102 19:13:57.766398 IO-0/EL  worker_manager.cpp:131] WorkerManager: Request new FuncWorker for func_id 1 with client_id 218
I1102 19:13:57.766414 IO-0/EL  worker_manager.cpp:131] WorkerManager: Request new FuncWorker for func_id 1 with client_id 219
I1102 19:13:57.766423 IO-0/EL  worker_manager.cpp:131] WorkerManager: Request new FuncWorker for func_id 1 with client_id 220
I1102 19:13:57.766435 IO-0/EL  worker_manager.cpp:131] WorkerManager: Request new FuncWorker for func_id 1 with client_id 221
I1102 19:13:57.766444 IO-0/EL  worker_manager.cpp:131] WorkerManager: Request new FuncWorker for func_id 1 with client_id 222
I1102 19:13:57.766463 IO-0/EL  worker_manager.cpp:131] WorkerManager: Request new FuncWorker for func_id 1 with client_id 223
I1102 19:13:57.766473 IO-0/EL  worker_manager.cpp:131] WorkerManager: Request new FuncWorker for func_id 1 with client_id 224
I1102 19:13:57.766484 IO-0/EL  worker_manager.cpp:131] WorkerManager: Request new FuncWorker for func_id 1 with client_id 225
I1102 19:13:57.766495 IO-0/EL  worker_manager.cpp:131] WorkerManager: Request new FuncWorker for func_id 1 with client_id 226
I1102 19:13:57.766504 IO-0/EL  worker_manager.cpp:131] WorkerManager: Request new FuncWorker for func_id 1 with client_id 227
I1102 19:13:57.766513 IO-0/EL  worker_manager.cpp:131] WorkerManager: Request new FuncWorker for func_id 1 with client_id 228
I1102 19:13:57.766525 IO-0/EL  worker_manager.cpp:131] WorkerManager: Request new FuncWorker for func_id 1 with client_id 229
I1102 19:13:57.766534 IO-0/EL  worker_manager.cpp:131] WorkerManager: Request new FuncWorker for func_id 1 with client_id 230
I1102 19:13:57.766545 IO-0/EL  worker_manager.cpp:131] WorkerManager: Request new FuncWorker for func_id 1 with client_id 231
I1102 19:13:57.766554 IO-0/EL  worker_manager.cpp:131] WorkerManager: Request new FuncWorker for func_id 1 with client_id 232
I1102 19:13:57.766565 IO-0/EL  worker_manager.cpp:131] WorkerManager: Request new FuncWorker for func_id 1 with client_id 233
I1102 19:13:57.766576 IO-0/EL  worker_manager.cpp:131] WorkerManager: Request new FuncWorker for func_id 1 with client_id 234
I1102 19:13:57.766585 IO-0/EL  worker_manager.cpp:131] WorkerManager: Request new FuncWorker for func_id 1 with client_id 235
I1102 19:13:57.766595 IO-0/EL  worker_manager.cpp:131] WorkerManager: Request new FuncWorker for func_id 1 with client_id 236
I1102 19:13:57.766607 IO-0/EL  worker_manager.cpp:131] WorkerManager: Request new FuncWorker for func_id 1 with client_id 237
I1102 19:13:57.766618 IO-0/EL  worker_manager.cpp:131] WorkerManager: Request new FuncWorker for func_id 1 with client_id 238
I1102 19:13:57.766628 IO-0/EL  worker_manager.cpp:131] WorkerManager: Request new FuncWorker for func_id 1 with client_id 239
I1102 19:13:57.766636 IO-0/EL  worker_manager.cpp:131] WorkerManager: Request new FuncWorker for func_id 1 with client_id 240
I1102 19:13:57.766649 IO-0/EL  worker_manager.cpp:131] WorkerManager: Request new FuncWorker for func_id 1 with client_id 241
I1102 19:13:57.766659 IO-0/EL  worker_manager.cpp:131] WorkerManager: Request new FuncWorker for func_id 1 with client_id 242
I1102 19:13:57.766673 IO-0/EL  worker_manager.cpp:131] WorkerManager: Request new FuncWorker for func_id 1 with client_id 243
I1102 19:13:57.766682 IO-0/EL  worker_manager.cpp:131] WorkerManager: Request new FuncWorker for func_id 1 with client_id 244
I1102 19:13:57.766694 IO-0/EL  worker_manager.cpp:131] WorkerManager: Request new FuncWorker for func_id 1 with client_id 245
I1102 19:13:57.766706 IO-0/EL  worker_manager.cpp:131] WorkerManager: Request new FuncWorker for func_id 1 with client_id 246
I1102 19:13:57.766719 IO-0/EL  worker_manager.cpp:131] WorkerManager: Request new FuncWorker for func_id 1 with client_id 247
I1102 19:13:57.766729 IO-0/EL  worker_manager.cpp:131] WorkerManager: Request new FuncWorker for func_id 1 with client_id 248
I1102 19:13:57.766742 IO-0/EL  worker_manager.cpp:131] WorkerManager: Request new FuncWorker for func_id 1 with client_id 249
I1102 19:13:57.766751 IO-0/EL  worker_manager.cpp:131] WorkerManager: Request new FuncWorker for func_id 1 with client_id 250
I1102 19:13:57.766760 IO-0/EL  worker_manager.cpp:131] WorkerManager: Request new FuncWorker for func_id 1 with client_id 251
I1102 19:13:57.766774 IO-0/EL  worker_manager.cpp:131] WorkerManager: Request new FuncWorker for func_id 1 with client_id 252
I1102 19:13:57.766787 IO-0/EL  worker_manager.cpp:131] WorkerManager: Request new FuncWorker for func_id 1 with client_id 253
I1102 19:13:57.766797 IO-0/EL  worker_manager.cpp:131] WorkerManager: Request new FuncWorker for func_id 1 with client_id 254
I1102 19:13:57.766806 IO-0/EL  worker_manager.cpp:131] WorkerManager: Request new FuncWorker for func_id 1 with client_id 255
I1102 19:13:57.766818 IO-0/EL  worker_manager.cpp:131] WorkerManager: Request new FuncWorker for func_id 1 with client_id 256
I1102 19:13:57.766990 IO-0/EL  buffer_pool.h:25] BufferPool[IO-0_Write]: Allocate new buffer, current buffer count is 1
I1102 19:13:57.767023 IO-0/EL  buffer_pool.h:25] BufferPool[IO-0_Write]: Allocate new buffer, current buffer count is 2
I1102 19:13:57.767055 IO-0/EL  buffer_pool.h:25] BufferPool[IO-0_Write]: Allocate new buffer, current buffer count is 3
I1102 19:13:57.767097 IO-0/EL  buffer_pool.h:25] BufferPool[IO-0_Write]: Allocate new buffer, current buffer count is 4
I1102 19:13:57.767134 IO-0/EL  message_connection.cpp:269] LauncherConnection[1]: Handshake done
I1102 19:13:57.771788 Server/E engine.cpp:674] Engine: New message connection
I1102 19:13:57.771823 IO-0/EL  engine.cpp:277] Engine: Receive new handshake message from message connection
I1102 19:13:57.771829 IO-0/EL  worker_manager.cpp:60] WorkerManager: FuncWorker of func_id 1, client_id 2 connected
I1102 19:13:57.771840 IO-0/EL  dispatcher.cpp:47] Dispatcher[1]: min_workers=256
I1102 19:13:57.771844 IO-0/EL  dispatcher.cpp:51] Dispatcher[1]: max_workers=256
I1102 19:13:57.771865 IO-0/EL  message_connection.cpp:269] FuncWorkerConnection[1-2]: Handshake done
I1102 19:13:57.772422 Server/E engine.cpp:674] Engine: New message connection
I1102 19:13:57.772447 IO-0/EL  engine.cpp:277] Engine: Receive new handshake message from message connection
I1102 19:13:57.772451 IO-0/EL  worker_manager.cpp:60] WorkerManager: FuncWorker of func_id 1, client_id 1 connected
I1102 19:13:57.772465 IO-0/EL  message_connection.cpp:269] FuncWorkerConnection[1-1]: Handshake done
I1102 19:13:57.773245 Server/E engine.cpp:674] Engine: New message connection
I1102 19:13:57.773274 IO-0/EL  engine.cpp:277] Engine: Receive new handshake message from message connection
I1102 19:13:57.773280 IO-0/EL  worker_manager.cpp:60] WorkerManager: FuncWorker of func_id 1, client_id 3 connected
I1102 19:13:57.773294 IO-0/EL  message_connection.cpp:269] FuncWorkerConnection[1-3]: Handshake done
I1102 19:13:57.774257 Server/E engine.cpp:674] Engine: New message connection
I1102 19:13:57.774289 IO-0/EL  engine.cpp:277] Engine: Receive new handshake message from message connection
I1102 19:13:57.774295 IO-0/EL  worker_manager.cpp:60] WorkerManager: FuncWorker of func_id 1, client_id 4 connected
I1102 19:13:57.774309 IO-0/EL  message_connection.cpp:269] FuncWorkerConnection[1-4]: Handshake done
I1102 19:13:57.775587 Server/E engine.cpp:674] Engine: New message connection
I1102 19:13:57.775628 IO-0/EL  engine.cpp:277] Engine: Receive new handshake message from message connection
I1102 19:13:57.775633 IO-0/EL  worker_manager.cpp:60] WorkerManager: FuncWorker of func_id 1, client_id 6 connected
I1102 19:13:57.775647 IO-0/EL  message_connection.cpp:269] FuncWorkerConnection[1-6]: Handshake done
I1102 19:13:57.775886 Server/E engine.cpp:674] Engine: New message connection
I1102 19:13:57.775923 IO-0/EL  engine.cpp:277] Engine: Receive new handshake message from message connection
I1102 19:13:57.775927 IO-0/EL  worker_manager.cpp:60] WorkerManager: FuncWorker of func_id 1, client_id 5 connected
I1102 19:13:57.775941 IO-0/EL  message_connection.cpp:269] FuncWorkerConnection[1-5]: Handshake done
I1102 19:13:57.776515 Server/E engine.cpp:674] Engine: New message connection
I1102 19:13:57.776540 IO-0/EL  engine.cpp:277] Engine: Receive new handshake message from message connection
I1102 19:13:57.776545 IO-0/EL  worker_manager.cpp:60] WorkerManager: FuncWorker of func_id 1, client_id 7 connected
I1102 19:13:57.776573 IO-0/EL  message_connection.cpp:269] FuncWorkerConnection[1-7]: Handshake done
I1102 19:13:57.777582 Server/E engine.cpp:674] Engine: New message connection
I1102 19:13:57.777613 IO-0/EL  engine.cpp:277] Engine: Receive new handshake message from message connection
I1102 19:13:57.777618 IO-0/EL  worker_manager.cpp:60] WorkerManager: FuncWorker of func_id 1, client_id 8 connected
I1102 19:13:57.777632 IO-0/EL  message_connection.cpp:269] FuncWorkerConnection[1-8]: Handshake done
I1102 19:13:57.777835 Server/E engine.cpp:674] Engine: New message connection
I1102 19:13:57.777859 IO-0/EL  engine.cpp:277] Engine: Receive new handshake message from message connection
I1102 19:13:57.777864 IO-0/EL  worker_manager.cpp:60] WorkerManager: FuncWorker of func_id 1, client_id 9 connected
I1102 19:13:57.777877 IO-0/EL  message_connection.cpp:269] FuncWorkerConnection[1-9]: Handshake done
I1102 19:13:57.778353 Server/E engine.cpp:674] Engine: New message connection
I1102 19:13:57.778372 IO-0/EL  engine.cpp:277] Engine: Receive new handshake message from message connection
I1102 19:13:57.778377 IO-0/EL  worker_manager.cpp:60] WorkerManager: FuncWorker of func_id 1, client_id 10 connected
I1102 19:13:57.778389 IO-0/EL  message_connection.cpp:269] FuncWorkerConnection[1-10]: Handshake done
I1102 19:13:57.778783 Server/E engine.cpp:674] Engine: New message connection
I1102 19:13:57.778827 IO-0/EL  engine.cpp:277] Engine: Receive new handshake message from message connection
I1102 19:13:57.778831 IO-0/EL  worker_manager.cpp:60] WorkerManager: FuncWorker of func_id 1, client_id 11 connected
I1102 19:13:57.778845 IO-0/EL  message_connection.cpp:269] FuncWorkerConnection[1-11]: Handshake done
I1102 19:13:57.779288 Server/E engine.cpp:674] Engine: New message connection
I1102 19:13:57.779319 IO-0/EL  engine.cpp:277] Engine: Receive new handshake message from message connection
I1102 19:13:57.779323 IO-0/EL  worker_manager.cpp:60] WorkerManager: FuncWorker of func_id 1, client_id 12 connected
I1102 19:13:57.779336 IO-0/EL  message_connection.cpp:269] FuncWorkerConnection[1-12]: Handshake done
I1102 19:13:57.779716 Server/E engine.cpp:674] Engine: New message connection
I1102 19:13:57.779749 IO-0/EL  engine.cpp:277] Engine: Receive new handshake message from message connection
I1102 19:13:57.779754 IO-0/EL  worker_manager.cpp:60] WorkerManager: FuncWorker of func_id 1, client_id 13 connected
I1102 19:13:57.779767 IO-0/EL  message_connection.cpp:269] FuncWorkerConnection[1-13]: Handshake done
I1102 19:13:57.780133 Server/E engine.cpp:674] Engine: New message connection
I1102 19:13:57.780163 IO-0/EL  engine.cpp:277] Engine: Receive new handshake message from message connection
I1102 19:13:57.780167 IO-0/EL  worker_manager.cpp:60] WorkerManager: FuncWorker of func_id 1, client_id 14 connected
I1102 19:13:57.780184 IO-0/EL  message_connection.cpp:269] FuncWorkerConnection[1-14]: Handshake done
I1102 19:13:57.780385 Server/E engine.cpp:674] Engine: New message connection
I1102 19:13:57.780418 IO-0/EL  engine.cpp:277] Engine: Receive new handshake message from message connection
I1102 19:13:57.780423 IO-0/EL  worker_manager.cpp:60] WorkerManager: FuncWorker of func_id 1, client_id 15 connected
I1102 19:13:57.780440 IO-0/EL  message_connection.cpp:269] FuncWorkerConnection[1-15]: Handshake done
I1102 19:13:57.781098 Server/E engine.cpp:674] Engine: New message connection
I1102 19:13:57.781126 IO-0/EL  engine.cpp:277] Engine: Receive new handshake message from message connection
I1102 19:13:57.781131 IO-0/EL  worker_manager.cpp:60] WorkerManager: FuncWorker of func_id 1, client_id 16 connected
I1102 19:13:57.781144 IO-0/EL  message_connection.cpp:269] FuncWorkerConnection[1-16]: Handshake done
I1102 19:13:57.781636 Server/E engine.cpp:674] Engine: New message connection
I1102 19:13:57.781666 IO-0/EL  engine.cpp:277] Engine: Receive new handshake message from message connection
I1102 19:13:57.781671 IO-0/EL  worker_manager.cpp:60] WorkerManager: FuncWorker of func_id 1, client_id 17 connected
I1102 19:13:57.781692 IO-0/EL  message_connection.cpp:269] FuncWorkerConnection[1-17]: Handshake done
I1102 19:13:57.782154 Server/E engine.cpp:674] Engine: New message connection
I1102 19:13:57.782189 IO-0/EL  engine.cpp:277] Engine: Receive new handshake message from message connection
I1102 19:13:57.782193 IO-0/EL  worker_manager.cpp:60] WorkerManager: FuncWorker of func_id 1, client_id 18 connected
I1102 19:13:57.782207 IO-0/EL  message_connection.cpp:269] FuncWorkerConnection[1-18]: Handshake done
I1102 19:13:57.782512 Server/E engine.cpp:674] Engine: New message connection
I1102 19:13:57.782554 IO-0/EL  engine.cpp:277] Engine: Receive new handshake message from message connection
I1102 19:13:57.782558 IO-0/EL  worker_manager.cpp:60] WorkerManager: FuncWorker of func_id 1, client_id 19 connected
I1102 19:13:57.782571 IO-0/EL  message_connection.cpp:269] FuncWorkerConnection[1-19]: Handshake done
I1102 19:13:57.782892 Server/E engine.cpp:674] Engine: New message connection
I1102 19:13:57.782917 IO-0/EL  engine.cpp:277] Engine: Receive new handshake message from message connection
I1102 19:13:57.782922 IO-0/EL  worker_manager.cpp:60] WorkerManager: FuncWorker of func_id 1, client_id 20 connected
I1102 19:13:57.782935 IO-0/EL  message_connection.cpp:269] FuncWorkerConnection[1-20]: Handshake done
I1102 19:13:57.783453 Server/E engine.cpp:674] Engine: New message connection
I1102 19:13:57.783477 IO-0/EL  engine.cpp:277] Engine: Receive new handshake message from message connection
I1102 19:13:57.783481 IO-0/EL  worker_manager.cpp:60] WorkerManager: FuncWorker of func_id 1, client_id 21 connected
I1102 19:13:57.783494 IO-0/EL  message_connection.cpp:269] FuncWorkerConnection[1-21]: Handshake done
I1102 19:13:57.783922 Server/E engine.cpp:674] Engine: New message connection
I1102 19:13:57.783945 IO-0/EL  engine.cpp:277] Engine: Receive new handshake message from message connection
I1102 19:13:57.783949 IO-0/EL  worker_manager.cpp:60] WorkerManager: FuncWorker of func_id 1, client_id 22 connected
I1102 19:13:57.783962 IO-0/EL  message_connection.cpp:269] FuncWorkerConnection[1-22]: Handshake done
I1102 19:13:57.784336 Server/E engine.cpp:674] Engine: New message connection
I1102 19:13:57.784364 IO-0/EL  engine.cpp:277] Engine: Receive new handshake message from message connection
I1102 19:13:57.784369 IO-0/EL  worker_manager.cpp:60] WorkerManager: FuncWorker of func_id 1, client_id 23 connected
I1102 19:13:57.784381 IO-0/EL  message_connection.cpp:269] FuncWorkerConnection[1-23]: Handshake done
I1102 19:13:57.784794 Server/E engine.cpp:674] Engine: New message connection
I1102 19:13:57.784835 IO-0/EL  engine.cpp:277] Engine: Receive new handshake message from message connection
I1102 19:13:57.784839 IO-0/EL  worker_manager.cpp:60] WorkerManager: FuncWorker of func_id 1, client_id 24 connected
I1102 19:13:57.784852 IO-0/EL  message_connection.cpp:269] FuncWorkerConnection[1-24]: Handshake done
I1102 19:13:57.785381 Server/E engine.cpp:674] Engine: New message connection
I1102 19:13:57.785410 IO-0/EL  engine.cpp:277] Engine: Receive new handshake message from message connection
I1102 19:13:57.785415 IO-0/EL  worker_manager.cpp:60] WorkerManager: FuncWorker of func_id 1, client_id 25 connected
I1102 19:13:57.785428 IO-0/EL  message_connection.cpp:269] FuncWorkerConnection[1-25]: Handshake done
I1102 19:13:57.785773 Server/E engine.cpp:674] Engine: New message connection
I1102 19:13:57.785796 IO-0/EL  engine.cpp:277] Engine: Receive new handshake message from message connection
I1102 19:13:57.785801 IO-0/EL  worker_manager.cpp:60] WorkerManager: FuncWorker of func_id 1, client_id 26 connected
I1102 19:13:57.785814 IO-0/EL  message_connection.cpp:269] FuncWorkerConnection[1-26]: Handshake done
I1102 19:13:57.786248 Server/E engine.cpp:674] Engine: New message connection
I1102 19:13:57.786277 IO-0/EL  engine.cpp:277] Engine: Receive new handshake message from message connection
I1102 19:13:57.786282 IO-0/EL  worker_manager.cpp:60] WorkerManager: FuncWorker of func_id 1, client_id 27 connected
I1102 19:13:57.786295 IO-0/EL  message_connection.cpp:269] FuncWorkerConnection[1-27]: Handshake done
I1102 19:13:57.786735 Server/E engine.cpp:674] Engine: New message connection
I1102 19:13:57.786768 IO-0/EL  engine.cpp:277] Engine: Receive new handshake message from message connection
I1102 19:13:57.786773 IO-0/EL  worker_manager.cpp:60] WorkerManager: FuncWorker of func_id 1, client_id 28 connected
I1102 19:13:57.786787 IO-0/EL  message_connection.cpp:269] FuncWorkerConnection[1-28]: Handshake done
I1102 19:13:57.787550 Server/E engine.cpp:674] Engine: New message connection
I1102 19:13:57.787575 IO-0/EL  engine.cpp:277] Engine: Receive new handshake message from message connection
I1102 19:13:57.787579 IO-0/EL  worker_manager.cpp:60] WorkerManager: FuncWorker of func_id 1, client_id 29 connected
I1102 19:13:57.787597 IO-0/EL  message_connection.cpp:269] FuncWorkerConnection[1-29]: Handshake done
I1102 19:13:57.787936 Server/E engine.cpp:674] Engine: New message connection
I1102 19:13:57.787963 IO-0/EL  engine.cpp:277] Engine: Receive new handshake message from message connection
I1102 19:13:57.787968 IO-0/EL  worker_manager.cpp:60] WorkerManager: FuncWorker of func_id 1, client_id 30 connected
I1102 19:13:57.787981 IO-0/EL  message_connection.cpp:269] FuncWorkerConnection[1-30]: Handshake done
I1102 19:13:57.788395 Server/E engine.cpp:674] Engine: New message connection
I1102 19:13:57.788418 IO-0/EL  engine.cpp:277] Engine: Receive new handshake message from message connection
I1102 19:13:57.788422 IO-0/EL  worker_manager.cpp:60] WorkerManager: FuncWorker of func_id 1, client_id 31 connected
I1102 19:13:57.788435 IO-0/EL  message_connection.cpp:269] FuncWorkerConnection[1-31]: Handshake done
I1102 19:13:57.788920 Server/E engine.cpp:674] Engine: New message connection
I1102 19:13:57.788951 IO-0/EL  engine.cpp:277] Engine: Receive new handshake message from message connection
I1102 19:13:57.788956 IO-0/EL  worker_manager.cpp:60] WorkerManager: FuncWorker of func_id 1, client_id 32 connected
I1102 19:13:57.788969 IO-0/EL  message_connection.cpp:269] FuncWorkerConnection[1-32]: Handshake done
I1102 19:13:57.789416 Server/E engine.cpp:674] Engine: New message connection
I1102 19:13:57.789438 IO-0/EL  engine.cpp:277] Engine: Receive new handshake message from message connection
I1102 19:13:57.789442 IO-0/EL  worker_manager.cpp:60] WorkerManager: FuncWorker of func_id 1, client_id 33 connected
I1102 19:13:57.789456 IO-0/EL  message_connection.cpp:269] FuncWorkerConnection[1-33]: Handshake done
I1102 19:13:57.789936 Server/E engine.cpp:674] Engine: New message connection
I1102 19:13:57.789965 IO-0/EL  engine.cpp:277] Engine: Receive new handshake message from message connection
I1102 19:13:57.789970 IO-0/EL  worker_manager.cpp:60] WorkerManager: FuncWorker of func_id 1, client_id 34 connected
I1102 19:13:57.789983 IO-0/EL  message_connection.cpp:269] FuncWorkerConnection[1-34]: Handshake done
I1102 19:13:57.790291 Server/E engine.cpp:674] Engine: New message connection
I1102 19:13:57.790316 IO-0/EL  engine.cpp:277] Engine: Receive new handshake message from message connection
I1102 19:13:57.790321 IO-0/EL  worker_manager.cpp:60] WorkerManager: FuncWorker of func_id 1, client_id 35 connected
I1102 19:13:57.790333 IO-0/EL  message_connection.cpp:269] FuncWorkerConnection[1-35]: Handshake done
I1102 19:13:57.790781 Server/E engine.cpp:674] Engine: New message connection
I1102 19:13:57.790811 IO-0/EL  engine.cpp:277] Engine: Receive new handshake message from message connection
I1102 19:13:57.790816 IO-0/EL  worker_manager.cpp:60] WorkerManager: FuncWorker of func_id 1, client_id 36 connected
I1102 19:13:57.790829 IO-0/EL  message_connection.cpp:269] FuncWorkerConnection[1-36]: Handshake done
I1102 19:13:57.791390 Server/E engine.cpp:674] Engine: New message connection
I1102 19:13:57.791417 IO-0/EL  engine.cpp:277] Engine: Receive new handshake message from message connection
I1102 19:13:57.791421 IO-0/EL  worker_manager.cpp:60] WorkerManager: FuncWorker of func_id 1, client_id 37 connected
I1102 19:13:57.791436 IO-0/EL  message_connection.cpp:269] FuncWorkerConnection[1-37]: Handshake done
I1102 19:13:57.791725 Server/E engine.cpp:674] Engine: New message connection
I1102 19:13:57.791779 IO-0/EL  engine.cpp:277] Engine: Receive new handshake message from message connection
I1102 19:13:57.791784 IO-0/EL  worker_manager.cpp:60] WorkerManager: FuncWorker of func_id 1, client_id 38 connected
I1102 19:13:57.791798 IO-0/EL  message_connection.cpp:269] FuncWorkerConnection[1-38]: Handshake done
I1102 19:13:57.792173 Server/E engine.cpp:674] Engine: New message connection
I1102 19:13:57.792239 IO-0/EL  engine.cpp:277] Engine: Receive new handshake message from message connection
I1102 19:13:57.792244 IO-0/EL  worker_manager.cpp:60] WorkerManager: FuncWorker of func_id 1, client_id 39 connected
I1102 19:13:57.792257 IO-0/EL  message_connection.cpp:269] FuncWorkerConnection[1-39]: Handshake done
I1102 19:13:57.792787 Server/E engine.cpp:674] Engine: New message connection
I1102 19:13:57.792820 IO-0/EL  engine.cpp:277] Engine: Receive new handshake message from message connection
I1102 19:13:57.792825 IO-0/EL  worker_manager.cpp:60] WorkerManager: FuncWorker of func_id 1, client_id 40 connected
I1102 19:13:57.792838 IO-0/EL  message_connection.cpp:269] FuncWorkerConnection[1-40]: Handshake done
I1102 19:13:57.793118 Server/E engine.cpp:674] Engine: New message connection
I1102 19:13:57.793143 IO-0/EL  engine.cpp:277] Engine: Receive new handshake message from message connection
I1102 19:13:57.793147 IO-0/EL  worker_manager.cpp:60] WorkerManager: FuncWorker of func_id 1, client_id 41 connected
I1102 19:13:57.793163 IO-0/EL  message_connection.cpp:269] FuncWorkerConnection[1-41]: Handshake done
I1102 19:13:57.793554 Server/E engine.cpp:674] Engine: New message connection
I1102 19:13:57.793584 IO-0/EL  engine.cpp:277] Engine: Receive new handshake message from message connection
I1102 19:13:57.793588 IO-0/EL  worker_manager.cpp:60] WorkerManager: FuncWorker of func_id 1, client_id 42 connected
I1102 19:13:57.793602 IO-0/EL  message_connection.cpp:269] FuncWorkerConnection[1-42]: Handshake done
I1102 19:13:57.794615 Server/E engine.cpp:674] Engine: New message connection
I1102 19:13:57.794652 IO-0/EL  engine.cpp:277] Engine: Receive new handshake message from message connection
I1102 19:13:57.794657 IO-0/EL  worker_manager.cpp:60] WorkerManager: FuncWorker of func_id 1, client_id 44 connected
I1102 19:13:57.794670 IO-0/EL  message_connection.cpp:269] FuncWorkerConnection[1-44]: Handshake done
I1102 19:13:57.794795 Server/E engine.cpp:674] Engine: New message connection
I1102 19:13:57.794821 IO-0/EL  engine.cpp:277] Engine: Receive new handshake message from message connection
I1102 19:13:57.794826 IO-0/EL  worker_manager.cpp:60] WorkerManager: FuncWorker of func_id 1, client_id 43 connected
I1102 19:13:57.794838 IO-0/EL  message_connection.cpp:269] FuncWorkerConnection[1-43]: Handshake done
I1102 19:13:57.795081 Server/E engine.cpp:674] Engine: New message connection
I1102 19:13:57.795110 IO-0/EL  engine.cpp:277] Engine: Receive new handshake message from message connection
I1102 19:13:57.795114 IO-0/EL  worker_manager.cpp:60] WorkerManager: FuncWorker of func_id 1, client_id 45 connected
I1102 19:13:57.795127 IO-0/EL  message_connection.cpp:269] FuncWorkerConnection[1-45]: Handshake done
I1102 19:13:57.795514 Server/E engine.cpp:674] Engine: New message connection
I1102 19:13:57.795539 IO-0/EL  engine.cpp:277] Engine: Receive new handshake message from message connection
I1102 19:13:57.795543 IO-0/EL  worker_manager.cpp:60] WorkerManager: FuncWorker of func_id 1, client_id 46 connected
I1102 19:13:57.795556 IO-0/EL  message_connection.cpp:269] FuncWorkerConnection[1-46]: Handshake done
I1102 19:13:57.796006 Server/E engine.cpp:674] Engine: New message connection
I1102 19:13:57.796037 IO-0/EL  engine.cpp:277] Engine: Receive new handshake message from message connection
I1102 19:13:57.796041 IO-0/EL  worker_manager.cpp:60] WorkerManager: FuncWorker of func_id 1, client_id 47 connected
I1102 19:13:57.796055 IO-0/EL  message_connection.cpp:269] FuncWorkerConnection[1-47]: Handshake done
I1102 19:13:57.796501 Server/E engine.cpp:674] Engine: New message connection
I1102 19:13:57.796525 IO-0/EL  engine.cpp:277] Engine: Receive new handshake message from message connection
I1102 19:13:57.796530 IO-0/EL  worker_manager.cpp:60] WorkerManager: FuncWorker of func_id 1, client_id 48 connected
I1102 19:13:57.796543 IO-0/EL  message_connection.cpp:269] FuncWorkerConnection[1-48]: Handshake done
I1102 19:13:57.797028 Server/E engine.cpp:674] Engine: New message connection
I1102 19:13:57.797067 IO-0/EL  engine.cpp:277] Engine: Receive new handshake message from message connection
I1102 19:13:57.797072 IO-0/EL  worker_manager.cpp:60] WorkerManager: FuncWorker of func_id 1, client_id 49 connected
I1102 19:13:57.797085 IO-0/EL  message_connection.cpp:269] FuncWorkerConnection[1-49]: Handshake done
I1102 19:13:57.797534 Server/E engine.cpp:674] Engine: New message connection
I1102 19:13:57.797567 IO-0/EL  engine.cpp:277] Engine: Receive new handshake message from message connection
I1102 19:13:57.797572 IO-0/EL  worker_manager.cpp:60] WorkerManager: FuncWorker of func_id 1, client_id 50 connected
I1102 19:13:57.797584 IO-0/EL  message_connection.cpp:269] FuncWorkerConnection[1-50]: Handshake done
I1102 19:13:57.798006 Server/E engine.cpp:674] Engine: New message connection
I1102 19:13:57.798040 IO-0/EL  engine.cpp:277] Engine: Receive new handshake message from message connection
I1102 19:13:57.798044 IO-0/EL  worker_manager.cpp:60] WorkerManager: FuncWorker of func_id 1, client_id 51 connected
I1102 19:13:57.798057 IO-0/EL  message_connection.cpp:269] FuncWorkerConnection[1-51]: Handshake done
I1102 19:13:57.798478 Server/E engine.cpp:674] Engine: New message connection
I1102 19:13:57.798528 IO-0/EL  engine.cpp:277] Engine: Receive new handshake message from message connection
I1102 19:13:57.798532 IO-0/EL  worker_manager.cpp:60] WorkerManager: FuncWorker of func_id 1, client_id 52 connected
I1102 19:13:57.798545 IO-0/EL  message_connection.cpp:269] FuncWorkerConnection[1-52]: Handshake done
I1102 19:13:57.798965 Server/E engine.cpp:674] Engine: New message connection
I1102 19:13:57.799013 IO-0/EL  engine.cpp:277] Engine: Receive new handshake message from message connection
I1102 19:13:57.799018 IO-0/EL  worker_manager.cpp:60] WorkerManager: FuncWorker of func_id 1, client_id 53 connected
I1102 19:13:57.799031 IO-0/EL  message_connection.cpp:269] FuncWorkerConnection[1-53]: Handshake done
I1102 19:13:57.799439 Server/E engine.cpp:674] Engine: New message connection
I1102 19:13:57.799475 IO-0/EL  engine.cpp:277] Engine: Receive new handshake message from message connection
I1102 19:13:57.799480 IO-0/EL  worker_manager.cpp:60] WorkerManager: FuncWorker of func_id 1, client_id 54 connected
I1102 19:13:57.799492 IO-0/EL  message_connection.cpp:269] FuncWorkerConnection[1-54]: Handshake done
I1102 19:13:57.800108 Server/E engine.cpp:674] Engine: New message connection
I1102 19:13:57.800147 IO-0/EL  engine.cpp:277] Engine: Receive new handshake message from message connection
I1102 19:13:57.800152 IO-0/EL  worker_manager.cpp:60] WorkerManager: FuncWorker of func_id 1, client_id 55 connected
I1102 19:13:57.800164 IO-0/EL  message_connection.cpp:269] FuncWorkerConnection[1-55]: Handshake done
I1102 19:13:57.800456 Server/E engine.cpp:674] Engine: New message connection
I1102 19:13:57.800494 IO-0/EL  engine.cpp:277] Engine: Receive new handshake message from message connection
I1102 19:13:57.800499 IO-0/EL  worker_manager.cpp:60] WorkerManager: FuncWorker of func_id 1, client_id 56 connected
I1102 19:13:57.800511 IO-0/EL  message_connection.cpp:269] FuncWorkerConnection[1-56]: Handshake done
I1102 19:13:57.800961 Server/E engine.cpp:674] Engine: New message connection
I1102 19:13:57.801005 IO-0/EL  engine.cpp:277] Engine: Receive new handshake message from message connection
I1102 19:13:57.801009 IO-0/EL  worker_manager.cpp:60] WorkerManager: FuncWorker of func_id 1, client_id 57 connected
I1102 19:13:57.801030 IO-0/EL  message_connection.cpp:269] FuncWorkerConnection[1-57]: Handshake done
I1102 19:13:57.801507 Server/E engine.cpp:674] Engine: New message connection
I1102 19:13:57.801563 IO-0/EL  engine.cpp:277] Engine: Receive new handshake message from message connection
I1102 19:13:57.801568 IO-0/EL  worker_manager.cpp:60] WorkerManager: FuncWorker of func_id 1, client_id 58 connected
I1102 19:13:57.801580 IO-0/EL  message_connection.cpp:269] FuncWorkerConnection[1-58]: Handshake done
I1102 19:13:57.801977 Server/E engine.cpp:674] Engine: New message connection
I1102 19:13:57.802009 IO-0/EL  engine.cpp:277] Engine: Receive new handshake message from message connection
I1102 19:13:57.802013 IO-0/EL  worker_manager.cpp:60] WorkerManager: FuncWorker of func_id 1, client_id 59 connected
I1102 19:13:57.802027 IO-0/EL  message_connection.cpp:269] FuncWorkerConnection[1-59]: Handshake done
I1102 19:13:57.802444 Server/E engine.cpp:674] Engine: New message connection
I1102 19:13:57.802470 IO-0/EL  engine.cpp:277] Engine: Receive new handshake message from message connection
I1102 19:13:57.802475 IO-0/EL  worker_manager.cpp:60] WorkerManager: FuncWorker of func_id 1, client_id 60 connected
I1102 19:13:57.802488 IO-0/EL  message_connection.cpp:269] FuncWorkerConnection[1-60]: Handshake done
I1102 19:13:57.802944 Server/E engine.cpp:674] Engine: New message connection
I1102 19:13:57.802967 IO-0/EL  engine.cpp:277] Engine: Receive new handshake message from message connection
I1102 19:13:57.802971 IO-0/EL  worker_manager.cpp:60] WorkerManager: FuncWorker of func_id 1, client_id 61 connected
I1102 19:13:57.802984 IO-0/EL  message_connection.cpp:269] FuncWorkerConnection[1-61]: Handshake done
I1102 19:13:57.803531 Server/E engine.cpp:674] Engine: New message connection
I1102 19:13:57.803569 IO-0/EL  engine.cpp:277] Engine: Receive new handshake message from message connection
I1102 19:13:57.803573 IO-0/EL  worker_manager.cpp:60] WorkerManager: FuncWorker of func_id 1, client_id 62 connected
I1102 19:13:57.803586 IO-0/EL  message_connection.cpp:269] FuncWorkerConnection[1-62]: Handshake done
I1102 19:13:57.803937 Server/E engine.cpp:674] Engine: New message connection
I1102 19:13:57.803968 IO-0/EL  engine.cpp:277] Engine: Receive new handshake message from message connection
I1102 19:13:57.803972 IO-0/EL  worker_manager.cpp:60] WorkerManager: FuncWorker of func_id 1, client_id 63 connected
I1102 19:13:57.803989 IO-0/EL  message_connection.cpp:269] FuncWorkerConnection[1-63]: Handshake done
I1102 19:13:57.804536 Server/E engine.cpp:674] Engine: New message connection
I1102 19:13:57.804572 IO-0/EL  engine.cpp:277] Engine: Receive new handshake message from message connection
I1102 19:13:57.804576 IO-0/EL  worker_manager.cpp:60] WorkerManager: FuncWorker of func_id 1, client_id 64 connected
I1102 19:13:57.804589 IO-0/EL  message_connection.cpp:269] FuncWorkerConnection[1-64]: Handshake done
I1102 19:13:57.805207 Server/E engine.cpp:674] Engine: New message connection
I1102 19:13:57.805241 IO-0/EL  engine.cpp:277] Engine: Receive new handshake message from message connection
I1102 19:13:57.805246 IO-0/EL  worker_manager.cpp:60] WorkerManager: FuncWorker of func_id 1, client_id 65 connected
I1102 19:13:57.805260 IO-0/EL  message_connection.cpp:269] FuncWorkerConnection[1-65]: Handshake done
I1102 19:13:57.805559 Server/E engine.cpp:674] Engine: New message connection
I1102 19:13:57.805591 IO-0/EL  engine.cpp:277] Engine: Receive new handshake message from message connection
I1102 19:13:57.805595 IO-0/EL  worker_manager.cpp:60] WorkerManager: FuncWorker of func_id 1, client_id 66 connected
I1102 19:13:57.805608 IO-0/EL  message_connection.cpp:269] FuncWorkerConnection[1-66]: Handshake done
I1102 19:13:57.806075 Server/E engine.cpp:674] Engine: New message connection
I1102 19:13:57.806111 IO-0/EL  engine.cpp:277] Engine: Receive new handshake message from message connection
I1102 19:13:57.806116 IO-0/EL  worker_manager.cpp:60] WorkerManager: FuncWorker of func_id 1, client_id 67 connected
I1102 19:13:57.806129 IO-0/EL  message_connection.cpp:269] FuncWorkerConnection[1-67]: Handshake done
I1102 19:13:57.806611 Server/E engine.cpp:674] Engine: New message connection
I1102 19:13:57.806653 IO-0/EL  engine.cpp:277] Engine: Receive new handshake message from message connection
I1102 19:13:57.806657 IO-0/EL  worker_manager.cpp:60] WorkerManager: FuncWorker of func_id 1, client_id 68 connected
I1102 19:13:57.806671 IO-0/EL  message_connection.cpp:269] FuncWorkerConnection[1-68]: Handshake done
I1102 19:13:57.807110 Server/E engine.cpp:674] Engine: New message connection
I1102 19:13:57.807143 IO-0/EL  engine.cpp:277] Engine: Receive new handshake message from message connection
I1102 19:13:57.807148 IO-0/EL  worker_manager.cpp:60] WorkerManager: FuncWorker of func_id 1, client_id 69 connected
I1102 19:13:57.807161 IO-0/EL  message_connection.cpp:269] FuncWorkerConnection[1-69]: Handshake done
I1102 19:13:57.807617 Server/E engine.cpp:674] Engine: New message connection
I1102 19:13:57.807654 IO-0/EL  engine.cpp:277] Engine: Receive new handshake message from message connection
I1102 19:13:57.807658 IO-0/EL  worker_manager.cpp:60] WorkerManager: FuncWorker of func_id 1, client_id 70 connected
I1102 19:13:57.807674 IO-0/EL  message_connection.cpp:269] FuncWorkerConnection[1-70]: Handshake done
I1102 19:13:57.808079 Server/E engine.cpp:674] Engine: New message connection
I1102 19:13:57.808115 IO-0/EL  engine.cpp:277] Engine: Receive new handshake message from message connection
I1102 19:13:57.808120 IO-0/EL  worker_manager.cpp:60] WorkerManager: FuncWorker of func_id 1, client_id 71 connected
I1102 19:13:57.808133 IO-0/EL  message_connection.cpp:269] FuncWorkerConnection[1-71]: Handshake done
I1102 19:13:57.808657 Server/E engine.cpp:674] Engine: New message connection
I1102 19:13:57.808689 IO-0/EL  engine.cpp:277] Engine: Receive new handshake message from message connection
I1102 19:13:57.808696 IO-0/EL  worker_manager.cpp:60] WorkerManager: FuncWorker of func_id 1, client_id 72 connected
I1102 19:13:57.808712 IO-0/EL  message_connection.cpp:269] FuncWorkerConnection[1-72]: Handshake done
I1102 19:13:57.809121 Server/E engine.cpp:674] Engine: New message connection
I1102 19:13:57.809151 IO-0/EL  engine.cpp:277] Engine: Receive new handshake message from message connection
I1102 19:13:57.809156 IO-0/EL  worker_manager.cpp:60] WorkerManager: FuncWorker of func_id 1, client_id 73 connected
I1102 19:13:57.809169 IO-0/EL  message_connection.cpp:269] FuncWorkerConnection[1-73]: Handshake done
I1102 19:13:57.809665 Server/E engine.cpp:674] Engine: New message connection
I1102 19:13:57.809704 IO-0/EL  engine.cpp:277] Engine: Receive new handshake message from message connection
I1102 19:13:57.809716 IO-0/EL  worker_manager.cpp:60] WorkerManager: FuncWorker of func_id 1, client_id 74 connected
I1102 19:13:57.809730 IO-0/EL  message_connection.cpp:269] FuncWorkerConnection[1-74]: Handshake done
I1102 19:13:57.810191 Server/E engine.cpp:674] Engine: New message connection
I1102 19:13:57.810224 IO-0/EL  engine.cpp:277] Engine: Receive new handshake message from message connection
I1102 19:13:57.810229 IO-0/EL  worker_manager.cpp:60] WorkerManager: FuncWorker of func_id 1, client_id 75 connected
I1102 19:13:57.810241 IO-0/EL  message_connection.cpp:269] FuncWorkerConnection[1-75]: Handshake done
I1102 19:13:57.810602 Server/E engine.cpp:674] Engine: New message connection
I1102 19:13:57.810628 IO-0/EL  engine.cpp:277] Engine: Receive new handshake message from message connection
I1102 19:13:57.810633 IO-0/EL  worker_manager.cpp:60] WorkerManager: FuncWorker of func_id 1, client_id 76 connected
I1102 19:13:57.810646 IO-0/EL  message_connection.cpp:269] FuncWorkerConnection[1-76]: Handshake done
I1102 19:13:57.811159 Server/E engine.cpp:674] Engine: New message connection
I1102 19:13:57.811186 IO-0/EL  engine.cpp:277] Engine: Receive new handshake message from message connection
I1102 19:13:57.811190 IO-0/EL  worker_manager.cpp:60] WorkerManager: FuncWorker of func_id 1, client_id 77 connected
I1102 19:13:57.811203 IO-0/EL  message_connection.cpp:269] FuncWorkerConnection[1-77]: Handshake done
I1102 19:13:57.811675 Server/E engine.cpp:674] Engine: New message connection
I1102 19:13:57.811724 IO-0/EL  engine.cpp:277] Engine: Receive new handshake message from message connection
I1102 19:13:57.811745 IO-0/EL  worker_manager.cpp:60] WorkerManager: FuncWorker of func_id 1, client_id 78 connected
I1102 19:13:57.811759 IO-0/EL  message_connection.cpp:269] FuncWorkerConnection[1-78]: Handshake done
I1102 19:13:57.826736 Server/E engine.cpp:674] Engine: New message connection
I1102 19:13:57.826778 Server/E engine.cpp:674] Engine: New message connection
I1102 19:13:57.826784 IO-0/EL  engine.cpp:277] Engine: Receive new handshake message from message connection
I1102 19:13:57.826790 IO-0/EL  worker_manager.cpp:60] WorkerManager: FuncWorker of func_id 1, client_id 79 connected
I1102 19:13:57.826794 Server/E engine.cpp:674] Engine: New message connection
I1102 19:13:57.826805 IO-0/EL  message_connection.cpp:269] FuncWorkerConnection[1-79]: Handshake done
I1102 19:13:57.826807 Server/E engine.cpp:674] Engine: New message connection
I1102 19:13:57.826827 Server/E engine.cpp:674] Engine: New message connection
I1102 19:13:57.826827 IO-0/EL  engine.cpp:277] Engine: Receive new handshake message from message connection
I1102 19:13:57.826837 IO-0/EL  worker_manager.cpp:60] WorkerManager: FuncWorker of func_id 1, client_id 80 connected
I1102 19:13:57.826841 Server/E engine.cpp:674] Engine: New message connection
I1102 19:13:57.826851 IO-0/EL  message_connection.cpp:269] FuncWorkerConnection[1-80]: Handshake done
I1102 19:13:57.826854 Server/E engine.cpp:674] Engine: New message connection
I1102 19:13:57.826865 IO-0/EL  engine.cpp:277] Engine: Receive new handshake message from message connection
I1102 19:13:57.826869 IO-0/EL  worker_manager.cpp:60] WorkerManager: FuncWorker of func_id 1, client_id 81 connected
I1102 19:13:57.826869 Server/E engine.cpp:674] Engine: New message connection
I1102 19:13:57.826882 IO-0/EL  message_connection.cpp:269] FuncWorkerConnection[1-81]: Handshake done
I1102 19:13:57.826888 Server/E engine.cpp:674] Engine: New message connection
I1102 19:13:57.826901 Server/E engine.cpp:674] Engine: New message connection
I1102 19:13:57.826921 Server/E engine.cpp:674] Engine: New message connection
I1102 19:13:57.826935 Server/E engine.cpp:674] Engine: New message connection
I1102 19:13:57.826949 Server/E engine.cpp:674] Engine: New message connection
I1102 19:13:57.826961 Server/E engine.cpp:674] Engine: New message connection
I1102 19:13:57.826974 Server/E engine.cpp:674] Engine: New message connection
I1102 19:13:57.826986 Server/E engine.cpp:674] Engine: New message connection
I1102 19:13:57.826997 Server/E engine.cpp:674] Engine: New message connection
I1102 19:13:57.827012 Server/E engine.cpp:674] Engine: New message connection
I1102 19:13:57.827025 Server/E engine.cpp:674] Engine: New message connection
I1102 19:13:57.827036 Server/E engine.cpp:674] Engine: New message connection
I1102 19:13:57.827049 Server/E engine.cpp:674] Engine: New message connection
I1102 19:13:57.826902 IO-0/EL  engine.cpp:277] Engine: Receive new handshake message from message connection
I1102 19:13:57.827063 Server/E engine.cpp:674] Engine: New message connection
I1102 19:13:57.827065 IO-0/EL  worker_manager.cpp:60] WorkerManager: FuncWorker of func_id 1, client_id 82 connected
I1102 19:13:57.827076 Server/E engine.cpp:674] Engine: New message connection
I1102 19:13:57.827083 IO-0/EL  message_connection.cpp:269] FuncWorkerConnection[1-82]: Handshake done
I1102 19:13:57.827090 Server/E engine.cpp:674] Engine: New message connection
I1102 19:13:57.827099 IO-0/EL  engine.cpp:277] Engine: Receive new handshake message from message connection
I1102 19:13:57.827103 IO-0/EL  worker_manager.cpp:60] WorkerManager: FuncWorker of func_id 1, client_id 83 connected
I1102 19:13:57.827107 Server/E engine.cpp:674] Engine: New message connection
I1102 19:13:57.827116 IO-0/EL  message_connection.cpp:269] FuncWorkerConnection[1-83]: Handshake done
I1102 19:13:57.827128 Server/E engine.cpp:674] Engine: New message connection
I1102 19:13:57.827136 IO-0/EL  engine.cpp:277] Engine: Receive new handshake message from message connection
I1102 19:13:57.827148 IO-0/EL  worker_manager.cpp:60] WorkerManager: FuncWorker of func_id 1, client_id 84 connected
I1102 19:13:57.827155 Server/E engine.cpp:674] Engine: New message connection
I1102 19:13:57.827162 IO-0/EL  message_connection.cpp:269] FuncWorkerConnection[1-84]: Handshake done
I1102 19:13:57.827177 IO-0/EL  engine.cpp:277] Engine: Receive new handshake message from message connection
I1102 19:13:57.827178 Server/E engine.cpp:674] Engine: New message connection
I1102 19:13:57.827181 IO-0/EL  worker_manager.cpp:60] WorkerManager: FuncWorker of func_id 1, client_id 85 connected
I1102 19:13:57.827202 Server/E engine.cpp:674] Engine: New message connection
I1102 19:13:57.827225 IO-0/EL  message_connection.cpp:269] FuncWorkerConnection[1-85]: Handshake done
I1102 19:13:57.827227 Server/E engine.cpp:674] Engine: New message connection
I1102 19:13:57.827244 IO-0/EL  engine.cpp:277] Engine: Receive new handshake message from message connection
I1102 19:13:57.827248 IO-0/EL  worker_manager.cpp:60] WorkerManager: FuncWorker of func_id 1, client_id 86 connected
I1102 19:13:57.827252 Server/E engine.cpp:674] Engine: New message connection
I1102 19:13:57.827261 IO-0/EL  message_connection.cpp:269] FuncWorkerConnection[1-86]: Handshake done
I1102 19:13:57.827279 IO-0/EL  engine.cpp:277] Engine: Receive new handshake message from message connection
I1102 19:13:57.827282 Server/E engine.cpp:674] Engine: New message connection
I1102 19:13:57.827284 IO-0/EL  worker_manager.cpp:60] WorkerManager: FuncWorker of func_id 1, client_id 87 connected
I1102 19:13:57.827304 Server/E engine.cpp:674] Engine: New message connection
I1102 19:13:57.827309 IO-0/EL  message_connection.cpp:269] FuncWorkerConnection[1-87]: Handshake done
I1102 19:13:57.827326 IO-0/EL  engine.cpp:277] Engine: Receive new handshake message from message connection
I1102 19:13:57.827330 IO-0/EL  worker_manager.cpp:60] WorkerManager: FuncWorker of func_id 1, client_id 88 connected
I1102 19:13:57.827344 IO-0/EL  message_connection.cpp:269] FuncWorkerConnection[1-88]: Handshake done
I1102 19:13:57.827362 IO-0/EL  engine.cpp:277] Engine: Receive new handshake message from message connection
I1102 19:13:57.827367 IO-0/EL  worker_manager.cpp:60] WorkerManager: FuncWorker of func_id 1, client_id 89 connected
I1102 19:13:57.827383 IO-0/EL  message_connection.cpp:269] FuncWorkerConnection[1-89]: Handshake done
I1102 19:13:57.827397 IO-0/EL  engine.cpp:277] Engine: Receive new handshake message from message connection
I1102 19:13:57.827401 IO-0/EL  worker_manager.cpp:60] WorkerManager: FuncWorker of func_id 1, client_id 90 connected
I1102 19:13:57.827414 IO-0/EL  message_connection.cpp:269] FuncWorkerConnection[1-90]: Handshake done
I1102 19:13:57.827431 IO-0/EL  engine.cpp:277] Engine: Receive new handshake message from message connection
I1102 19:13:57.827435 IO-0/EL  worker_manager.cpp:60] WorkerManager: FuncWorker of func_id 1, client_id 91 connected
I1102 19:13:57.827450 IO-0/EL  message_connection.cpp:269] FuncWorkerConnection[1-91]: Handshake done
I1102 19:13:57.827462 IO-0/EL  engine.cpp:277] Engine: Receive new handshake message from message connection
I1102 19:13:57.827466 IO-0/EL  worker_manager.cpp:60] WorkerManager: FuncWorker of func_id 1, client_id 92 connected
I1102 19:13:57.827479 IO-0/EL  message_connection.cpp:269] FuncWorkerConnection[1-92]: Handshake done
I1102 19:13:57.827497 IO-0/EL  engine.cpp:277] Engine: Receive new handshake message from message connection
I1102 19:13:57.827501 IO-0/EL  worker_manager.cpp:60] WorkerManager: FuncWorker of func_id 1, client_id 93 connected
I1102 19:13:57.827514 IO-0/EL  message_connection.cpp:269] FuncWorkerConnection[1-93]: Handshake done
I1102 19:13:57.827528 IO-0/EL  engine.cpp:277] Engine: Receive new handshake message from message connection
I1102 19:13:57.827532 IO-0/EL  worker_manager.cpp:60] WorkerManager: FuncWorker of func_id 1, client_id 94 connected
I1102 19:13:57.827545 IO-0/EL  message_connection.cpp:269] FuncWorkerConnection[1-94]: Handshake done
I1102 19:13:57.827546 Server/E engine.cpp:674] Engine: New message connection
I1102 19:13:57.827562 IO-0/EL  engine.cpp:277] Engine: Receive new handshake message from message connection
I1102 19:13:57.827581 IO-0/EL  worker_manager.cpp:60] WorkerManager: FuncWorker of func_id 1, client_id 95 connected
I1102 19:13:57.827595 IO-0/EL  message_connection.cpp:269] FuncWorkerConnection[1-95]: Handshake done
I1102 19:13:57.827611 IO-0/EL  engine.cpp:277] Engine: Receive new handshake message from message connection
I1102 19:13:57.827615 IO-0/EL  worker_manager.cpp:60] WorkerManager: FuncWorker of func_id 1, client_id 96 connected
I1102 19:13:57.827628 IO-0/EL  message_connection.cpp:269] FuncWorkerConnection[1-96]: Handshake done
I1102 19:13:57.827644 IO-0/EL  engine.cpp:277] Engine: Receive new handshake message from message connection
I1102 19:13:57.827649 IO-0/EL  worker_manager.cpp:60] WorkerManager: FuncWorker of func_id 1, client_id 97 connected
I1102 19:13:57.827661 IO-0/EL  message_connection.cpp:269] FuncWorkerConnection[1-97]: Handshake done
I1102 19:13:57.827674 IO-0/EL  engine.cpp:277] Engine: Receive new handshake message from message connection
I1102 19:13:57.827678 IO-0/EL  worker_manager.cpp:60] WorkerManager: FuncWorker of func_id 1, client_id 98 connected
I1102 19:13:57.827694 IO-0/EL  message_connection.cpp:269] FuncWorkerConnection[1-98]: Handshake done
I1102 19:13:57.827718 IO-0/EL  engine.cpp:277] Engine: Receive new handshake message from message connection
I1102 19:13:57.827726 IO-0/EL  worker_manager.cpp:60] WorkerManager: FuncWorker of func_id 1, client_id 99 connected
I1102 19:13:57.827742 IO-0/EL  message_connection.cpp:269] FuncWorkerConnection[1-99]: Handshake done
I1102 19:13:57.827757 IO-0/EL  engine.cpp:277] Engine: Receive new handshake message from message connection
I1102 19:13:57.827760 IO-0/EL  worker_manager.cpp:60] WorkerManager: FuncWorker of func_id 1, client_id 100 connected
I1102 19:13:57.827777 IO-0/EL  message_connection.cpp:269] FuncWorkerConnection[1-100]: Handshake done
I1102 19:13:57.827792 IO-0/EL  engine.cpp:277] Engine: Receive new handshake message from message connection
I1102 19:13:57.827796 IO-0/EL  worker_manager.cpp:60] WorkerManager: FuncWorker of func_id 1, client_id 101 connected
I1102 19:13:57.827810 IO-0/EL  message_connection.cpp:269] FuncWorkerConnection[1-101]: Handshake done
I1102 19:13:57.827830 IO-0/EL  engine.cpp:277] Engine: Receive new handshake message from message connection
I1102 19:13:57.827834 IO-0/EL  worker_manager.cpp:60] WorkerManager: FuncWorker of func_id 1, client_id 102 connected
I1102 19:13:57.827848 IO-0/EL  message_connection.cpp:269] FuncWorkerConnection[1-102]: Handshake done
I1102 19:13:57.827864 IO-0/EL  engine.cpp:277] Engine: Receive new handshake message from message connection
I1102 19:13:57.827869 IO-0/EL  worker_manager.cpp:60] WorkerManager: FuncWorker of func_id 1, client_id 103 connected
I1102 19:13:57.827881 IO-0/EL  message_connection.cpp:269] FuncWorkerConnection[1-103]: Handshake done
I1102 19:13:57.827900 IO-0/EL  engine.cpp:277] Engine: Receive new handshake message from message connection
I1102 19:13:57.827904 IO-0/EL  worker_manager.cpp:60] WorkerManager: FuncWorker of func_id 1, client_id 104 connected
I1102 19:13:57.827916 IO-0/EL  message_connection.cpp:269] FuncWorkerConnection[1-104]: Handshake done
I1102 19:13:57.827931 IO-0/EL  engine.cpp:277] Engine: Receive new handshake message from message connection
I1102 19:13:57.827935 IO-0/EL  worker_manager.cpp:60] WorkerManager: FuncWorker of func_id 1, client_id 105 connected
I1102 19:13:57.827956 IO-0/EL  message_connection.cpp:269] FuncWorkerConnection[1-105]: Handshake done
I1102 19:13:57.827976 IO-0/EL  engine.cpp:277] Engine: Receive new handshake message from message connection
I1102 19:13:57.827980 IO-0/EL  worker_manager.cpp:60] WorkerManager: FuncWorker of func_id 1, client_id 106 connected
I1102 19:13:57.827993 IO-0/EL  message_connection.cpp:269] FuncWorkerConnection[1-106]: Handshake done
I1102 19:13:57.828011 IO-0/EL  engine.cpp:277] Engine: Receive new handshake message from message connection
I1102 19:13:57.828017 IO-0/EL  worker_manager.cpp:60] WorkerManager: FuncWorker of func_id 1, client_id 107 connected
I1102 19:13:57.828053 IO-0/EL  message_connection.cpp:269] FuncWorkerConnection[1-107]: Handshake done
I1102 19:13:57.828085 IO-0/EL  engine.cpp:277] Engine: Receive new handshake message from message connection
I1102 19:13:57.828094 IO-0/EL  worker_manager.cpp:60] WorkerManager: FuncWorker of func_id 1, client_id 108 connected
I1102 19:13:57.828116 IO-0/EL  message_connection.cpp:269] FuncWorkerConnection[1-108]: Handshake done
I1102 19:13:57.828141 IO-0/EL  engine.cpp:277] Engine: Receive new handshake message from message connection
I1102 19:13:57.828148 IO-0/EL  worker_manager.cpp:60] WorkerManager: FuncWorker of func_id 1, client_id 109 connected
I1102 19:13:57.828170 IO-0/EL  message_connection.cpp:269] FuncWorkerConnection[1-109]: Handshake done
I1102 19:13:57.828197 IO-0/EL  engine.cpp:277] Engine: Receive new handshake message from message connection
I1102 19:13:57.828204 IO-0/EL  worker_manager.cpp:60] WorkerManager: FuncWorker of func_id 1, client_id 110 connected
I1102 19:13:57.828213 Server/E engine.cpp:674] Engine: New message connection
I1102 19:13:57.828227 IO-0/EL  message_connection.cpp:269] FuncWorkerConnection[1-110]: Handshake done
I1102 19:13:57.828870 IO-0/EL  engine.cpp:277] Engine: Receive new handshake message from message connection
I1102 19:13:57.828890 IO-0/EL  worker_manager.cpp:60] WorkerManager: FuncWorker of func_id 1, client_id 111 connected
I1102 19:13:57.828930 IO-0/EL  message_connection.cpp:269] FuncWorkerConnection[1-111]: Handshake done
I1102 19:13:57.828950 Server/E engine.cpp:674] Engine: New message connection
I1102 19:13:57.828969 IO-0/EL  engine.cpp:277] Engine: Receive new handshake message from message connection
I1102 19:13:57.828977 IO-0/EL  worker_manager.cpp:60] WorkerManager: FuncWorker of func_id 1, client_id 112 connected
I1102 19:13:57.829004 IO-0/EL  message_connection.cpp:269] FuncWorkerConnection[1-112]: Handshake done
I1102 19:13:57.829030 IO-0/EL  engine.cpp:277] Engine: Receive new handshake message from message connection
I1102 19:13:57.829037 IO-0/EL  worker_manager.cpp:60] WorkerManager: FuncWorker of func_id 1, client_id 113 connected
I1102 19:13:57.829074 IO-0/EL  message_connection.cpp:269] FuncWorkerConnection[1-113]: Handshake done
I1102 19:13:57.829096 IO-0/EL  engine.cpp:277] Engine: Receive new handshake message from message connection
I1102 19:13:57.829102 IO-0/EL  worker_manager.cpp:60] WorkerManager: FuncWorker of func_id 1, client_id 114 connected
I1102 19:13:57.829128 IO-0/EL  message_connection.cpp:269] FuncWorkerConnection[1-114]: Handshake done
I1102 19:13:57.829236 Server/E engine.cpp:674] Engine: New message connection
I1102 19:13:57.829322 IO-0/EL  engine.cpp:277] Engine: Receive new handshake message from message connection
I1102 19:13:57.829330 IO-0/EL  worker_manager.cpp:60] WorkerManager: FuncWorker of func_id 1, client_id 115 connected
I1102 19:13:57.829357 IO-0/EL  message_connection.cpp:269] FuncWorkerConnection[1-115]: Handshake done
I1102 19:13:57.830271 Server/E engine.cpp:674] Engine: New message connection
I1102 19:13:57.830326 IO-0/EL  engine.cpp:277] Engine: Receive new handshake message from message connection
I1102 19:13:57.830334 IO-0/EL  worker_manager.cpp:60] WorkerManager: FuncWorker of func_id 1, client_id 116 connected
I1102 19:13:57.830358 IO-0/EL  message_connection.cpp:269] FuncWorkerConnection[1-116]: Handshake done
I1102 19:13:57.831761 Server/E engine.cpp:674] Engine: New message connection
I1102 19:13:57.831814 IO-0/EL  engine.cpp:277] Engine: Receive new handshake message from message connection
I1102 19:13:57.831827 IO-0/EL  worker_manager.cpp:60] WorkerManager: FuncWorker of func_id 1, client_id 117 connected
I1102 19:13:57.831850 IO-0/EL  message_connection.cpp:269] FuncWorkerConnection[1-117]: Handshake done
I1102 19:13:57.832764 Server/E engine.cpp:674] Engine: New message connection
I1102 19:13:57.832790 IO-0/EL  engine.cpp:277] Engine: Receive new handshake message from message connection
I1102 19:13:57.832795 IO-0/EL  worker_manager.cpp:60] WorkerManager: FuncWorker of func_id 1, client_id 118 connected
I1102 19:13:57.832821 IO-0/EL  message_connection.cpp:269] FuncWorkerConnection[1-118]: Handshake done
I1102 19:13:57.833135 Server/E engine.cpp:674] Engine: New message connection
I1102 19:13:57.833162 IO-0/EL  engine.cpp:277] Engine: Receive new handshake message from message connection
I1102 19:13:57.833166 IO-0/EL  worker_manager.cpp:60] WorkerManager: FuncWorker of func_id 1, client_id 119 connected
I1102 19:13:57.833179 IO-0/EL  message_connection.cpp:269] FuncWorkerConnection[1-119]: Handshake done
I1102 19:13:57.846951 Server/E engine.cpp:674] Engine: New message connection
I1102 19:13:57.846976 IO-0/EL  engine.cpp:277] Engine: Receive new handshake message from message connection
I1102 19:13:57.846981 IO-0/EL  worker_manager.cpp:60] WorkerManager: FuncWorker of func_id 1, client_id 120 connected
I1102 19:13:57.847001 IO-0/EL  message_connection.cpp:269] FuncWorkerConnection[1-120]: Handshake done
I1102 19:13:57.847051 Server/E engine.cpp:674] Engine: New message connection
I1102 19:13:57.847072 IO-0/EL  engine.cpp:277] Engine: Receive new handshake message from message connection
I1102 19:13:57.847077 IO-0/EL  worker_manager.cpp:60] WorkerManager: FuncWorker of func_id 1, client_id 121 connected
I1102 19:13:57.847090 IO-0/EL  message_connection.cpp:269] FuncWorkerConnection[1-121]: Handshake done
I1102 19:13:57.847404 Server/E engine.cpp:674] Engine: New message connection
I1102 19:13:57.847423 IO-0/EL  engine.cpp:277] Engine: Receive new handshake message from message connection
I1102 19:13:57.847427 IO-0/EL  worker_manager.cpp:60] WorkerManager: FuncWorker of func_id 1, client_id 122 connected
I1102 19:13:57.847445 IO-0/EL  message_connection.cpp:269] FuncWorkerConnection[1-122]: Handshake done
I1102 19:13:57.847909 Server/E engine.cpp:674] Engine: New message connection
I1102 19:13:57.847932 IO-0/EL  engine.cpp:277] Engine: Receive new handshake message from message connection
I1102 19:13:57.847937 IO-0/EL  worker_manager.cpp:60] WorkerManager: FuncWorker of func_id 1, client_id 123 connected
I1102 19:13:57.847950 IO-0/EL  message_connection.cpp:269] FuncWorkerConnection[1-123]: Handshake done
I1102 19:13:57.848853 Server/E engine.cpp:674] Engine: New message connection
I1102 19:13:57.848877 IO-0/EL  engine.cpp:277] Engine: Receive new handshake message from message connection
I1102 19:13:57.848882 IO-0/EL  worker_manager.cpp:60] WorkerManager: FuncWorker of func_id 1, client_id 125 connected
I1102 19:13:57.848897 IO-0/EL  message_connection.cpp:269] FuncWorkerConnection[1-125]: Handshake done
I1102 19:13:57.848903 Server/E engine.cpp:674] Engine: New message connection
I1102 19:13:57.848923 IO-0/EL  engine.cpp:277] Engine: Receive new handshake message from message connection
I1102 19:13:57.848927 IO-0/EL  worker_manager.cpp:60] WorkerManager: FuncWorker of func_id 1, client_id 124 connected
I1102 19:13:57.848940 IO-0/EL  message_connection.cpp:269] FuncWorkerConnection[1-124]: Handshake done
I1102 19:13:57.849318 Server/E engine.cpp:674] Engine: New message connection
I1102 19:13:57.849341 IO-0/EL  engine.cpp:277] Engine: Receive new handshake message from message connection
I1102 19:13:57.849345 IO-0/EL  worker_manager.cpp:60] WorkerManager: FuncWorker of func_id 1, client_id 126 connected
I1102 19:13:57.849359 IO-0/EL  message_connection.cpp:269] FuncWorkerConnection[1-126]: Handshake done
I1102 19:13:57.849867 Server/E engine.cpp:674] Engine: New message connection
I1102 19:13:57.849890 IO-0/EL  engine.cpp:277] Engine: Receive new handshake message from message connection
I1102 19:13:57.849894 IO-0/EL  worker_manager.cpp:60] WorkerManager: FuncWorker of func_id 1, client_id 127 connected
I1102 19:13:57.849914 IO-0/EL  message_connection.cpp:269] FuncWorkerConnection[1-127]: Handshake done
I1102 19:13:57.850388 Server/E engine.cpp:674] Engine: New message connection
I1102 19:13:57.850438 IO-0/EL  engine.cpp:277] Engine: Receive new handshake message from message connection
I1102 19:13:57.850443 IO-0/EL  worker_manager.cpp:60] WorkerManager: FuncWorker of func_id 1, client_id 128 connected
I1102 19:13:57.850463 IO-0/EL  message_connection.cpp:269] FuncWorkerConnection[1-128]: Handshake done
I1102 19:13:57.851615 Server/E engine.cpp:674] Engine: New message connection
I1102 19:13:57.851646 Server/E engine.cpp:674] Engine: New message connection
I1102 19:13:57.851656 IO-0/EL  engine.cpp:277] Engine: Receive new handshake message from message connection
I1102 19:13:57.851661 IO-0/EL  worker_manager.cpp:60] WorkerManager: FuncWorker of func_id 1, client_id 130 connected
I1102 19:13:57.851675 IO-0/EL  message_connection.cpp:269] FuncWorkerConnection[1-130]: Handshake done
I1102 19:13:57.851689 IO-0/EL  engine.cpp:277] Engine: Receive new handshake message from message connection
I1102 19:13:57.851693 IO-0/EL  worker_manager.cpp:60] WorkerManager: FuncWorker of func_id 1, client_id 129 connected
I1102 19:13:57.851706 IO-0/EL  message_connection.cpp:269] FuncWorkerConnection[1-129]: Handshake done
I1102 19:13:57.852089 Server/E engine.cpp:674] Engine: New message connection
I1102 19:13:57.852117 IO-0/EL  engine.cpp:277] Engine: Receive new handshake message from message connection
I1102 19:13:57.852122 IO-0/EL  worker_manager.cpp:60] WorkerManager: FuncWorker of func_id 1, client_id 131 connected
I1102 19:13:57.852136 IO-0/EL  message_connection.cpp:269] FuncWorkerConnection[1-131]: Handshake done
I1102 19:13:57.852227 Server/E engine.cpp:674] Engine: New message connection
I1102 19:13:57.852249 IO-0/EL  engine.cpp:277] Engine: Receive new handshake message from message connection
I1102 19:13:57.852253 IO-0/EL  worker_manager.cpp:60] WorkerManager: FuncWorker of func_id 1, client_id 132 connected
I1102 19:13:57.852266 IO-0/EL  message_connection.cpp:269] FuncWorkerConnection[1-132]: Handshake done
I1102 19:13:57.853044 Server/E engine.cpp:674] Engine: New message connection
I1102 19:13:57.853076 IO-0/EL  engine.cpp:277] Engine: Receive new handshake message from message connection
I1102 19:13:57.853081 IO-0/EL  worker_manager.cpp:60] WorkerManager: FuncWorker of func_id 1, client_id 133 connected
I1102 19:13:57.853095 IO-0/EL  message_connection.cpp:269] FuncWorkerConnection[1-133]: Handshake done
I1102 19:13:57.854059 Server/E engine.cpp:674] Engine: New message connection
I1102 19:13:57.854091 IO-0/EL  engine.cpp:277] Engine: Receive new handshake message from message connection
I1102 19:13:57.854096 IO-0/EL  worker_manager.cpp:60] WorkerManager: FuncWorker of func_id 1, client_id 135 connected
I1102 19:13:57.854110 IO-0/EL  message_connection.cpp:269] FuncWorkerConnection[1-135]: Handshake done
I1102 19:13:57.854501 Server/E engine.cpp:674] Engine: New message connection
I1102 19:13:57.854539 IO-0/EL  engine.cpp:277] Engine: Receive new handshake message from message connection
I1102 19:13:57.854544 IO-0/EL  worker_manager.cpp:60] WorkerManager: FuncWorker of func_id 1, client_id 136 connected
I1102 19:13:57.854557 IO-0/EL  message_connection.cpp:269] FuncWorkerConnection[1-136]: Handshake done
I1102 19:13:57.854604 Server/E engine.cpp:674] Engine: New message connection
I1102 19:13:57.854626 IO-0/EL  engine.cpp:277] Engine: Receive new handshake message from message connection
I1102 19:13:57.854631 IO-0/EL  worker_manager.cpp:60] WorkerManager: FuncWorker of func_id 1, client_id 134 connected
I1102 19:13:57.854643 IO-0/EL  message_connection.cpp:269] FuncWorkerConnection[1-134]: Handshake done
I1102 19:13:57.854973 Server/E engine.cpp:674] Engine: New message connection
I1102 19:13:57.855012 IO-0/EL  engine.cpp:277] Engine: Receive new handshake message from message connection
I1102 19:13:57.855017 IO-0/EL  worker_manager.cpp:60] WorkerManager: FuncWorker of func_id 1, client_id 137 connected
I1102 19:13:57.855030 IO-0/EL  message_connection.cpp:269] FuncWorkerConnection[1-137]: Handshake done
I1102 19:13:57.855443 Server/E engine.cpp:674] Engine: New message connection
I1102 19:13:57.855478 IO-0/EL  engine.cpp:277] Engine: Receive new handshake message from message connection
I1102 19:13:57.855483 IO-0/EL  worker_manager.cpp:60] WorkerManager: FuncWorker of func_id 1, client_id 138 connected
I1102 19:13:57.855534 IO-0/EL  message_connection.cpp:269] FuncWorkerConnection[1-138]: Handshake done
I1102 19:13:57.856276 Server/E engine.cpp:674] Engine: New message connection
I1102 19:13:57.856307 IO-0/EL  engine.cpp:277] Engine: Receive new handshake message from message connection
I1102 19:13:57.856312 IO-0/EL  worker_manager.cpp:60] WorkerManager: FuncWorker of func_id 1, client_id 139 connected
I1102 19:13:57.856326 IO-0/EL  message_connection.cpp:269] FuncWorkerConnection[1-139]: Handshake done
I1102 19:13:57.856497 Server/E engine.cpp:674] Engine: New message connection
I1102 19:13:57.856527 IO-0/EL  engine.cpp:277] Engine: Receive new handshake message from message connection
I1102 19:13:57.856531 IO-0/EL  worker_manager.cpp:60] WorkerManager: FuncWorker of func_id 1, client_id 140 connected
I1102 19:13:57.856548 IO-0/EL  message_connection.cpp:269] FuncWorkerConnection[1-140]: Handshake done
I1102 19:13:57.856972 Server/E engine.cpp:674] Engine: New message connection
I1102 19:13:57.857010 IO-0/EL  engine.cpp:277] Engine: Receive new handshake message from message connection
I1102 19:13:57.857014 IO-0/EL  worker_manager.cpp:60] WorkerManager: FuncWorker of func_id 1, client_id 141 connected
I1102 19:13:57.857028 IO-0/EL  message_connection.cpp:269] FuncWorkerConnection[1-141]: Handshake done
I1102 19:13:57.857512 Server/E engine.cpp:674] Engine: New message connection
I1102 19:13:57.857558 IO-0/EL  engine.cpp:277] Engine: Receive new handshake message from message connection
I1102 19:13:57.857563 IO-0/EL  worker_manager.cpp:60] WorkerManager: FuncWorker of func_id 1, client_id 142 connected
I1102 19:13:57.857577 IO-0/EL  message_connection.cpp:269] FuncWorkerConnection[1-142]: Handshake done
I1102 19:13:57.857998 Server/E engine.cpp:674] Engine: New message connection
I1102 19:13:57.858028 IO-0/EL  engine.cpp:277] Engine: Receive new handshake message from message connection
I1102 19:13:57.858033 IO-0/EL  worker_manager.cpp:60] WorkerManager: FuncWorker of func_id 1, client_id 143 connected
I1102 19:13:57.858048 IO-0/EL  message_connection.cpp:269] FuncWorkerConnection[1-143]: Handshake done
I1102 19:13:57.858536 Server/E engine.cpp:674] Engine: New message connection
I1102 19:13:57.858578 IO-0/EL  engine.cpp:277] Engine: Receive new handshake message from message connection
I1102 19:13:57.858582 IO-0/EL  worker_manager.cpp:60] WorkerManager: FuncWorker of func_id 1, client_id 144 connected
I1102 19:13:57.858595 IO-0/EL  message_connection.cpp:269] FuncWorkerConnection[1-144]: Handshake done
I1102 19:13:57.859057 Server/E engine.cpp:674] Engine: New message connection
I1102 19:13:57.859088 IO-0/EL  engine.cpp:277] Engine: Receive new handshake message from message connection
I1102 19:13:57.859092 IO-0/EL  worker_manager.cpp:60] WorkerManager: FuncWorker of func_id 1, client_id 145 connected
I1102 19:13:57.859105 IO-0/EL  message_connection.cpp:269] FuncWorkerConnection[1-145]: Handshake done
I1102 19:13:57.859563 Server/E engine.cpp:674] Engine: New message connection
I1102 19:13:57.859608 IO-0/EL  engine.cpp:277] Engine: Receive new handshake message from message connection
I1102 19:13:57.859612 IO-0/EL  worker_manager.cpp:60] WorkerManager: FuncWorker of func_id 1, client_id 146 connected
I1102 19:13:57.859626 IO-0/EL  message_connection.cpp:269] FuncWorkerConnection[1-146]: Handshake done
I1102 19:13:57.859787 Server/E engine.cpp:674] Engine: New message connection
I1102 19:13:57.859813 IO-0/EL  engine.cpp:277] Engine: Receive new handshake message from message connection
I1102 19:13:57.859817 IO-0/EL  worker_manager.cpp:60] WorkerManager: FuncWorker of func_id 1, client_id 147 connected
I1102 19:13:57.859830 IO-0/EL  message_connection.cpp:269] FuncWorkerConnection[1-147]: Handshake done
I1102 19:13:57.860605 Server/E engine.cpp:674] Engine: New message connection
I1102 19:13:57.860634 IO-0/EL  engine.cpp:277] Engine: Receive new handshake message from message connection
I1102 19:13:57.860639 IO-0/EL  worker_manager.cpp:60] WorkerManager: FuncWorker of func_id 1, client_id 148 connected
I1102 19:13:57.860661 IO-0/EL  message_connection.cpp:269] FuncWorkerConnection[1-148]: Handshake done
I1102 19:13:57.861073 Server/E engine.cpp:674] Engine: New message connection
I1102 19:13:57.861098 IO-0/EL  engine.cpp:277] Engine: Receive new handshake message from message connection
I1102 19:13:57.861103 IO-0/EL  worker_manager.cpp:60] WorkerManager: FuncWorker of func_id 1, client_id 149 connected
I1102 19:13:57.861116 IO-0/EL  message_connection.cpp:269] FuncWorkerConnection[1-149]: Handshake done
I1102 19:13:57.861584 Server/E engine.cpp:674] Engine: New message connection
I1102 19:13:57.861609 IO-0/EL  engine.cpp:277] Engine: Receive new handshake message from message connection
I1102 19:13:57.861614 IO-0/EL  worker_manager.cpp:60] WorkerManager: FuncWorker of func_id 1, client_id 150 connected
I1102 19:13:57.861627 IO-0/EL  message_connection.cpp:269] FuncWorkerConnection[1-150]: Handshake done
I1102 19:13:57.862111 Server/E engine.cpp:674] Engine: New message connection
I1102 19:13:57.862136 IO-0/EL  engine.cpp:277] Engine: Receive new handshake message from message connection
I1102 19:13:57.862140 IO-0/EL  worker_manager.cpp:60] WorkerManager: FuncWorker of func_id 1, client_id 151 connected
I1102 19:13:57.862153 IO-0/EL  message_connection.cpp:269] FuncWorkerConnection[1-151]: Handshake done
I1102 19:13:57.862675 Server/E engine.cpp:674] Engine: New message connection
I1102 19:13:57.862699 IO-0/EL  engine.cpp:277] Engine: Receive new handshake message from message connection
I1102 19:13:57.862704 IO-0/EL  worker_manager.cpp:60] WorkerManager: FuncWorker of func_id 1, client_id 152 connected
I1102 19:13:57.862720 IO-0/EL  message_connection.cpp:269] FuncWorkerConnection[1-152]: Handshake done
I1102 19:13:57.863157 Server/E engine.cpp:674] Engine: New message connection
I1102 19:13:57.863193 IO-0/EL  engine.cpp:277] Engine: Receive new handshake message from message connection
I1102 19:13:57.863198 IO-0/EL  worker_manager.cpp:60] WorkerManager: FuncWorker of func_id 1, client_id 153 connected
I1102 19:13:57.863211 IO-0/EL  message_connection.cpp:269] FuncWorkerConnection[1-153]: Handshake done
I1102 19:13:57.863749 Server/E engine.cpp:674] Engine: New message connection
I1102 19:13:57.863784 IO-0/EL  engine.cpp:277] Engine: Receive new handshake message from message connection
I1102 19:13:57.863789 IO-0/EL  worker_manager.cpp:60] WorkerManager: FuncWorker of func_id 1, client_id 154 connected
I1102 19:13:57.863802 IO-0/EL  message_connection.cpp:269] FuncWorkerConnection[1-154]: Handshake done
I1102 19:13:57.864193 Server/E engine.cpp:674] Engine: New message connection
I1102 19:13:57.864224 IO-0/EL  engine.cpp:277] Engine: Receive new handshake message from message connection
I1102 19:13:57.864228 IO-0/EL  worker_manager.cpp:60] WorkerManager: FuncWorker of func_id 1, client_id 155 connected
I1102 19:13:57.864244 IO-0/EL  message_connection.cpp:269] FuncWorkerConnection[1-155]: Handshake done
I1102 19:13:57.864611 Server/E engine.cpp:674] Engine: New message connection
I1102 19:13:57.864650 IO-0/EL  engine.cpp:277] Engine: Receive new handshake message from message connection
I1102 19:13:57.864655 IO-0/EL  worker_manager.cpp:60] WorkerManager: FuncWorker of func_id 1, client_id 156 connected
I1102 19:13:57.864667 IO-0/EL  message_connection.cpp:269] FuncWorkerConnection[1-156]: Handshake done
I1102 19:13:57.865102 Server/E engine.cpp:674] Engine: New message connection
I1102 19:13:57.865136 IO-0/EL  engine.cpp:277] Engine: Receive new handshake message from message connection
I1102 19:13:57.865141 IO-0/EL  worker_manager.cpp:60] WorkerManager: FuncWorker of func_id 1, client_id 157 connected
I1102 19:13:57.865154 IO-0/EL  message_connection.cpp:269] FuncWorkerConnection[1-157]: Handshake done
I1102 19:13:57.865566 Server/E engine.cpp:674] Engine: New message connection
I1102 19:13:57.865588 IO-0/EL  engine.cpp:277] Engine: Receive new handshake message from message connection
I1102 19:13:57.865593 IO-0/EL  worker_manager.cpp:60] WorkerManager: FuncWorker of func_id 1, client_id 158 connected
I1102 19:13:57.865612 IO-0/EL  message_connection.cpp:269] FuncWorkerConnection[1-158]: Handshake done
I1102 19:13:57.866026 Server/E engine.cpp:674] Engine: New message connection
I1102 19:13:57.866069 IO-0/EL  engine.cpp:277] Engine: Receive new handshake message from message connection
I1102 19:13:57.866074 IO-0/EL  worker_manager.cpp:60] WorkerManager: FuncWorker of func_id 1, client_id 159 connected
I1102 19:13:57.866088 IO-0/EL  message_connection.cpp:269] FuncWorkerConnection[1-159]: Handshake done
I1102 19:13:57.866499 Server/E engine.cpp:674] Engine: New message connection
I1102 19:13:57.866521 IO-0/EL  engine.cpp:277] Engine: Receive new handshake message from message connection
I1102 19:13:57.866525 IO-0/EL  worker_manager.cpp:60] WorkerManager: FuncWorker of func_id 1, client_id 160 connected
I1102 19:13:57.866538 IO-0/EL  message_connection.cpp:269] FuncWorkerConnection[1-160]: Handshake done
I1102 19:13:57.867376 Server/E engine.cpp:674] Engine: New message connection
I1102 19:13:57.867406 IO-0/EL  engine.cpp:277] Engine: Receive new handshake message from message connection
I1102 19:13:57.867411 IO-0/EL  worker_manager.cpp:60] WorkerManager: FuncWorker of func_id 1, client_id 161 connected
I1102 19:13:57.867424 IO-0/EL  message_connection.cpp:269] FuncWorkerConnection[1-161]: Handshake done
I1102 19:13:57.867703 Server/E engine.cpp:674] Engine: New message connection
I1102 19:13:57.867747 IO-0/EL  engine.cpp:277] Engine: Receive new handshake message from message connection
I1102 19:13:57.867753 IO-0/EL  worker_manager.cpp:60] WorkerManager: FuncWorker of func_id 1, client_id 162 connected
I1102 19:13:57.867766 IO-0/EL  message_connection.cpp:269] FuncWorkerConnection[1-162]: Handshake done
I1102 19:13:57.868242 Server/E engine.cpp:674] Engine: New message connection
I1102 19:13:57.868267 IO-0/EL  engine.cpp:277] Engine: Receive new handshake message from message connection
I1102 19:13:57.868272 IO-0/EL  worker_manager.cpp:60] WorkerManager: FuncWorker of func_id 1, client_id 163 connected
I1102 19:13:57.868285 IO-0/EL  message_connection.cpp:269] FuncWorkerConnection[1-163]: Handshake done
I1102 19:13:57.868800 Server/E engine.cpp:674] Engine: New message connection
I1102 19:13:57.883734 Server/E engine.cpp:674] Engine: New message connection
I1102 19:13:57.883771 Server/E engine.cpp:674] Engine: New message connection
I1102 19:13:57.883784 IO-0/EL  engine.cpp:277] Engine: Receive new handshake message from message connection
I1102 19:13:57.883805 IO-0/EL  worker_manager.cpp:60] WorkerManager: FuncWorker of func_id 1, client_id 164 connected
I1102 19:13:57.883790 Server/E engine.cpp:674] Engine: New message connection
I1102 19:13:57.883829 Server/E engine.cpp:674] Engine: New message connection
I1102 19:13:57.883833 IO-0/EL  message_connection.cpp:269] FuncWorkerConnection[1-164]: Handshake done
I1102 19:13:57.883842 Server/E engine.cpp:674] Engine: New message connection
I1102 19:13:57.883858 Server/E engine.cpp:674] Engine: New message connection
I1102 19:13:57.883865 IO-0/EL  engine.cpp:277] Engine: Receive new handshake message from message connection
I1102 19:13:57.883870 Server/E engine.cpp:674] Engine: New message connection
I1102 19:13:57.883870 IO-0/EL  worker_manager.cpp:60] WorkerManager: FuncWorker of func_id 1, client_id 165 connected
I1102 19:13:57.883894 Server/E engine.cpp:674] Engine: New message connection
I1102 19:13:57.883899 IO-0/EL  message_connection.cpp:269] FuncWorkerConnection[1-165]: Handshake done
I1102 19:13:57.883908 Server/E engine.cpp:674] Engine: New message connection
I1102 19:13:57.883914 IO-0/EL  engine.cpp:277] Engine: Receive new handshake message from message connection
I1102 19:13:57.883919 IO-0/EL  worker_manager.cpp:60] WorkerManager: FuncWorker of func_id 1, client_id 166 connected
I1102 19:13:57.883921 Server/E engine.cpp:674] Engine: New message connection
I1102 19:13:57.883933 IO-0/EL  message_connection.cpp:269] FuncWorkerConnection[1-166]: Handshake done
I1102 19:13:57.883936 Server/E engine.cpp:674] Engine: New message connection
I1102 19:13:57.883954 IO-0/EL  engine.cpp:277] Engine: Receive new handshake message from message connection
I1102 19:13:57.883962 IO-0/EL  worker_manager.cpp:60] WorkerManager: FuncWorker of func_id 1, client_id 167 connected
I1102 19:13:57.883966 Server/E engine.cpp:674] Engine: New message connection
I1102 19:13:57.883978 IO-0/EL  message_connection.cpp:269] FuncWorkerConnection[1-167]: Handshake done
I1102 19:13:57.883980 Server/E engine.cpp:674] Engine: New message connection
I1102 19:13:57.884003 IO-0/EL  engine.cpp:277] Engine: Receive new handshake message from message connection
I1102 19:13:57.884012 IO-0/EL  worker_manager.cpp:60] WorkerManager: FuncWorker of func_id 1, client_id 168 connected
I1102 19:13:57.884006 Server/E engine.cpp:674] Engine: New message connection
I1102 19:13:57.884035 Server/E engine.cpp:674] Engine: New message connection
I1102 19:13:57.884035 IO-0/EL  message_connection.cpp:269] FuncWorkerConnection[1-168]: Handshake done
I1102 19:13:57.884057 Server/E engine.cpp:674] Engine: New message connection
I1102 19:13:57.884065 IO-0/EL  engine.cpp:277] Engine: Receive new handshake message from message connection
I1102 19:13:57.884073 IO-0/EL  worker_manager.cpp:60] WorkerManager: FuncWorker of func_id 1, client_id 169 connected
I1102 19:13:57.884075 Server/E engine.cpp:674] Engine: New message connection
I1102 19:13:57.884091 Server/E engine.cpp:674] Engine: New message connection
I1102 19:13:57.884096 IO-0/EL  message_connection.cpp:269] FuncWorkerConnection[1-169]: Handshake done
I1102 19:13:57.884109 Server/E engine.cpp:674] Engine: New message connection
I1102 19:13:57.884118 IO-0/EL  engine.cpp:277] Engine: Receive new handshake message from message connection
I1102 19:13:57.884125 IO-0/EL  worker_manager.cpp:60] WorkerManager: FuncWorker of func_id 1, client_id 170 connected
I1102 19:13:57.884130 Server/E engine.cpp:674] Engine: New message connection
I1102 19:13:57.884151 IO-0/EL  message_connection.cpp:269] FuncWorkerConnection[1-170]: Handshake done
I1102 19:13:57.884155 Server/E engine.cpp:674] Engine: New message connection
I1102 19:13:57.884174 IO-0/EL  engine.cpp:277] Engine: Receive new handshake message from message connection
I1102 19:13:57.884179 Server/E engine.cpp:674] Engine: New message connection
I1102 19:13:57.884182 IO-0/EL  worker_manager.cpp:60] WorkerManager: FuncWorker of func_id 1, client_id 171 connected
I1102 19:13:57.884200 Server/E engine.cpp:674] Engine: New message connection
I1102 19:13:57.884206 IO-0/EL  message_connection.cpp:269] FuncWorkerConnection[1-171]: Handshake done
I1102 19:13:57.884223 Server/E engine.cpp:674] Engine: New message connection
I1102 19:13:57.884234 IO-0/EL  engine.cpp:277] Engine: Receive new handshake message from message connection
I1102 19:13:57.884242 IO-0/EL  worker_manager.cpp:60] WorkerManager: FuncWorker of func_id 1, client_id 172 connected
I1102 19:13:57.884243 Server/E engine.cpp:674] Engine: New message connection
I1102 19:13:57.884264 IO-0/EL  message_connection.cpp:269] FuncWorkerConnection[1-172]: Handshake done
I1102 19:13:57.884268 Server/E engine.cpp:674] Engine: New message connection
I1102 19:13:57.884285 IO-0/EL  engine.cpp:277] Engine: Receive new handshake message from message connection
I1102 19:13:57.884290 Server/E engine.cpp:674] Engine: New message connection
I1102 19:13:57.884292 IO-0/EL  worker_manager.cpp:60] WorkerManager: FuncWorker of func_id 1, client_id 173 connected
I1102 19:13:57.884315 Server/E engine.cpp:674] Engine: New message connection
I1102 19:13:57.884329 IO-0/EL  message_connection.cpp:269] FuncWorkerConnection[1-173]: Handshake done
I1102 19:13:57.884337 Server/E engine.cpp:674] Engine: New message connection
I1102 19:13:57.884358 IO-0/EL  engine.cpp:277] Engine: Receive new handshake message from message connection
I1102 19:13:57.884372 IO-0/EL  worker_manager.cpp:60] WorkerManager: FuncWorker of func_id 1, client_id 174 connected
I1102 19:13:57.884359 Server/E engine.cpp:674] Engine: New message connection
I1102 19:13:57.884394 IO-0/EL  message_connection.cpp:269] FuncWorkerConnection[1-174]: Handshake done
I1102 19:13:57.884402 Server/E engine.cpp:674] Engine: New message connection
I1102 19:13:57.884431 IO-0/EL  engine.cpp:277] Engine: Receive new handshake message from message connection
I1102 19:13:57.884439 IO-0/EL  worker_manager.cpp:60] WorkerManager: FuncWorker of func_id 1, client_id 175 connected
I1102 19:13:57.884461 IO-0/EL  message_connection.cpp:269] FuncWorkerConnection[1-175]: Handshake done
I1102 19:13:57.884485 IO-0/EL  engine.cpp:277] Engine: Receive new handshake message from message connection
I1102 19:13:57.884493 IO-0/EL  worker_manager.cpp:60] WorkerManager: FuncWorker of func_id 1, client_id 176 connected
I1102 19:13:57.884515 IO-0/EL  message_connection.cpp:269] FuncWorkerConnection[1-176]: Handshake done
I1102 19:13:57.884534 Server/E engine.cpp:674] Engine: New message connection
I1102 19:13:57.884538 IO-0/EL  engine.cpp:277] Engine: Receive new handshake message from message connection
I1102 19:13:57.884560 IO-0/EL  worker_manager.cpp:60] WorkerManager: FuncWorker of func_id 1, client_id 177 connected
I1102 19:13:57.884582 IO-0/EL  message_connection.cpp:269] FuncWorkerConnection[1-177]: Handshake done
I1102 19:13:57.884608 IO-0/EL  engine.cpp:277] Engine: Receive new handshake message from message connection
I1102 19:13:57.884615 IO-0/EL  worker_manager.cpp:60] WorkerManager: FuncWorker of func_id 1, client_id 178 connected
I1102 19:13:57.884638 IO-0/EL  message_connection.cpp:269] FuncWorkerConnection[1-178]: Handshake done
I1102 19:13:57.884658 IO-0/EL  engine.cpp:277] Engine: Receive new handshake message from message connection
I1102 19:13:57.884664 IO-0/EL  worker_manager.cpp:60] WorkerManager: FuncWorker of func_id 1, client_id 179 connected
I1102 19:13:57.884688 IO-0/EL  message_connection.cpp:269] FuncWorkerConnection[1-179]: Handshake done
I1102 19:13:57.884727 IO-0/EL  engine.cpp:277] Engine: Receive new handshake message from message connection
I1102 19:13:57.884736 IO-0/EL  worker_manager.cpp:60] WorkerManager: FuncWorker of func_id 1, client_id 180 connected
I1102 19:13:57.884757 IO-0/EL  message_connection.cpp:269] FuncWorkerConnection[1-180]: Handshake done
I1102 19:13:57.884781 IO-0/EL  engine.cpp:277] Engine: Receive new handshake message from message connection
I1102 19:13:57.884788 IO-0/EL  worker_manager.cpp:60] WorkerManager: FuncWorker of func_id 1, client_id 181 connected
I1102 19:13:57.884810 IO-0/EL  message_connection.cpp:269] FuncWorkerConnection[1-181]: Handshake done
I1102 19:13:57.884838 IO-0/EL  engine.cpp:277] Engine: Receive new handshake message from message connection
I1102 19:13:57.884845 IO-0/EL  worker_manager.cpp:60] WorkerManager: FuncWorker of func_id 1, client_id 182 connected
I1102 19:13:57.884867 IO-0/EL  message_connection.cpp:269] FuncWorkerConnection[1-182]: Handshake done
I1102 19:13:57.884891 IO-0/EL  engine.cpp:277] Engine: Receive new handshake message from message connection
I1102 19:13:57.884898 IO-0/EL  worker_manager.cpp:60] WorkerManager: FuncWorker of func_id 1, client_id 183 connected
I1102 19:13:57.884919 IO-0/EL  message_connection.cpp:269] FuncWorkerConnection[1-183]: Handshake done
I1102 19:13:57.884950 IO-0/EL  engine.cpp:277] Engine: Receive new handshake message from message connection
I1102 19:13:57.884957 IO-0/EL  worker_manager.cpp:60] WorkerManager: FuncWorker of func_id 1, client_id 184 connected
I1102 19:13:57.884979 IO-0/EL  message_connection.cpp:269] FuncWorkerConnection[1-184]: Handshake done
I1102 19:13:57.884998 IO-0/EL  engine.cpp:277] Engine: Receive new handshake message from message connection
I1102 19:13:57.885004 IO-0/EL  worker_manager.cpp:60] WorkerManager: FuncWorker of func_id 1, client_id 185 connected
I1102 19:13:57.885028 IO-0/EL  message_connection.cpp:269] FuncWorkerConnection[1-185]: Handshake done
I1102 19:13:57.885053 IO-0/EL  engine.cpp:277] Engine: Receive new handshake message from message connection
I1102 19:13:57.885058 IO-0/EL  worker_manager.cpp:60] WorkerManager: FuncWorker of func_id 1, client_id 186 connected
I1102 19:13:57.885073 IO-0/EL  message_connection.cpp:269] FuncWorkerConnection[1-186]: Handshake done
I1102 19:13:57.885098 IO-0/EL  engine.cpp:277] Engine: Receive new handshake message from message connection
I1102 19:13:57.885102 IO-0/EL  worker_manager.cpp:60] WorkerManager: FuncWorker of func_id 1, client_id 187 connected
I1102 19:13:57.885123 IO-0/EL  message_connection.cpp:269] FuncWorkerConnection[1-187]: Handshake done
I1102 19:13:57.885137 IO-0/EL  engine.cpp:277] Engine: Receive new handshake message from message connection
I1102 19:13:57.885133 Server/E engine.cpp:674] Engine: New message connection
I1102 19:13:57.885141 IO-0/EL  worker_manager.cpp:60] WorkerManager: FuncWorker of func_id 1, client_id 188 connected
I1102 19:13:57.885174 IO-0/EL  message_connection.cpp:269] FuncWorkerConnection[1-188]: Handshake done
I1102 19:13:57.885193 IO-0/EL  engine.cpp:277] Engine: Receive new handshake message from message connection
I1102 19:13:57.885198 IO-0/EL  worker_manager.cpp:60] WorkerManager: FuncWorker of func_id 1, client_id 189 connected
I1102 19:13:57.885211 IO-0/EL  message_connection.cpp:269] FuncWorkerConnection[1-189]: Handshake done
I1102 19:13:57.885225 IO-0/EL  engine.cpp:277] Engine: Receive new handshake message from message connection
I1102 19:13:57.885229 IO-0/EL  worker_manager.cpp:60] WorkerManager: FuncWorker of func_id 1, client_id 190 connected
I1102 19:13:57.885242 IO-0/EL  message_connection.cpp:269] FuncWorkerConnection[1-190]: Handshake done
I1102 19:13:57.885260 IO-0/EL  engine.cpp:277] Engine: Receive new handshake message from message connection
I1102 19:13:57.885265 IO-0/EL  worker_manager.cpp:60] WorkerManager: FuncWorker of func_id 1, client_id 191 connected
I1102 19:13:57.885277 IO-0/EL  message_connection.cpp:269] FuncWorkerConnection[1-191]: Handshake done
I1102 19:13:57.885294 IO-0/EL  engine.cpp:277] Engine: Receive new handshake message from message connection
I1102 19:13:57.885297 IO-0/EL  worker_manager.cpp:60] WorkerManager: FuncWorker of func_id 1, client_id 192 connected
I1102 19:13:57.885309 IO-0/EL  message_connection.cpp:269] FuncWorkerConnection[1-192]: Handshake done
I1102 19:13:57.885328 IO-0/EL  engine.cpp:277] Engine: Receive new handshake message from message connection
I1102 19:13:57.885335 IO-0/EL  worker_manager.cpp:60] WorkerManager: FuncWorker of func_id 1, client_id 193 connected
I1102 19:13:57.885352 IO-0/EL  message_connection.cpp:269] FuncWorkerConnection[1-193]: Handshake done
I1102 19:13:57.885376 IO-0/EL  engine.cpp:277] Engine: Receive new handshake message from message connection
I1102 19:13:57.885384 IO-0/EL  worker_manager.cpp:60] WorkerManager: FuncWorker of func_id 1, client_id 194 connected
I1102 19:13:57.885404 IO-0/EL  message_connection.cpp:269] FuncWorkerConnection[1-194]: Handshake done
I1102 19:13:57.885431 IO-0/EL  engine.cpp:277] Engine: Receive new handshake message from message connection
I1102 19:13:57.885439 IO-0/EL  worker_manager.cpp:60] WorkerManager: FuncWorker of func_id 1, client_id 195 connected
I1102 19:13:57.885462 IO-0/EL  message_connection.cpp:269] FuncWorkerConnection[1-195]: Handshake done
I1102 19:13:57.885483 IO-0/EL  engine.cpp:277] Engine: Receive new handshake message from message connection
I1102 19:13:57.885489 IO-0/EL  worker_manager.cpp:60] WorkerManager: FuncWorker of func_id 1, client_id 196 connected
I1102 19:13:57.885510 IO-0/EL  message_connection.cpp:269] FuncWorkerConnection[1-196]: Handshake done
I1102 19:13:57.885532 IO-0/EL  engine.cpp:277] Engine: Receive new handshake message from message connection
I1102 19:13:57.885538 IO-0/EL  worker_manager.cpp:60] WorkerManager: FuncWorker of func_id 1, client_id 197 connected
I1102 19:13:57.885559 IO-0/EL  message_connection.cpp:269] FuncWorkerConnection[1-197]: Handshake done
I1102 19:13:57.885890 Server/E engine.cpp:674] Engine: New message connection
I1102 19:13:57.885945 IO-0/EL  engine.cpp:277] Engine: Receive new handshake message from message connection
I1102 19:13:57.885956 IO-0/EL  worker_manager.cpp:60] WorkerManager: FuncWorker of func_id 1, client_id 198 connected
I1102 19:13:57.885986 IO-0/EL  message_connection.cpp:269] FuncWorkerConnection[1-198]: Handshake done
I1102 19:13:57.887003 Server/E engine.cpp:674] Engine: New message connection
I1102 19:13:57.887077 IO-0/EL  engine.cpp:277] Engine: Receive new handshake message from message connection
I1102 19:13:57.887095 IO-0/EL  worker_manager.cpp:60] WorkerManager: FuncWorker of func_id 1, client_id 199 connected
I1102 19:13:57.887126 IO-0/EL  message_connection.cpp:269] FuncWorkerConnection[1-199]: Handshake done
I1102 19:13:57.887334 Server/E engine.cpp:674] Engine: New message connection
I1102 19:13:57.887388 IO-0/EL  engine.cpp:277] Engine: Receive new handshake message from message connection
I1102 19:13:57.887395 IO-0/EL  worker_manager.cpp:60] WorkerManager: FuncWorker of func_id 1, client_id 200 connected
I1102 19:13:57.887417 IO-0/EL  message_connection.cpp:269] FuncWorkerConnection[1-200]: Handshake done
I1102 19:13:57.887955 Server/E engine.cpp:674] Engine: New message connection
I1102 19:13:57.888003 IO-0/EL  engine.cpp:277] Engine: Receive new handshake message from message connection
I1102 19:13:57.888017 IO-0/EL  worker_manager.cpp:60] WorkerManager: FuncWorker of func_id 1, client_id 201 connected
I1102 19:13:57.888046 IO-0/EL  message_connection.cpp:269] FuncWorkerConnection[1-201]: Handshake done
I1102 19:13:57.888812 Server/E engine.cpp:674] Engine: New message connection
I1102 19:13:57.888840 IO-0/EL  engine.cpp:277] Engine: Receive new handshake message from message connection
I1102 19:13:57.888846 IO-0/EL  worker_manager.cpp:60] WorkerManager: FuncWorker of func_id 1, client_id 202 connected
I1102 19:13:57.888861 IO-0/EL  message_connection.cpp:269] FuncWorkerConnection[1-202]: Handshake done
I1102 19:13:57.888939 Server/E engine.cpp:674] Engine: New message connection
I1102 19:13:57.888966 IO-0/EL  engine.cpp:277] Engine: Receive new handshake message from message connection
I1102 19:13:57.888971 IO-0/EL  worker_manager.cpp:60] WorkerManager: FuncWorker of func_id 1, client_id 203 connected
I1102 19:13:57.888985 IO-0/EL  message_connection.cpp:269] FuncWorkerConnection[1-203]: Handshake done
I1102 19:13:57.890216 Server/E engine.cpp:674] Engine: New message connection
I1102 19:13:57.890240 IO-0/EL  engine.cpp:277] Engine: Receive new handshake message from message connection
I1102 19:13:57.890245 IO-0/EL  worker_manager.cpp:60] WorkerManager: FuncWorker of func_id 1, client_id 204 connected
I1102 19:13:57.890264 IO-0/EL  message_connection.cpp:269] FuncWorkerConnection[1-204]: Handshake done
I1102 19:13:57.890773 Server/E engine.cpp:674] Engine: New message connection
I1102 19:13:57.890799 IO-0/EL  engine.cpp:277] Engine: Receive new handshake message from message connection
I1102 19:13:57.890803 IO-0/EL  worker_manager.cpp:60] WorkerManager: FuncWorker of func_id 1, client_id 205 connected
I1102 19:13:57.890816 IO-0/EL  message_connection.cpp:269] FuncWorkerConnection[1-205]: Handshake done
I1102 19:13:57.891329 Server/E engine.cpp:674] Engine: New message connection
I1102 19:13:57.891353 IO-0/EL  engine.cpp:277] Engine: Receive new handshake message from message connection
I1102 19:13:57.891358 IO-0/EL  worker_manager.cpp:60] WorkerManager: FuncWorker of func_id 1, client_id 206 connected
I1102 19:13:57.891370 IO-0/EL  message_connection.cpp:269] FuncWorkerConnection[1-206]: Handshake done
I1102 19:13:57.891921 Server/E engine.cpp:674] Engine: New message connection
I1102 19:13:57.891945 IO-0/EL  engine.cpp:277] Engine: Receive new handshake message from message connection
I1102 19:13:57.891950 IO-0/EL  worker_manager.cpp:60] WorkerManager: FuncWorker of func_id 1, client_id 207 connected
I1102 19:13:57.891963 IO-0/EL  message_connection.cpp:269] FuncWorkerConnection[1-207]: Handshake done
I1102 19:13:57.892367 Server/E engine.cpp:674] Engine: New message connection
I1102 19:13:57.892392 IO-0/EL  engine.cpp:277] Engine: Receive new handshake message from message connection
I1102 19:13:57.892397 IO-0/EL  worker_manager.cpp:60] WorkerManager: FuncWorker of func_id 1, client_id 208 connected
I1102 19:13:57.892410 IO-0/EL  message_connection.cpp:269] FuncWorkerConnection[1-208]: Handshake done
I1102 19:13:57.892919 Server/E engine.cpp:674] Engine: New message connection
I1102 19:13:57.892941 IO-0/EL  engine.cpp:277] Engine: Receive new handshake message from message connection
I1102 19:13:57.892947 IO-0/EL  worker_manager.cpp:60] WorkerManager: FuncWorker of func_id 1, client_id 209 connected
I1102 19:13:57.892961 IO-0/EL  message_connection.cpp:269] FuncWorkerConnection[1-209]: Handshake done
I1102 19:13:57.893457 Server/E engine.cpp:674] Engine: New message connection
I1102 19:13:57.893493 IO-0/EL  engine.cpp:277] Engine: Receive new handshake message from message connection
I1102 19:13:57.893497 IO-0/EL  worker_manager.cpp:60] WorkerManager: FuncWorker of func_id 1, client_id 210 connected
I1102 19:13:57.893511 IO-0/EL  message_connection.cpp:269] FuncWorkerConnection[1-210]: Handshake done
I1102 19:13:57.894034 Server/E engine.cpp:674] Engine: New message connection
I1102 19:13:57.894070 IO-0/EL  engine.cpp:277] Engine: Receive new handshake message from message connection
I1102 19:13:57.894075 IO-0/EL  worker_manager.cpp:60] WorkerManager: FuncWorker of func_id 1, client_id 211 connected
I1102 19:13:57.894088 IO-0/EL  message_connection.cpp:269] FuncWorkerConnection[1-211]: Handshake done
I1102 19:13:57.894525 Server/E engine.cpp:674] Engine: New message connection
I1102 19:13:57.894561 IO-0/EL  engine.cpp:277] Engine: Receive new handshake message from message connection
I1102 19:13:57.894566 IO-0/EL  worker_manager.cpp:60] WorkerManager: FuncWorker of func_id 1, client_id 212 connected
I1102 19:13:57.894579 IO-0/EL  message_connection.cpp:269] FuncWorkerConnection[1-212]: Handshake done
I1102 19:13:57.895090 Server/E engine.cpp:674] Engine: New message connection
I1102 19:13:57.895128 IO-0/EL  engine.cpp:277] Engine: Receive new handshake message from message connection
I1102 19:13:57.895133 IO-0/EL  worker_manager.cpp:60] WorkerManager: FuncWorker of func_id 1, client_id 213 connected
I1102 19:13:57.895147 IO-0/EL  message_connection.cpp:269] FuncWorkerConnection[1-213]: Handshake done
I1102 19:13:57.895630 Server/E engine.cpp:674] Engine: New message connection
I1102 19:13:57.895665 IO-0/EL  engine.cpp:277] Engine: Receive new handshake message from message connection
I1102 19:13:57.895670 IO-0/EL  worker_manager.cpp:60] WorkerManager: FuncWorker of func_id 1, client_id 214 connected
I1102 19:13:57.895684 IO-0/EL  message_connection.cpp:269] FuncWorkerConnection[1-214]: Handshake done
I1102 19:13:57.896197 Server/E engine.cpp:674] Engine: New message connection
I1102 19:13:57.896236 IO-0/EL  engine.cpp:277] Engine: Receive new handshake message from message connection
I1102 19:13:57.896241 IO-0/EL  worker_manager.cpp:60] WorkerManager: FuncWorker of func_id 1, client_id 215 connected
I1102 19:13:57.896255 IO-0/EL  message_connection.cpp:269] FuncWorkerConnection[1-215]: Handshake done
I1102 19:13:57.896777 Server/E engine.cpp:674] Engine: New message connection
I1102 19:13:57.896817 IO-0/EL  engine.cpp:277] Engine: Receive new handshake message from message connection
I1102 19:13:57.896823 IO-0/EL  worker_manager.cpp:60] WorkerManager: FuncWorker of func_id 1, client_id 216 connected
I1102 19:13:57.896837 IO-0/EL  message_connection.cpp:269] FuncWorkerConnection[1-216]: Handshake done
I1102 19:13:57.897276 Server/E engine.cpp:674] Engine: New message connection
I1102 19:13:57.897311 IO-0/EL  engine.cpp:277] Engine: Receive new handshake message from message connection
I1102 19:13:57.897315 IO-0/EL  worker_manager.cpp:60] WorkerManager: FuncWorker of func_id 1, client_id 217 connected
I1102 19:13:57.897328 IO-0/EL  message_connection.cpp:269] FuncWorkerConnection[1-217]: Handshake done
I1102 19:13:57.897801 Server/E engine.cpp:674] Engine: New message connection
I1102 19:13:57.897842 IO-0/EL  engine.cpp:277] Engine: Receive new handshake message from message connection
I1102 19:13:57.897847 IO-0/EL  worker_manager.cpp:60] WorkerManager: FuncWorker of func_id 1, client_id 218 connected
I1102 19:13:57.897861 IO-0/EL  message_connection.cpp:269] FuncWorkerConnection[1-218]: Handshake done
I1102 19:13:57.898303 Server/E engine.cpp:674] Engine: New message connection
I1102 19:13:57.898341 IO-0/EL  engine.cpp:277] Engine: Receive new handshake message from message connection
I1102 19:13:57.898346 IO-0/EL  worker_manager.cpp:60] WorkerManager: FuncWorker of func_id 1, client_id 219 connected
I1102 19:13:57.898359 IO-0/EL  message_connection.cpp:269] FuncWorkerConnection[1-219]: Handshake done
I1102 19:13:57.898854 Server/E engine.cpp:674] Engine: New message connection
I1102 19:13:57.898894 IO-0/EL  engine.cpp:277] Engine: Receive new handshake message from message connection
I1102 19:13:57.898899 IO-0/EL  worker_manager.cpp:60] WorkerManager: FuncWorker of func_id 1, client_id 220 connected
I1102 19:13:57.898913 IO-0/EL  message_connection.cpp:269] FuncWorkerConnection[1-220]: Handshake done
I1102 19:13:57.899368 Server/E engine.cpp:674] Engine: New message connection
I1102 19:13:57.899404 IO-0/EL  engine.cpp:277] Engine: Receive new handshake message from message connection
I1102 19:13:57.899408 IO-0/EL  worker_manager.cpp:60] WorkerManager: FuncWorker of func_id 1, client_id 221 connected
I1102 19:13:57.899426 IO-0/EL  message_connection.cpp:269] FuncWorkerConnection[1-221]: Handshake done
I1102 19:13:57.899910 Server/E engine.cpp:674] Engine: New message connection
I1102 19:13:57.899941 IO-0/EL  engine.cpp:277] Engine: Receive new handshake message from message connection
I1102 19:13:57.899946 IO-0/EL  worker_manager.cpp:60] WorkerManager: FuncWorker of func_id 1, client_id 222 connected
I1102 19:13:57.899959 IO-0/EL  message_connection.cpp:269] FuncWorkerConnection[1-222]: Handshake done
I1102 19:13:57.900455 Server/E engine.cpp:674] Engine: New message connection
I1102 19:13:57.900481 IO-0/EL  engine.cpp:277] Engine: Receive new handshake message from message connection
I1102 19:13:57.900486 IO-0/EL  worker_manager.cpp:60] WorkerManager: FuncWorker of func_id 1, client_id 223 connected
I1102 19:13:57.900499 IO-0/EL  message_connection.cpp:269] FuncWorkerConnection[1-223]: Handshake done
I1102 19:13:57.901161 Server/E engine.cpp:674] Engine: New message connection
I1102 19:13:57.901214 IO-0/EL  engine.cpp:277] Engine: Receive new handshake message from message connection
I1102 19:13:57.901219 IO-0/EL  worker_manager.cpp:60] WorkerManager: FuncWorker of func_id 1, client_id 224 connected
I1102 19:13:57.901234 IO-0/EL  message_connection.cpp:269] FuncWorkerConnection[1-224]: Handshake done
I1102 19:13:57.901667 Server/E engine.cpp:674] Engine: New message connection
I1102 19:13:57.901708 IO-0/EL  engine.cpp:277] Engine: Receive new handshake message from message connection
I1102 19:13:57.901717 IO-0/EL  worker_manager.cpp:60] WorkerManager: FuncWorker of func_id 1, client_id 225 connected
I1102 19:13:57.901750 IO-0/EL  message_connection.cpp:269] FuncWorkerConnection[1-225]: Handshake done
I1102 19:13:57.902043 Server/E engine.cpp:674] Engine: New message connection
I1102 19:13:57.902072 IO-0/EL  engine.cpp:277] Engine: Receive new handshake message from message connection
I1102 19:13:57.902076 IO-0/EL  worker_manager.cpp:60] WorkerManager: FuncWorker of func_id 1, client_id 226 connected
I1102 19:13:57.902089 IO-0/EL  message_connection.cpp:269] FuncWorkerConnection[1-226]: Handshake done
I1102 19:13:57.902915 Server/E engine.cpp:674] Engine: New message connection
I1102 19:13:57.902938 IO-0/EL  engine.cpp:277] Engine: Receive new handshake message from message connection
I1102 19:13:57.902943 IO-0/EL  worker_manager.cpp:60] WorkerManager: FuncWorker of func_id 1, client_id 227 connected
I1102 19:13:57.902956 IO-0/EL  message_connection.cpp:269] FuncWorkerConnection[1-227]: Handshake done
I1102 19:13:57.903046 Server/E engine.cpp:674] Engine: New message connection
I1102 19:13:57.903068 IO-0/EL  engine.cpp:277] Engine: Receive new handshake message from message connection
I1102 19:13:57.903073 IO-0/EL  worker_manager.cpp:60] WorkerManager: FuncWorker of func_id 1, client_id 228 connected
I1102 19:13:57.903086 IO-0/EL  message_connection.cpp:269] FuncWorkerConnection[1-228]: Handshake done
I1102 19:13:57.903556 Server/E engine.cpp:674] Engine: New message connection
I1102 19:13:57.903585 IO-0/EL  engine.cpp:277] Engine: Receive new handshake message from message connection
I1102 19:13:57.903590 IO-0/EL  worker_manager.cpp:60] WorkerManager: FuncWorker of func_id 1, client_id 229 connected
I1102 19:13:57.903603 IO-0/EL  message_connection.cpp:269] FuncWorkerConnection[1-229]: Handshake done
I1102 19:13:57.904010 Server/E engine.cpp:674] Engine: New message connection
I1102 19:13:57.904043 IO-0/EL  engine.cpp:277] Engine: Receive new handshake message from message connection
I1102 19:13:57.904047 IO-0/EL  worker_manager.cpp:60] WorkerManager: FuncWorker of func_id 1, client_id 230 connected
I1102 19:13:57.904060 IO-0/EL  message_connection.cpp:269] FuncWorkerConnection[1-230]: Handshake done
I1102 19:13:57.904505 Server/E engine.cpp:674] Engine: New message connection
I1102 19:13:57.904545 IO-0/EL  engine.cpp:277] Engine: Receive new handshake message from message connection
I1102 19:13:57.904551 IO-0/EL  worker_manager.cpp:60] WorkerManager: FuncWorker of func_id 1, client_id 231 connected
I1102 19:13:57.904566 IO-0/EL  message_connection.cpp:269] FuncWorkerConnection[1-231]: Handshake done
I1102 19:13:57.905043 Server/E engine.cpp:674] Engine: New message connection
I1102 19:13:57.905081 IO-0/EL  engine.cpp:277] Engine: Receive new handshake message from message connection
I1102 19:13:57.905086 IO-0/EL  worker_manager.cpp:60] WorkerManager: FuncWorker of func_id 1, client_id 232 connected
I1102 19:13:57.905099 IO-0/EL  message_connection.cpp:269] FuncWorkerConnection[1-232]: Handshake done
I1102 19:13:57.905515 Server/E engine.cpp:674] Engine: New message connection
I1102 19:13:57.905553 IO-0/EL  engine.cpp:277] Engine: Receive new handshake message from message connection
I1102 19:13:57.905557 IO-0/EL  worker_manager.cpp:60] WorkerManager: FuncWorker of func_id 1, client_id 233 connected
I1102 19:13:57.905570 IO-0/EL  message_connection.cpp:269] FuncWorkerConnection[1-233]: Handshake done
I1102 19:13:57.905696 Server/E engine.cpp:674] Engine: New message connection
I1102 19:13:57.905752 IO-0/EL  engine.cpp:277] Engine: Receive new handshake message from message connection
I1102 19:13:57.905757 IO-0/EL  worker_manager.cpp:60] WorkerManager: FuncWorker of func_id 1, client_id 234 connected
I1102 19:13:57.905775 IO-0/EL  message_connection.cpp:269] FuncWorkerConnection[1-234]: Handshake done
I1102 19:13:57.906843 Server/E engine.cpp:674] Engine: New message connection
I1102 19:13:57.906876 IO-0/EL  engine.cpp:277] Engine: Receive new handshake message from message connection
I1102 19:13:57.906881 IO-0/EL  worker_manager.cpp:60] WorkerManager: FuncWorker of func_id 1, client_id 235 connected
I1102 19:13:57.906895 IO-0/EL  message_connection.cpp:269] FuncWorkerConnection[1-235]: Handshake done
I1102 19:13:57.907101 Server/E engine.cpp:674] Engine: New message connection
I1102 19:13:57.907138 IO-0/EL  engine.cpp:277] Engine: Receive new handshake message from message connection
I1102 19:13:57.907142 IO-0/EL  worker_manager.cpp:60] WorkerManager: FuncWorker of func_id 1, client_id 236 connected
I1102 19:13:57.907155 IO-0/EL  message_connection.cpp:269] FuncWorkerConnection[1-236]: Handshake done
I1102 19:13:57.907529 Server/E engine.cpp:674] Engine: New message connection
I1102 19:13:57.907565 IO-0/EL  engine.cpp:277] Engine: Receive new handshake message from message connection
I1102 19:13:57.907570 IO-0/EL  worker_manager.cpp:60] WorkerManager: FuncWorker of func_id 1, client_id 237 connected
I1102 19:13:57.907586 IO-0/EL  message_connection.cpp:269] FuncWorkerConnection[1-237]: Handshake done
I1102 19:13:57.908268 Server/E engine.cpp:674] Engine: New message connection
I1102 19:13:57.908311 IO-0/EL  engine.cpp:277] Engine: Receive new handshake message from message connection
I1102 19:13:57.908315 IO-0/EL  worker_manager.cpp:60] WorkerManager: FuncWorker of func_id 1, client_id 238 connected
I1102 19:13:57.908328 IO-0/EL  message_connection.cpp:269] FuncWorkerConnection[1-238]: Handshake done
I1102 19:13:57.908839 Server/E engine.cpp:674] Engine: New message connection
I1102 19:13:57.908887 IO-0/EL  engine.cpp:277] Engine: Receive new handshake message from message connection
I1102 19:13:57.908892 IO-0/EL  worker_manager.cpp:60] WorkerManager: FuncWorker of func_id 1, client_id 239 connected
I1102 19:13:57.908906 IO-0/EL  message_connection.cpp:269] FuncWorkerConnection[1-239]: Handshake done
I1102 19:13:57.909338 Server/E engine.cpp:674] Engine: New message connection
I1102 19:13:57.909378 IO-0/EL  engine.cpp:277] Engine: Receive new handshake message from message connection
I1102 19:13:57.909383 IO-0/EL  worker_manager.cpp:60] WorkerManager: FuncWorker of func_id 1, client_id 240 connected
I1102 19:13:57.909397 IO-0/EL  message_connection.cpp:269] FuncWorkerConnection[1-240]: Handshake done
I1102 19:13:57.909850 Server/E engine.cpp:674] Engine: New message connection
I1102 19:13:57.909898 IO-0/EL  engine.cpp:277] Engine: Receive new handshake message from message connection
I1102 19:13:57.909903 IO-0/EL  worker_manager.cpp:60] WorkerManager: FuncWorker of func_id 1, client_id 241 connected
I1102 19:13:57.909916 IO-0/EL  message_connection.cpp:269] FuncWorkerConnection[1-241]: Handshake done
I1102 19:13:57.910408 Server/E engine.cpp:674] Engine: New message connection
I1102 19:13:57.910441 IO-0/EL  engine.cpp:277] Engine: Receive new handshake message from message connection
I1102 19:13:57.910445 IO-0/EL  worker_manager.cpp:60] WorkerManager: FuncWorker of func_id 1, client_id 242 connected
I1102 19:13:57.910457 IO-0/EL  message_connection.cpp:269] FuncWorkerConnection[1-242]: Handshake done
I1102 19:13:57.910855 Server/E engine.cpp:674] Engine: New message connection
I1102 19:13:57.910898 IO-0/EL  engine.cpp:277] Engine: Receive new handshake message from message connection
I1102 19:13:57.910903 IO-0/EL  worker_manager.cpp:60] WorkerManager: FuncWorker of func_id 1, client_id 243 connected
I1102 19:13:57.910916 IO-0/EL  message_connection.cpp:269] FuncWorkerConnection[1-243]: Handshake done
I1102 19:13:57.911603 Server/E engine.cpp:674] Engine: New message connection
I1102 19:13:57.911646 IO-0/EL  engine.cpp:277] Engine: Receive new handshake message from message connection
I1102 19:13:57.911651 IO-0/EL  worker_manager.cpp:60] WorkerManager: FuncWorker of func_id 1, client_id 244 connected
I1102 19:13:57.911664 IO-0/EL  message_connection.cpp:269] FuncWorkerConnection[1-244]: Handshake done
I1102 19:13:57.912100 Server/E engine.cpp:674] Engine: New message connection
I1102 19:13:57.912131 IO-0/EL  engine.cpp:277] Engine: Receive new handshake message from message connection
I1102 19:13:57.912136 IO-0/EL  worker_manager.cpp:60] WorkerManager: FuncWorker of func_id 1, client_id 245 connected
I1102 19:13:57.912150 IO-0/EL  message_connection.cpp:269] FuncWorkerConnection[1-245]: Handshake done
I1102 19:13:57.912514 Server/E engine.cpp:674] Engine: New message connection
I1102 19:13:57.912535 IO-0/EL  engine.cpp:277] Engine: Receive new handshake message from message connection
I1102 19:13:57.912540 IO-0/EL  worker_manager.cpp:60] WorkerManager: FuncWorker of func_id 1, client_id 246 connected
I1102 19:13:57.912554 IO-0/EL  message_connection.cpp:269] FuncWorkerConnection[1-246]: Handshake done
I1102 19:13:57.912971 Server/E engine.cpp:674] Engine: New message connection
I1102 19:13:57.912998 IO-0/EL  engine.cpp:277] Engine: Receive new handshake message from message connection
I1102 19:13:57.913002 IO-0/EL  worker_manager.cpp:60] WorkerManager: FuncWorker of func_id 1, client_id 247 connected
I1102 19:13:57.913016 IO-0/EL  message_connection.cpp:269] FuncWorkerConnection[1-247]: Handshake done
I1102 19:13:57.927295 Server/E engine.cpp:674] Engine: New message connection
I1102 19:13:57.927323 IO-0/EL  engine.cpp:277] Engine: Receive new handshake message from message connection
I1102 19:13:57.927328 IO-0/EL  worker_manager.cpp:60] WorkerManager: FuncWorker of func_id 1, client_id 248 connected
I1102 19:13:57.927342 IO-0/EL  message_connection.cpp:269] FuncWorkerConnection[1-248]: Handshake done
I1102 19:13:57.927869 Server/E engine.cpp:674] Engine: New message connection
I1102 19:13:57.927898 IO-0/EL  engine.cpp:277] Engine: Receive new handshake message from message connection
I1102 19:13:57.927903 IO-0/EL  worker_manager.cpp:60] WorkerManager: FuncWorker of func_id 1, client_id 249 connected
I1102 19:13:57.927916 IO-0/EL  message_connection.cpp:269] FuncWorkerConnection[1-249]: Handshake done
I1102 19:13:57.928547 Server/E engine.cpp:674] Engine: New message connection
I1102 19:13:57.928596 IO-0/EL  engine.cpp:277] Engine: Receive new handshake message from message connection
I1102 19:13:57.928601 IO-0/EL  worker_manager.cpp:60] WorkerManager: FuncWorker of func_id 1, client_id 250 connected
I1102 19:13:57.928614 IO-0/EL  message_connection.cpp:269] FuncWorkerConnection[1-250]: Handshake done
I1102 19:13:57.928888 Server/E engine.cpp:674] Engine: New message connection
I1102 19:13:57.928923 IO-0/EL  engine.cpp:277] Engine: Receive new handshake message from message connection
I1102 19:13:57.928928 IO-0/EL  worker_manager.cpp:60] WorkerManager: FuncWorker of func_id 1, client_id 251 connected
I1102 19:13:57.928942 IO-0/EL  message_connection.cpp:269] FuncWorkerConnection[1-251]: Handshake done
I1102 19:13:57.929384 Server/E engine.cpp:674] Engine: New message connection
I1102 19:13:57.929414 IO-0/EL  engine.cpp:277] Engine: Receive new handshake message from message connection
I1102 19:13:57.929419 IO-0/EL  worker_manager.cpp:60] WorkerManager: FuncWorker of func_id 1, client_id 252 connected
I1102 19:13:57.929437 IO-0/EL  message_connection.cpp:269] FuncWorkerConnection[1-252]: Handshake done
I1102 19:13:57.929835 Server/E engine.cpp:674] Engine: New message connection
I1102 19:13:57.929862 IO-0/EL  engine.cpp:277] Engine: Receive new handshake message from message connection
I1102 19:13:57.929868 IO-0/EL  worker_manager.cpp:60] WorkerManager: FuncWorker of func_id 1, client_id 253 connected
I1102 19:13:57.929881 IO-0/EL  message_connection.cpp:269] FuncWorkerConnection[1-253]: Handshake done
I1102 19:13:57.930364 Server/E engine.cpp:674] Engine: New message connection
I1102 19:13:57.930395 IO-0/EL  engine.cpp:277] Engine: Receive new handshake message from message connection
I1102 19:13:57.930400 IO-0/EL  worker_manager.cpp:60] WorkerManager: FuncWorker of func_id 1, client_id 254 connected
I1102 19:13:57.930413 IO-0/EL  message_connection.cpp:269] FuncWorkerConnection[1-254]: Handshake done
I1102 19:13:57.930921 Server/E engine.cpp:674] Engine: New message connection
I1102 19:13:57.930952 IO-0/EL  engine.cpp:277] Engine: Receive new handshake message from message connection
I1102 19:13:57.930956 IO-0/EL  worker_manager.cpp:60] WorkerManager: FuncWorker of func_id 1, client_id 255 connected
I1102 19:13:57.930969 IO-0/EL  message_connection.cpp:269] FuncWorkerConnection[1-255]: Handshake done
I1102 19:13:57.931324 Server/E engine.cpp:674] Engine: New message connection
I1102 19:13:57.931356 IO-0/EL  engine.cpp:277] Engine: Receive new handshake message from message connection
I1102 19:13:57.931361 IO-0/EL  worker_manager.cpp:60] WorkerManager: FuncWorker of func_id 1, client_id 256 connected
I1102 19:13:57.931380 IO-0/EL  message_connection.cpp:269] FuncWorkerConnection[1-256]: Handshake done
I1102 19:14:02.544273 IO-0/EL  buffer_pool.h:25] BufferPool[IO-0_Write]: Allocate new buffer, current buffer count is 5
I1102 19:14:02.544307 IO-0/EL  buffer_pool.h:25] BufferPool[IO-0_Write]: Allocate new buffer, current buffer count is 6
I1102 19:14:02.544317 IO-0/EL  buffer_pool.h:25] BufferPool[IO-0_Write]: Allocate new buffer, current buffer count is 7
I1102 19:14:02.544326 IO-0/EL  buffer_pool.h:25] BufferPool[IO-0_Write]: Allocate new buffer, current buffer count is 8
I1102 19:14:02.544336 IO-0/EL  buffer_pool.h:25] BufferPool[IO-0_Write]: Allocate new buffer, current buffer count is 9
I1102 19:14:02.544344 IO-0/EL  buffer_pool.h:25] BufferPool[IO-0_Write]: Allocate new buffer, current buffer count is 10
I1102 19:14:02.544351 IO-0/EL  buffer_pool.h:25] BufferPool[IO-0_Write]: Allocate new buffer, current buffer count is 11
I1102 19:14:02.544375 IO-0/EL  buffer_pool.h:25] BufferPool[IO-0_Write]: Allocate new buffer, current buffer count is 12
I1102 19:14:04.707847 IO-0/EL  buffer_pool.h:25] BufferPool[IO-0_Write]: Allocate new buffer, current buffer count is 13
I1102 19:14:04.707879 IO-0/EL  buffer_pool.h:25] BufferPool[IO-0_Write]: Allocate new buffer, current buffer count is 14
I1102 19:14:04.707891 IO-0/EL  buffer_pool.h:25] BufferPool[IO-0_Write]: Allocate new buffer, current buffer count is 15
I1102 19:14:04.707903 IO-0/EL  buffer_pool.h:25] BufferPool[IO-0_Write]: Allocate new buffer, current buffer count is 16
I1102 19:14:04.707912 IO-0/EL  buffer_pool.h:25] BufferPool[IO-0_Write]: Allocate new buffer, current buffer count is 17
I1102 19:14:04.707922 IO-0/EL  buffer_pool.h:25] BufferPool[IO-0_Write]: Allocate new buffer, current buffer count is 18
I1102 19:14:04.707933 IO-0/EL  buffer_pool.h:25] BufferPool[IO-0_Write]: Allocate new buffer, current buffer count is 19
I1102 19:14:04.707944 IO-0/EL  buffer_pool.h:25] BufferPool[IO-0_Write]: Allocate new buffer, current buffer count is 20
I1102 19:14:04.707959 IO-0/EL  buffer_pool.h:25] BufferPool[IO-0_Write]: Allocate new buffer, current buffer count is 21
I1102 19:14:05.399686 Main     server_base.cpp:35] Server: Scheduled to stop
I1102 19:14:05.399748 Server/E server_base.cpp:109] Server: Start stopping process
I1102 19:14:05.399813 IO-0/EL  io_worker.cpp:206] IO-0: Start stopping process
I1102 19:14:05.399879 Server/E server_base.cpp:55] Server: Event loop finishes
