I1102 19:14:12.484824 Main     thread.cpp:100] Register main thread: tid=1404989
E1102 19:14:12.486890 Main     docker.cpp:59] Cannot find docker's cgroup in /proc/self/cgroup
I1102 19:14:12.486951 Main     func_config.cpp:135] Load configuration for function Echo[1]
I1102 19:14:12.486963 Main     engine.cpp:109] Engine: Start 1 IO workers
I1102 19:14:12.490185 IO-0/EL  thread.cpp:40] Start thread: IO-0/EL
I1102 19:14:12.490232 IO-0/EL  io_worker.cpp:192] IO-0: Event loop starts
Checking for file descriptor...
Got a file descriptor!
I1102 19:14:14.368687 Main     engine.cpp:180] Engine: Created 1 Machnet connections to Gateway at 10.10.1.2:10007
I1102 19:14:14.368739 Main     engine.cpp:208] Engine: Listen on /dev/shm/faas_ipc/engine.sock for IPC connections
I1102 19:14:14.368908 Server/E thread.cpp:40] Start thread: Server/EL
I1102 19:14:14.369053 Server/E server_base.cpp:50] Server: Event loop starts
I1102 19:14:14.485685 Server/E engine.cpp:674] Engine: New message connection
I1102 19:14:14.489030 IO-0/EL  buffer_pool.h:25] BufferPool[IO-0_Read]: Allocate new buffer, current buffer count is 1
I1102 19:14:14.489061 IO-0/EL  engine.cpp:277] Engine: Receive new handshake message from message connection
I1102 19:14:14.489067 IO-0/EL  worker_manager.cpp:23] WorkerManager: Launcher of func_id 1 connected
I1102 19:14:14.489071 IO-0/EL  worker_manager.cpp:131] WorkerManager: Request new FuncWorker for func_id 1 with client_id 1
I1102 19:14:14.489090 IO-0/EL  worker_manager.cpp:131] WorkerManager: Request new FuncWorker for func_id 1 with client_id 2
I1102 19:14:14.489102 IO-0/EL  worker_manager.cpp:131] WorkerManager: Request new FuncWorker for func_id 1 with client_id 3
I1102 19:14:14.489113 IO-0/EL  worker_manager.cpp:131] WorkerManager: Request new FuncWorker for func_id 1 with client_id 4
I1102 19:14:14.489122 IO-0/EL  worker_manager.cpp:131] WorkerManager: Request new FuncWorker for func_id 1 with client_id 5
I1102 19:14:14.489131 IO-0/EL  worker_manager.cpp:131] WorkerManager: Request new FuncWorker for func_id 1 with client_id 6
I1102 19:14:14.489142 IO-0/EL  worker_manager.cpp:131] WorkerManager: Request new FuncWorker for func_id 1 with client_id 7
I1102 19:14:14.489151 IO-0/EL  worker_manager.cpp:131] WorkerManager: Request new FuncWorker for func_id 1 with client_id 8
I1102 19:14:14.489164 IO-0/EL  worker_manager.cpp:131] WorkerManager: Request new FuncWorker for func_id 1 with client_id 9
I1102 19:14:14.489173 IO-0/EL  worker_manager.cpp:131] WorkerManager: Request new FuncWorker for func_id 1 with client_id 10
I1102 19:14:14.489184 IO-0/EL  worker_manager.cpp:131] WorkerManager: Request new FuncWorker for func_id 1 with client_id 11
I1102 19:14:14.489194 IO-0/EL  worker_manager.cpp:131] WorkerManager: Request new FuncWorker for func_id 1 with client_id 12
I1102 19:14:14.489206 IO-0/EL  worker_manager.cpp:131] WorkerManager: Request new FuncWorker for func_id 1 with client_id 13
I1102 19:14:14.489215 IO-0/EL  worker_manager.cpp:131] WorkerManager: Request new FuncWorker for func_id 1 with client_id 14
I1102 19:14:14.489224 IO-0/EL  worker_manager.cpp:131] WorkerManager: Request new FuncWorker for func_id 1 with client_id 15
I1102 19:14:14.489236 IO-0/EL  worker_manager.cpp:131] WorkerManager: Request new FuncWorker for func_id 1 with client_id 16
I1102 19:14:14.489245 IO-0/EL  worker_manager.cpp:131] WorkerManager: Request new FuncWorker for func_id 1 with client_id 17
I1102 19:14:14.489265 IO-0/EL  worker_manager.cpp:131] WorkerManager: Request new FuncWorker for func_id 1 with client_id 18
I1102 19:14:14.489275 IO-0/EL  worker_manager.cpp:131] WorkerManager: Request new FuncWorker for func_id 1 with client_id 19
I1102 19:14:14.489286 IO-0/EL  worker_manager.cpp:131] WorkerManager: Request new FuncWorker for func_id 1 with client_id 20
I1102 19:14:14.489297 IO-0/EL  worker_manager.cpp:131] WorkerManager: Request new FuncWorker for func_id 1 with client_id 21
I1102 19:14:14.489307 IO-0/EL  worker_manager.cpp:131] WorkerManager: Request new FuncWorker for func_id 1 with client_id 22
I1102 19:14:14.489317 IO-0/EL  worker_manager.cpp:131] WorkerManager: Request new FuncWorker for func_id 1 with client_id 23
I1102 19:14:14.489343 IO-0/EL  worker_manager.cpp:131] WorkerManager: Request new FuncWorker for func_id 1 with client_id 24
I1102 19:14:14.489353 IO-0/EL  worker_manager.cpp:131] WorkerManager: Request new FuncWorker for func_id 1 with client_id 25
I1102 19:14:14.489362 IO-0/EL  worker_manager.cpp:131] WorkerManager: Request new FuncWorker for func_id 1 with client_id 26
I1102 19:14:14.489371 IO-0/EL  worker_manager.cpp:131] WorkerManager: Request new FuncWorker for func_id 1 with client_id 27
I1102 19:14:14.489385 IO-0/EL  worker_manager.cpp:131] WorkerManager: Request new FuncWorker for func_id 1 with client_id 28
I1102 19:14:14.489394 IO-0/EL  worker_manager.cpp:131] WorkerManager: Request new FuncWorker for func_id 1 with client_id 29
I1102 19:14:14.489404 IO-0/EL  worker_manager.cpp:131] WorkerManager: Request new FuncWorker for func_id 1 with client_id 30
I1102 19:14:14.489414 IO-0/EL  worker_manager.cpp:131] WorkerManager: Request new FuncWorker for func_id 1 with client_id 31
I1102 19:14:14.489424 IO-0/EL  worker_manager.cpp:131] WorkerManager: Request new FuncWorker for func_id 1 with client_id 32
I1102 19:14:14.489433 IO-0/EL  worker_manager.cpp:131] WorkerManager: Request new FuncWorker for func_id 1 with client_id 33
I1102 19:14:14.489469 IO-0/EL  worker_manager.cpp:131] WorkerManager: Request new FuncWorker for func_id 1 with client_id 34
I1102 19:14:14.489480 IO-0/EL  worker_manager.cpp:131] WorkerManager: Request new FuncWorker for func_id 1 with client_id 35
I1102 19:14:14.489492 IO-0/EL  worker_manager.cpp:131] WorkerManager: Request new FuncWorker for func_id 1 with client_id 36
I1102 19:14:14.489502 IO-0/EL  worker_manager.cpp:131] WorkerManager: Request new FuncWorker for func_id 1 with client_id 37
I1102 19:14:14.489511 IO-0/EL  worker_manager.cpp:131] WorkerManager: Request new FuncWorker for func_id 1 with client_id 38
I1102 19:14:14.489521 IO-0/EL  worker_manager.cpp:131] WorkerManager: Request new FuncWorker for func_id 1 with client_id 39
I1102 19:14:14.489533 IO-0/EL  worker_manager.cpp:131] WorkerManager: Request new FuncWorker for func_id 1 with client_id 40
I1102 19:14:14.489542 IO-0/EL  worker_manager.cpp:131] WorkerManager: Request new FuncWorker for func_id 1 with client_id 41
I1102 19:14:14.489551 IO-0/EL  worker_manager.cpp:131] WorkerManager: Request new FuncWorker for func_id 1 with client_id 42
I1102 19:14:14.489562 IO-0/EL  worker_manager.cpp:131] WorkerManager: Request new FuncWorker for func_id 1 with client_id 43
I1102 19:14:14.489574 IO-0/EL  worker_manager.cpp:131] WorkerManager: Request new FuncWorker for func_id 1 with client_id 44
I1102 19:14:14.489584 IO-0/EL  worker_manager.cpp:131] WorkerManager: Request new FuncWorker for func_id 1 with client_id 45
I1102 19:14:14.489594 IO-0/EL  worker_manager.cpp:131] WorkerManager: Request new FuncWorker for func_id 1 with client_id 46
I1102 19:14:14.489603 IO-0/EL  worker_manager.cpp:131] WorkerManager: Request new FuncWorker for func_id 1 with client_id 47
I1102 19:14:14.489614 IO-0/EL  worker_manager.cpp:131] WorkerManager: Request new FuncWorker for func_id 1 with client_id 48
I1102 19:14:14.489624 IO-0/EL  worker_manager.cpp:131] WorkerManager: Request new FuncWorker for func_id 1 with client_id 49
I1102 19:14:14.489633 IO-0/EL  worker_manager.cpp:131] WorkerManager: Request new FuncWorker for func_id 1 with client_id 50
I1102 19:14:14.489643 IO-0/EL  worker_manager.cpp:131] WorkerManager: Request new FuncWorker for func_id 1 with client_id 51
I1102 19:14:14.489655 IO-0/EL  worker_manager.cpp:131] WorkerManager: Request new FuncWorker for func_id 1 with client_id 52
I1102 19:14:14.489664 IO-0/EL  worker_manager.cpp:131] WorkerManager: Request new FuncWorker for func_id 1 with client_id 53
I1102 19:14:14.489674 IO-0/EL  worker_manager.cpp:131] WorkerManager: Request new FuncWorker for func_id 1 with client_id 54
I1102 19:14:14.489683 IO-0/EL  worker_manager.cpp:131] WorkerManager: Request new FuncWorker for func_id 1 with client_id 55
I1102 19:14:14.489694 IO-0/EL  worker_manager.cpp:131] WorkerManager: Request new FuncWorker for func_id 1 with client_id 56
I1102 19:14:14.489713 IO-0/EL  worker_manager.cpp:131] WorkerManager: Request new FuncWorker for func_id 1 with client_id 57
I1102 19:14:14.489726 IO-0/EL  worker_manager.cpp:131] WorkerManager: Request new FuncWorker for func_id 1 with client_id 58
I1102 19:14:14.489736 IO-0/EL  worker_manager.cpp:131] WorkerManager: Request new FuncWorker for func_id 1 with client_id 59
I1102 19:14:14.489747 IO-0/EL  worker_manager.cpp:131] WorkerManager: Request new FuncWorker for func_id 1 with client_id 60
I1102 19:14:14.489758 IO-0/EL  worker_manager.cpp:131] WorkerManager: Request new FuncWorker for func_id 1 with client_id 61
I1102 19:14:14.489767 IO-0/EL  worker_manager.cpp:131] WorkerManager: Request new FuncWorker for func_id 1 with client_id 62
I1102 19:14:14.489777 IO-0/EL  worker_manager.cpp:131] WorkerManager: Request new FuncWorker for func_id 1 with client_id 63
I1102 19:14:14.489787 IO-0/EL  worker_manager.cpp:131] WorkerManager: Request new FuncWorker for func_id 1 with client_id 64
I1102 19:14:14.489796 IO-0/EL  worker_manager.cpp:131] WorkerManager: Request new FuncWorker for func_id 1 with client_id 65
I1102 19:14:14.489848 IO-0/EL  worker_manager.cpp:131] WorkerManager: Request new FuncWorker for func_id 1 with client_id 66
I1102 19:14:14.489859 IO-0/EL  worker_manager.cpp:131] WorkerManager: Request new FuncWorker for func_id 1 with client_id 67
I1102 19:14:14.489868 IO-0/EL  worker_manager.cpp:131] WorkerManager: Request new FuncWorker for func_id 1 with client_id 68
I1102 19:14:14.489881 IO-0/EL  worker_manager.cpp:131] WorkerManager: Request new FuncWorker for func_id 1 with client_id 69
I1102 19:14:14.489890 IO-0/EL  worker_manager.cpp:131] WorkerManager: Request new FuncWorker for func_id 1 with client_id 70
I1102 19:14:14.489900 IO-0/EL  worker_manager.cpp:131] WorkerManager: Request new FuncWorker for func_id 1 with client_id 71
I1102 19:14:14.489909 IO-0/EL  worker_manager.cpp:131] WorkerManager: Request new FuncWorker for func_id 1 with client_id 72
I1102 19:14:14.489921 IO-0/EL  worker_manager.cpp:131] WorkerManager: Request new FuncWorker for func_id 1 with client_id 73
I1102 19:14:14.489931 IO-0/EL  worker_manager.cpp:131] WorkerManager: Request new FuncWorker for func_id 1 with client_id 74
I1102 19:14:14.489940 IO-0/EL  worker_manager.cpp:131] WorkerManager: Request new FuncWorker for func_id 1 with client_id 75
I1102 19:14:14.489952 IO-0/EL  worker_manager.cpp:131] WorkerManager: Request new FuncWorker for func_id 1 with client_id 76
I1102 19:14:14.489963 IO-0/EL  worker_manager.cpp:131] WorkerManager: Request new FuncWorker for func_id 1 with client_id 77
I1102 19:14:14.489972 IO-0/EL  worker_manager.cpp:131] WorkerManager: Request new FuncWorker for func_id 1 with client_id 78
I1102 19:14:14.489981 IO-0/EL  worker_manager.cpp:131] WorkerManager: Request new FuncWorker for func_id 1 with client_id 79
I1102 19:14:14.489991 IO-0/EL  worker_manager.cpp:131] WorkerManager: Request new FuncWorker for func_id 1 with client_id 80
I1102 19:14:14.490003 IO-0/EL  worker_manager.cpp:131] WorkerManager: Request new FuncWorker for func_id 1 with client_id 81
I1102 19:14:14.490013 IO-0/EL  worker_manager.cpp:131] WorkerManager: Request new FuncWorker for func_id 1 with client_id 82
I1102 19:14:14.490023 IO-0/EL  worker_manager.cpp:131] WorkerManager: Request new FuncWorker for func_id 1 with client_id 83
I1102 19:14:14.490034 IO-0/EL  worker_manager.cpp:131] WorkerManager: Request new FuncWorker for func_id 1 with client_id 84
I1102 19:14:14.490047 IO-0/EL  worker_manager.cpp:131] WorkerManager: Request new FuncWorker for func_id 1 with client_id 85
I1102 19:14:14.490057 IO-0/EL  worker_manager.cpp:131] WorkerManager: Request new FuncWorker for func_id 1 with client_id 86
I1102 19:14:14.490067 IO-0/EL  worker_manager.cpp:131] WorkerManager: Request new FuncWorker for func_id 1 with client_id 87
I1102 19:14:14.490079 IO-0/EL  worker_manager.cpp:131] WorkerManager: Request new FuncWorker for func_id 1 with client_id 88
I1102 19:14:14.490095 IO-0/EL  worker_manager.cpp:131] WorkerManager: Request new FuncWorker for func_id 1 with client_id 89
I1102 19:14:14.490105 IO-0/EL  worker_manager.cpp:131] WorkerManager: Request new FuncWorker for func_id 1 with client_id 90
I1102 19:14:14.490117 IO-0/EL  worker_manager.cpp:131] WorkerManager: Request new FuncWorker for func_id 1 with client_id 91
I1102 19:14:14.490126 IO-0/EL  worker_manager.cpp:131] WorkerManager: Request new FuncWorker for func_id 1 with client_id 92
I1102 19:14:14.490138 IO-0/EL  worker_manager.cpp:131] WorkerManager: Request new FuncWorker for func_id 1 with client_id 93
I1102 19:14:14.490147 IO-0/EL  worker_manager.cpp:131] WorkerManager: Request new FuncWorker for func_id 1 with client_id 94
I1102 19:14:14.490157 IO-0/EL  worker_manager.cpp:131] WorkerManager: Request new FuncWorker for func_id 1 with client_id 95
I1102 19:14:14.490168 IO-0/EL  worker_manager.cpp:131] WorkerManager: Request new FuncWorker for func_id 1 with client_id 96
I1102 19:14:14.490179 IO-0/EL  worker_manager.cpp:131] WorkerManager: Request new FuncWorker for func_id 1 with client_id 97
I1102 19:14:14.490189 IO-0/EL  worker_manager.cpp:131] WorkerManager: Request new FuncWorker for func_id 1 with client_id 98
I1102 19:14:14.490200 IO-0/EL  worker_manager.cpp:131] WorkerManager: Request new FuncWorker for func_id 1 with client_id 99
I1102 19:14:14.490210 IO-0/EL  worker_manager.cpp:131] WorkerManager: Request new FuncWorker for func_id 1 with client_id 100
I1102 19:14:14.490221 IO-0/EL  worker_manager.cpp:131] WorkerManager: Request new FuncWorker for func_id 1 with client_id 101
I1102 19:14:14.490231 IO-0/EL  worker_manager.cpp:131] WorkerManager: Request new FuncWorker for func_id 1 with client_id 102
I1102 19:14:14.490242 IO-0/EL  worker_manager.cpp:131] WorkerManager: Request new FuncWorker for func_id 1 with client_id 103
I1102 19:14:14.490251 IO-0/EL  worker_manager.cpp:131] WorkerManager: Request new FuncWorker for func_id 1 with client_id 104
I1102 19:14:14.490262 IO-0/EL  worker_manager.cpp:131] WorkerManager: Request new FuncWorker for func_id 1 with client_id 105
I1102 19:14:14.490273 IO-0/EL  worker_manager.cpp:131] WorkerManager: Request new FuncWorker for func_id 1 with client_id 106
I1102 19:14:14.490282 IO-0/EL  worker_manager.cpp:131] WorkerManager: Request new FuncWorker for func_id 1 with client_id 107
I1102 19:14:14.490292 IO-0/EL  worker_manager.cpp:131] WorkerManager: Request new FuncWorker for func_id 1 with client_id 108
I1102 19:14:14.490303 IO-0/EL  worker_manager.cpp:131] WorkerManager: Request new FuncWorker for func_id 1 with client_id 109
I1102 19:14:14.490312 IO-0/EL  worker_manager.cpp:131] WorkerManager: Request new FuncWorker for func_id 1 with client_id 110
I1102 19:14:14.490324 IO-0/EL  worker_manager.cpp:131] WorkerManager: Request new FuncWorker for func_id 1 with client_id 111
I1102 19:14:14.490334 IO-0/EL  worker_manager.cpp:131] WorkerManager: Request new FuncWorker for func_id 1 with client_id 112
I1102 19:14:14.490345 IO-0/EL  worker_manager.cpp:131] WorkerManager: Request new FuncWorker for func_id 1 with client_id 113
I1102 19:14:14.490357 IO-0/EL  worker_manager.cpp:131] WorkerManager: Request new FuncWorker for func_id 1 with client_id 114
I1102 19:14:14.490367 IO-0/EL  worker_manager.cpp:131] WorkerManager: Request new FuncWorker for func_id 1 with client_id 115
I1102 19:14:14.490376 IO-0/EL  worker_manager.cpp:131] WorkerManager: Request new FuncWorker for func_id 1 with client_id 116
I1102 19:14:14.490387 IO-0/EL  worker_manager.cpp:131] WorkerManager: Request new FuncWorker for func_id 1 with client_id 117
I1102 19:14:14.490399 IO-0/EL  worker_manager.cpp:131] WorkerManager: Request new FuncWorker for func_id 1 with client_id 118
I1102 19:14:14.490408 IO-0/EL  worker_manager.cpp:131] WorkerManager: Request new FuncWorker for func_id 1 with client_id 119
I1102 19:14:14.490417 IO-0/EL  worker_manager.cpp:131] WorkerManager: Request new FuncWorker for func_id 1 with client_id 120
I1102 19:14:14.490431 IO-0/EL  worker_manager.cpp:131] WorkerManager: Request new FuncWorker for func_id 1 with client_id 121
I1102 19:14:14.490445 IO-0/EL  worker_manager.cpp:131] WorkerManager: Request new FuncWorker for func_id 1 with client_id 122
I1102 19:14:14.490455 IO-0/EL  worker_manager.cpp:131] WorkerManager: Request new FuncWorker for func_id 1 with client_id 123
I1102 19:14:14.490465 IO-0/EL  worker_manager.cpp:131] WorkerManager: Request new FuncWorker for func_id 1 with client_id 124
I1102 19:14:14.490476 IO-0/EL  worker_manager.cpp:131] WorkerManager: Request new FuncWorker for func_id 1 with client_id 125
I1102 19:14:14.490488 IO-0/EL  worker_manager.cpp:131] WorkerManager: Request new FuncWorker for func_id 1 with client_id 126
I1102 19:14:14.490498 IO-0/EL  worker_manager.cpp:131] WorkerManager: Request new FuncWorker for func_id 1 with client_id 127
I1102 19:14:14.490508 IO-0/EL  worker_manager.cpp:131] WorkerManager: Request new FuncWorker for func_id 1 with client_id 128
I1102 19:14:14.490520 IO-0/EL  worker_manager.cpp:131] WorkerManager: Request new FuncWorker for func_id 1 with client_id 129
I1102 19:14:14.490622 IO-0/EL  worker_manager.cpp:131] WorkerManager: Request new FuncWorker for func_id 1 with client_id 130
I1102 19:14:14.490636 IO-0/EL  worker_manager.cpp:131] WorkerManager: Request new FuncWorker for func_id 1 with client_id 131
I1102 19:14:14.490646 IO-0/EL  worker_manager.cpp:131] WorkerManager: Request new FuncWorker for func_id 1 with client_id 132
I1102 19:14:14.490660 IO-0/EL  worker_manager.cpp:131] WorkerManager: Request new FuncWorker for func_id 1 with client_id 133
I1102 19:14:14.490670 IO-0/EL  worker_manager.cpp:131] WorkerManager: Request new FuncWorker for func_id 1 with client_id 134
I1102 19:14:14.490679 IO-0/EL  worker_manager.cpp:131] WorkerManager: Request new FuncWorker for func_id 1 with client_id 135
I1102 19:14:14.490691 IO-0/EL  worker_manager.cpp:131] WorkerManager: Request new FuncWorker for func_id 1 with client_id 136
I1102 19:14:14.490702 IO-0/EL  worker_manager.cpp:131] WorkerManager: Request new FuncWorker for func_id 1 with client_id 137
I1102 19:14:14.490717 IO-0/EL  worker_manager.cpp:131] WorkerManager: Request new FuncWorker for func_id 1 with client_id 138
I1102 19:14:14.490727 IO-0/EL  worker_manager.cpp:131] WorkerManager: Request new FuncWorker for func_id 1 with client_id 139
I1102 19:14:14.490736 IO-0/EL  worker_manager.cpp:131] WorkerManager: Request new FuncWorker for func_id 1 with client_id 140
I1102 19:14:14.490749 IO-0/EL  worker_manager.cpp:131] WorkerManager: Request new FuncWorker for func_id 1 with client_id 141
I1102 19:14:14.490759 IO-0/EL  worker_manager.cpp:131] WorkerManager: Request new FuncWorker for func_id 1 with client_id 142
I1102 19:14:14.490768 IO-0/EL  worker_manager.cpp:131] WorkerManager: Request new FuncWorker for func_id 1 with client_id 143
I1102 19:14:14.490781 IO-0/EL  worker_manager.cpp:131] WorkerManager: Request new FuncWorker for func_id 1 with client_id 144
I1102 19:14:14.490792 IO-0/EL  worker_manager.cpp:131] WorkerManager: Request new FuncWorker for func_id 1 with client_id 145
I1102 19:14:14.490802 IO-0/EL  worker_manager.cpp:131] WorkerManager: Request new FuncWorker for func_id 1 with client_id 146
I1102 19:14:14.490812 IO-0/EL  worker_manager.cpp:131] WorkerManager: Request new FuncWorker for func_id 1 with client_id 147
I1102 19:14:14.490824 IO-0/EL  worker_manager.cpp:131] WorkerManager: Request new FuncWorker for func_id 1 with client_id 148
I1102 19:14:14.490836 IO-0/EL  worker_manager.cpp:131] WorkerManager: Request new FuncWorker for func_id 1 with client_id 149
I1102 19:14:14.490845 IO-0/EL  worker_manager.cpp:131] WorkerManager: Request new FuncWorker for func_id 1 with client_id 150
I1102 19:14:14.490857 IO-0/EL  worker_manager.cpp:131] WorkerManager: Request new FuncWorker for func_id 1 with client_id 151
I1102 19:14:14.490867 IO-0/EL  worker_manager.cpp:131] WorkerManager: Request new FuncWorker for func_id 1 with client_id 152
I1102 19:14:14.490879 IO-0/EL  worker_manager.cpp:131] WorkerManager: Request new FuncWorker for func_id 1 with client_id 153
I1102 19:14:14.490894 IO-0/EL  worker_manager.cpp:131] WorkerManager: Request new FuncWorker for func_id 1 with client_id 154
I1102 19:14:14.490904 IO-0/EL  worker_manager.cpp:131] WorkerManager: Request new FuncWorker for func_id 1 with client_id 155
I1102 19:14:14.490915 IO-0/EL  worker_manager.cpp:131] WorkerManager: Request new FuncWorker for func_id 1 with client_id 156
I1102 19:14:14.490926 IO-0/EL  worker_manager.cpp:131] WorkerManager: Request new FuncWorker for func_id 1 with client_id 157
I1102 19:14:14.490936 IO-0/EL  worker_manager.cpp:131] WorkerManager: Request new FuncWorker for func_id 1 with client_id 158
I1102 19:14:14.490947 IO-0/EL  worker_manager.cpp:131] WorkerManager: Request new FuncWorker for func_id 1 with client_id 159
I1102 19:14:14.490957 IO-0/EL  worker_manager.cpp:131] WorkerManager: Request new FuncWorker for func_id 1 with client_id 160
I1102 19:14:14.490967 IO-0/EL  worker_manager.cpp:131] WorkerManager: Request new FuncWorker for func_id 1 with client_id 161
I1102 19:14:14.490977 IO-0/EL  worker_manager.cpp:131] WorkerManager: Request new FuncWorker for func_id 1 with client_id 162
I1102 19:14:14.490988 IO-0/EL  worker_manager.cpp:131] WorkerManager: Request new FuncWorker for func_id 1 with client_id 163
I1102 19:14:14.490997 IO-0/EL  worker_manager.cpp:131] WorkerManager: Request new FuncWorker for func_id 1 with client_id 164
I1102 19:14:14.491008 IO-0/EL  worker_manager.cpp:131] WorkerManager: Request new FuncWorker for func_id 1 with client_id 165
I1102 19:14:14.491019 IO-0/EL  worker_manager.cpp:131] WorkerManager: Request new FuncWorker for func_id 1 with client_id 166
I1102 19:14:14.491028 IO-0/EL  worker_manager.cpp:131] WorkerManager: Request new FuncWorker for func_id 1 with client_id 167
I1102 19:14:14.491038 IO-0/EL  worker_manager.cpp:131] WorkerManager: Request new FuncWorker for func_id 1 with client_id 168
I1102 19:14:14.491048 IO-0/EL  worker_manager.cpp:131] WorkerManager: Request new FuncWorker for func_id 1 with client_id 169
I1102 19:14:14.491058 IO-0/EL  worker_manager.cpp:131] WorkerManager: Request new FuncWorker for func_id 1 with client_id 170
I1102 19:14:14.491069 IO-0/EL  worker_manager.cpp:131] WorkerManager: Request new FuncWorker for func_id 1 with client_id 171
I1102 19:14:14.491079 IO-0/EL  worker_manager.cpp:131] WorkerManager: Request new FuncWorker for func_id 1 with client_id 172
I1102 19:14:14.491090 IO-0/EL  worker_manager.cpp:131] WorkerManager: Request new FuncWorker for func_id 1 with client_id 173
I1102 19:14:14.491101 IO-0/EL  worker_manager.cpp:131] WorkerManager: Request new FuncWorker for func_id 1 with client_id 174
I1102 19:14:14.491111 IO-0/EL  worker_manager.cpp:131] WorkerManager: Request new FuncWorker for func_id 1 with client_id 175
I1102 19:14:14.491121 IO-0/EL  worker_manager.cpp:131] WorkerManager: Request new FuncWorker for func_id 1 with client_id 176
I1102 19:14:14.491132 IO-0/EL  worker_manager.cpp:131] WorkerManager: Request new FuncWorker for func_id 1 with client_id 177
I1102 19:14:14.491144 IO-0/EL  worker_manager.cpp:131] WorkerManager: Request new FuncWorker for func_id 1 with client_id 178
I1102 19:14:14.491153 IO-0/EL  worker_manager.cpp:131] WorkerManager: Request new FuncWorker for func_id 1 with client_id 179
I1102 19:14:14.491162 IO-0/EL  worker_manager.cpp:131] WorkerManager: Request new FuncWorker for func_id 1 with client_id 180
I1102 19:14:14.491175 IO-0/EL  worker_manager.cpp:131] WorkerManager: Request new FuncWorker for func_id 1 with client_id 181
I1102 19:14:14.491184 IO-0/EL  worker_manager.cpp:131] WorkerManager: Request new FuncWorker for func_id 1 with client_id 182
I1102 19:14:14.491193 IO-0/EL  worker_manager.cpp:131] WorkerManager: Request new FuncWorker for func_id 1 with client_id 183
I1102 19:14:14.491203 IO-0/EL  worker_manager.cpp:131] WorkerManager: Request new FuncWorker for func_id 1 with client_id 184
I1102 19:14:14.491215 IO-0/EL  worker_manager.cpp:131] WorkerManager: Request new FuncWorker for func_id 1 with client_id 185
I1102 19:14:14.491227 IO-0/EL  worker_manager.cpp:131] WorkerManager: Request new FuncWorker for func_id 1 with client_id 186
I1102 19:14:14.491241 IO-0/EL  worker_manager.cpp:131] WorkerManager: Request new FuncWorker for func_id 1 with client_id 187
I1102 19:14:14.491251 IO-0/EL  worker_manager.cpp:131] WorkerManager: Request new FuncWorker for func_id 1 with client_id 188
I1102 19:14:14.491264 IO-0/EL  worker_manager.cpp:131] WorkerManager: Request new FuncWorker for func_id 1 with client_id 189
I1102 19:14:14.491274 IO-0/EL  worker_manager.cpp:131] WorkerManager: Request new FuncWorker for func_id 1 with client_id 190
I1102 19:14:14.491283 IO-0/EL  worker_manager.cpp:131] WorkerManager: Request new FuncWorker for func_id 1 with client_id 191
I1102 19:14:14.491293 IO-0/EL  worker_manager.cpp:131] WorkerManager: Request new FuncWorker for func_id 1 with client_id 192
I1102 19:14:14.491305 IO-0/EL  worker_manager.cpp:131] WorkerManager: Request new FuncWorker for func_id 1 with client_id 193
I1102 19:14:14.491315 IO-0/EL  worker_manager.cpp:131] WorkerManager: Request new FuncWorker for func_id 1 with client_id 194
I1102 19:14:14.491324 IO-0/EL  worker_manager.cpp:131] WorkerManager: Request new FuncWorker for func_id 1 with client_id 195
I1102 19:14:14.491335 IO-0/EL  worker_manager.cpp:131] WorkerManager: Request new FuncWorker for func_id 1 with client_id 196
I1102 19:14:14.491346 IO-0/EL  worker_manager.cpp:131] WorkerManager: Request new FuncWorker for func_id 1 with client_id 197
I1102 19:14:14.491355 IO-0/EL  worker_manager.cpp:131] WorkerManager: Request new FuncWorker for func_id 1 with client_id 198
I1102 19:14:14.491364 IO-0/EL  worker_manager.cpp:131] WorkerManager: Request new FuncWorker for func_id 1 with client_id 199
I1102 19:14:14.491373 IO-0/EL  worker_manager.cpp:131] WorkerManager: Request new FuncWorker for func_id 1 with client_id 200
I1102 19:14:14.491386 IO-0/EL  worker_manager.cpp:131] WorkerManager: Request new FuncWorker for func_id 1 with client_id 201
I1102 19:14:14.491395 IO-0/EL  worker_manager.cpp:131] WorkerManager: Request new FuncWorker for func_id 1 with client_id 202
I1102 19:14:14.491405 IO-0/EL  worker_manager.cpp:131] WorkerManager: Request new FuncWorker for func_id 1 with client_id 203
I1102 19:14:14.491415 IO-0/EL  worker_manager.cpp:131] WorkerManager: Request new FuncWorker for func_id 1 with client_id 204
I1102 19:14:14.491426 IO-0/EL  worker_manager.cpp:131] WorkerManager: Request new FuncWorker for func_id 1 with client_id 205
I1102 19:14:14.491435 IO-0/EL  worker_manager.cpp:131] WorkerManager: Request new FuncWorker for func_id 1 with client_id 206
I1102 19:14:14.491445 IO-0/EL  worker_manager.cpp:131] WorkerManager: Request new FuncWorker for func_id 1 with client_id 207
I1102 19:14:14.491457 IO-0/EL  worker_manager.cpp:131] WorkerManager: Request new FuncWorker for func_id 1 with client_id 208
I1102 19:14:14.491468 IO-0/EL  worker_manager.cpp:131] WorkerManager: Request new FuncWorker for func_id 1 with client_id 209
I1102 19:14:14.491478 IO-0/EL  worker_manager.cpp:131] WorkerManager: Request new FuncWorker for func_id 1 with client_id 210
I1102 19:14:14.491489 IO-0/EL  worker_manager.cpp:131] WorkerManager: Request new FuncWorker for func_id 1 with client_id 211
I1102 19:14:14.491499 IO-0/EL  worker_manager.cpp:131] WorkerManager: Request new FuncWorker for func_id 1 with client_id 212
I1102 19:14:14.491509 IO-0/EL  worker_manager.cpp:131] WorkerManager: Request new FuncWorker for func_id 1 with client_id 213
I1102 19:14:14.491519 IO-0/EL  worker_manager.cpp:131] WorkerManager: Request new FuncWorker for func_id 1 with client_id 214
I1102 19:14:14.491528 IO-0/EL  worker_manager.cpp:131] WorkerManager: Request new FuncWorker for func_id 1 with client_id 215
I1102 19:14:14.491539 IO-0/EL  worker_manager.cpp:131] WorkerManager: Request new FuncWorker for func_id 1 with client_id 216
I1102 19:14:14.491550 IO-0/EL  worker_manager.cpp:131] WorkerManager: Request new FuncWorker for func_id 1 with client_id 217
I1102 19:14:14.491560 IO-0/EL  worker_manager.cpp:131] WorkerManager: Request new FuncWorker for func_id 1 with client_id 218
I1102 19:14:14.491575 IO-0/EL  worker_manager.cpp:131] WorkerManager: Request new FuncWorker for func_id 1 with client_id 219
I1102 19:14:14.491585 IO-0/EL  worker_manager.cpp:131] WorkerManager: Request new FuncWorker for func_id 1 with client_id 220
I1102 19:14:14.491596 IO-0/EL  worker_manager.cpp:131] WorkerManager: Request new FuncWorker for func_id 1 with client_id 221
I1102 19:14:14.491605 IO-0/EL  worker_manager.cpp:131] WorkerManager: Request new FuncWorker for func_id 1 with client_id 222
I1102 19:14:14.491616 IO-0/EL  worker_manager.cpp:131] WorkerManager: Request new FuncWorker for func_id 1 with client_id 223
I1102 19:14:14.491626 IO-0/EL  worker_manager.cpp:131] WorkerManager: Request new FuncWorker for func_id 1 with client_id 224
I1102 19:14:14.491637 IO-0/EL  worker_manager.cpp:131] WorkerManager: Request new FuncWorker for func_id 1 with client_id 225
I1102 19:14:14.491648 IO-0/EL  worker_manager.cpp:131] WorkerManager: Request new FuncWorker for func_id 1 with client_id 226
I1102 19:14:14.491658 IO-0/EL  worker_manager.cpp:131] WorkerManager: Request new FuncWorker for func_id 1 with client_id 227
I1102 19:14:14.491667 IO-0/EL  worker_manager.cpp:131] WorkerManager: Request new FuncWorker for func_id 1 with client_id 228
I1102 19:14:14.491678 IO-0/EL  worker_manager.cpp:131] WorkerManager: Request new FuncWorker for func_id 1 with client_id 229
I1102 19:14:14.491688 IO-0/EL  worker_manager.cpp:131] WorkerManager: Request new FuncWorker for func_id 1 with client_id 230
I1102 19:14:14.491699 IO-0/EL  worker_manager.cpp:131] WorkerManager: Request new FuncWorker for func_id 1 with client_id 231
I1102 19:14:14.491711 IO-0/EL  worker_manager.cpp:131] WorkerManager: Request new FuncWorker for func_id 1 with client_id 232
I1102 19:14:14.491723 IO-0/EL  worker_manager.cpp:131] WorkerManager: Request new FuncWorker for func_id 1 with client_id 233
I1102 19:14:14.491734 IO-0/EL  worker_manager.cpp:131] WorkerManager: Request new FuncWorker for func_id 1 with client_id 234
I1102 19:14:14.491744 IO-0/EL  worker_manager.cpp:131] WorkerManager: Request new FuncWorker for func_id 1 with client_id 235
I1102 19:14:14.491753 IO-0/EL  worker_manager.cpp:131] WorkerManager: Request new FuncWorker for func_id 1 with client_id 236
I1102 19:14:14.491766 IO-0/EL  worker_manager.cpp:131] WorkerManager: Request new FuncWorker for func_id 1 with client_id 237
I1102 19:14:14.491777 IO-0/EL  worker_manager.cpp:131] WorkerManager: Request new FuncWorker for func_id 1 with client_id 238
I1102 19:14:14.491786 IO-0/EL  worker_manager.cpp:131] WorkerManager: Request new FuncWorker for func_id 1 with client_id 239
I1102 19:14:14.491795 IO-0/EL  worker_manager.cpp:131] WorkerManager: Request new FuncWorker for func_id 1 with client_id 240
I1102 19:14:14.491808 IO-0/EL  worker_manager.cpp:131] WorkerManager: Request new FuncWorker for func_id 1 with client_id 241
I1102 19:14:14.491817 IO-0/EL  worker_manager.cpp:131] WorkerManager: Request new FuncWorker for func_id 1 with client_id 242
I1102 19:14:14.491826 IO-0/EL  worker_manager.cpp:131] WorkerManager: Request new FuncWorker for func_id 1 with client_id 243
I1102 19:14:14.491836 IO-0/EL  worker_manager.cpp:131] WorkerManager: Request new FuncWorker for func_id 1 with client_id 244
I1102 19:14:14.491847 IO-0/EL  worker_manager.cpp:131] WorkerManager: Request new FuncWorker for func_id 1 with client_id 245
I1102 19:14:14.491858 IO-0/EL  worker_manager.cpp:131] WorkerManager: Request new FuncWorker for func_id 1 with client_id 246
I1102 19:14:14.491873 IO-0/EL  worker_manager.cpp:131] WorkerManager: Request new FuncWorker for func_id 1 with client_id 247
I1102 19:14:14.491882 IO-0/EL  worker_manager.cpp:131] WorkerManager: Request new FuncWorker for func_id 1 with client_id 248
I1102 19:14:14.491895 IO-0/EL  worker_manager.cpp:131] WorkerManager: Request new FuncWorker for func_id 1 with client_id 249
I1102 19:14:14.491904 IO-0/EL  worker_manager.cpp:131] WorkerManager: Request new FuncWorker for func_id 1 with client_id 250
I1102 19:14:14.491914 IO-0/EL  worker_manager.cpp:131] WorkerManager: Request new FuncWorker for func_id 1 with client_id 251
I1102 19:14:14.491927 IO-0/EL  worker_manager.cpp:131] WorkerManager: Request new FuncWorker for func_id 1 with client_id 252
I1102 19:14:14.491941 IO-0/EL  worker_manager.cpp:131] WorkerManager: Request new FuncWorker for func_id 1 with client_id 253
I1102 19:14:14.491951 IO-0/EL  worker_manager.cpp:131] WorkerManager: Request new FuncWorker for func_id 1 with client_id 254
I1102 19:14:14.491960 IO-0/EL  worker_manager.cpp:131] WorkerManager: Request new FuncWorker for func_id 1 with client_id 255
I1102 19:14:14.491972 IO-0/EL  worker_manager.cpp:131] WorkerManager: Request new FuncWorker for func_id 1 with client_id 256
I1102 19:14:14.492148 IO-0/EL  buffer_pool.h:25] BufferPool[IO-0_Write]: Allocate new buffer, current buffer count is 1
I1102 19:14:14.492185 IO-0/EL  buffer_pool.h:25] BufferPool[IO-0_Write]: Allocate new buffer, current buffer count is 2
I1102 19:14:14.492221 IO-0/EL  buffer_pool.h:25] BufferPool[IO-0_Write]: Allocate new buffer, current buffer count is 3
I1102 19:14:14.492267 IO-0/EL  buffer_pool.h:25] BufferPool[IO-0_Write]: Allocate new buffer, current buffer count is 4
I1102 19:14:14.492305 IO-0/EL  message_connection.cpp:269] LauncherConnection[1]: Handshake done
I1102 19:14:14.495799 Server/E engine.cpp:674] Engine: New message connection
I1102 19:14:14.495867 IO-0/EL  engine.cpp:277] Engine: Receive new handshake message from message connection
I1102 19:14:14.495874 IO-0/EL  worker_manager.cpp:60] WorkerManager: FuncWorker of func_id 1, client_id 1 connected
I1102 19:14:14.495885 IO-0/EL  dispatcher.cpp:47] Dispatcher[1]: min_workers=256
I1102 19:14:14.495889 IO-0/EL  dispatcher.cpp:51] Dispatcher[1]: max_workers=256
I1102 19:14:14.495910 IO-0/EL  message_connection.cpp:269] FuncWorkerConnection[1-1]: Handshake done
I1102 19:14:14.497238 Server/E engine.cpp:674] Engine: New message connection
I1102 19:14:14.497281 IO-0/EL  engine.cpp:277] Engine: Receive new handshake message from message connection
I1102 19:14:14.497288 IO-0/EL  worker_manager.cpp:60] WorkerManager: FuncWorker of func_id 1, client_id 2 connected
I1102 19:14:14.497304 IO-0/EL  message_connection.cpp:269] FuncWorkerConnection[1-2]: Handshake done
I1102 19:14:14.497717 Server/E engine.cpp:674] Engine: New message connection
I1102 19:14:14.497752 IO-0/EL  engine.cpp:277] Engine: Receive new handshake message from message connection
I1102 19:14:14.497756 IO-0/EL  worker_manager.cpp:60] WorkerManager: FuncWorker of func_id 1, client_id 3 connected
I1102 19:14:14.497770 IO-0/EL  message_connection.cpp:269] FuncWorkerConnection[1-3]: Handshake done
I1102 19:14:14.499161 Server/E engine.cpp:674] Engine: New message connection
I1102 19:14:14.499201 IO-0/EL  engine.cpp:277] Engine: Receive new handshake message from message connection
I1102 19:14:14.499206 IO-0/EL  worker_manager.cpp:60] WorkerManager: FuncWorker of func_id 1, client_id 4 connected
I1102 19:14:14.499221 IO-0/EL  message_connection.cpp:269] FuncWorkerConnection[1-4]: Handshake done
I1102 19:14:14.499743 Server/E engine.cpp:674] Engine: New message connection
I1102 19:14:14.499774 IO-0/EL  engine.cpp:277] Engine: Receive new handshake message from message connection
I1102 19:14:14.499778 IO-0/EL  worker_manager.cpp:60] WorkerManager: FuncWorker of func_id 1, client_id 5 connected
I1102 19:14:14.499791 IO-0/EL  message_connection.cpp:269] FuncWorkerConnection[1-5]: Handshake done
I1102 19:14:14.502198 Server/E engine.cpp:674] Engine: New message connection
I1102 19:14:14.502253 IO-0/EL  engine.cpp:277] Engine: Receive new handshake message from message connection
I1102 19:14:14.502259 IO-0/EL  worker_manager.cpp:60] WorkerManager: FuncWorker of func_id 1, client_id 8 connected
I1102 19:14:14.502272 IO-0/EL  message_connection.cpp:269] FuncWorkerConnection[1-8]: Handshake done
I1102 19:14:14.502391 Server/E engine.cpp:674] Engine: New message connection
I1102 19:14:14.502423 IO-0/EL  engine.cpp:277] Engine: Receive new handshake message from message connection
I1102 19:14:14.502425 Server/E engine.cpp:674] Engine: New message connection
I1102 19:14:14.502428 IO-0/EL  worker_manager.cpp:60] WorkerManager: FuncWorker of func_id 1, client_id 7 connected
I1102 19:14:14.502482 IO-0/EL  message_connection.cpp:269] FuncWorkerConnection[1-7]: Handshake done
I1102 19:14:14.502497 IO-0/EL  engine.cpp:277] Engine: Receive new handshake message from message connection
I1102 19:14:14.502501 IO-0/EL  worker_manager.cpp:60] WorkerManager: FuncWorker of func_id 1, client_id 6 connected
I1102 19:14:14.502515 IO-0/EL  message_connection.cpp:269] FuncWorkerConnection[1-6]: Handshake done
I1102 19:14:14.503256 Server/E engine.cpp:674] Engine: New message connection
I1102 19:14:14.503297 IO-0/EL  engine.cpp:277] Engine: Receive new handshake message from message connection
I1102 19:14:14.503303 IO-0/EL  worker_manager.cpp:60] WorkerManager: FuncWorker of func_id 1, client_id 9 connected
I1102 19:14:14.503317 IO-0/EL  message_connection.cpp:269] FuncWorkerConnection[1-9]: Handshake done
I1102 19:14:14.504157 Server/E engine.cpp:674] Engine: New message connection
I1102 19:14:14.504181 IO-0/EL  engine.cpp:277] Engine: Receive new handshake message from message connection
I1102 19:14:14.504186 IO-0/EL  worker_manager.cpp:60] WorkerManager: FuncWorker of func_id 1, client_id 10 connected
I1102 19:14:14.504200 IO-0/EL  message_connection.cpp:269] FuncWorkerConnection[1-10]: Handshake done
I1102 19:14:14.504810 Server/E engine.cpp:674] Engine: New message connection
I1102 19:14:14.504837 IO-0/EL  engine.cpp:277] Engine: Receive new handshake message from message connection
I1102 19:14:14.504842 IO-0/EL  worker_manager.cpp:60] WorkerManager: FuncWorker of func_id 1, client_id 11 connected
I1102 19:14:14.504855 IO-0/EL  message_connection.cpp:269] FuncWorkerConnection[1-11]: Handshake done
I1102 19:14:14.506507 Server/E engine.cpp:674] Engine: New message connection
I1102 19:14:14.506545 IO-0/EL  engine.cpp:277] Engine: Receive new handshake message from message connection
I1102 19:14:14.506549 IO-0/EL  worker_manager.cpp:60] WorkerManager: FuncWorker of func_id 1, client_id 13 connected
I1102 19:14:14.506563 IO-0/EL  message_connection.cpp:269] FuncWorkerConnection[1-13]: Handshake done
I1102 19:14:14.506593 Server/E engine.cpp:674] Engine: New message connection
I1102 19:14:14.506619 IO-0/EL  engine.cpp:277] Engine: Receive new handshake message from message connection
I1102 19:14:14.506623 IO-0/EL  worker_manager.cpp:60] WorkerManager: FuncWorker of func_id 1, client_id 12 connected
I1102 19:14:14.506636 IO-0/EL  message_connection.cpp:269] FuncWorkerConnection[1-12]: Handshake done
I1102 19:14:14.506941 Server/E engine.cpp:674] Engine: New message connection
I1102 19:14:14.506968 IO-0/EL  engine.cpp:277] Engine: Receive new handshake message from message connection
I1102 19:14:14.506973 IO-0/EL  worker_manager.cpp:60] WorkerManager: FuncWorker of func_id 1, client_id 14 connected
I1102 19:14:14.506992 IO-0/EL  message_connection.cpp:269] FuncWorkerConnection[1-14]: Handshake done
I1102 19:14:14.507879 Server/E engine.cpp:674] Engine: New message connection
I1102 19:14:14.507908 IO-0/EL  engine.cpp:277] Engine: Receive new handshake message from message connection
I1102 19:14:14.507913 IO-0/EL  worker_manager.cpp:60] WorkerManager: FuncWorker of func_id 1, client_id 15 connected
I1102 19:14:14.507934 IO-0/EL  message_connection.cpp:269] FuncWorkerConnection[1-15]: Handshake done
I1102 19:14:14.508085 Server/E engine.cpp:674] Engine: New message connection
I1102 19:14:14.508123 IO-0/EL  engine.cpp:277] Engine: Receive new handshake message from message connection
I1102 19:14:14.508128 IO-0/EL  worker_manager.cpp:60] WorkerManager: FuncWorker of func_id 1, client_id 16 connected
I1102 19:14:14.508141 IO-0/EL  message_connection.cpp:269] FuncWorkerConnection[1-16]: Handshake done
I1102 19:14:14.508972 Server/E engine.cpp:674] Engine: New message connection
I1102 19:14:14.509004 IO-0/EL  engine.cpp:277] Engine: Receive new handshake message from message connection
I1102 19:14:14.509009 IO-0/EL  worker_manager.cpp:60] WorkerManager: FuncWorker of func_id 1, client_id 18 connected
I1102 19:14:14.509035 IO-0/EL  message_connection.cpp:269] FuncWorkerConnection[1-18]: Handshake done
I1102 19:14:14.509364 Server/E engine.cpp:674] Engine: New message connection
I1102 19:14:14.509388 IO-0/EL  engine.cpp:277] Engine: Receive new handshake message from message connection
I1102 19:14:14.509393 IO-0/EL  worker_manager.cpp:60] WorkerManager: FuncWorker of func_id 1, client_id 19 connected
I1102 19:14:14.509405 IO-0/EL  message_connection.cpp:269] FuncWorkerConnection[1-19]: Handshake done
I1102 19:14:14.509835 Server/E engine.cpp:674] Engine: New message connection
I1102 19:14:14.509863 IO-0/EL  engine.cpp:277] Engine: Receive new handshake message from message connection
I1102 19:14:14.509868 IO-0/EL  worker_manager.cpp:60] WorkerManager: FuncWorker of func_id 1, client_id 20 connected
I1102 19:14:14.509881 IO-0/EL  message_connection.cpp:269] FuncWorkerConnection[1-20]: Handshake done
I1102 19:14:14.510259 Server/E engine.cpp:674] Engine: New message connection
I1102 19:14:14.510285 IO-0/EL  engine.cpp:277] Engine: Receive new handshake message from message connection
I1102 19:14:14.510290 IO-0/EL  worker_manager.cpp:60] WorkerManager: FuncWorker of func_id 1, client_id 21 connected
I1102 19:14:14.510303 IO-0/EL  message_connection.cpp:269] FuncWorkerConnection[1-21]: Handshake done
I1102 19:14:14.510423 Server/E engine.cpp:674] Engine: New message connection
I1102 19:14:14.510451 IO-0/EL  engine.cpp:277] Engine: Receive new handshake message from message connection
I1102 19:14:14.510455 IO-0/EL  worker_manager.cpp:60] WorkerManager: FuncWorker of func_id 1, client_id 17 connected
I1102 19:14:14.510469 IO-0/EL  message_connection.cpp:269] FuncWorkerConnection[1-17]: Handshake done
I1102 19:14:14.510673 Server/E engine.cpp:674] Engine: New message connection
I1102 19:14:14.510695 IO-0/EL  engine.cpp:277] Engine: Receive new handshake message from message connection
I1102 19:14:14.510699 IO-0/EL  worker_manager.cpp:60] WorkerManager: FuncWorker of func_id 1, client_id 22 connected
I1102 19:14:14.510718 IO-0/EL  message_connection.cpp:269] FuncWorkerConnection[1-22]: Handshake done
I1102 19:14:14.511076 Server/E engine.cpp:674] Engine: New message connection
I1102 19:14:14.511120 IO-0/EL  engine.cpp:277] Engine: Receive new handshake message from message connection
I1102 19:14:14.511125 IO-0/EL  worker_manager.cpp:60] WorkerManager: FuncWorker of func_id 1, client_id 23 connected
I1102 19:14:14.511139 IO-0/EL  message_connection.cpp:269] FuncWorkerConnection[1-23]: Handshake done
I1102 19:14:14.511246 Server/E engine.cpp:674] Engine: New message connection
I1102 19:14:14.511276 IO-0/EL  engine.cpp:277] Engine: Receive new handshake message from message connection
I1102 19:14:14.511281 IO-0/EL  worker_manager.cpp:60] WorkerManager: FuncWorker of func_id 1, client_id 24 connected
I1102 19:14:14.511293 IO-0/EL  message_connection.cpp:269] FuncWorkerConnection[1-24]: Handshake done
I1102 19:14:14.512481 Server/E engine.cpp:674] Engine: New message connection
I1102 19:14:14.512520 IO-0/EL  engine.cpp:277] Engine: Receive new handshake message from message connection
I1102 19:14:14.512525 IO-0/EL  worker_manager.cpp:60] WorkerManager: FuncWorker of func_id 1, client_id 25 connected
I1102 19:14:14.512539 IO-0/EL  message_connection.cpp:269] FuncWorkerConnection[1-25]: Handshake done
I1102 19:14:14.512718 Server/E engine.cpp:674] Engine: New message connection
I1102 19:14:14.512742 IO-0/EL  engine.cpp:277] Engine: Receive new handshake message from message connection
I1102 19:14:14.512747 IO-0/EL  worker_manager.cpp:60] WorkerManager: FuncWorker of func_id 1, client_id 26 connected
I1102 19:14:14.512759 IO-0/EL  message_connection.cpp:269] FuncWorkerConnection[1-26]: Handshake done
I1102 19:14:14.513226 Server/E engine.cpp:674] Engine: New message connection
I1102 19:14:14.513264 IO-0/EL  engine.cpp:277] Engine: Receive new handshake message from message connection
I1102 19:14:14.513269 IO-0/EL  worker_manager.cpp:60] WorkerManager: FuncWorker of func_id 1, client_id 27 connected
I1102 19:14:14.513283 IO-0/EL  message_connection.cpp:269] FuncWorkerConnection[1-27]: Handshake done
I1102 19:14:14.513677 Server/E engine.cpp:674] Engine: New message connection
I1102 19:14:14.513716 IO-0/EL  engine.cpp:277] Engine: Receive new handshake message from message connection
I1102 19:14:14.513722 IO-0/EL  worker_manager.cpp:60] WorkerManager: FuncWorker of func_id 1, client_id 28 connected
I1102 19:14:14.513735 IO-0/EL  message_connection.cpp:269] FuncWorkerConnection[1-28]: Handshake done
I1102 19:14:14.514241 Server/E engine.cpp:674] Engine: New message connection
I1102 19:14:14.514268 IO-0/EL  engine.cpp:277] Engine: Receive new handshake message from message connection
I1102 19:14:14.514273 IO-0/EL  worker_manager.cpp:60] WorkerManager: FuncWorker of func_id 1, client_id 29 connected
I1102 19:14:14.514295 IO-0/EL  message_connection.cpp:269] FuncWorkerConnection[1-29]: Handshake done
I1102 19:14:14.514719 Server/E engine.cpp:674] Engine: New message connection
I1102 19:14:14.514751 IO-0/EL  engine.cpp:277] Engine: Receive new handshake message from message connection
I1102 19:14:14.514755 IO-0/EL  worker_manager.cpp:60] WorkerManager: FuncWorker of func_id 1, client_id 30 connected
I1102 19:14:14.514769 IO-0/EL  message_connection.cpp:269] FuncWorkerConnection[1-30]: Handshake done
I1102 19:14:14.515188 Server/E engine.cpp:674] Engine: New message connection
I1102 19:14:14.515215 IO-0/EL  engine.cpp:277] Engine: Receive new handshake message from message connection
I1102 19:14:14.515220 IO-0/EL  worker_manager.cpp:60] WorkerManager: FuncWorker of func_id 1, client_id 31 connected
I1102 19:14:14.515233 IO-0/EL  message_connection.cpp:269] FuncWorkerConnection[1-31]: Handshake done
I1102 19:14:14.515656 Server/E engine.cpp:674] Engine: New message connection
I1102 19:14:14.515686 IO-0/EL  engine.cpp:277] Engine: Receive new handshake message from message connection
I1102 19:14:14.515690 IO-0/EL  worker_manager.cpp:60] WorkerManager: FuncWorker of func_id 1, client_id 32 connected
I1102 19:14:14.515703 IO-0/EL  message_connection.cpp:269] FuncWorkerConnection[1-32]: Handshake done
I1102 19:14:14.516280 Server/E engine.cpp:674] Engine: New message connection
I1102 19:14:14.516340 IO-0/EL  engine.cpp:277] Engine: Receive new handshake message from message connection
I1102 19:14:14.516345 IO-0/EL  worker_manager.cpp:60] WorkerManager: FuncWorker of func_id 1, client_id 33 connected
I1102 19:14:14.516358 IO-0/EL  message_connection.cpp:269] FuncWorkerConnection[1-33]: Handshake done
I1102 19:14:14.516854 Server/E engine.cpp:674] Engine: New message connection
I1102 19:14:14.516901 IO-0/EL  engine.cpp:277] Engine: Receive new handshake message from message connection
I1102 19:14:14.516906 IO-0/EL  worker_manager.cpp:60] WorkerManager: FuncWorker of func_id 1, client_id 34 connected
I1102 19:14:14.516919 IO-0/EL  message_connection.cpp:269] FuncWorkerConnection[1-34]: Handshake done
I1102 19:14:14.517163 Server/E engine.cpp:674] Engine: New message connection
I1102 19:14:14.517196 IO-0/EL  engine.cpp:277] Engine: Receive new handshake message from message connection
I1102 19:14:14.517201 IO-0/EL  worker_manager.cpp:60] WorkerManager: FuncWorker of func_id 1, client_id 35 connected
I1102 19:14:14.517213 IO-0/EL  message_connection.cpp:269] FuncWorkerConnection[1-35]: Handshake done
I1102 19:14:14.517486 Server/E engine.cpp:674] Engine: New message connection
I1102 19:14:14.517515 IO-0/EL  engine.cpp:277] Engine: Receive new handshake message from message connection
I1102 19:14:14.517519 IO-0/EL  worker_manager.cpp:60] WorkerManager: FuncWorker of func_id 1, client_id 36 connected
I1102 19:14:14.517532 IO-0/EL  message_connection.cpp:269] FuncWorkerConnection[1-36]: Handshake done
I1102 19:14:14.518318 Server/E engine.cpp:674] Engine: New message connection
I1102 19:14:14.518362 IO-0/EL  engine.cpp:277] Engine: Receive new handshake message from message connection
I1102 19:14:14.518367 IO-0/EL  worker_manager.cpp:60] WorkerManager: FuncWorker of func_id 1, client_id 38 connected
I1102 19:14:14.518380 IO-0/EL  message_connection.cpp:269] FuncWorkerConnection[1-38]: Handshake done
I1102 19:14:14.518392 Server/E engine.cpp:674] Engine: New message connection
I1102 19:14:14.518436 IO-0/EL  engine.cpp:277] Engine: Receive new handshake message from message connection
I1102 19:14:14.518442 IO-0/EL  worker_manager.cpp:60] WorkerManager: FuncWorker of func_id 1, client_id 37 connected
I1102 19:14:14.518456 IO-0/EL  message_connection.cpp:269] FuncWorkerConnection[1-37]: Handshake done
I1102 19:14:14.518687 Server/E engine.cpp:674] Engine: New message connection
I1102 19:14:14.518714 IO-0/EL  engine.cpp:277] Engine: Receive new handshake message from message connection
I1102 19:14:14.518719 IO-0/EL  worker_manager.cpp:60] WorkerManager: FuncWorker of func_id 1, client_id 39 connected
I1102 19:14:14.518732 IO-0/EL  message_connection.cpp:269] FuncWorkerConnection[1-39]: Handshake done
I1102 19:14:14.519523 Server/E engine.cpp:674] Engine: New message connection
I1102 19:14:14.519553 IO-0/EL  engine.cpp:277] Engine: Receive new handshake message from message connection
I1102 19:14:14.519558 IO-0/EL  worker_manager.cpp:60] WorkerManager: FuncWorker of func_id 1, client_id 40 connected
I1102 19:14:14.519571 IO-0/EL  message_connection.cpp:269] FuncWorkerConnection[1-40]: Handshake done
I1102 19:14:14.520080 Server/E engine.cpp:674] Engine: New message connection
I1102 19:14:14.520105 IO-0/EL  engine.cpp:277] Engine: Receive new handshake message from message connection
I1102 19:14:14.520110 IO-0/EL  worker_manager.cpp:60] WorkerManager: FuncWorker of func_id 1, client_id 41 connected
I1102 19:14:14.520129 IO-0/EL  message_connection.cpp:269] FuncWorkerConnection[1-41]: Handshake done
I1102 19:14:14.520649 Server/E engine.cpp:674] Engine: New message connection
I1102 19:14:14.520691 IO-0/EL  engine.cpp:277] Engine: Receive new handshake message from message connection
I1102 19:14:14.520695 IO-0/EL  worker_manager.cpp:60] WorkerManager: FuncWorker of func_id 1, client_id 42 connected
I1102 19:14:14.520712 IO-0/EL  message_connection.cpp:269] FuncWorkerConnection[1-42]: Handshake done
I1102 19:14:14.521172 Server/E engine.cpp:674] Engine: New message connection
I1102 19:14:14.521218 IO-0/EL  engine.cpp:277] Engine: Receive new handshake message from message connection
I1102 19:14:14.521223 IO-0/EL  worker_manager.cpp:60] WorkerManager: FuncWorker of func_id 1, client_id 43 connected
I1102 19:14:14.521237 IO-0/EL  message_connection.cpp:269] FuncWorkerConnection[1-43]: Handshake done
I1102 19:14:14.521293 Server/E engine.cpp:674] Engine: New message connection
I1102 19:14:14.521319 IO-0/EL  engine.cpp:277] Engine: Receive new handshake message from message connection
I1102 19:14:14.521323 IO-0/EL  worker_manager.cpp:60] WorkerManager: FuncWorker of func_id 1, client_id 44 connected
I1102 19:14:14.521336 IO-0/EL  message_connection.cpp:269] FuncWorkerConnection[1-44]: Handshake done
I1102 19:14:14.521765 Server/E engine.cpp:674] Engine: New message connection
I1102 19:14:14.521808 IO-0/EL  engine.cpp:277] Engine: Receive new handshake message from message connection
I1102 19:14:14.521813 IO-0/EL  worker_manager.cpp:60] WorkerManager: FuncWorker of func_id 1, client_id 45 connected
I1102 19:14:14.521826 IO-0/EL  message_connection.cpp:269] FuncWorkerConnection[1-45]: Handshake done
I1102 19:14:14.522668 Server/E engine.cpp:674] Engine: New message connection
I1102 19:14:14.522706 IO-0/EL  engine.cpp:277] Engine: Receive new handshake message from message connection
I1102 19:14:14.522715 IO-0/EL  worker_manager.cpp:60] WorkerManager: FuncWorker of func_id 1, client_id 46 connected
I1102 19:14:14.522728 IO-0/EL  message_connection.cpp:269] FuncWorkerConnection[1-46]: Handshake done
I1102 19:14:14.523208 Server/E engine.cpp:674] Engine: New message connection
I1102 19:14:14.523247 IO-0/EL  engine.cpp:277] Engine: Receive new handshake message from message connection
I1102 19:14:14.523251 IO-0/EL  worker_manager.cpp:60] WorkerManager: FuncWorker of func_id 1, client_id 47 connected
I1102 19:14:14.523265 IO-0/EL  message_connection.cpp:269] FuncWorkerConnection[1-47]: Handshake done
I1102 19:14:14.523765 Server/E engine.cpp:674] Engine: New message connection
I1102 19:14:14.523806 IO-0/EL  engine.cpp:277] Engine: Receive new handshake message from message connection
I1102 19:14:14.523811 IO-0/EL  worker_manager.cpp:60] WorkerManager: FuncWorker of func_id 1, client_id 48 connected
I1102 19:14:14.523823 IO-0/EL  message_connection.cpp:269] FuncWorkerConnection[1-48]: Handshake done
I1102 19:14:14.524398 Server/E engine.cpp:674] Engine: New message connection
I1102 19:14:14.524437 IO-0/EL  engine.cpp:277] Engine: Receive new handshake message from message connection
I1102 19:14:14.524442 IO-0/EL  worker_manager.cpp:60] WorkerManager: FuncWorker of func_id 1, client_id 50 connected
I1102 19:14:14.524456 IO-0/EL  message_connection.cpp:269] FuncWorkerConnection[1-50]: Handshake done
I1102 19:14:14.524667 Server/E engine.cpp:674] Engine: New message connection
I1102 19:14:14.524690 IO-0/EL  engine.cpp:277] Engine: Receive new handshake message from message connection
I1102 19:14:14.524694 IO-0/EL  worker_manager.cpp:60] WorkerManager: FuncWorker of func_id 1, client_id 49 connected
I1102 19:14:14.524707 IO-0/EL  message_connection.cpp:269] FuncWorkerConnection[1-49]: Handshake done
I1102 19:14:14.525213 Server/E engine.cpp:674] Engine: New message connection
I1102 19:14:14.525260 IO-0/EL  engine.cpp:277] Engine: Receive new handshake message from message connection
I1102 19:14:14.525265 IO-0/EL  worker_manager.cpp:60] WorkerManager: FuncWorker of func_id 1, client_id 51 connected
I1102 19:14:14.525278 IO-0/EL  message_connection.cpp:269] FuncWorkerConnection[1-51]: Handshake done
I1102 19:14:14.525916 Server/E engine.cpp:674] Engine: New message connection
I1102 19:14:14.525951 IO-0/EL  engine.cpp:277] Engine: Receive new handshake message from message connection
I1102 19:14:14.525956 IO-0/EL  worker_manager.cpp:60] WorkerManager: FuncWorker of func_id 1, client_id 53 connected
I1102 19:14:14.525970 IO-0/EL  message_connection.cpp:269] FuncWorkerConnection[1-53]: Handshake done
I1102 19:14:14.526289 Server/E engine.cpp:674] Engine: New message connection
I1102 19:14:14.526334 IO-0/EL  engine.cpp:277] Engine: Receive new handshake message from message connection
I1102 19:14:14.526339 IO-0/EL  worker_manager.cpp:60] WorkerManager: FuncWorker of func_id 1, client_id 52 connected
I1102 19:14:14.526353 IO-0/EL  message_connection.cpp:269] FuncWorkerConnection[1-52]: Handshake done
I1102 19:14:14.526773 Server/E engine.cpp:674] Engine: New message connection
I1102 19:14:14.526808 IO-0/EL  engine.cpp:277] Engine: Receive new handshake message from message connection
I1102 19:14:14.526812 IO-0/EL  worker_manager.cpp:60] WorkerManager: FuncWorker of func_id 1, client_id 54 connected
I1102 19:14:14.526825 IO-0/EL  message_connection.cpp:269] FuncWorkerConnection[1-54]: Handshake done
I1102 19:14:14.527375 Server/E engine.cpp:674] Engine: New message connection
I1102 19:14:14.527419 IO-0/EL  engine.cpp:277] Engine: Receive new handshake message from message connection
I1102 19:14:14.527424 IO-0/EL  worker_manager.cpp:60] WorkerManager: FuncWorker of func_id 1, client_id 55 connected
I1102 19:14:14.527437 IO-0/EL  message_connection.cpp:269] FuncWorkerConnection[1-55]: Handshake done
I1102 19:14:14.527567 Server/E engine.cpp:674] Engine: New message connection
I1102 19:14:14.527608 IO-0/EL  engine.cpp:277] Engine: Receive new handshake message from message connection
I1102 19:14:14.527613 IO-0/EL  worker_manager.cpp:60] WorkerManager: FuncWorker of func_id 1, client_id 56 connected
I1102 19:14:14.527627 IO-0/EL  message_connection.cpp:269] FuncWorkerConnection[1-56]: Handshake done
I1102 19:14:14.528437 Server/E engine.cpp:674] Engine: New message connection
I1102 19:14:14.528480 IO-0/EL  engine.cpp:277] Engine: Receive new handshake message from message connection
I1102 19:14:14.528485 IO-0/EL  worker_manager.cpp:60] WorkerManager: FuncWorker of func_id 1, client_id 57 connected
I1102 19:14:14.528510 IO-0/EL  message_connection.cpp:269] FuncWorkerConnection[1-57]: Handshake done
I1102 19:14:14.529090 Server/E engine.cpp:674] Engine: New message connection
I1102 19:14:14.529143 IO-0/EL  engine.cpp:277] Engine: Receive new handshake message from message connection
I1102 19:14:14.529148 IO-0/EL  worker_manager.cpp:60] WorkerManager: FuncWorker of func_id 1, client_id 58 connected
I1102 19:14:14.529153 Server/E engine.cpp:674] Engine: New message connection
I1102 19:14:14.529161 IO-0/EL  message_connection.cpp:269] FuncWorkerConnection[1-58]: Handshake done
I1102 19:14:14.529177 IO-0/EL  engine.cpp:277] Engine: Receive new handshake message from message connection
I1102 19:14:14.529181 IO-0/EL  worker_manager.cpp:60] WorkerManager: FuncWorker of func_id 1, client_id 59 connected
I1102 19:14:14.529195 IO-0/EL  message_connection.cpp:269] FuncWorkerConnection[1-59]: Handshake done
I1102 19:14:14.530253 Server/E engine.cpp:674] Engine: New message connection
I1102 19:14:14.530301 IO-0/EL  engine.cpp:277] Engine: Receive new handshake message from message connection
I1102 19:14:14.530306 IO-0/EL  worker_manager.cpp:60] WorkerManager: FuncWorker of func_id 1, client_id 60 connected
I1102 19:14:14.530320 IO-0/EL  message_connection.cpp:269] FuncWorkerConnection[1-60]: Handshake done
I1102 19:14:14.530426 Server/E engine.cpp:674] Engine: New message connection
I1102 19:14:14.530458 IO-0/EL  engine.cpp:277] Engine: Receive new handshake message from message connection
I1102 19:14:14.530463 IO-0/EL  worker_manager.cpp:60] WorkerManager: FuncWorker of func_id 1, client_id 61 connected
I1102 19:14:14.530476 IO-0/EL  message_connection.cpp:269] FuncWorkerConnection[1-61]: Handshake done
I1102 19:14:14.530777 Server/E engine.cpp:674] Engine: New message connection
I1102 19:14:14.530812 IO-0/EL  engine.cpp:277] Engine: Receive new handshake message from message connection
I1102 19:14:14.530817 IO-0/EL  worker_manager.cpp:60] WorkerManager: FuncWorker of func_id 1, client_id 62 connected
I1102 19:14:14.530830 IO-0/EL  message_connection.cpp:269] FuncWorkerConnection[1-62]: Handshake done
I1102 19:14:14.531325 Server/E engine.cpp:674] Engine: New message connection
I1102 19:14:14.531361 IO-0/EL  engine.cpp:277] Engine: Receive new handshake message from message connection
I1102 19:14:14.531365 IO-0/EL  worker_manager.cpp:60] WorkerManager: FuncWorker of func_id 1, client_id 63 connected
I1102 19:14:14.531384 IO-0/EL  message_connection.cpp:269] FuncWorkerConnection[1-63]: Handshake done
I1102 19:14:14.532060 Server/E engine.cpp:674] Engine: New message connection
I1102 19:14:14.532100 IO-0/EL  engine.cpp:277] Engine: Receive new handshake message from message connection
I1102 19:14:14.532105 IO-0/EL  worker_manager.cpp:60] WorkerManager: FuncWorker of func_id 1, client_id 64 connected
I1102 19:14:14.532119 IO-0/EL  message_connection.cpp:269] FuncWorkerConnection[1-64]: Handshake done
I1102 19:14:14.532659 Server/E engine.cpp:674] Engine: New message connection
I1102 19:14:14.532697 IO-0/EL  engine.cpp:277] Engine: Receive new handshake message from message connection
I1102 19:14:14.532702 IO-0/EL  worker_manager.cpp:60] WorkerManager: FuncWorker of func_id 1, client_id 65 connected
I1102 19:14:14.532720 IO-0/EL  message_connection.cpp:269] FuncWorkerConnection[1-65]: Handshake done
I1102 19:14:14.533241 Server/E engine.cpp:674] Engine: New message connection
I1102 19:14:14.533271 IO-0/EL  engine.cpp:277] Engine: Receive new handshake message from message connection
I1102 19:14:14.533276 IO-0/EL  worker_manager.cpp:60] WorkerManager: FuncWorker of func_id 1, client_id 66 connected
I1102 19:14:14.533289 IO-0/EL  message_connection.cpp:269] FuncWorkerConnection[1-66]: Handshake done
I1102 19:14:14.533703 Server/E engine.cpp:674] Engine: New message connection
I1102 19:14:14.533750 IO-0/EL  engine.cpp:277] Engine: Receive new handshake message from message connection
I1102 19:14:14.533755 IO-0/EL  worker_manager.cpp:60] WorkerManager: FuncWorker of func_id 1, client_id 67 connected
I1102 19:14:14.533769 IO-0/EL  message_connection.cpp:269] FuncWorkerConnection[1-67]: Handshake done
I1102 19:14:14.534492 Server/E engine.cpp:674] Engine: New message connection
I1102 19:14:14.534549 IO-0/EL  engine.cpp:277] Engine: Receive new handshake message from message connection
I1102 19:14:14.534553 IO-0/EL  worker_manager.cpp:60] WorkerManager: FuncWorker of func_id 1, client_id 68 connected
I1102 19:14:14.534566 IO-0/EL  message_connection.cpp:269] FuncWorkerConnection[1-68]: Handshake done
I1102 19:14:14.534842 Server/E engine.cpp:674] Engine: New message connection
I1102 19:14:14.534885 IO-0/EL  engine.cpp:277] Engine: Receive new handshake message from message connection
I1102 19:14:14.534890 IO-0/EL  worker_manager.cpp:60] WorkerManager: FuncWorker of func_id 1, client_id 69 connected
I1102 19:14:14.534903 IO-0/EL  message_connection.cpp:269] FuncWorkerConnection[1-69]: Handshake done
I1102 19:14:14.535263 Server/E engine.cpp:674] Engine: New message connection
I1102 19:14:14.535292 IO-0/EL  engine.cpp:277] Engine: Receive new handshake message from message connection
I1102 19:14:14.535296 IO-0/EL  worker_manager.cpp:60] WorkerManager: FuncWorker of func_id 1, client_id 70 connected
I1102 19:14:14.535315 IO-0/EL  message_connection.cpp:269] FuncWorkerConnection[1-70]: Handshake done
I1102 19:14:14.535968 Server/E engine.cpp:674] Engine: New message connection
I1102 19:14:14.536008 IO-0/EL  engine.cpp:277] Engine: Receive new handshake message from message connection
I1102 19:14:14.536012 IO-0/EL  worker_manager.cpp:60] WorkerManager: FuncWorker of func_id 1, client_id 71 connected
I1102 19:14:14.536026 IO-0/EL  message_connection.cpp:269] FuncWorkerConnection[1-71]: Handshake done
I1102 19:14:14.536615 Server/E engine.cpp:674] Engine: New message connection
I1102 19:14:14.536652 IO-0/EL  engine.cpp:277] Engine: Receive new handshake message from message connection
I1102 19:14:14.536660 IO-0/EL  worker_manager.cpp:60] WorkerManager: FuncWorker of func_id 1, client_id 72 connected
I1102 19:14:14.536674 IO-0/EL  message_connection.cpp:269] FuncWorkerConnection[1-72]: Handshake done
I1102 19:14:14.537176 Server/E engine.cpp:674] Engine: New message connection
I1102 19:14:14.537209 IO-0/EL  engine.cpp:277] Engine: Receive new handshake message from message connection
I1102 19:14:14.537214 IO-0/EL  worker_manager.cpp:60] WorkerManager: FuncWorker of func_id 1, client_id 73 connected
I1102 19:14:14.537226 IO-0/EL  message_connection.cpp:269] FuncWorkerConnection[1-73]: Handshake done
I1102 19:14:14.537672 Server/E engine.cpp:674] Engine: New message connection
I1102 19:14:14.537719 IO-0/EL  engine.cpp:277] Engine: Receive new handshake message from message connection
I1102 19:14:14.537725 IO-0/EL  worker_manager.cpp:60] WorkerManager: FuncWorker of func_id 1, client_id 74 connected
I1102 19:14:14.537738 IO-0/EL  message_connection.cpp:269] FuncWorkerConnection[1-74]: Handshake done
I1102 19:14:14.537886 Server/E engine.cpp:674] Engine: New message connection
I1102 19:14:14.537921 IO-0/EL  engine.cpp:277] Engine: Receive new handshake message from message connection
I1102 19:14:14.537925 IO-0/EL  worker_manager.cpp:60] WorkerManager: FuncWorker of func_id 1, client_id 75 connected
I1102 19:14:14.537938 IO-0/EL  message_connection.cpp:269] FuncWorkerConnection[1-75]: Handshake done
I1102 19:14:14.538771 Server/E engine.cpp:674] Engine: New message connection
I1102 19:14:14.538817 IO-0/EL  engine.cpp:277] Engine: Receive new handshake message from message connection
I1102 19:14:14.538822 IO-0/EL  worker_manager.cpp:60] WorkerManager: FuncWorker of func_id 1, client_id 76 connected
I1102 19:14:14.538835 IO-0/EL  message_connection.cpp:269] FuncWorkerConnection[1-76]: Handshake done
I1102 19:14:14.538926 Server/E engine.cpp:674] Engine: New message connection
I1102 19:14:14.538962 IO-0/EL  engine.cpp:277] Engine: Receive new handshake message from message connection
I1102 19:14:14.538966 IO-0/EL  worker_manager.cpp:60] WorkerManager: FuncWorker of func_id 1, client_id 77 connected
I1102 19:14:14.538980 IO-0/EL  message_connection.cpp:269] FuncWorkerConnection[1-77]: Handshake done
I1102 19:14:14.539749 Server/E engine.cpp:674] Engine: New message connection
I1102 19:14:14.539802 IO-0/EL  engine.cpp:277] Engine: Receive new handshake message from message connection
I1102 19:14:14.539823 IO-0/EL  worker_manager.cpp:60] WorkerManager: FuncWorker of func_id 1, client_id 78 connected
I1102 19:14:14.539838 IO-0/EL  message_connection.cpp:269] FuncWorkerConnection[1-78]: Handshake done
I1102 19:14:14.560740 Server/E engine.cpp:674] Engine: New message connection
I1102 19:14:14.560785 Server/E engine.cpp:674] Engine: New message connection
I1102 19:14:14.560792 IO-0/EL  engine.cpp:277] Engine: Receive new handshake message from message connection
I1102 19:14:14.560798 IO-0/EL  worker_manager.cpp:60] WorkerManager: FuncWorker of func_id 1, client_id 79 connected
I1102 19:14:14.560802 Server/E engine.cpp:674] Engine: New message connection
I1102 19:14:14.560812 IO-0/EL  message_connection.cpp:269] FuncWorkerConnection[1-79]: Handshake done
I1102 19:14:14.560815 Server/E engine.cpp:674] Engine: New message connection
I1102 19:14:14.560828 Server/E engine.cpp:674] Engine: New message connection
I1102 19:14:14.560836 IO-0/EL  engine.cpp:277] Engine: Receive new handshake message from message connection
I1102 19:14:14.560841 IO-0/EL  worker_manager.cpp:60] WorkerManager: FuncWorker of func_id 1, client_id 80 connected
I1102 19:14:14.560848 Server/E engine.cpp:674] Engine: New message connection
I1102 19:14:14.560855 IO-0/EL  message_connection.cpp:269] FuncWorkerConnection[1-80]: Handshake done
I1102 19:14:14.560869 IO-0/EL  engine.cpp:277] Engine: Receive new handshake message from message connection
I1102 19:14:14.560873 IO-0/EL  worker_manager.cpp:60] WorkerManager: FuncWorker of func_id 1, client_id 81 connected
I1102 19:14:14.560873 Server/E engine.cpp:674] Engine: New message connection
I1102 19:14:14.560887 IO-0/EL  message_connection.cpp:269] FuncWorkerConnection[1-81]: Handshake done
I1102 19:14:14.560896 Server/E engine.cpp:674] Engine: New message connection
I1102 19:14:14.560907 IO-0/EL  engine.cpp:277] Engine: Receive new handshake message from message connection
I1102 19:14:14.560912 IO-0/EL  worker_manager.cpp:60] WorkerManager: FuncWorker of func_id 1, client_id 82 connected
I1102 19:14:14.560919 Server/E engine.cpp:674] Engine: New message connection
I1102 19:14:14.560925 IO-0/EL  message_connection.cpp:269] FuncWorkerConnection[1-82]: Handshake done
I1102 19:14:14.560939 IO-0/EL  engine.cpp:277] Engine: Receive new handshake message from message connection
I1102 19:14:14.560942 Server/E engine.cpp:674] Engine: New message connection
I1102 19:14:14.560943 IO-0/EL  worker_manager.cpp:60] WorkerManager: FuncWorker of func_id 1, client_id 83 connected
I1102 19:14:14.560971 Server/E engine.cpp:674] Engine: New message connection
I1102 19:14:14.560974 IO-0/EL  message_connection.cpp:269] FuncWorkerConnection[1-83]: Handshake done
I1102 19:14:14.560993 Server/E engine.cpp:674] Engine: New message connection
I1102 19:14:14.561003 IO-0/EL  engine.cpp:277] Engine: Receive new handshake message from message connection
I1102 19:14:14.561008 IO-0/EL  worker_manager.cpp:60] WorkerManager: FuncWorker of func_id 1, client_id 84 connected
I1102 19:14:14.561016 Server/E engine.cpp:674] Engine: New message connection
I1102 19:14:14.561022 IO-0/EL  message_connection.cpp:269] FuncWorkerConnection[1-84]: Handshake done
I1102 19:14:14.561035 IO-0/EL  engine.cpp:277] Engine: Receive new handshake message from message connection
I1102 19:14:14.561035 Server/E engine.cpp:674] Engine: New message connection
I1102 19:14:14.561041 IO-0/EL  worker_manager.cpp:60] WorkerManager: FuncWorker of func_id 1, client_id 85 connected
I1102 19:14:14.561062 Server/E engine.cpp:674] Engine: New message connection
I1102 19:14:14.561070 IO-0/EL  message_connection.cpp:269] FuncWorkerConnection[1-85]: Handshake done
I1102 19:14:14.561082 Server/E engine.cpp:674] Engine: New message connection
I1102 19:14:14.561085 IO-0/EL  engine.cpp:277] Engine: Receive new handshake message from message connection
I1102 19:14:14.561097 IO-0/EL  worker_manager.cpp:60] WorkerManager: FuncWorker of func_id 1, client_id 86 connected
I1102 19:14:14.561102 Server/E engine.cpp:674] Engine: New message connection
I1102 19:14:14.561111 IO-0/EL  message_connection.cpp:269] FuncWorkerConnection[1-86]: Handshake done
I1102 19:14:14.561138 Server/E engine.cpp:674] Engine: New message connection
I1102 19:14:14.561148 IO-0/EL  engine.cpp:277] Engine: Receive new handshake message from message connection
I1102 19:14:14.561152 IO-0/EL  worker_manager.cpp:60] WorkerManager: FuncWorker of func_id 1, client_id 87 connected
I1102 19:14:14.561166 IO-0/EL  message_connection.cpp:269] FuncWorkerConnection[1-87]: Handshake done
I1102 19:14:14.561169 Server/E engine.cpp:674] Engine: New message connection
I1102 19:14:14.561181 IO-0/EL  engine.cpp:277] Engine: Receive new handshake message from message connection
I1102 19:14:14.561185 IO-0/EL  worker_manager.cpp:60] WorkerManager: FuncWorker of func_id 1, client_id 88 connected
I1102 19:14:14.561187 Server/E engine.cpp:674] Engine: New message connection
I1102 19:14:14.561199 IO-0/EL  message_connection.cpp:269] FuncWorkerConnection[1-88]: Handshake done
I1102 19:14:14.561210 Server/E engine.cpp:674] Engine: New message connection
I1102 19:14:14.561217 IO-0/EL  engine.cpp:277] Engine: Receive new handshake message from message connection
I1102 19:14:14.561222 IO-0/EL  worker_manager.cpp:60] WorkerManager: FuncWorker of func_id 1, client_id 89 connected
I1102 19:14:14.561232 Server/E engine.cpp:674] Engine: New message connection
I1102 19:14:14.561235 IO-0/EL  message_connection.cpp:269] FuncWorkerConnection[1-89]: Handshake done
I1102 19:14:14.561253 Server/E engine.cpp:674] Engine: New message connection
I1102 19:14:14.561261 IO-0/EL  engine.cpp:277] Engine: Receive new handshake message from message connection
I1102 19:14:14.561266 IO-0/EL  worker_manager.cpp:60] WorkerManager: FuncWorker of func_id 1, client_id 90 connected
I1102 19:14:14.561274 Server/E engine.cpp:674] Engine: New message connection
I1102 19:14:14.561280 IO-0/EL  message_connection.cpp:269] FuncWorkerConnection[1-90]: Handshake done
I1102 19:14:14.561295 Server/E engine.cpp:674] Engine: New message connection
I1102 19:14:14.561300 IO-0/EL  engine.cpp:277] Engine: Receive new handshake message from message connection
I1102 19:14:14.561306 IO-0/EL  worker_manager.cpp:60] WorkerManager: FuncWorker of func_id 1, client_id 91 connected
I1102 19:14:14.561317 Server/E engine.cpp:674] Engine: New message connection
I1102 19:14:14.561320 IO-0/EL  message_connection.cpp:269] FuncWorkerConnection[1-91]: Handshake done
I1102 19:14:14.561343 IO-0/EL  engine.cpp:277] Engine: Receive new handshake message from message connection
I1102 19:14:14.561344 Server/E engine.cpp:674] Engine: New message connection
I1102 19:14:14.561348 IO-0/EL  worker_manager.cpp:60] WorkerManager: FuncWorker of func_id 1, client_id 92 connected
I1102 19:14:14.561372 Server/E engine.cpp:674] Engine: New message connection
I1102 19:14:14.561374 IO-0/EL  message_connection.cpp:269] FuncWorkerConnection[1-92]: Handshake done
I1102 19:14:14.561394 Server/E engine.cpp:674] Engine: New message connection
I1102 19:14:14.561403 IO-0/EL  engine.cpp:277] Engine: Receive new handshake message from message connection
I1102 19:14:14.561408 IO-0/EL  worker_manager.cpp:60] WorkerManager: FuncWorker of func_id 1, client_id 93 connected
I1102 19:14:14.561418 Server/E engine.cpp:674] Engine: New message connection
I1102 19:14:14.561422 IO-0/EL  message_connection.cpp:269] FuncWorkerConnection[1-93]: Handshake done
I1102 19:14:14.561443 Server/E engine.cpp:674] Engine: New message connection
I1102 19:14:14.561449 IO-0/EL  engine.cpp:277] Engine: Receive new handshake message from message connection
I1102 19:14:14.561454 IO-0/EL  worker_manager.cpp:60] WorkerManager: FuncWorker of func_id 1, client_id 94 connected
I1102 19:14:14.561468 IO-0/EL  message_connection.cpp:269] FuncWorkerConnection[1-94]: Handshake done
I1102 19:14:14.561468 Server/E engine.cpp:674] Engine: New message connection
I1102 19:14:14.561488 IO-0/EL  engine.cpp:277] Engine: Receive new handshake message from message connection
I1102 19:14:14.561489 Server/E engine.cpp:674] Engine: New message connection
I1102 19:14:14.561493 IO-0/EL  worker_manager.cpp:60] WorkerManager: FuncWorker of func_id 1, client_id 95 connected
I1102 19:14:14.561525 Server/E engine.cpp:674] Engine: New message connection
I1102 19:14:14.561534 IO-0/EL  message_connection.cpp:269] FuncWorkerConnection[1-95]: Handshake done
I1102 19:14:14.561555 IO-0/EL  engine.cpp:277] Engine: Receive new handshake message from message connection
I1102 19:14:14.561557 Server/E engine.cpp:674] Engine: New message connection
I1102 19:14:14.561559 IO-0/EL  worker_manager.cpp:60] WorkerManager: FuncWorker of func_id 1, client_id 96 connected
I1102 19:14:14.561583 Server/E engine.cpp:674] Engine: New message connection
I1102 19:14:14.561587 IO-0/EL  message_connection.cpp:269] FuncWorkerConnection[1-96]: Handshake done
I1102 19:14:14.561603 Server/E engine.cpp:674] Engine: New message connection
I1102 19:14:14.561610 IO-0/EL  engine.cpp:277] Engine: Receive new handshake message from message connection
I1102 19:14:14.561615 IO-0/EL  worker_manager.cpp:60] WorkerManager: FuncWorker of func_id 1, client_id 97 connected
I1102 19:14:14.561624 Server/E engine.cpp:674] Engine: New message connection
I1102 19:14:14.561632 IO-0/EL  message_connection.cpp:269] FuncWorkerConnection[1-97]: Handshake done
I1102 19:14:14.561644 Server/E engine.cpp:674] Engine: New message connection
I1102 19:14:14.561647 IO-0/EL  engine.cpp:277] Engine: Receive new handshake message from message connection
I1102 19:14:14.561661 IO-0/EL  worker_manager.cpp:60] WorkerManager: FuncWorker of func_id 1, client_id 98 connected
I1102 19:14:14.561666 Server/E engine.cpp:674] Engine: New message connection
I1102 19:14:14.561675 IO-0/EL  message_connection.cpp:269] FuncWorkerConnection[1-98]: Handshake done
I1102 19:14:14.561689 Server/E engine.cpp:674] Engine: New message connection
I1102 19:14:14.561696 IO-0/EL  engine.cpp:277] Engine: Receive new handshake message from message connection
I1102 19:14:14.561701 IO-0/EL  worker_manager.cpp:60] WorkerManager: FuncWorker of func_id 1, client_id 99 connected
I1102 19:14:14.561727 IO-0/EL  message_connection.cpp:269] FuncWorkerConnection[1-99]: Handshake done
I1102 19:14:14.561749 IO-0/EL  engine.cpp:277] Engine: Receive new handshake message from message connection
I1102 19:14:14.561754 IO-0/EL  worker_manager.cpp:60] WorkerManager: FuncWorker of func_id 1, client_id 100 connected
I1102 19:14:14.561776 IO-0/EL  message_connection.cpp:269] FuncWorkerConnection[1-100]: Handshake done
I1102 19:14:14.561790 IO-0/EL  engine.cpp:277] Engine: Receive new handshake message from message connection
I1102 19:14:14.561794 IO-0/EL  worker_manager.cpp:60] WorkerManager: FuncWorker of func_id 1, client_id 101 connected
I1102 19:14:14.561807 IO-0/EL  message_connection.cpp:269] FuncWorkerConnection[1-101]: Handshake done
I1102 19:14:14.561828 IO-0/EL  engine.cpp:277] Engine: Receive new handshake message from message connection
I1102 19:14:14.561833 IO-0/EL  worker_manager.cpp:60] WorkerManager: FuncWorker of func_id 1, client_id 102 connected
I1102 19:14:14.561846 IO-0/EL  message_connection.cpp:269] FuncWorkerConnection[1-102]: Handshake done
I1102 19:14:14.561861 IO-0/EL  engine.cpp:277] Engine: Receive new handshake message from message connection
I1102 19:14:14.561865 IO-0/EL  worker_manager.cpp:60] WorkerManager: FuncWorker of func_id 1, client_id 103 connected
I1102 19:14:14.561879 IO-0/EL  message_connection.cpp:269] FuncWorkerConnection[1-103]: Handshake done
I1102 19:14:14.561898 IO-0/EL  engine.cpp:277] Engine: Receive new handshake message from message connection
I1102 19:14:14.561902 IO-0/EL  worker_manager.cpp:60] WorkerManager: FuncWorker of func_id 1, client_id 104 connected
I1102 19:14:14.561916 IO-0/EL  message_connection.cpp:269] FuncWorkerConnection[1-104]: Handshake done
I1102 19:14:14.561933 IO-0/EL  engine.cpp:277] Engine: Receive new handshake message from message connection
I1102 19:14:14.561939 IO-0/EL  worker_manager.cpp:60] WorkerManager: FuncWorker of func_id 1, client_id 105 connected
I1102 19:14:14.561958 IO-0/EL  message_connection.cpp:269] FuncWorkerConnection[1-105]: Handshake done
I1102 19:14:14.562004 IO-0/EL  engine.cpp:277] Engine: Receive new handshake message from message connection
I1102 19:14:14.562013 IO-0/EL  worker_manager.cpp:60] WorkerManager: FuncWorker of func_id 1, client_id 106 connected
I1102 19:14:14.562041 IO-0/EL  message_connection.cpp:269] FuncWorkerConnection[1-106]: Handshake done
I1102 19:14:14.562063 IO-0/EL  engine.cpp:277] Engine: Receive new handshake message from message connection
I1102 19:14:14.562070 IO-0/EL  worker_manager.cpp:60] WorkerManager: FuncWorker of func_id 1, client_id 107 connected
I1102 19:14:14.562091 IO-0/EL  message_connection.cpp:269] FuncWorkerConnection[1-107]: Handshake done
I1102 19:14:14.562128 IO-0/EL  engine.cpp:277] Engine: Receive new handshake message from message connection
I1102 19:14:14.562136 IO-0/EL  worker_manager.cpp:60] WorkerManager: FuncWorker of func_id 1, client_id 108 connected
I1102 19:14:14.562157 IO-0/EL  message_connection.cpp:269] FuncWorkerConnection[1-108]: Handshake done
I1102 19:14:14.562184 IO-0/EL  engine.cpp:277] Engine: Receive new handshake message from message connection
I1102 19:14:14.562192 IO-0/EL  worker_manager.cpp:60] WorkerManager: FuncWorker of func_id 1, client_id 109 connected
I1102 19:14:14.562212 IO-0/EL  message_connection.cpp:269] FuncWorkerConnection[1-109]: Handshake done
I1102 19:14:14.562246 IO-0/EL  engine.cpp:277] Engine: Receive new handshake message from message connection
I1102 19:14:14.562254 IO-0/EL  worker_manager.cpp:60] WorkerManager: FuncWorker of func_id 1, client_id 110 connected
I1102 19:14:14.562275 IO-0/EL  message_connection.cpp:269] FuncWorkerConnection[1-110]: Handshake done
I1102 19:14:14.562309 IO-0/EL  engine.cpp:277] Engine: Receive new handshake message from message connection
I1102 19:14:14.562317 IO-0/EL  worker_manager.cpp:60] WorkerManager: FuncWorker of func_id 1, client_id 111 connected
I1102 19:14:14.562343 IO-0/EL  message_connection.cpp:269] FuncWorkerConnection[1-111]: Handshake done
I1102 19:14:14.562376 IO-0/EL  engine.cpp:277] Engine: Receive new handshake message from message connection
I1102 19:14:14.562383 IO-0/EL  worker_manager.cpp:60] WorkerManager: FuncWorker of func_id 1, client_id 112 connected
I1102 19:14:14.562405 IO-0/EL  message_connection.cpp:269] FuncWorkerConnection[1-112]: Handshake done
I1102 19:14:14.562428 IO-0/EL  engine.cpp:277] Engine: Receive new handshake message from message connection
I1102 19:14:14.562434 IO-0/EL  worker_manager.cpp:60] WorkerManager: FuncWorker of func_id 1, client_id 113 connected
I1102 19:14:14.562480 IO-0/EL  message_connection.cpp:269] FuncWorkerConnection[1-113]: Handshake done
I1102 19:14:14.562505 IO-0/EL  engine.cpp:277] Engine: Receive new handshake message from message connection
I1102 19:14:14.562512 IO-0/EL  worker_manager.cpp:60] WorkerManager: FuncWorker of func_id 1, client_id 114 connected
I1102 19:14:14.562532 IO-0/EL  message_connection.cpp:269] FuncWorkerConnection[1-114]: Handshake done
I1102 19:14:14.562556 IO-0/EL  engine.cpp:277] Engine: Receive new handshake message from message connection
I1102 19:14:14.562563 IO-0/EL  worker_manager.cpp:60] WorkerManager: FuncWorker of func_id 1, client_id 115 connected
I1102 19:14:14.562584 IO-0/EL  message_connection.cpp:269] FuncWorkerConnection[1-115]: Handshake done
I1102 19:14:14.562603 IO-0/EL  engine.cpp:277] Engine: Receive new handshake message from message connection
I1102 19:14:14.562610 IO-0/EL  worker_manager.cpp:60] WorkerManager: FuncWorker of func_id 1, client_id 116 connected
I1102 19:14:14.562635 IO-0/EL  message_connection.cpp:269] FuncWorkerConnection[1-116]: Handshake done
I1102 19:14:14.562665 IO-0/EL  engine.cpp:277] Engine: Receive new handshake message from message connection
I1102 19:14:14.562672 IO-0/EL  worker_manager.cpp:60] WorkerManager: FuncWorker of func_id 1, client_id 118 connected
I1102 19:14:14.562693 IO-0/EL  message_connection.cpp:269] FuncWorkerConnection[1-118]: Handshake done
I1102 19:14:14.562721 IO-0/EL  engine.cpp:277] Engine: Receive new handshake message from message connection
I1102 19:14:14.562740 IO-0/EL  worker_manager.cpp:60] WorkerManager: FuncWorker of func_id 1, client_id 117 connected
I1102 19:14:14.562776 IO-0/EL  message_connection.cpp:269] FuncWorkerConnection[1-117]: Handshake done
I1102 19:14:14.562798 IO-0/EL  engine.cpp:277] Engine: Receive new handshake message from message connection
I1102 19:14:14.562804 IO-0/EL  worker_manager.cpp:60] WorkerManager: FuncWorker of func_id 1, client_id 119 connected
I1102 19:14:14.562825 IO-0/EL  message_connection.cpp:269] FuncWorkerConnection[1-119]: Handshake done
I1102 19:14:14.575931 Server/E engine.cpp:674] Engine: New message connection
I1102 19:14:14.576005 IO-0/EL  engine.cpp:277] Engine: Receive new handshake message from message connection
I1102 19:14:14.576026 IO-0/EL  worker_manager.cpp:60] WorkerManager: FuncWorker of func_id 1, client_id 120 connected
I1102 19:14:14.576079 IO-0/EL  message_connection.cpp:269] FuncWorkerConnection[1-120]: Handshake done
I1102 19:14:14.576417 Server/E engine.cpp:674] Engine: New message connection
I1102 19:14:14.576449 IO-0/EL  engine.cpp:277] Engine: Receive new handshake message from message connection
I1102 19:14:14.576460 IO-0/EL  worker_manager.cpp:60] WorkerManager: FuncWorker of func_id 1, client_id 121 connected
I1102 19:14:14.576485 IO-0/EL  message_connection.cpp:269] FuncWorkerConnection[1-121]: Handshake done
I1102 19:14:14.576788 Server/E engine.cpp:674] Engine: New message connection
I1102 19:14:14.576819 IO-0/EL  engine.cpp:277] Engine: Receive new handshake message from message connection
I1102 19:14:14.576830 IO-0/EL  worker_manager.cpp:60] WorkerManager: FuncWorker of func_id 1, client_id 122 connected
I1102 19:14:14.576870 IO-0/EL  message_connection.cpp:269] FuncWorkerConnection[1-122]: Handshake done
I1102 19:14:14.577346 Server/E engine.cpp:674] Engine: New message connection
I1102 19:14:14.577395 IO-0/EL  engine.cpp:277] Engine: Receive new handshake message from message connection
I1102 19:14:14.577406 IO-0/EL  worker_manager.cpp:60] WorkerManager: FuncWorker of func_id 1, client_id 123 connected
I1102 19:14:14.577430 IO-0/EL  message_connection.cpp:269] FuncWorkerConnection[1-123]: Handshake done
I1102 19:14:14.577859 Server/E engine.cpp:674] Engine: New message connection
I1102 19:14:14.577919 IO-0/EL  engine.cpp:277] Engine: Receive new handshake message from message connection
I1102 19:14:14.577931 IO-0/EL  worker_manager.cpp:60] WorkerManager: FuncWorker of func_id 1, client_id 124 connected
I1102 19:14:14.577956 IO-0/EL  message_connection.cpp:269] FuncWorkerConnection[1-124]: Handshake done
I1102 19:14:14.578491 Server/E engine.cpp:674] Engine: New message connection
I1102 19:14:14.578538 IO-0/EL  engine.cpp:277] Engine: Receive new handshake message from message connection
I1102 19:14:14.578548 IO-0/EL  worker_manager.cpp:60] WorkerManager: FuncWorker of func_id 1, client_id 125 connected
I1102 19:14:14.578572 IO-0/EL  message_connection.cpp:269] FuncWorkerConnection[1-125]: Handshake done
I1102 19:14:14.578985 Server/E engine.cpp:674] Engine: New message connection
I1102 19:14:14.579036 IO-0/EL  engine.cpp:277] Engine: Receive new handshake message from message connection
I1102 19:14:14.579048 IO-0/EL  worker_manager.cpp:60] WorkerManager: FuncWorker of func_id 1, client_id 126 connected
I1102 19:14:14.579075 IO-0/EL  message_connection.cpp:269] FuncWorkerConnection[1-126]: Handshake done
I1102 19:14:14.579493 Server/E engine.cpp:674] Engine: New message connection
I1102 19:14:14.579535 IO-0/EL  engine.cpp:277] Engine: Receive new handshake message from message connection
I1102 19:14:14.579546 IO-0/EL  worker_manager.cpp:60] WorkerManager: FuncWorker of func_id 1, client_id 127 connected
I1102 19:14:14.579587 IO-0/EL  message_connection.cpp:269] FuncWorkerConnection[1-127]: Handshake done
I1102 19:14:14.580045 Server/E engine.cpp:674] Engine: New message connection
I1102 19:14:14.580086 IO-0/EL  engine.cpp:277] Engine: Receive new handshake message from message connection
I1102 19:14:14.580097 IO-0/EL  worker_manager.cpp:60] WorkerManager: FuncWorker of func_id 1, client_id 128 connected
I1102 19:14:14.580140 IO-0/EL  message_connection.cpp:269] FuncWorkerConnection[1-128]: Handshake done
I1102 19:14:14.580697 Server/E engine.cpp:674] Engine: New message connection
I1102 19:14:14.580763 IO-0/EL  engine.cpp:277] Engine: Receive new handshake message from message connection
I1102 19:14:14.580777 IO-0/EL  worker_manager.cpp:60] WorkerManager: FuncWorker of func_id 1, client_id 129 connected
I1102 19:14:14.580802 IO-0/EL  message_connection.cpp:269] FuncWorkerConnection[1-129]: Handshake done
I1102 19:14:14.581335 Server/E engine.cpp:674] Engine: New message connection
I1102 19:14:14.581372 IO-0/EL  engine.cpp:277] Engine: Receive new handshake message from message connection
I1102 19:14:14.581382 IO-0/EL  worker_manager.cpp:60] WorkerManager: FuncWorker of func_id 1, client_id 130 connected
I1102 19:14:14.581407 IO-0/EL  message_connection.cpp:269] FuncWorkerConnection[1-130]: Handshake done
I1102 19:14:14.581748 Server/E engine.cpp:674] Engine: New message connection
I1102 19:14:14.581810 IO-0/EL  engine.cpp:277] Engine: Receive new handshake message from message connection
I1102 19:14:14.581821 IO-0/EL  worker_manager.cpp:60] WorkerManager: FuncWorker of func_id 1, client_id 131 connected
I1102 19:14:14.581846 IO-0/EL  message_connection.cpp:269] FuncWorkerConnection[1-131]: Handshake done
I1102 19:14:14.582286 Server/E engine.cpp:674] Engine: New message connection
I1102 19:14:14.582322 IO-0/EL  engine.cpp:277] Engine: Receive new handshake message from message connection
I1102 19:14:14.582333 IO-0/EL  worker_manager.cpp:60] WorkerManager: FuncWorker of func_id 1, client_id 132 connected
I1102 19:14:14.582357 IO-0/EL  message_connection.cpp:269] FuncWorkerConnection[1-132]: Handshake done
I1102 19:14:14.582592 Server/E engine.cpp:674] Engine: New message connection
I1102 19:14:14.582644 IO-0/EL  engine.cpp:277] Engine: Receive new handshake message from message connection
I1102 19:14:14.582655 IO-0/EL  worker_manager.cpp:60] WorkerManager: FuncWorker of func_id 1, client_id 133 connected
I1102 19:14:14.582680 IO-0/EL  message_connection.cpp:269] FuncWorkerConnection[1-133]: Handshake done
I1102 19:14:14.583266 Server/E engine.cpp:674] Engine: New message connection
I1102 19:14:14.583312 IO-0/EL  engine.cpp:277] Engine: Receive new handshake message from message connection
I1102 19:14:14.583323 IO-0/EL  worker_manager.cpp:60] WorkerManager: FuncWorker of func_id 1, client_id 134 connected
I1102 19:14:14.583347 IO-0/EL  message_connection.cpp:269] FuncWorkerConnection[1-134]: Handshake done
I1102 19:14:14.583814 Server/E engine.cpp:674] Engine: New message connection
I1102 19:14:14.583869 IO-0/EL  engine.cpp:277] Engine: Receive new handshake message from message connection
I1102 19:14:14.583879 IO-0/EL  worker_manager.cpp:60] WorkerManager: FuncWorker of func_id 1, client_id 135 connected
I1102 19:14:14.583905 IO-0/EL  message_connection.cpp:269] FuncWorkerConnection[1-135]: Handshake done
I1102 19:14:14.584309 Server/E engine.cpp:674] Engine: New message connection
I1102 19:14:14.584347 IO-0/EL  engine.cpp:277] Engine: Receive new handshake message from message connection
I1102 19:14:14.584357 IO-0/EL  worker_manager.cpp:60] WorkerManager: FuncWorker of func_id 1, client_id 136 connected
I1102 19:14:14.584382 IO-0/EL  message_connection.cpp:269] FuncWorkerConnection[1-136]: Handshake done
I1102 19:14:14.584749 Server/E engine.cpp:674] Engine: New message connection
I1102 19:14:14.584805 IO-0/EL  engine.cpp:277] Engine: Receive new handshake message from message connection
I1102 19:14:14.584815 IO-0/EL  worker_manager.cpp:60] WorkerManager: FuncWorker of func_id 1, client_id 137 connected
I1102 19:14:14.584840 IO-0/EL  message_connection.cpp:269] FuncWorkerConnection[1-137]: Handshake done
I1102 19:14:14.585163 Server/E engine.cpp:674] Engine: New message connection
I1102 19:14:14.585209 IO-0/EL  engine.cpp:277] Engine: Receive new handshake message from message connection
I1102 19:14:14.585218 IO-0/EL  worker_manager.cpp:60] WorkerManager: FuncWorker of func_id 1, client_id 138 connected
I1102 19:14:14.585268 IO-0/EL  message_connection.cpp:269] FuncWorkerConnection[1-138]: Handshake done
I1102 19:14:14.585755 Server/E engine.cpp:674] Engine: New message connection
I1102 19:14:14.585795 IO-0/EL  engine.cpp:277] Engine: Receive new handshake message from message connection
I1102 19:14:14.585805 IO-0/EL  worker_manager.cpp:60] WorkerManager: FuncWorker of func_id 1, client_id 139 connected
I1102 19:14:14.585830 IO-0/EL  message_connection.cpp:269] FuncWorkerConnection[1-139]: Handshake done
I1102 19:14:14.586219 Server/E engine.cpp:674] Engine: New message connection
I1102 19:14:14.586260 IO-0/EL  engine.cpp:277] Engine: Receive new handshake message from message connection
I1102 19:14:14.586270 IO-0/EL  worker_manager.cpp:60] WorkerManager: FuncWorker of func_id 1, client_id 140 connected
I1102 19:14:14.586305 IO-0/EL  message_connection.cpp:269] FuncWorkerConnection[1-140]: Handshake done
I1102 19:14:14.586983 Server/E engine.cpp:674] Engine: New message connection
I1102 19:14:14.587027 IO-0/EL  engine.cpp:277] Engine: Receive new handshake message from message connection
I1102 19:14:14.587038 IO-0/EL  worker_manager.cpp:60] WorkerManager: FuncWorker of func_id 1, client_id 141 connected
I1102 19:14:14.587062 IO-0/EL  message_connection.cpp:269] FuncWorkerConnection[1-141]: Handshake done
I1102 19:14:14.587289 Server/E engine.cpp:674] Engine: New message connection
I1102 19:14:14.587344 IO-0/EL  engine.cpp:277] Engine: Receive new handshake message from message connection
I1102 19:14:14.587354 IO-0/EL  worker_manager.cpp:60] WorkerManager: FuncWorker of func_id 1, client_id 142 connected
I1102 19:14:14.587378 IO-0/EL  message_connection.cpp:269] FuncWorkerConnection[1-142]: Handshake done
I1102 19:14:14.587842 Server/E engine.cpp:674] Engine: New message connection
I1102 19:14:14.587882 IO-0/EL  engine.cpp:277] Engine: Receive new handshake message from message connection
I1102 19:14:14.587893 IO-0/EL  worker_manager.cpp:60] WorkerManager: FuncWorker of func_id 1, client_id 143 connected
I1102 19:14:14.587921 IO-0/EL  message_connection.cpp:269] FuncWorkerConnection[1-143]: Handshake done
I1102 19:14:14.588287 Server/E engine.cpp:674] Engine: New message connection
I1102 19:14:14.588332 IO-0/EL  engine.cpp:277] Engine: Receive new handshake message from message connection
I1102 19:14:14.588343 IO-0/EL  worker_manager.cpp:60] WorkerManager: FuncWorker of func_id 1, client_id 144 connected
I1102 19:14:14.588370 IO-0/EL  message_connection.cpp:269] FuncWorkerConnection[1-144]: Handshake done
I1102 19:14:14.588826 Server/E engine.cpp:674] Engine: New message connection
I1102 19:14:14.588858 IO-0/EL  engine.cpp:277] Engine: Receive new handshake message from message connection
I1102 19:14:14.588868 IO-0/EL  worker_manager.cpp:60] WorkerManager: FuncWorker of func_id 1, client_id 145 connected
I1102 19:14:14.588892 IO-0/EL  message_connection.cpp:269] FuncWorkerConnection[1-145]: Handshake done
I1102 19:14:14.589316 Server/E engine.cpp:674] Engine: New message connection
I1102 19:14:14.589362 IO-0/EL  engine.cpp:277] Engine: Receive new handshake message from message connection
I1102 19:14:14.589373 IO-0/EL  worker_manager.cpp:60] WorkerManager: FuncWorker of func_id 1, client_id 146 connected
I1102 19:14:14.589398 IO-0/EL  message_connection.cpp:269] FuncWorkerConnection[1-146]: Handshake done
I1102 19:14:14.589904 Server/E engine.cpp:674] Engine: New message connection
I1102 19:14:14.589945 IO-0/EL  engine.cpp:277] Engine: Receive new handshake message from message connection
I1102 19:14:14.589957 IO-0/EL  worker_manager.cpp:60] WorkerManager: FuncWorker of func_id 1, client_id 147 connected
I1102 19:14:14.589981 IO-0/EL  message_connection.cpp:269] FuncWorkerConnection[1-147]: Handshake done
I1102 19:14:14.590258 Server/E engine.cpp:674] Engine: New message connection
I1102 19:14:14.590305 IO-0/EL  engine.cpp:277] Engine: Receive new handshake message from message connection
I1102 19:14:14.590317 IO-0/EL  worker_manager.cpp:60] WorkerManager: FuncWorker of func_id 1, client_id 148 connected
I1102 19:14:14.590354 IO-0/EL  message_connection.cpp:269] FuncWorkerConnection[1-148]: Handshake done
I1102 19:14:14.590737 Server/E engine.cpp:674] Engine: New message connection
I1102 19:14:14.590774 IO-0/EL  engine.cpp:277] Engine: Receive new handshake message from message connection
I1102 19:14:14.590785 IO-0/EL  worker_manager.cpp:60] WorkerManager: FuncWorker of func_id 1, client_id 149 connected
I1102 19:14:14.590809 IO-0/EL  message_connection.cpp:269] FuncWorkerConnection[1-149]: Handshake done
I1102 19:14:14.591228 Server/E engine.cpp:674] Engine: New message connection
I1102 19:14:14.591272 IO-0/EL  engine.cpp:277] Engine: Receive new handshake message from message connection
I1102 19:14:14.591283 IO-0/EL  worker_manager.cpp:60] WorkerManager: FuncWorker of func_id 1, client_id 150 connected
I1102 19:14:14.591308 IO-0/EL  message_connection.cpp:269] FuncWorkerConnection[1-150]: Handshake done
I1102 19:14:14.591687 Server/E engine.cpp:674] Engine: New message connection
I1102 19:14:14.591724 IO-0/EL  engine.cpp:277] Engine: Receive new handshake message from message connection
I1102 19:14:14.591736 IO-0/EL  worker_manager.cpp:60] WorkerManager: FuncWorker of func_id 1, client_id 151 connected
I1102 19:14:14.591760 IO-0/EL  message_connection.cpp:269] FuncWorkerConnection[1-151]: Handshake done
I1102 19:14:14.592272 Server/E engine.cpp:674] Engine: New message connection
I1102 19:14:14.592316 IO-0/EL  engine.cpp:277] Engine: Receive new handshake message from message connection
I1102 19:14:14.592327 IO-0/EL  worker_manager.cpp:60] WorkerManager: FuncWorker of func_id 1, client_id 152 connected
I1102 19:14:14.592352 IO-0/EL  message_connection.cpp:269] FuncWorkerConnection[1-152]: Handshake done
I1102 19:14:14.592689 Server/E engine.cpp:674] Engine: New message connection
I1102 19:14:14.592725 IO-0/EL  engine.cpp:277] Engine: Receive new handshake message from message connection
I1102 19:14:14.592737 IO-0/EL  worker_manager.cpp:60] WorkerManager: FuncWorker of func_id 1, client_id 153 connected
I1102 19:14:14.592762 IO-0/EL  message_connection.cpp:269] FuncWorkerConnection[1-153]: Handshake done
I1102 19:14:14.593198 Server/E engine.cpp:674] Engine: New message connection
I1102 19:14:14.593266 IO-0/EL  engine.cpp:277] Engine: Receive new handshake message from message connection
I1102 19:14:14.593276 IO-0/EL  worker_manager.cpp:60] WorkerManager: FuncWorker of func_id 1, client_id 154 connected
I1102 19:14:14.593303 IO-0/EL  message_connection.cpp:269] FuncWorkerConnection[1-154]: Handshake done
I1102 19:14:14.593643 Server/E engine.cpp:674] Engine: New message connection
I1102 19:14:14.593687 IO-0/EL  engine.cpp:277] Engine: Receive new handshake message from message connection
I1102 19:14:14.593700 IO-0/EL  worker_manager.cpp:60] WorkerManager: FuncWorker of func_id 1, client_id 155 connected
I1102 19:14:14.593749 IO-0/EL  message_connection.cpp:269] FuncWorkerConnection[1-155]: Handshake done
I1102 19:14:14.594226 Server/E engine.cpp:674] Engine: New message connection
I1102 19:14:14.594281 IO-0/EL  engine.cpp:277] Engine: Receive new handshake message from message connection
I1102 19:14:14.594292 IO-0/EL  worker_manager.cpp:60] WorkerManager: FuncWorker of func_id 1, client_id 156 connected
I1102 19:14:14.594318 IO-0/EL  message_connection.cpp:269] FuncWorkerConnection[1-156]: Handshake done
I1102 19:14:14.594764 Server/E engine.cpp:674] Engine: New message connection
I1102 19:14:14.594821 IO-0/EL  engine.cpp:277] Engine: Receive new handshake message from message connection
I1102 19:14:14.594832 IO-0/EL  worker_manager.cpp:60] WorkerManager: FuncWorker of func_id 1, client_id 157 connected
I1102 19:14:14.594858 IO-0/EL  message_connection.cpp:269] FuncWorkerConnection[1-157]: Handshake done
I1102 19:14:14.595230 Server/E engine.cpp:674] Engine: New message connection
I1102 19:14:14.595259 IO-0/EL  engine.cpp:277] Engine: Receive new handshake message from message connection
I1102 19:14:14.595270 IO-0/EL  worker_manager.cpp:60] WorkerManager: FuncWorker of func_id 1, client_id 158 connected
I1102 19:14:14.595311 IO-0/EL  message_connection.cpp:269] FuncWorkerConnection[1-158]: Handshake done
I1102 19:14:14.595825 Server/E engine.cpp:674] Engine: New message connection
I1102 19:14:14.595873 IO-0/EL  engine.cpp:277] Engine: Receive new handshake message from message connection
I1102 19:14:14.595885 IO-0/EL  worker_manager.cpp:60] WorkerManager: FuncWorker of func_id 1, client_id 159 connected
I1102 19:14:14.595918 IO-0/EL  message_connection.cpp:269] FuncWorkerConnection[1-159]: Handshake done
I1102 19:14:14.596237 Server/E engine.cpp:674] Engine: New message connection
I1102 19:14:14.596266 IO-0/EL  engine.cpp:277] Engine: Receive new handshake message from message connection
I1102 19:14:14.596276 IO-0/EL  worker_manager.cpp:60] WorkerManager: FuncWorker of func_id 1, client_id 160 connected
I1102 19:14:14.596300 IO-0/EL  message_connection.cpp:269] FuncWorkerConnection[1-160]: Handshake done
I1102 19:14:14.596848 Server/E engine.cpp:674] Engine: New message connection
I1102 19:14:14.596899 IO-0/EL  engine.cpp:277] Engine: Receive new handshake message from message connection
I1102 19:14:14.596911 IO-0/EL  worker_manager.cpp:60] WorkerManager: FuncWorker of func_id 1, client_id 161 connected
I1102 19:14:14.596935 IO-0/EL  message_connection.cpp:269] FuncWorkerConnection[1-161]: Handshake done
I1102 19:14:14.597252 Server/E engine.cpp:674] Engine: New message connection
I1102 19:14:14.597299 IO-0/EL  engine.cpp:277] Engine: Receive new handshake message from message connection
I1102 19:14:14.597309 IO-0/EL  worker_manager.cpp:60] WorkerManager: FuncWorker of func_id 1, client_id 162 connected
I1102 19:14:14.597333 IO-0/EL  message_connection.cpp:269] FuncWorkerConnection[1-162]: Handshake done
I1102 19:14:14.597459 Server/E engine.cpp:674] Engine: New message connection
I1102 19:14:14.597509 IO-0/EL  engine.cpp:277] Engine: Receive new handshake message from message connection
I1102 19:14:14.597519 IO-0/EL  worker_manager.cpp:60] WorkerManager: FuncWorker of func_id 1, client_id 163 connected
I1102 19:14:14.597544 IO-0/EL  message_connection.cpp:269] FuncWorkerConnection[1-163]: Handshake done
I1102 19:14:14.598294 Server/E engine.cpp:674] Engine: New message connection
I1102 19:14:14.618742 Server/E engine.cpp:674] Engine: New message connection
I1102 19:14:14.618785 Server/E engine.cpp:674] Engine: New message connection
I1102 19:14:14.618784 IO-0/EL  engine.cpp:277] Engine: Receive new handshake message from message connection
I1102 19:14:14.618798 IO-0/EL  worker_manager.cpp:60] WorkerManager: FuncWorker of func_id 1, client_id 164 connected
I1102 19:14:14.618800 Server/E engine.cpp:674] Engine: New message connection
I1102 19:14:14.618816 Server/E engine.cpp:674] Engine: New message connection
I1102 19:14:14.618821 IO-0/EL  message_connection.cpp:269] FuncWorkerConnection[1-164]: Handshake done
I1102 19:14:14.618829 Server/E engine.cpp:674] Engine: New message connection
I1102 19:14:14.618844 Server/E engine.cpp:674] Engine: New message connection
I1102 19:14:14.618855 IO-0/EL  engine.cpp:277] Engine: Receive new handshake message from message connection
I1102 19:14:14.618861 IO-0/EL  worker_manager.cpp:60] WorkerManager: FuncWorker of func_id 1, client_id 165 connected
I1102 19:14:14.618862 Server/E engine.cpp:674] Engine: New message connection
I1102 19:14:14.618876 IO-0/EL  message_connection.cpp:269] FuncWorkerConnection[1-165]: Handshake done
I1102 19:14:14.618882 Server/E engine.cpp:674] Engine: New message connection
I1102 19:14:14.618890 IO-0/EL  engine.cpp:277] Engine: Receive new handshake message from message connection
I1102 19:14:14.618895 IO-0/EL  worker_manager.cpp:60] WorkerManager: FuncWorker of func_id 1, client_id 166 connected
I1102 19:14:14.618900 Server/E engine.cpp:674] Engine: New message connection
I1102 19:14:14.618908 IO-0/EL  message_connection.cpp:269] FuncWorkerConnection[1-166]: Handshake done
I1102 19:14:14.618919 Server/E engine.cpp:674] Engine: New message connection
I1102 19:14:14.618928 IO-0/EL  engine.cpp:277] Engine: Receive new handshake message from message connection
I1102 19:14:14.618943 IO-0/EL  worker_manager.cpp:60] WorkerManager: FuncWorker of func_id 1, client_id 167 connected
I1102 19:14:14.618944 Server/E engine.cpp:674] Engine: New message connection
I1102 19:14:14.618958 IO-0/EL  message_connection.cpp:269] FuncWorkerConnection[1-167]: Handshake done
I1102 19:14:14.618967 Server/E engine.cpp:674] Engine: New message connection
I1102 19:14:14.618973 IO-0/EL  engine.cpp:277] Engine: Receive new handshake message from message connection
I1102 19:14:14.618977 IO-0/EL  worker_manager.cpp:60] WorkerManager: FuncWorker of func_id 1, client_id 168 connected
I1102 19:14:14.618987 Server/E engine.cpp:674] Engine: New message connection
I1102 19:14:14.618991 IO-0/EL  message_connection.cpp:269] FuncWorkerConnection[1-168]: Handshake done
I1102 19:14:14.619015 Server/E engine.cpp:674] Engine: New message connection
I1102 19:14:14.619032 IO-0/EL  engine.cpp:277] Engine: Receive new handshake message from message connection
I1102 19:14:14.619036 Server/E engine.cpp:674] Engine: New message connection
I1102 19:14:14.619038 IO-0/EL  worker_manager.cpp:60] WorkerManager: FuncWorker of func_id 1, client_id 169 connected
I1102 19:14:14.619062 Server/E engine.cpp:674] Engine: New message connection
I1102 19:14:14.619064 IO-0/EL  message_connection.cpp:269] FuncWorkerConnection[1-169]: Handshake done
I1102 19:14:14.619084 Server/E engine.cpp:674] Engine: New message connection
I1102 19:14:14.619089 IO-0/EL  engine.cpp:277] Engine: Receive new handshake message from message connection
I1102 19:14:14.619095 IO-0/EL  worker_manager.cpp:60] WorkerManager: FuncWorker of func_id 1, client_id 170 connected
I1102 19:14:14.619104 Server/E engine.cpp:674] Engine: New message connection
I1102 19:14:14.619115 IO-0/EL  message_connection.cpp:269] FuncWorkerConnection[1-170]: Handshake done
I1102 19:14:14.619126 Server/E engine.cpp:674] Engine: New message connection
I1102 19:14:14.619131 IO-0/EL  engine.cpp:277] Engine: Receive new handshake message from message connection
I1102 19:14:14.619136 IO-0/EL  worker_manager.cpp:60] WorkerManager: FuncWorker of func_id 1, client_id 171 connected
I1102 19:14:14.619145 Server/E engine.cpp:674] Engine: New message connection
I1102 19:14:14.619150 IO-0/EL  message_connection.cpp:269] FuncWorkerConnection[1-171]: Handshake done
I1102 19:14:14.619169 Server/E engine.cpp:674] Engine: New message connection
I1102 19:14:14.619170 IO-0/EL  engine.cpp:277] Engine: Receive new handshake message from message connection
I1102 19:14:14.619186 IO-0/EL  worker_manager.cpp:60] WorkerManager: FuncWorker of func_id 1, client_id 172 connected
I1102 19:14:14.619192 Server/E engine.cpp:674] Engine: New message connection
I1102 19:14:14.619201 IO-0/EL  message_connection.cpp:269] FuncWorkerConnection[1-172]: Handshake done
I1102 19:14:14.619211 Server/E engine.cpp:674] Engine: New message connection
I1102 19:14:14.619215 IO-0/EL  engine.cpp:277] Engine: Receive new handshake message from message connection
I1102 19:14:14.619227 IO-0/EL  worker_manager.cpp:60] WorkerManager: FuncWorker of func_id 1, client_id 173 connected
I1102 19:14:14.619236 Server/E engine.cpp:674] Engine: New message connection
I1102 19:14:14.619240 IO-0/EL  message_connection.cpp:269] FuncWorkerConnection[1-173]: Handshake done
I1102 19:14:14.619260 Server/E engine.cpp:674] Engine: New message connection
I1102 19:14:14.619268 IO-0/EL  engine.cpp:277] Engine: Receive new handshake message from message connection
I1102 19:14:14.619273 IO-0/EL  worker_manager.cpp:60] WorkerManager: FuncWorker of func_id 1, client_id 174 connected
I1102 19:14:14.619282 Server/E engine.cpp:674] Engine: New message connection
I1102 19:14:14.619287 IO-0/EL  message_connection.cpp:269] FuncWorkerConnection[1-174]: Handshake done
I1102 19:14:14.619303 IO-0/EL  engine.cpp:277] Engine: Receive new handshake message from message connection
I1102 19:14:14.619305 Server/E engine.cpp:674] Engine: New message connection
I1102 19:14:14.619308 IO-0/EL  worker_manager.cpp:60] WorkerManager: FuncWorker of func_id 1, client_id 175 connected
I1102 19:14:14.619327 Server/E engine.cpp:674] Engine: New message connection
I1102 19:14:14.619344 IO-0/EL  message_connection.cpp:269] FuncWorkerConnection[1-175]: Handshake done
I1102 19:14:14.619352 Server/E engine.cpp:674] Engine: New message connection
I1102 19:14:14.619366 IO-0/EL  engine.cpp:277] Engine: Receive new handshake message from message connection
I1102 19:14:14.619371 IO-0/EL  worker_manager.cpp:60] WorkerManager: FuncWorker of func_id 1, client_id 176 connected
I1102 19:14:14.619383 Server/E engine.cpp:674] Engine: New message connection
I1102 19:14:14.619385 IO-0/EL  message_connection.cpp:269] FuncWorkerConnection[1-176]: Handshake done
I1102 19:14:14.619406 Server/E engine.cpp:674] Engine: New message connection
I1102 19:14:14.619413 IO-0/EL  engine.cpp:277] Engine: Receive new handshake message from message connection
I1102 19:14:14.619420 IO-0/EL  worker_manager.cpp:60] WorkerManager: FuncWorker of func_id 1, client_id 177 connected
I1102 19:14:14.619428 Server/E engine.cpp:674] Engine: New message connection
I1102 19:14:14.619438 IO-0/EL  message_connection.cpp:269] FuncWorkerConnection[1-177]: Handshake done
I1102 19:14:14.619449 Server/E engine.cpp:674] Engine: New message connection
I1102 19:14:14.619468 IO-0/EL  engine.cpp:277] Engine: Receive new handshake message from message connection
I1102 19:14:14.619484 IO-0/EL  worker_manager.cpp:60] WorkerManager: FuncWorker of func_id 1, client_id 178 connected
I1102 19:14:14.619470 Server/E engine.cpp:674] Engine: New message connection
I1102 19:14:14.619506 IO-0/EL  message_connection.cpp:269] FuncWorkerConnection[1-178]: Handshake done
I1102 19:14:14.619511 Server/E engine.cpp:674] Engine: New message connection
I1102 19:14:14.619528 IO-0/EL  engine.cpp:277] Engine: Receive new handshake message from message connection
I1102 19:14:14.619541 IO-0/EL  worker_manager.cpp:60] WorkerManager: FuncWorker of func_id 1, client_id 179 connected
I1102 19:14:14.619531 Server/E engine.cpp:674] Engine: New message connection
I1102 19:14:14.619566 IO-0/EL  message_connection.cpp:269] FuncWorkerConnection[1-179]: Handshake done
I1102 19:14:14.619572 Server/E engine.cpp:674] Engine: New message connection
I1102 19:14:14.619595 Server/E engine.cpp:674] Engine: New message connection
I1102 19:14:14.619600 IO-0/EL  engine.cpp:277] Engine: Receive new handshake message from message connection
I1102 19:14:14.619608 IO-0/EL  worker_manager.cpp:60] WorkerManager: FuncWorker of func_id 1, client_id 180 connected
I1102 19:14:14.619622 Server/E engine.cpp:674] Engine: New message connection
I1102 19:14:14.619632 IO-0/EL  message_connection.cpp:269] FuncWorkerConnection[1-180]: Handshake done
I1102 19:14:14.619645 Server/E engine.cpp:674] Engine: New message connection
I1102 19:14:14.619658 IO-0/EL  engine.cpp:277] Engine: Receive new handshake message from message connection
I1102 19:14:14.619665 IO-0/EL  worker_manager.cpp:60] WorkerManager: FuncWorker of func_id 1, client_id 181 connected
I1102 19:14:14.619668 Server/E engine.cpp:674] Engine: New message connection
I1102 19:14:14.619686 IO-0/EL  message_connection.cpp:269] FuncWorkerConnection[1-181]: Handshake done
I1102 19:14:14.619688 Server/E engine.cpp:674] Engine: New message connection
I1102 19:14:14.619723 Server/E engine.cpp:674] Engine: New message connection
I1102 19:14:14.619728 IO-0/EL  engine.cpp:277] Engine: Receive new handshake message from message connection
I1102 19:14:14.619739 IO-0/EL  worker_manager.cpp:60] WorkerManager: FuncWorker of func_id 1, client_id 182 connected
I1102 19:14:14.619759 IO-0/EL  message_connection.cpp:269] FuncWorkerConnection[1-182]: Handshake done
I1102 19:14:14.619782 IO-0/EL  engine.cpp:277] Engine: Receive new handshake message from message connection
I1102 19:14:14.619788 IO-0/EL  worker_manager.cpp:60] WorkerManager: FuncWorker of func_id 1, client_id 183 connected
I1102 19:14:14.619808 IO-0/EL  message_connection.cpp:269] FuncWorkerConnection[1-183]: Handshake done
I1102 19:14:14.619838 IO-0/EL  engine.cpp:277] Engine: Receive new handshake message from message connection
I1102 19:14:14.619867 IO-0/EL  worker_manager.cpp:60] WorkerManager: FuncWorker of func_id 1, client_id 184 connected
I1102 19:14:14.619849 Server/E engine.cpp:674] Engine: New message connection
I1102 19:14:14.619892 IO-0/EL  message_connection.cpp:269] FuncWorkerConnection[1-184]: Handshake done
I1102 19:14:14.619916 IO-0/EL  engine.cpp:277] Engine: Receive new handshake message from message connection
I1102 19:14:14.619923 IO-0/EL  worker_manager.cpp:60] WorkerManager: FuncWorker of func_id 1, client_id 185 connected
I1102 19:14:14.619954 IO-0/EL  message_connection.cpp:269] FuncWorkerConnection[1-185]: Handshake done
I1102 19:14:14.619976 IO-0/EL  engine.cpp:277] Engine: Receive new handshake message from message connection
I1102 19:14:14.619982 IO-0/EL  worker_manager.cpp:60] WorkerManager: FuncWorker of func_id 1, client_id 186 connected
I1102 19:14:14.620003 IO-0/EL  message_connection.cpp:269] FuncWorkerConnection[1-186]: Handshake done
I1102 19:14:14.620024 IO-0/EL  engine.cpp:277] Engine: Receive new handshake message from message connection
I1102 19:14:14.620031 IO-0/EL  worker_manager.cpp:60] WorkerManager: FuncWorker of func_id 1, client_id 187 connected
I1102 19:14:14.620063 IO-0/EL  message_connection.cpp:269] FuncWorkerConnection[1-187]: Handshake done
I1102 19:14:14.620088 IO-0/EL  engine.cpp:277] Engine: Receive new handshake message from message connection
I1102 19:14:14.620095 IO-0/EL  worker_manager.cpp:60] WorkerManager: FuncWorker of func_id 1, client_id 188 connected
I1102 19:14:14.620116 IO-0/EL  message_connection.cpp:269] FuncWorkerConnection[1-188]: Handshake done
I1102 19:14:14.620144 IO-0/EL  engine.cpp:277] Engine: Receive new handshake message from message connection
I1102 19:14:14.620151 IO-0/EL  worker_manager.cpp:60] WorkerManager: FuncWorker of func_id 1, client_id 189 connected
I1102 19:14:14.620172 IO-0/EL  message_connection.cpp:269] FuncWorkerConnection[1-189]: Handshake done
I1102 19:14:14.620195 IO-0/EL  engine.cpp:277] Engine: Receive new handshake message from message connection
I1102 19:14:14.620202 IO-0/EL  worker_manager.cpp:60] WorkerManager: FuncWorker of func_id 1, client_id 190 connected
I1102 19:14:14.620224 IO-0/EL  message_connection.cpp:269] FuncWorkerConnection[1-190]: Handshake done
I1102 19:14:14.620253 IO-0/EL  engine.cpp:277] Engine: Receive new handshake message from message connection
I1102 19:14:14.620261 IO-0/EL  worker_manager.cpp:60] WorkerManager: FuncWorker of func_id 1, client_id 191 connected
I1102 19:14:14.620285 IO-0/EL  message_connection.cpp:269] FuncWorkerConnection[1-191]: Handshake done
I1102 19:14:14.620309 IO-0/EL  engine.cpp:277] Engine: Receive new handshake message from message connection
I1102 19:14:14.620317 IO-0/EL  worker_manager.cpp:60] WorkerManager: FuncWorker of func_id 1, client_id 192 connected
I1102 19:14:14.620338 IO-0/EL  message_connection.cpp:269] FuncWorkerConnection[1-192]: Handshake done
I1102 19:14:14.620369 IO-0/EL  engine.cpp:277] Engine: Receive new handshake message from message connection
I1102 19:14:14.620375 IO-0/EL  worker_manager.cpp:60] WorkerManager: FuncWorker of func_id 1, client_id 193 connected
I1102 19:14:14.620394 IO-0/EL  message_connection.cpp:269] FuncWorkerConnection[1-193]: Handshake done
I1102 19:14:14.620418 IO-0/EL  engine.cpp:277] Engine: Receive new handshake message from message connection
I1102 19:14:14.620425 IO-0/EL  worker_manager.cpp:60] WorkerManager: FuncWorker of func_id 1, client_id 194 connected
I1102 19:14:14.620445 IO-0/EL  message_connection.cpp:269] FuncWorkerConnection[1-194]: Handshake done
I1102 19:14:14.620477 IO-0/EL  engine.cpp:277] Engine: Receive new handshake message from message connection
I1102 19:14:14.620485 IO-0/EL  worker_manager.cpp:60] WorkerManager: FuncWorker of func_id 1, client_id 195 connected
I1102 19:14:14.620506 IO-0/EL  message_connection.cpp:269] FuncWorkerConnection[1-195]: Handshake done
I1102 19:14:14.620531 IO-0/EL  engine.cpp:277] Engine: Receive new handshake message from message connection
I1102 19:14:14.620537 IO-0/EL  worker_manager.cpp:60] WorkerManager: FuncWorker of func_id 1, client_id 196 connected
I1102 19:14:14.620569 IO-0/EL  message_connection.cpp:269] FuncWorkerConnection[1-196]: Handshake done
I1102 19:14:14.620605 IO-0/EL  engine.cpp:277] Engine: Receive new handshake message from message connection
I1102 19:14:14.620613 IO-0/EL  worker_manager.cpp:60] WorkerManager: FuncWorker of func_id 1, client_id 197 connected
I1102 19:14:14.620635 IO-0/EL  message_connection.cpp:269] FuncWorkerConnection[1-197]: Handshake done
I1102 19:14:14.620660 IO-0/EL  engine.cpp:277] Engine: Receive new handshake message from message connection
I1102 19:14:14.620668 IO-0/EL  worker_manager.cpp:60] WorkerManager: FuncWorker of func_id 1, client_id 198 connected
I1102 19:14:14.620689 IO-0/EL  message_connection.cpp:269] FuncWorkerConnection[1-198]: Handshake done
I1102 19:14:14.620727 IO-0/EL  engine.cpp:277] Engine: Receive new handshake message from message connection
I1102 19:14:14.620735 IO-0/EL  worker_manager.cpp:60] WorkerManager: FuncWorker of func_id 1, client_id 199 connected
I1102 19:14:14.620757 IO-0/EL  message_connection.cpp:269] FuncWorkerConnection[1-199]: Handshake done
I1102 19:14:14.620781 IO-0/EL  engine.cpp:277] Engine: Receive new handshake message from message connection
I1102 19:14:14.620788 IO-0/EL  worker_manager.cpp:60] WorkerManager: FuncWorker of func_id 1, client_id 200 connected
I1102 19:14:14.620809 IO-0/EL  message_connection.cpp:269] FuncWorkerConnection[1-200]: Handshake done
I1102 19:14:14.620844 IO-0/EL  engine.cpp:277] Engine: Receive new handshake message from message connection
I1102 19:14:14.620851 IO-0/EL  worker_manager.cpp:60] WorkerManager: FuncWorker of func_id 1, client_id 201 connected
I1102 19:14:14.620874 IO-0/EL  message_connection.cpp:269] FuncWorkerConnection[1-201]: Handshake done
I1102 19:14:14.620898 IO-0/EL  engine.cpp:277] Engine: Receive new handshake message from message connection
I1102 19:14:14.620905 IO-0/EL  worker_manager.cpp:60] WorkerManager: FuncWorker of func_id 1, client_id 202 connected
I1102 19:14:14.620933 IO-0/EL  message_connection.cpp:269] FuncWorkerConnection[1-202]: Handshake done
I1102 19:14:14.620958 IO-0/EL  engine.cpp:277] Engine: Receive new handshake message from message connection
I1102 19:14:14.620964 IO-0/EL  worker_manager.cpp:60] WorkerManager: FuncWorker of func_id 1, client_id 203 connected
I1102 19:14:14.620983 IO-0/EL  message_connection.cpp:269] FuncWorkerConnection[1-203]: Handshake done
I1102 19:14:14.621009 IO-0/EL  engine.cpp:277] Engine: Receive new handshake message from message connection
I1102 19:14:14.621016 IO-0/EL  worker_manager.cpp:60] WorkerManager: FuncWorker of func_id 1, client_id 204 connected
I1102 19:14:14.621040 IO-0/EL  message_connection.cpp:269] FuncWorkerConnection[1-204]: Handshake done
I1102 19:14:14.621064 IO-0/EL  engine.cpp:277] Engine: Receive new handshake message from message connection
I1102 19:14:14.621071 IO-0/EL  worker_manager.cpp:60] WorkerManager: FuncWorker of func_id 1, client_id 205 connected
I1102 19:14:14.621090 IO-0/EL  message_connection.cpp:269] FuncWorkerConnection[1-205]: Handshake done
I1102 19:14:14.621124 IO-0/EL  engine.cpp:277] Engine: Receive new handshake message from message connection
I1102 19:14:14.621132 IO-0/EL  worker_manager.cpp:60] WorkerManager: FuncWorker of func_id 1, client_id 206 connected
I1102 19:14:14.621152 IO-0/EL  message_connection.cpp:269] FuncWorkerConnection[1-206]: Handshake done
I1102 19:14:14.621162 Server/E engine.cpp:674] Engine: New message connection
I1102 19:14:14.621178 IO-0/EL  engine.cpp:277] Engine: Receive new handshake message from message connection
I1102 19:14:14.621185 IO-0/EL  worker_manager.cpp:60] WorkerManager: FuncWorker of func_id 1, client_id 207 connected
I1102 19:14:14.621209 IO-0/EL  message_connection.cpp:269] FuncWorkerConnection[1-207]: Handshake done
I1102 19:14:14.621245 IO-0/EL  engine.cpp:277] Engine: Receive new handshake message from message connection
I1102 19:14:14.621253 IO-0/EL  worker_manager.cpp:60] WorkerManager: FuncWorker of func_id 1, client_id 208 connected
I1102 19:14:14.621295 IO-0/EL  message_connection.cpp:269] FuncWorkerConnection[1-208]: Handshake done
I1102 19:14:14.621319 IO-0/EL  engine.cpp:277] Engine: Receive new handshake message from message connection
I1102 19:14:14.621325 IO-0/EL  worker_manager.cpp:60] WorkerManager: FuncWorker of func_id 1, client_id 209 connected
I1102 19:14:14.621348 IO-0/EL  message_connection.cpp:269] FuncWorkerConnection[1-209]: Handshake done
I1102 19:14:14.621719 Server/E engine.cpp:674] Engine: New message connection
I1102 19:14:14.621818 IO-0/EL  engine.cpp:277] Engine: Receive new handshake message from message connection
I1102 19:14:14.621831 IO-0/EL  worker_manager.cpp:60] WorkerManager: FuncWorker of func_id 1, client_id 210 connected
I1102 19:14:14.621859 IO-0/EL  message_connection.cpp:269] FuncWorkerConnection[1-210]: Handshake done
I1102 19:14:14.621871 Server/E engine.cpp:674] Engine: New message connection
I1102 19:14:14.621922 IO-0/EL  engine.cpp:277] Engine: Receive new handshake message from message connection
I1102 19:14:14.621930 IO-0/EL  worker_manager.cpp:60] WorkerManager: FuncWorker of func_id 1, client_id 211 connected
I1102 19:14:14.621952 IO-0/EL  message_connection.cpp:269] FuncWorkerConnection[1-211]: Handshake done
I1102 19:14:14.623018 Server/E engine.cpp:674] Engine: New message connection
I1102 19:14:14.623495 Server/E engine.cpp:674] Engine: New message connection
I1102 19:14:14.624126 Server/E engine.cpp:674] Engine: New message connection
I1102 19:14:14.625584 Server/E engine.cpp:674] Engine: New message connection
I1102 19:14:14.625767 Server/E engine.cpp:674] Engine: New message connection
I1102 19:14:14.626597 Server/E engine.cpp:674] Engine: New message connection
I1102 19:14:14.626621 Server/E engine.cpp:674] Engine: New message connection
I1102 19:14:14.626668 IO-0/EL  engine.cpp:277] Engine: Receive new handshake message from message connection
I1102 19:14:14.626685 IO-0/EL  worker_manager.cpp:60] WorkerManager: FuncWorker of func_id 1, client_id 212 connected
I1102 19:14:14.626717 IO-0/EL  message_connection.cpp:269] FuncWorkerConnection[1-212]: Handshake done
I1102 19:14:14.626738 IO-0/EL  engine.cpp:277] Engine: Receive new handshake message from message connection
I1102 19:14:14.626742 IO-0/EL  worker_manager.cpp:60] WorkerManager: FuncWorker of func_id 1, client_id 213 connected
I1102 19:14:14.626756 IO-0/EL  message_connection.cpp:269] FuncWorkerConnection[1-213]: Handshake done
I1102 19:14:14.626778 IO-0/EL  engine.cpp:277] Engine: Receive new handshake message from message connection
I1102 19:14:14.626782 IO-0/EL  worker_manager.cpp:60] WorkerManager: FuncWorker of func_id 1, client_id 214 connected
I1102 19:14:14.626796 IO-0/EL  message_connection.cpp:269] FuncWorkerConnection[1-214]: Handshake done
I1102 19:14:14.626808 IO-0/EL  engine.cpp:277] Engine: Receive new handshake message from message connection
I1102 19:14:14.626812 IO-0/EL  worker_manager.cpp:60] WorkerManager: FuncWorker of func_id 1, client_id 215 connected
I1102 19:14:14.626825 IO-0/EL  message_connection.cpp:269] FuncWorkerConnection[1-215]: Handshake done
I1102 19:14:14.626848 IO-0/EL  engine.cpp:277] Engine: Receive new handshake message from message connection
I1102 19:14:14.626853 IO-0/EL  worker_manager.cpp:60] WorkerManager: FuncWorker of func_id 1, client_id 216 connected
I1102 19:14:14.626865 IO-0/EL  message_connection.cpp:269] FuncWorkerConnection[1-216]: Handshake done
I1102 19:14:14.626878 IO-0/EL  engine.cpp:277] Engine: Receive new handshake message from message connection
I1102 19:14:14.626882 IO-0/EL  worker_manager.cpp:60] WorkerManager: FuncWorker of func_id 1, client_id 217 connected
I1102 19:14:14.626898 IO-0/EL  message_connection.cpp:269] FuncWorkerConnection[1-217]: Handshake done
I1102 19:14:14.626913 IO-0/EL  engine.cpp:277] Engine: Receive new handshake message from message connection
I1102 19:14:14.626917 IO-0/EL  worker_manager.cpp:60] WorkerManager: FuncWorker of func_id 1, client_id 218 connected
I1102 19:14:14.626932 IO-0/EL  message_connection.cpp:269] FuncWorkerConnection[1-218]: Handshake done
I1102 19:14:14.627527 Server/E engine.cpp:674] Engine: New message connection
I1102 19:14:14.627554 IO-0/EL  engine.cpp:277] Engine: Receive new handshake message from message connection
I1102 19:14:14.627559 IO-0/EL  worker_manager.cpp:60] WorkerManager: FuncWorker of func_id 1, client_id 219 connected
I1102 19:14:14.627572 IO-0/EL  message_connection.cpp:269] FuncWorkerConnection[1-219]: Handshake done
I1102 19:14:14.628537 Server/E engine.cpp:674] Engine: New message connection
I1102 19:14:14.628570 IO-0/EL  engine.cpp:277] Engine: Receive new handshake message from message connection
I1102 19:14:14.628576 IO-0/EL  worker_manager.cpp:60] WorkerManager: FuncWorker of func_id 1, client_id 220 connected
I1102 19:14:14.628590 IO-0/EL  message_connection.cpp:269] FuncWorkerConnection[1-220]: Handshake done
I1102 19:14:14.629320 Server/E engine.cpp:674] Engine: New message connection
I1102 19:14:14.629343 IO-0/EL  engine.cpp:277] Engine: Receive new handshake message from message connection
I1102 19:14:14.629348 IO-0/EL  worker_manager.cpp:60] WorkerManager: FuncWorker of func_id 1, client_id 221 connected
I1102 19:14:14.629369 IO-0/EL  message_connection.cpp:269] FuncWorkerConnection[1-221]: Handshake done
I1102 19:14:14.630670 Server/E engine.cpp:674] Engine: New message connection
I1102 19:14:14.630739 IO-0/EL  engine.cpp:277] Engine: Receive new handshake message from message connection
I1102 19:14:14.630758 IO-0/EL  worker_manager.cpp:60] WorkerManager: FuncWorker of func_id 1, client_id 222 connected
I1102 19:14:14.630785 IO-0/EL  message_connection.cpp:269] FuncWorkerConnection[1-222]: Handshake done
I1102 19:14:14.631952 Server/E engine.cpp:674] Engine: New message connection
I1102 19:14:14.632005 IO-0/EL  engine.cpp:277] Engine: Receive new handshake message from message connection
I1102 19:14:14.632012 IO-0/EL  worker_manager.cpp:60] WorkerManager: FuncWorker of func_id 1, client_id 223 connected
I1102 19:14:14.632028 IO-0/EL  message_connection.cpp:269] FuncWorkerConnection[1-223]: Handshake done
I1102 19:14:14.632472 Server/E engine.cpp:674] Engine: New message connection
I1102 19:14:14.632526 IO-0/EL  engine.cpp:277] Engine: Receive new handshake message from message connection
I1102 19:14:14.632531 IO-0/EL  worker_manager.cpp:60] WorkerManager: FuncWorker of func_id 1, client_id 224 connected
I1102 19:14:14.632547 IO-0/EL  message_connection.cpp:269] FuncWorkerConnection[1-224]: Handshake done
I1102 19:14:14.633008 Server/E engine.cpp:674] Engine: New message connection
I1102 19:14:14.633046 IO-0/EL  engine.cpp:277] Engine: Receive new handshake message from message connection
I1102 19:14:14.633051 IO-0/EL  worker_manager.cpp:60] WorkerManager: FuncWorker of func_id 1, client_id 225 connected
I1102 19:14:14.633092 IO-0/EL  message_connection.cpp:269] FuncWorkerConnection[1-225]: Handshake done
I1102 19:14:14.633508 Server/E engine.cpp:674] Engine: New message connection
I1102 19:14:14.633559 IO-0/EL  engine.cpp:277] Engine: Receive new handshake message from message connection
I1102 19:14:14.633564 IO-0/EL  worker_manager.cpp:60] WorkerManager: FuncWorker of func_id 1, client_id 226 connected
I1102 19:14:14.633578 IO-0/EL  message_connection.cpp:269] FuncWorkerConnection[1-226]: Handshake done
I1102 19:14:14.634095 Server/E engine.cpp:674] Engine: New message connection
I1102 19:14:14.634152 IO-0/EL  engine.cpp:277] Engine: Receive new handshake message from message connection
I1102 19:14:14.634172 IO-0/EL  worker_manager.cpp:60] WorkerManager: FuncWorker of func_id 1, client_id 227 connected
I1102 19:14:14.634208 IO-0/EL  message_connection.cpp:269] FuncWorkerConnection[1-227]: Handshake done
I1102 19:14:14.634570 Server/E engine.cpp:674] Engine: New message connection
I1102 19:14:14.634615 IO-0/EL  engine.cpp:277] Engine: Receive new handshake message from message connection
I1102 19:14:14.634625 IO-0/EL  worker_manager.cpp:60] WorkerManager: FuncWorker of func_id 1, client_id 228 connected
I1102 19:14:14.634648 IO-0/EL  message_connection.cpp:269] FuncWorkerConnection[1-228]: Handshake done
I1102 19:14:14.635070 Server/E engine.cpp:674] Engine: New message connection
I1102 19:14:14.635109 IO-0/EL  engine.cpp:277] Engine: Receive new handshake message from message connection
I1102 19:14:14.635117 IO-0/EL  worker_manager.cpp:60] WorkerManager: FuncWorker of func_id 1, client_id 229 connected
I1102 19:14:14.635134 IO-0/EL  message_connection.cpp:269] FuncWorkerConnection[1-229]: Handshake done
I1102 19:14:14.635590 Server/E engine.cpp:674] Engine: New message connection
I1102 19:14:14.635630 IO-0/EL  engine.cpp:277] Engine: Receive new handshake message from message connection
I1102 19:14:14.635639 IO-0/EL  worker_manager.cpp:60] WorkerManager: FuncWorker of func_id 1, client_id 230 connected
I1102 19:14:14.635655 IO-0/EL  message_connection.cpp:269] FuncWorkerConnection[1-230]: Handshake done
I1102 19:14:14.636248 Server/E engine.cpp:674] Engine: New message connection
I1102 19:14:14.636287 IO-0/EL  engine.cpp:277] Engine: Receive new handshake message from message connection
I1102 19:14:14.636296 IO-0/EL  worker_manager.cpp:60] WorkerManager: FuncWorker of func_id 1, client_id 231 connected
I1102 19:14:14.636312 IO-0/EL  message_connection.cpp:269] FuncWorkerConnection[1-231]: Handshake done
I1102 19:14:14.636463 Server/E engine.cpp:674] Engine: New message connection
I1102 19:14:14.636520 IO-0/EL  engine.cpp:277] Engine: Receive new handshake message from message connection
I1102 19:14:14.636529 IO-0/EL  worker_manager.cpp:60] WorkerManager: FuncWorker of func_id 1, client_id 232 connected
I1102 19:14:14.636558 IO-0/EL  message_connection.cpp:269] FuncWorkerConnection[1-232]: Handshake done
I1102 19:14:14.637393 Server/E engine.cpp:674] Engine: New message connection
I1102 19:14:14.637437 IO-0/EL  engine.cpp:277] Engine: Receive new handshake message from message connection
I1102 19:14:14.637446 IO-0/EL  worker_manager.cpp:60] WorkerManager: FuncWorker of func_id 1, client_id 233 connected
I1102 19:14:14.637463 IO-0/EL  message_connection.cpp:269] FuncWorkerConnection[1-233]: Handshake done
I1102 19:14:14.637983 Server/E engine.cpp:674] Engine: New message connection
I1102 19:14:14.638035 IO-0/EL  engine.cpp:277] Engine: Receive new handshake message from message connection
I1102 19:14:14.638044 IO-0/EL  worker_manager.cpp:60] WorkerManager: FuncWorker of func_id 1, client_id 234 connected
I1102 19:14:14.638061 IO-0/EL  message_connection.cpp:269] FuncWorkerConnection[1-234]: Handshake done
I1102 19:14:14.638616 Server/E engine.cpp:674] Engine: New message connection
I1102 19:14:14.638657 IO-0/EL  engine.cpp:277] Engine: Receive new handshake message from message connection
I1102 19:14:14.638665 IO-0/EL  worker_manager.cpp:60] WorkerManager: FuncWorker of func_id 1, client_id 235 connected
I1102 19:14:14.638682 IO-0/EL  message_connection.cpp:269] FuncWorkerConnection[1-235]: Handshake done
I1102 19:14:14.639220 Server/E engine.cpp:674] Engine: New message connection
I1102 19:14:14.639271 IO-0/EL  engine.cpp:277] Engine: Receive new handshake message from message connection
I1102 19:14:14.639280 IO-0/EL  worker_manager.cpp:60] WorkerManager: FuncWorker of func_id 1, client_id 236 connected
I1102 19:14:14.639297 IO-0/EL  message_connection.cpp:269] FuncWorkerConnection[1-236]: Handshake done
I1102 19:14:14.639805 Server/E engine.cpp:674] Engine: New message connection
I1102 19:14:14.639845 IO-0/EL  engine.cpp:277] Engine: Receive new handshake message from message connection
I1102 19:14:14.639854 IO-0/EL  worker_manager.cpp:60] WorkerManager: FuncWorker of func_id 1, client_id 237 connected
I1102 19:14:14.639880 IO-0/EL  message_connection.cpp:269] FuncWorkerConnection[1-237]: Handshake done
I1102 19:14:14.640429 Server/E engine.cpp:674] Engine: New message connection
I1102 19:14:14.640469 IO-0/EL  engine.cpp:277] Engine: Receive new handshake message from message connection
I1102 19:14:14.640477 IO-0/EL  worker_manager.cpp:60] WorkerManager: FuncWorker of func_id 1, client_id 238 connected
I1102 19:14:14.640494 IO-0/EL  message_connection.cpp:269] FuncWorkerConnection[1-238]: Handshake done
I1102 19:14:14.640640 Server/E engine.cpp:674] Engine: New message connection
I1102 19:14:14.640688 IO-0/EL  engine.cpp:277] Engine: Receive new handshake message from message connection
I1102 19:14:14.640697 IO-0/EL  worker_manager.cpp:60] WorkerManager: FuncWorker of func_id 1, client_id 239 connected
I1102 19:14:14.640727 IO-0/EL  message_connection.cpp:269] FuncWorkerConnection[1-239]: Handshake done
I1102 19:14:14.641597 Server/E engine.cpp:674] Engine: New message connection
I1102 19:14:14.641647 IO-0/EL  engine.cpp:277] Engine: Receive new handshake message from message connection
I1102 19:14:14.641661 IO-0/EL  worker_manager.cpp:60] WorkerManager: FuncWorker of func_id 1, client_id 240 connected
I1102 19:14:14.641688 IO-0/EL  message_connection.cpp:269] FuncWorkerConnection[1-240]: Handshake done
I1102 19:14:14.642230 Server/E engine.cpp:674] Engine: New message connection
I1102 19:14:14.642286 IO-0/EL  engine.cpp:277] Engine: Receive new handshake message from message connection
I1102 19:14:14.642294 IO-0/EL  worker_manager.cpp:60] WorkerManager: FuncWorker of func_id 1, client_id 241 connected
I1102 19:14:14.642311 IO-0/EL  message_connection.cpp:269] FuncWorkerConnection[1-241]: Handshake done
I1102 19:14:14.642875 Server/E engine.cpp:674] Engine: New message connection
I1102 19:14:14.642912 IO-0/EL  engine.cpp:277] Engine: Receive new handshake message from message connection
I1102 19:14:14.642917 IO-0/EL  worker_manager.cpp:60] WorkerManager: FuncWorker of func_id 1, client_id 242 connected
I1102 19:14:14.642933 IO-0/EL  message_connection.cpp:269] FuncWorkerConnection[1-242]: Handshake done
I1102 19:14:14.643515 Server/E engine.cpp:674] Engine: New message connection
I1102 19:14:14.643573 IO-0/EL  engine.cpp:277] Engine: Receive new handshake message from message connection
I1102 19:14:14.643587 IO-0/EL  worker_manager.cpp:60] WorkerManager: FuncWorker of func_id 1, client_id 243 connected
I1102 19:14:14.643618 IO-0/EL  message_connection.cpp:269] FuncWorkerConnection[1-243]: Handshake done
I1102 19:14:14.644462 Server/E engine.cpp:674] Engine: New message connection
I1102 19:14:14.644506 IO-0/EL  engine.cpp:277] Engine: Receive new handshake message from message connection
I1102 19:14:14.644515 IO-0/EL  worker_manager.cpp:60] WorkerManager: FuncWorker of func_id 1, client_id 244 connected
I1102 19:14:14.644543 IO-0/EL  message_connection.cpp:269] FuncWorkerConnection[1-244]: Handshake done
I1102 19:14:14.644995 Server/E engine.cpp:674] Engine: New message connection
I1102 19:14:14.645053 IO-0/EL  engine.cpp:277] Engine: Receive new handshake message from message connection
I1102 19:14:14.645066 IO-0/EL  worker_manager.cpp:60] WorkerManager: FuncWorker of func_id 1, client_id 245 connected
I1102 19:14:14.645092 IO-0/EL  message_connection.cpp:269] FuncWorkerConnection[1-245]: Handshake done
I1102 19:14:14.645546 Server/E engine.cpp:674] Engine: New message connection
I1102 19:14:14.645583 IO-0/EL  engine.cpp:277] Engine: Receive new handshake message from message connection
I1102 19:14:14.645588 IO-0/EL  worker_manager.cpp:60] WorkerManager: FuncWorker of func_id 1, client_id 246 connected
I1102 19:14:14.645602 IO-0/EL  message_connection.cpp:269] FuncWorkerConnection[1-246]: Handshake done
I1102 19:14:14.646064 Server/E engine.cpp:674] Engine: New message connection
I1102 19:14:14.646111 IO-0/EL  engine.cpp:277] Engine: Receive new handshake message from message connection
I1102 19:14:14.646117 IO-0/EL  worker_manager.cpp:60] WorkerManager: FuncWorker of func_id 1, client_id 247 connected
I1102 19:14:14.646131 IO-0/EL  message_connection.cpp:269] FuncWorkerConnection[1-247]: Handshake done
I1102 19:14:14.666330 Server/E engine.cpp:674] Engine: New message connection
I1102 19:14:14.666367 IO-0/EL  engine.cpp:277] Engine: Receive new handshake message from message connection
I1102 19:14:14.666374 IO-0/EL  worker_manager.cpp:60] WorkerManager: FuncWorker of func_id 1, client_id 248 connected
I1102 19:14:14.666390 IO-0/EL  message_connection.cpp:269] FuncWorkerConnection[1-248]: Handshake done
I1102 19:14:14.666883 Server/E engine.cpp:674] Engine: New message connection
I1102 19:14:14.666913 IO-0/EL  engine.cpp:277] Engine: Receive new handshake message from message connection
I1102 19:14:14.666919 IO-0/EL  worker_manager.cpp:60] WorkerManager: FuncWorker of func_id 1, client_id 249 connected
I1102 19:14:14.666934 IO-0/EL  message_connection.cpp:269] FuncWorkerConnection[1-249]: Handshake done
I1102 19:14:14.667938 Server/E engine.cpp:674] Engine: New message connection
I1102 19:14:14.667980 IO-0/EL  engine.cpp:277] Engine: Receive new handshake message from message connection
I1102 19:14:14.667985 IO-0/EL  worker_manager.cpp:60] WorkerManager: FuncWorker of func_id 1, client_id 251 connected
I1102 19:14:14.667999 IO-0/EL  message_connection.cpp:269] FuncWorkerConnection[1-251]: Handshake done
I1102 19:14:14.668230 Server/E engine.cpp:674] Engine: New message connection
I1102 19:14:14.668264 IO-0/EL  engine.cpp:277] Engine: Receive new handshake message from message connection
I1102 19:14:14.668269 IO-0/EL  worker_manager.cpp:60] WorkerManager: FuncWorker of func_id 1, client_id 250 connected
I1102 19:14:14.668282 IO-0/EL  message_connection.cpp:269] FuncWorkerConnection[1-250]: Handshake done
I1102 19:14:14.669142 Server/E engine.cpp:674] Engine: New message connection
I1102 19:14:14.669176 IO-0/EL  engine.cpp:277] Engine: Receive new handshake message from message connection
I1102 19:14:14.669181 IO-0/EL  worker_manager.cpp:60] WorkerManager: FuncWorker of func_id 1, client_id 253 connected
I1102 19:14:14.669201 IO-0/EL  message_connection.cpp:269] FuncWorkerConnection[1-253]: Handshake done
I1102 19:14:14.669328 Server/E engine.cpp:674] Engine: New message connection
I1102 19:14:14.669355 Server/E engine.cpp:674] Engine: New message connection
I1102 19:14:14.669359 IO-0/EL  engine.cpp:277] Engine: Receive new handshake message from message connection
I1102 19:14:14.669366 IO-0/EL  worker_manager.cpp:60] WorkerManager: FuncWorker of func_id 1, client_id 254 connected
I1102 19:14:14.669379 IO-0/EL  message_connection.cpp:269] FuncWorkerConnection[1-254]: Handshake done
I1102 19:14:14.669399 IO-0/EL  engine.cpp:277] Engine: Receive new handshake message from message connection
I1102 19:14:14.669403 IO-0/EL  worker_manager.cpp:60] WorkerManager: FuncWorker of func_id 1, client_id 252 connected
I1102 19:14:14.669416 IO-0/EL  message_connection.cpp:269] FuncWorkerConnection[1-252]: Handshake done
I1102 19:14:14.670122 Server/E engine.cpp:674] Engine: New message connection
I1102 19:14:14.670158 IO-0/EL  engine.cpp:277] Engine: Receive new handshake message from message connection
I1102 19:14:14.670163 IO-0/EL  worker_manager.cpp:60] WorkerManager: FuncWorker of func_id 1, client_id 255 connected
I1102 19:14:14.670178 IO-0/EL  message_connection.cpp:269] FuncWorkerConnection[1-255]: Handshake done
I1102 19:14:14.670625 Server/E engine.cpp:674] Engine: New message connection
I1102 19:14:14.670666 IO-0/EL  engine.cpp:277] Engine: Receive new handshake message from message connection
I1102 19:14:14.670670 IO-0/EL  worker_manager.cpp:60] WorkerManager: FuncWorker of func_id 1, client_id 256 connected
I1102 19:14:14.670691 IO-0/EL  message_connection.cpp:269] FuncWorkerConnection[1-256]: Handshake done
I1102 19:14:18.209168 IO-0/EL  buffer_pool.h:25] BufferPool[IO-0_Write]: Allocate new buffer, current buffer count is 5
I1102 19:14:18.209190 IO-0/EL  buffer_pool.h:25] BufferPool[IO-0_Write]: Allocate new buffer, current buffer count is 6
I1102 19:14:18.209197 IO-0/EL  buffer_pool.h:25] BufferPool[IO-0_Write]: Allocate new buffer, current buffer count is 7
I1102 19:14:18.922951 IO-0/EL  buffer_pool.h:25] BufferPool[IO-0_Write]: Allocate new buffer, current buffer count is 8
I1102 19:14:18.923048 IO-0/EL  buffer_pool.h:25] BufferPool[IO-0_Write]: Allocate new buffer, current buffer count is 9
I1102 19:14:18.923115 IO-0/EL  buffer_pool.h:25] BufferPool[IO-0_Write]: Allocate new buffer, current buffer count is 10
I1102 19:14:18.923172 IO-0/EL  buffer_pool.h:25] BufferPool[IO-0_Write]: Allocate new buffer, current buffer count is 11
I1102 19:14:18.923276 IO-0/EL  buffer_pool.h:25] BufferPool[IO-0_Write]: Allocate new buffer, current buffer count is 12
I1102 19:14:18.923326 IO-0/EL  buffer_pool.h:25] BufferPool[IO-0_Write]: Allocate new buffer, current buffer count is 13
I1102 19:14:18.923359 IO-0/EL  buffer_pool.h:25] BufferPool[IO-0_Write]: Allocate new buffer, current buffer count is 14
I1102 19:14:18.923387 IO-0/EL  buffer_pool.h:25] BufferPool[IO-0_Write]: Allocate new buffer, current buffer count is 15
I1102 19:14:18.923432 IO-0/EL  buffer_pool.h:25] BufferPool[IO-0_Write]: Allocate new buffer, current buffer count is 16
I1102 19:14:18.923460 IO-0/EL  buffer_pool.h:25] BufferPool[IO-0_Write]: Allocate new buffer, current buffer count is 17
I1102 19:14:18.923502 IO-0/EL  buffer_pool.h:25] BufferPool[IO-0_Write]: Allocate new buffer, current buffer count is 18
I1102 19:14:18.923534 IO-0/EL  buffer_pool.h:25] BufferPool[IO-0_Write]: Allocate new buffer, current buffer count is 19
I1102 19:14:18.923568 IO-0/EL  buffer_pool.h:25] BufferPool[IO-0_Write]: Allocate new buffer, current buffer count is 20
I1102 19:14:18.923599 IO-0/EL  buffer_pool.h:25] BufferPool[IO-0_Write]: Allocate new buffer, current buffer count is 21
I1102 19:14:18.923644 IO-0/EL  buffer_pool.h:25] BufferPool[IO-0_Write]: Allocate new buffer, current buffer count is 22
I1102 19:14:18.923688 IO-0/EL  buffer_pool.h:25] BufferPool[IO-0_Write]: Allocate new buffer, current buffer count is 23
I1102 19:14:18.923769 IO-0/EL  buffer_pool.h:25] BufferPool[IO-0_Write]: Allocate new buffer, current buffer count is 24
I1102 19:14:18.923842 IO-0/EL  buffer_pool.h:25] BufferPool[IO-0_Write]: Allocate new buffer, current buffer count is 25
I1102 19:14:18.923891 IO-0/EL  buffer_pool.h:25] BufferPool[IO-0_Write]: Allocate new buffer, current buffer count is 26
I1102 19:14:18.923970 IO-0/EL  buffer_pool.h:25] BufferPool[IO-0_Write]: Allocate new buffer, current buffer count is 27
I1102 19:14:18.924014 IO-0/EL  buffer_pool.h:25] BufferPool[IO-0_Write]: Allocate new buffer, current buffer count is 28
I1102 19:14:18.924081 IO-0/EL  buffer_pool.h:25] BufferPool[IO-0_Write]: Allocate new buffer, current buffer count is 29
I1102 19:14:18.924114 IO-0/EL  buffer_pool.h:25] BufferPool[IO-0_Write]: Allocate new buffer, current buffer count is 30
I1102 19:14:18.924142 IO-0/EL  buffer_pool.h:25] BufferPool[IO-0_Write]: Allocate new buffer, current buffer count is 31
I1102 19:14:18.924187 IO-0/EL  buffer_pool.h:25] BufferPool[IO-0_Write]: Allocate new buffer, current buffer count is 32
I1102 19:14:18.924220 IO-0/EL  buffer_pool.h:25] BufferPool[IO-0_Write]: Allocate new buffer, current buffer count is 33
I1102 19:14:18.924259 IO-0/EL  buffer_pool.h:25] BufferPool[IO-0_Write]: Allocate new buffer, current buffer count is 34
I1102 19:14:18.924287 IO-0/EL  buffer_pool.h:25] BufferPool[IO-0_Write]: Allocate new buffer, current buffer count is 35
I1102 19:14:18.924325 IO-0/EL  buffer_pool.h:25] BufferPool[IO-0_Write]: Allocate new buffer, current buffer count is 36
I1102 19:14:18.924357 IO-0/EL  buffer_pool.h:25] BufferPool[IO-0_Write]: Allocate new buffer, current buffer count is 37
I1102 19:14:18.924399 IO-0/EL  buffer_pool.h:25] BufferPool[IO-0_Write]: Allocate new buffer, current buffer count is 38
I1102 19:14:18.924425 IO-0/EL  buffer_pool.h:25] BufferPool[IO-0_Write]: Allocate new buffer, current buffer count is 39
I1102 19:14:18.924475 IO-0/EL  buffer_pool.h:25] BufferPool[IO-0_Write]: Allocate new buffer, current buffer count is 40
I1102 19:14:18.924517 IO-0/EL  buffer_pool.h:25] BufferPool[IO-0_Write]: Allocate new buffer, current buffer count is 41
I1102 19:14:18.924588 IO-0/EL  buffer_pool.h:25] BufferPool[IO-0_Write]: Allocate new buffer, current buffer count is 42
I1102 19:14:18.924639 IO-0/EL  buffer_pool.h:25] BufferPool[IO-0_Write]: Allocate new buffer, current buffer count is 43
I1102 19:14:18.924684 IO-0/EL  buffer_pool.h:25] BufferPool[IO-0_Write]: Allocate new buffer, current buffer count is 44
I1102 19:14:18.924751 IO-0/EL  buffer_pool.h:25] BufferPool[IO-0_Write]: Allocate new buffer, current buffer count is 45
I1102 19:14:18.924820 IO-0/EL  buffer_pool.h:25] BufferPool[IO-0_Write]: Allocate new buffer, current buffer count is 46
I1102 19:14:18.924871 IO-0/EL  buffer_pool.h:25] BufferPool[IO-0_Write]: Allocate new buffer, current buffer count is 47
I1102 19:14:18.924895 IO-0/EL  buffer_pool.h:25] BufferPool[IO-0_Write]: Allocate new buffer, current buffer count is 48
I1102 19:14:18.924925 IO-0/EL  buffer_pool.h:25] BufferPool[IO-0_Write]: Allocate new buffer, current buffer count is 49
I1102 19:14:18.924948 IO-0/EL  buffer_pool.h:25] BufferPool[IO-0_Write]: Allocate new buffer, current buffer count is 50
I1102 19:14:18.924977 IO-0/EL  buffer_pool.h:25] BufferPool[IO-0_Write]: Allocate new buffer, current buffer count is 51
I1102 19:14:18.925000 IO-0/EL  buffer_pool.h:25] BufferPool[IO-0_Write]: Allocate new buffer, current buffer count is 52
I1102 19:14:18.925029 IO-0/EL  buffer_pool.h:25] BufferPool[IO-0_Write]: Allocate new buffer, current buffer count is 53
I1102 19:14:18.925056 IO-0/EL  buffer_pool.h:25] BufferPool[IO-0_Write]: Allocate new buffer, current buffer count is 54
I1102 19:14:18.925095 IO-0/EL  buffer_pool.h:25] BufferPool[IO-0_Write]: Allocate new buffer, current buffer count is 55
I1102 19:14:18.925123 IO-0/EL  buffer_pool.h:25] BufferPool[IO-0_Write]: Allocate new buffer, current buffer count is 56
I1102 19:14:18.925146 IO-0/EL  buffer_pool.h:25] BufferPool[IO-0_Write]: Allocate new buffer, current buffer count is 57
I1102 19:14:18.925180 IO-0/EL  buffer_pool.h:25] BufferPool[IO-0_Write]: Allocate new buffer, current buffer count is 58
I1102 19:14:18.925207 IO-0/EL  buffer_pool.h:25] BufferPool[IO-0_Write]: Allocate new buffer, current buffer count is 59
I1102 19:14:18.925226 IO-0/EL  buffer_pool.h:25] BufferPool[IO-0_Write]: Allocate new buffer, current buffer count is 60
I1102 19:14:18.925238 IO-0/EL  buffer_pool.h:25] BufferPool[IO-0_Write]: Allocate new buffer, current buffer count is 61
I1102 19:14:18.925257 IO-0/EL  buffer_pool.h:25] BufferPool[IO-0_Write]: Allocate new buffer, current buffer count is 62
I1102 19:14:18.925271 IO-0/EL  buffer_pool.h:25] BufferPool[IO-0_Write]: Allocate new buffer, current buffer count is 63
I1102 19:14:18.925291 IO-0/EL  buffer_pool.h:25] BufferPool[IO-0_Write]: Allocate new buffer, current buffer count is 64
I1102 19:14:18.925316 IO-0/EL  buffer_pool.h:25] BufferPool[IO-0_Write]: Allocate new buffer, current buffer count is 65
I1102 19:14:18.925336 IO-0/EL  buffer_pool.h:25] BufferPool[IO-0_Write]: Allocate new buffer, current buffer count is 66
I1102 19:14:18.925359 IO-0/EL  buffer_pool.h:25] BufferPool[IO-0_Write]: Allocate new buffer, current buffer count is 67
I1102 19:14:18.925377 IO-0/EL  buffer_pool.h:25] BufferPool[IO-0_Write]: Allocate new buffer, current buffer count is 68
I1102 19:14:18.925397 IO-0/EL  buffer_pool.h:25] BufferPool[IO-0_Write]: Allocate new buffer, current buffer count is 69
I1102 19:14:18.925413 IO-0/EL  buffer_pool.h:25] BufferPool[IO-0_Write]: Allocate new buffer, current buffer count is 70
I1102 19:14:18.925435 IO-0/EL  buffer_pool.h:25] BufferPool[IO-0_Write]: Allocate new buffer, current buffer count is 71
I1102 19:14:18.925454 IO-0/EL  buffer_pool.h:25] BufferPool[IO-0_Write]: Allocate new buffer, current buffer count is 72
I1102 19:14:18.925468 IO-0/EL  buffer_pool.h:25] BufferPool[IO-0_Write]: Allocate new buffer, current buffer count is 73
I1102 19:14:18.925478 IO-0/EL  buffer_pool.h:25] BufferPool[IO-0_Write]: Allocate new buffer, current buffer count is 74
I1102 19:14:18.925492 IO-0/EL  buffer_pool.h:25] BufferPool[IO-0_Write]: Allocate new buffer, current buffer count is 75
I1102 19:14:18.925508 IO-0/EL  buffer_pool.h:25] BufferPool[IO-0_Write]: Allocate new buffer, current buffer count is 76
I1102 19:14:18.925523 IO-0/EL  buffer_pool.h:25] BufferPool[IO-0_Write]: Allocate new buffer, current buffer count is 77
I1102 19:14:18.925537 IO-0/EL  buffer_pool.h:25] BufferPool[IO-0_Write]: Allocate new buffer, current buffer count is 78
I1102 19:14:18.925551 IO-0/EL  buffer_pool.h:25] BufferPool[IO-0_Write]: Allocate new buffer, current buffer count is 79
I1102 19:14:18.925580 IO-0/EL  buffer_pool.h:25] BufferPool[IO-0_Write]: Allocate new buffer, current buffer count is 80
I1102 19:14:18.925596 IO-0/EL  buffer_pool.h:25] BufferPool[IO-0_Write]: Allocate new buffer, current buffer count is 81
I1102 19:14:18.925618 IO-0/EL  buffer_pool.h:25] BufferPool[IO-0_Write]: Allocate new buffer, current buffer count is 82
I1102 19:14:18.925639 IO-0/EL  buffer_pool.h:25] BufferPool[IO-0_Write]: Allocate new buffer, current buffer count is 83
I1102 19:14:18.925660 IO-0/EL  buffer_pool.h:25] BufferPool[IO-0_Write]: Allocate new buffer, current buffer count is 84
I1102 19:14:18.925677 IO-0/EL  buffer_pool.h:25] BufferPool[IO-0_Write]: Allocate new buffer, current buffer count is 85
I1102 19:14:18.925693 IO-0/EL  buffer_pool.h:25] BufferPool[IO-0_Write]: Allocate new buffer, current buffer count is 86
I1102 19:14:18.925722 IO-0/EL  buffer_pool.h:25] BufferPool[IO-0_Write]: Allocate new buffer, current buffer count is 87
I1102 19:14:18.925740 IO-0/EL  buffer_pool.h:25] BufferPool[IO-0_Write]: Allocate new buffer, current buffer count is 88
I1102 19:14:18.925762 IO-0/EL  buffer_pool.h:25] BufferPool[IO-0_Write]: Allocate new buffer, current buffer count is 89
I1102 19:14:18.925776 IO-0/EL  buffer_pool.h:25] BufferPool[IO-0_Write]: Allocate new buffer, current buffer count is 90
I1102 19:14:18.925792 IO-0/EL  buffer_pool.h:25] BufferPool[IO-0_Write]: Allocate new buffer, current buffer count is 91
I1102 19:14:18.925803 IO-0/EL  buffer_pool.h:25] BufferPool[IO-0_Write]: Allocate new buffer, current buffer count is 92
I1102 19:14:18.925816 IO-0/EL  buffer_pool.h:25] BufferPool[IO-0_Write]: Allocate new buffer, current buffer count is 93
I1102 19:14:18.925830 IO-0/EL  buffer_pool.h:25] BufferPool[IO-0_Write]: Allocate new buffer, current buffer count is 94
I1102 19:14:18.925846 IO-0/EL  buffer_pool.h:25] BufferPool[IO-0_Write]: Allocate new buffer, current buffer count is 95
I1102 19:14:18.925858 IO-0/EL  buffer_pool.h:25] BufferPool[IO-0_Write]: Allocate new buffer, current buffer count is 96
I1102 19:14:18.925872 IO-0/EL  buffer_pool.h:25] BufferPool[IO-0_Write]: Allocate new buffer, current buffer count is 97
I1102 19:14:18.925886 IO-0/EL  buffer_pool.h:25] BufferPool[IO-0_Write]: Allocate new buffer, current buffer count is 98
I1102 19:14:18.925900 IO-0/EL  buffer_pool.h:25] BufferPool[IO-0_Write]: Allocate new buffer, current buffer count is 99
I1102 19:14:18.925925 IO-0/EL  buffer_pool.h:25] BufferPool[IO-0_Write]: Allocate new buffer, current buffer count is 100
I1102 19:14:18.925947 IO-0/EL  buffer_pool.h:25] BufferPool[IO-0_Write]: Allocate new buffer, current buffer count is 101
I1102 19:14:18.925972 IO-0/EL  buffer_pool.h:25] BufferPool[IO-0_Write]: Allocate new buffer, current buffer count is 102
I1102 19:14:18.925989 IO-0/EL  buffer_pool.h:25] BufferPool[IO-0_Write]: Allocate new buffer, current buffer count is 103
I1102 19:14:18.926009 IO-0/EL  buffer_pool.h:25] BufferPool[IO-0_Write]: Allocate new buffer, current buffer count is 104
I1102 19:14:18.926028 IO-0/EL  buffer_pool.h:25] BufferPool[IO-0_Write]: Allocate new buffer, current buffer count is 105
I1102 19:14:18.926049 IO-0/EL  buffer_pool.h:25] BufferPool[IO-0_Write]: Allocate new buffer, current buffer count is 106
I1102 19:14:18.926062 IO-0/EL  buffer_pool.h:25] BufferPool[IO-0_Write]: Allocate new buffer, current buffer count is 107
I1102 19:14:18.926078 IO-0/EL  buffer_pool.h:25] BufferPool[IO-0_Write]: Allocate new buffer, current buffer count is 108
I1102 19:14:18.926092 IO-0/EL  buffer_pool.h:25] BufferPool[IO-0_Write]: Allocate new buffer, current buffer count is 109
I1102 19:14:18.926102 IO-0/EL  buffer_pool.h:25] BufferPool[IO-0_Write]: Allocate new buffer, current buffer count is 110
I1102 19:14:18.926131 IO-0/EL  buffer_pool.h:25] BufferPool[IO-0_Write]: Allocate new buffer, current buffer count is 111
I1102 19:14:18.926148 IO-0/EL  buffer_pool.h:25] BufferPool[IO-0_Write]: Allocate new buffer, current buffer count is 112
I1102 19:14:18.926169 IO-0/EL  buffer_pool.h:25] BufferPool[IO-0_Write]: Allocate new buffer, current buffer count is 113
I1102 19:14:18.926207 IO-0/EL  buffer_pool.h:25] BufferPool[IO-0_Write]: Allocate new buffer, current buffer count is 114
I1102 19:14:18.926223 IO-0/EL  buffer_pool.h:25] BufferPool[IO-0_Write]: Allocate new buffer, current buffer count is 115
I1102 19:14:18.926247 IO-0/EL  buffer_pool.h:25] BufferPool[IO-0_Write]: Allocate new buffer, current buffer count is 116
I1102 19:14:18.926263 IO-0/EL  buffer_pool.h:25] BufferPool[IO-0_Write]: Allocate new buffer, current buffer count is 117
I1102 19:14:18.926289 IO-0/EL  buffer_pool.h:25] BufferPool[IO-0_Write]: Allocate new buffer, current buffer count is 118
I1102 19:14:18.926304 IO-0/EL  buffer_pool.h:25] BufferPool[IO-0_Write]: Allocate new buffer, current buffer count is 119
I1102 19:14:18.926324 IO-0/EL  buffer_pool.h:25] BufferPool[IO-0_Write]: Allocate new buffer, current buffer count is 120
I1102 19:14:18.926344 IO-0/EL  buffer_pool.h:25] BufferPool[IO-0_Write]: Allocate new buffer, current buffer count is 121
I1102 19:14:18.926366 IO-0/EL  buffer_pool.h:25] BufferPool[IO-0_Write]: Allocate new buffer, current buffer count is 122
I1102 19:14:18.926387 IO-0/EL  buffer_pool.h:25] BufferPool[IO-0_Write]: Allocate new buffer, current buffer count is 123
I1102 19:14:18.926423 IO-0/EL  buffer_pool.h:25] BufferPool[IO-0_Write]: Allocate new buffer, current buffer count is 124
I1102 19:14:18.926446 IO-0/EL  buffer_pool.h:25] BufferPool[IO-0_Write]: Allocate new buffer, current buffer count is 125
I1102 19:14:18.926464 IO-0/EL  buffer_pool.h:25] BufferPool[IO-0_Write]: Allocate new buffer, current buffer count is 126
I1102 19:14:18.926480 IO-0/EL  buffer_pool.h:25] BufferPool[IO-0_Write]: Allocate new buffer, current buffer count is 127
I1102 19:14:18.926493 IO-0/EL  buffer_pool.h:25] BufferPool[IO-0_Write]: Allocate new buffer, current buffer count is 128
I1102 19:14:18.926510 IO-0/EL  buffer_pool.h:25] BufferPool[IO-0_Write]: Allocate new buffer, current buffer count is 129
I1102 19:14:18.926525 IO-0/EL  buffer_pool.h:25] BufferPool[IO-0_Write]: Allocate new buffer, current buffer count is 130
I1102 19:14:18.926538 IO-0/EL  buffer_pool.h:25] BufferPool[IO-0_Write]: Allocate new buffer, current buffer count is 131
I1102 19:14:18.926551 IO-0/EL  buffer_pool.h:25] BufferPool[IO-0_Write]: Allocate new buffer, current buffer count is 132
I1102 19:14:18.926562 IO-0/EL  buffer_pool.h:25] BufferPool[IO-0_Write]: Allocate new buffer, current buffer count is 133
I1102 19:14:18.926575 IO-0/EL  buffer_pool.h:25] BufferPool[IO-0_Write]: Allocate new buffer, current buffer count is 134
I1102 19:14:18.926587 IO-0/EL  buffer_pool.h:25] BufferPool[IO-0_Write]: Allocate new buffer, current buffer count is 135
I1102 19:14:18.926606 IO-0/EL  buffer_pool.h:25] BufferPool[IO-0_Write]: Allocate new buffer, current buffer count is 136
I1102 19:14:18.926631 IO-0/EL  buffer_pool.h:25] BufferPool[IO-0_Write]: Allocate new buffer, current buffer count is 137
I1102 19:14:18.926653 IO-0/EL  buffer_pool.h:25] BufferPool[IO-0_Write]: Allocate new buffer, current buffer count is 138
I1102 19:14:18.926678 IO-0/EL  buffer_pool.h:25] BufferPool[IO-0_Write]: Allocate new buffer, current buffer count is 139
I1102 19:14:18.926695 IO-0/EL  buffer_pool.h:25] BufferPool[IO-0_Write]: Allocate new buffer, current buffer count is 140
I1102 19:14:18.926727 IO-0/EL  buffer_pool.h:25] BufferPool[IO-0_Write]: Allocate new buffer, current buffer count is 141
I1102 19:14:18.926748 IO-0/EL  buffer_pool.h:25] BufferPool[IO-0_Write]: Allocate new buffer, current buffer count is 142
I1102 19:14:18.926768 IO-0/EL  buffer_pool.h:25] BufferPool[IO-0_Write]: Allocate new buffer, current buffer count is 143
I1102 19:14:18.926781 IO-0/EL  buffer_pool.h:25] BufferPool[IO-0_Write]: Allocate new buffer, current buffer count is 144
I1102 19:14:18.926796 IO-0/EL  buffer_pool.h:25] BufferPool[IO-0_Write]: Allocate new buffer, current buffer count is 145
I1102 19:14:18.926809 IO-0/EL  buffer_pool.h:25] BufferPool[IO-0_Write]: Allocate new buffer, current buffer count is 146
I1102 19:14:18.926832 IO-0/EL  buffer_pool.h:25] BufferPool[IO-0_Write]: Allocate new buffer, current buffer count is 147
I1102 19:14:18.926853 IO-0/EL  buffer_pool.h:25] BufferPool[IO-0_Write]: Allocate new buffer, current buffer count is 148
I1102 19:14:18.926872 IO-0/EL  buffer_pool.h:25] BufferPool[IO-0_Write]: Allocate new buffer, current buffer count is 149
I1102 19:14:18.926898 IO-0/EL  buffer_pool.h:25] BufferPool[IO-0_Write]: Allocate new buffer, current buffer count is 150
I1102 19:14:18.926915 IO-0/EL  buffer_pool.h:25] BufferPool[IO-0_Write]: Allocate new buffer, current buffer count is 151
I1102 19:14:18.926942 IO-0/EL  buffer_pool.h:25] BufferPool[IO-0_Write]: Allocate new buffer, current buffer count is 152
I1102 19:14:18.926959 IO-0/EL  buffer_pool.h:25] BufferPool[IO-0_Write]: Allocate new buffer, current buffer count is 153
I1102 19:14:18.926979 IO-0/EL  buffer_pool.h:25] BufferPool[IO-0_Write]: Allocate new buffer, current buffer count is 154
I1102 19:14:18.926998 IO-0/EL  buffer_pool.h:25] BufferPool[IO-0_Write]: Allocate new buffer, current buffer count is 155
I1102 19:14:18.927012 IO-0/EL  buffer_pool.h:25] BufferPool[IO-0_Write]: Allocate new buffer, current buffer count is 156
I1102 19:14:18.927025 IO-0/EL  buffer_pool.h:25] BufferPool[IO-0_Write]: Allocate new buffer, current buffer count is 157
I1102 19:14:18.927039 IO-0/EL  buffer_pool.h:25] BufferPool[IO-0_Write]: Allocate new buffer, current buffer count is 158
I1102 19:14:18.927049 IO-0/EL  buffer_pool.h:25] BufferPool[IO-0_Write]: Allocate new buffer, current buffer count is 159
I1102 19:14:18.927061 IO-0/EL  buffer_pool.h:25] BufferPool[IO-0_Write]: Allocate new buffer, current buffer count is 160
I1102 19:14:18.927079 IO-0/EL  buffer_pool.h:25] BufferPool[IO-0_Write]: Allocate new buffer, current buffer count is 161
I1102 19:14:18.927098 IO-0/EL  buffer_pool.h:25] BufferPool[IO-0_Write]: Allocate new buffer, current buffer count is 162
I1102 19:14:18.927124 IO-0/EL  buffer_pool.h:25] BufferPool[IO-0_Write]: Allocate new buffer, current buffer count is 163
I1102 19:14:18.927143 IO-0/EL  buffer_pool.h:25] BufferPool[IO-0_Write]: Allocate new buffer, current buffer count is 164
I1102 19:14:18.927166 IO-0/EL  buffer_pool.h:25] BufferPool[IO-0_Write]: Allocate new buffer, current buffer count is 165
I1102 19:14:18.927183 IO-0/EL  buffer_pool.h:25] BufferPool[IO-0_Write]: Allocate new buffer, current buffer count is 166
I1102 19:14:18.927204 IO-0/EL  buffer_pool.h:25] BufferPool[IO-0_Write]: Allocate new buffer, current buffer count is 167
I1102 19:14:18.927225 IO-0/EL  buffer_pool.h:25] BufferPool[IO-0_Write]: Allocate new buffer, current buffer count is 168
I1102 19:14:18.927240 IO-0/EL  buffer_pool.h:25] BufferPool[IO-0_Write]: Allocate new buffer, current buffer count is 169
I1102 19:14:18.927252 IO-0/EL  buffer_pool.h:25] BufferPool[IO-0_Write]: Allocate new buffer, current buffer count is 170
I1102 19:14:18.927265 IO-0/EL  buffer_pool.h:25] BufferPool[IO-0_Write]: Allocate new buffer, current buffer count is 171
I1102 19:14:18.927280 IO-0/EL  buffer_pool.h:25] BufferPool[IO-0_Write]: Allocate new buffer, current buffer count is 172
I1102 19:14:18.927291 IO-0/EL  buffer_pool.h:25] BufferPool[IO-0_Write]: Allocate new buffer, current buffer count is 173
I1102 19:14:18.927312 IO-0/EL  buffer_pool.h:25] BufferPool[IO-0_Write]: Allocate new buffer, current buffer count is 174
I1102 19:14:18.927327 IO-0/EL  buffer_pool.h:25] BufferPool[IO-0_Write]: Allocate new buffer, current buffer count is 175
I1102 19:14:18.927355 IO-0/EL  buffer_pool.h:25] BufferPool[IO-0_Write]: Allocate new buffer, current buffer count is 176
I1102 19:14:18.927374 IO-0/EL  buffer_pool.h:25] BufferPool[IO-0_Write]: Allocate new buffer, current buffer count is 177
I1102 19:14:18.927393 IO-0/EL  buffer_pool.h:25] BufferPool[IO-0_Write]: Allocate new buffer, current buffer count is 178
I1102 19:14:18.927410 IO-0/EL  buffer_pool.h:25] BufferPool[IO-0_Write]: Allocate new buffer, current buffer count is 179
I1102 19:14:18.927429 IO-0/EL  buffer_pool.h:25] BufferPool[IO-0_Write]: Allocate new buffer, current buffer count is 180
I1102 19:14:18.927458 IO-0/EL  buffer_pool.h:25] BufferPool[IO-0_Write]: Allocate new buffer, current buffer count is 181
I1102 19:14:18.927472 IO-0/EL  buffer_pool.h:25] BufferPool[IO-0_Write]: Allocate new buffer, current buffer count is 182
I1102 19:14:18.927489 IO-0/EL  buffer_pool.h:25] BufferPool[IO-0_Write]: Allocate new buffer, current buffer count is 183
I1102 19:14:18.927502 IO-0/EL  buffer_pool.h:25] BufferPool[IO-0_Write]: Allocate new buffer, current buffer count is 184
I1102 19:14:18.927516 IO-0/EL  buffer_pool.h:25] BufferPool[IO-0_Write]: Allocate new buffer, current buffer count is 185
I1102 19:14:18.927528 IO-0/EL  buffer_pool.h:25] BufferPool[IO-0_Write]: Allocate new buffer, current buffer count is 186
I1102 19:14:18.927543 IO-0/EL  buffer_pool.h:25] BufferPool[IO-0_Write]: Allocate new buffer, current buffer count is 187
I1102 19:14:18.927555 IO-0/EL  buffer_pool.h:25] BufferPool[IO-0_Write]: Allocate new buffer, current buffer count is 188
I1102 19:14:18.927575 IO-0/EL  buffer_pool.h:25] BufferPool[IO-0_Write]: Allocate new buffer, current buffer count is 189
I1102 19:14:18.927591 IO-0/EL  buffer_pool.h:25] BufferPool[IO-0_Write]: Allocate new buffer, current buffer count is 190
I1102 19:14:18.927613 IO-0/EL  buffer_pool.h:25] BufferPool[IO-0_Write]: Allocate new buffer, current buffer count is 191
I1102 19:14:18.927635 IO-0/EL  buffer_pool.h:25] BufferPool[IO-0_Write]: Allocate new buffer, current buffer count is 192
I1102 19:14:18.927655 IO-0/EL  buffer_pool.h:25] BufferPool[IO-0_Write]: Allocate new buffer, current buffer count is 193
I1102 19:14:18.927674 IO-0/EL  buffer_pool.h:25] BufferPool[IO-0_Write]: Allocate new buffer, current buffer count is 194
I1102 19:14:18.927690 IO-0/EL  buffer_pool.h:25] BufferPool[IO-0_Write]: Allocate new buffer, current buffer count is 195
I1102 19:14:18.927718 IO-0/EL  buffer_pool.h:25] BufferPool[IO-0_Write]: Allocate new buffer, current buffer count is 196
I1102 19:14:18.927741 IO-0/EL  buffer_pool.h:25] BufferPool[IO-0_Write]: Allocate new buffer, current buffer count is 197
I1102 19:14:18.927757 IO-0/EL  buffer_pool.h:25] BufferPool[IO-0_Write]: Allocate new buffer, current buffer count is 198
I1102 19:14:18.927772 IO-0/EL  buffer_pool.h:25] BufferPool[IO-0_Write]: Allocate new buffer, current buffer count is 199
I1102 19:14:18.927785 IO-0/EL  buffer_pool.h:25] BufferPool[IO-0_Write]: Allocate new buffer, current buffer count is 200
I1102 19:14:18.927796 IO-0/EL  buffer_pool.h:25] BufferPool[IO-0_Write]: Allocate new buffer, current buffer count is 201
I1102 19:14:18.927813 IO-0/EL  buffer_pool.h:25] BufferPool[IO-0_Write]: Allocate new buffer, current buffer count is 202
I1102 19:14:18.927827 IO-0/EL  buffer_pool.h:25] BufferPool[IO-0_Write]: Allocate new buffer, current buffer count is 203
I1102 19:14:18.927851 IO-0/EL  buffer_pool.h:25] BufferPool[IO-0_Write]: Allocate new buffer, current buffer count is 204
I1102 19:14:18.927874 IO-0/EL  buffer_pool.h:25] BufferPool[IO-0_Write]: Allocate new buffer, current buffer count is 205
I1102 19:14:18.927891 IO-0/EL  buffer_pool.h:25] BufferPool[IO-0_Write]: Allocate new buffer, current buffer count is 206
I1102 19:14:18.927913 IO-0/EL  buffer_pool.h:25] BufferPool[IO-0_Write]: Allocate new buffer, current buffer count is 207
I1102 19:14:18.927928 IO-0/EL  buffer_pool.h:25] BufferPool[IO-0_Write]: Allocate new buffer, current buffer count is 208
I1102 19:14:18.927952 IO-0/EL  buffer_pool.h:25] BufferPool[IO-0_Write]: Allocate new buffer, current buffer count is 209
I1102 19:14:18.927968 IO-0/EL  buffer_pool.h:25] BufferPool[IO-0_Write]: Allocate new buffer, current buffer count is 210
I1102 19:14:22.417572 Main     server_base.cpp:35] Server: Scheduled to stop
I1102 19:14:22.417650 Server/E server_base.cpp:109] Server: Start stopping process
I1102 19:14:22.417671 IO-0/EL  io_worker.cpp:206] IO-0: Start stopping process
I1102 19:14:22.417698 Server/E server_base.cpp:55] Server: Event loop finishes
