I1102 18:28:18.576677 Main     thread.cpp:100] Register main thread: tid=1380062
E1102 18:28:18.578771 Main     docker.cpp:59] Cannot find docker's cgroup in /proc/self/cgroup
I1102 18:28:18.578828 Main     func_config.cpp:135] Load configuration for function Noop[1]
I1102 18:28:18.578838 Main     engine.cpp:109] Engine: Start 1 IO workers
I1102 18:28:18.582052 IO-0/EL  thread.cpp:40] Start thread: IO-0/EL
I1102 18:28:18.582112 IO-0/EL  io_worker.cpp:192] IO-0: Event loop starts
Checking for file descriptor...
Got a file descriptor!
I1102 18:28:20.358066 Main     engine.cpp:180] Engine: Created 1 Machnet connections to Gateway at 10.10.1.2:10007
I1102 18:28:20.358177 Main     engine.cpp:208] Engine: Listen on /dev/shm/faas_ipc/engine.sock for IPC connections
I1102 18:28:20.358403 Server/E thread.cpp:40] Start thread: Server/EL
I1102 18:28:20.358518 Server/E server_base.cpp:50] Server: Event loop starts
I1102 18:28:20.580023 Server/E engine.cpp:674] Engine: New message connection
I1102 18:28:20.583291 IO-0/EL  buffer_pool.h:25] BufferPool[IO-0_Read]: Allocate new buffer, current buffer count is 1
I1102 18:28:20.583323 IO-0/EL  engine.cpp:277] Engine: Receive new handshake message from message connection
I1102 18:28:20.583330 IO-0/EL  worker_manager.cpp:23] WorkerManager: Launcher of func_id 1 connected
I1102 18:28:20.583334 IO-0/EL  worker_manager.cpp:131] WorkerManager: Request new FuncWorker for func_id 1 with client_id 1
I1102 18:28:20.583354 IO-0/EL  worker_manager.cpp:131] WorkerManager: Request new FuncWorker for func_id 1 with client_id 2
I1102 18:28:20.583365 IO-0/EL  worker_manager.cpp:131] WorkerManager: Request new FuncWorker for func_id 1 with client_id 3
I1102 18:28:20.583375 IO-0/EL  worker_manager.cpp:131] WorkerManager: Request new FuncWorker for func_id 1 with client_id 4
I1102 18:28:20.583384 IO-0/EL  worker_manager.cpp:131] WorkerManager: Request new FuncWorker for func_id 1 with client_id 5
I1102 18:28:20.583393 IO-0/EL  worker_manager.cpp:131] WorkerManager: Request new FuncWorker for func_id 1 with client_id 6
I1102 18:28:20.583404 IO-0/EL  worker_manager.cpp:131] WorkerManager: Request new FuncWorker for func_id 1 with client_id 7
I1102 18:28:20.583413 IO-0/EL  worker_manager.cpp:131] WorkerManager: Request new FuncWorker for func_id 1 with client_id 8
I1102 18:28:20.583425 IO-0/EL  worker_manager.cpp:131] WorkerManager: Request new FuncWorker for func_id 1 with client_id 9
I1102 18:28:20.583434 IO-0/EL  worker_manager.cpp:131] WorkerManager: Request new FuncWorker for func_id 1 with client_id 10
I1102 18:28:20.583446 IO-0/EL  worker_manager.cpp:131] WorkerManager: Request new FuncWorker for func_id 1 with client_id 11
I1102 18:28:20.583455 IO-0/EL  worker_manager.cpp:131] WorkerManager: Request new FuncWorker for func_id 1 with client_id 12
I1102 18:28:20.583467 IO-0/EL  worker_manager.cpp:131] WorkerManager: Request new FuncWorker for func_id 1 with client_id 13
I1102 18:28:20.583477 IO-0/EL  worker_manager.cpp:131] WorkerManager: Request new FuncWorker for func_id 1 with client_id 14
I1102 18:28:20.583485 IO-0/EL  worker_manager.cpp:131] WorkerManager: Request new FuncWorker for func_id 1 with client_id 15
I1102 18:28:20.583496 IO-0/EL  worker_manager.cpp:131] WorkerManager: Request new FuncWorker for func_id 1 with client_id 16
I1102 18:28:20.583505 IO-0/EL  worker_manager.cpp:131] WorkerManager: Request new FuncWorker for func_id 1 with client_id 17
I1102 18:28:20.583526 IO-0/EL  worker_manager.cpp:131] WorkerManager: Request new FuncWorker for func_id 1 with client_id 18
I1102 18:28:20.583535 IO-0/EL  worker_manager.cpp:131] WorkerManager: Request new FuncWorker for func_id 1 with client_id 19
I1102 18:28:20.583546 IO-0/EL  worker_manager.cpp:131] WorkerManager: Request new FuncWorker for func_id 1 with client_id 20
I1102 18:28:20.583557 IO-0/EL  worker_manager.cpp:131] WorkerManager: Request new FuncWorker for func_id 1 with client_id 21
I1102 18:28:20.583567 IO-0/EL  worker_manager.cpp:131] WorkerManager: Request new FuncWorker for func_id 1 with client_id 22
I1102 18:28:20.583576 IO-0/EL  worker_manager.cpp:131] WorkerManager: Request new FuncWorker for func_id 1 with client_id 23
I1102 18:28:20.583601 IO-0/EL  worker_manager.cpp:131] WorkerManager: Request new FuncWorker for func_id 1 with client_id 24
I1102 18:28:20.583611 IO-0/EL  worker_manager.cpp:131] WorkerManager: Request new FuncWorker for func_id 1 with client_id 25
I1102 18:28:20.583622 IO-0/EL  worker_manager.cpp:131] WorkerManager: Request new FuncWorker for func_id 1 with client_id 26
I1102 18:28:20.583631 IO-0/EL  worker_manager.cpp:131] WorkerManager: Request new FuncWorker for func_id 1 with client_id 27
I1102 18:28:20.583643 IO-0/EL  worker_manager.cpp:131] WorkerManager: Request new FuncWorker for func_id 1 with client_id 28
I1102 18:28:20.583652 IO-0/EL  worker_manager.cpp:131] WorkerManager: Request new FuncWorker for func_id 1 with client_id 29
I1102 18:28:20.583661 IO-0/EL  worker_manager.cpp:131] WorkerManager: Request new FuncWorker for func_id 1 with client_id 30
I1102 18:28:20.583671 IO-0/EL  worker_manager.cpp:131] WorkerManager: Request new FuncWorker for func_id 1 with client_id 31
I1102 18:28:20.583680 IO-0/EL  worker_manager.cpp:131] WorkerManager: Request new FuncWorker for func_id 1 with client_id 32
I1102 18:28:20.583689 IO-0/EL  worker_manager.cpp:131] WorkerManager: Request new FuncWorker for func_id 1 with client_id 33
I1102 18:28:20.583726 IO-0/EL  worker_manager.cpp:131] WorkerManager: Request new FuncWorker for func_id 1 with client_id 34
I1102 18:28:20.583737 IO-0/EL  worker_manager.cpp:131] WorkerManager: Request new FuncWorker for func_id 1 with client_id 35
I1102 18:28:20.583750 IO-0/EL  worker_manager.cpp:131] WorkerManager: Request new FuncWorker for func_id 1 with client_id 36
I1102 18:28:20.583759 IO-0/EL  worker_manager.cpp:131] WorkerManager: Request new FuncWorker for func_id 1 with client_id 37
I1102 18:28:20.583769 IO-0/EL  worker_manager.cpp:131] WorkerManager: Request new FuncWorker for func_id 1 with client_id 38
I1102 18:28:20.583779 IO-0/EL  worker_manager.cpp:131] WorkerManager: Request new FuncWorker for func_id 1 with client_id 39
I1102 18:28:20.583790 IO-0/EL  worker_manager.cpp:131] WorkerManager: Request new FuncWorker for func_id 1 with client_id 40
I1102 18:28:20.583799 IO-0/EL  worker_manager.cpp:131] WorkerManager: Request new FuncWorker for func_id 1 with client_id 41
I1102 18:28:20.583808 IO-0/EL  worker_manager.cpp:131] WorkerManager: Request new FuncWorker for func_id 1 with client_id 42
I1102 18:28:20.583819 IO-0/EL  worker_manager.cpp:131] WorkerManager: Request new FuncWorker for func_id 1 with client_id 43
I1102 18:28:20.583829 IO-0/EL  worker_manager.cpp:131] WorkerManager: Request new FuncWorker for func_id 1 with client_id 44
I1102 18:28:20.583838 IO-0/EL  worker_manager.cpp:131] WorkerManager: Request new FuncWorker for func_id 1 with client_id 45
I1102 18:28:20.583849 IO-0/EL  worker_manager.cpp:131] WorkerManager: Request new FuncWorker for func_id 1 with client_id 46
I1102 18:28:20.583858 IO-0/EL  worker_manager.cpp:131] WorkerManager: Request new FuncWorker for func_id 1 with client_id 47
I1102 18:28:20.583868 IO-0/EL  worker_manager.cpp:131] WorkerManager: Request new FuncWorker for func_id 1 with client_id 48
I1102 18:28:20.583877 IO-0/EL  worker_manager.cpp:131] WorkerManager: Request new FuncWorker for func_id 1 with client_id 49
I1102 18:28:20.583886 IO-0/EL  worker_manager.cpp:131] WorkerManager: Request new FuncWorker for func_id 1 with client_id 50
I1102 18:28:20.583897 IO-0/EL  worker_manager.cpp:131] WorkerManager: Request new FuncWorker for func_id 1 with client_id 51
I1102 18:28:20.583907 IO-0/EL  worker_manager.cpp:131] WorkerManager: Request new FuncWorker for func_id 1 with client_id 52
I1102 18:28:20.583916 IO-0/EL  worker_manager.cpp:131] WorkerManager: Request new FuncWorker for func_id 1 with client_id 53
I1102 18:28:20.583927 IO-0/EL  worker_manager.cpp:131] WorkerManager: Request new FuncWorker for func_id 1 with client_id 54
I1102 18:28:20.583936 IO-0/EL  worker_manager.cpp:131] WorkerManager: Request new FuncWorker for func_id 1 with client_id 55
I1102 18:28:20.583946 IO-0/EL  worker_manager.cpp:131] WorkerManager: Request new FuncWorker for func_id 1 with client_id 56
I1102 18:28:20.583961 IO-0/EL  worker_manager.cpp:131] WorkerManager: Request new FuncWorker for func_id 1 with client_id 57
I1102 18:28:20.583972 IO-0/EL  worker_manager.cpp:131] WorkerManager: Request new FuncWorker for func_id 1 with client_id 58
I1102 18:28:20.583981 IO-0/EL  worker_manager.cpp:131] WorkerManager: Request new FuncWorker for func_id 1 with client_id 59
I1102 18:28:20.583991 IO-0/EL  worker_manager.cpp:131] WorkerManager: Request new FuncWorker for func_id 1 with client_id 60
I1102 18:28:20.584001 IO-0/EL  worker_manager.cpp:131] WorkerManager: Request new FuncWorker for func_id 1 with client_id 61
I1102 18:28:20.584011 IO-0/EL  worker_manager.cpp:131] WorkerManager: Request new FuncWorker for func_id 1 with client_id 62
I1102 18:28:20.584020 IO-0/EL  worker_manager.cpp:131] WorkerManager: Request new FuncWorker for func_id 1 with client_id 63
I1102 18:28:20.584029 IO-0/EL  worker_manager.cpp:131] WorkerManager: Request new FuncWorker for func_id 1 with client_id 64
I1102 18:28:20.584038 IO-0/EL  worker_manager.cpp:131] WorkerManager: Request new FuncWorker for func_id 1 with client_id 65
I1102 18:28:20.584088 IO-0/EL  worker_manager.cpp:131] WorkerManager: Request new FuncWorker for func_id 1 with client_id 66
I1102 18:28:20.584099 IO-0/EL  worker_manager.cpp:131] WorkerManager: Request new FuncWorker for func_id 1 with client_id 67
I1102 18:28:20.584108 IO-0/EL  worker_manager.cpp:131] WorkerManager: Request new FuncWorker for func_id 1 with client_id 68
I1102 18:28:20.584120 IO-0/EL  worker_manager.cpp:131] WorkerManager: Request new FuncWorker for func_id 1 with client_id 69
I1102 18:28:20.584130 IO-0/EL  worker_manager.cpp:131] WorkerManager: Request new FuncWorker for func_id 1 with client_id 70
I1102 18:28:20.584140 IO-0/EL  worker_manager.cpp:131] WorkerManager: Request new FuncWorker for func_id 1 with client_id 71
I1102 18:28:20.584149 IO-0/EL  worker_manager.cpp:131] WorkerManager: Request new FuncWorker for func_id 1 with client_id 72
I1102 18:28:20.584161 IO-0/EL  worker_manager.cpp:131] WorkerManager: Request new FuncWorker for func_id 1 with client_id 73
I1102 18:28:20.584171 IO-0/EL  worker_manager.cpp:131] WorkerManager: Request new FuncWorker for func_id 1 with client_id 74
I1102 18:28:20.584180 IO-0/EL  worker_manager.cpp:131] WorkerManager: Request new FuncWorker for func_id 1 with client_id 75
I1102 18:28:20.584191 IO-0/EL  worker_manager.cpp:131] WorkerManager: Request new FuncWorker for func_id 1 with client_id 76
I1102 18:28:20.584202 IO-0/EL  worker_manager.cpp:131] WorkerManager: Request new FuncWorker for func_id 1 with client_id 77
I1102 18:28:20.584211 IO-0/EL  worker_manager.cpp:131] WorkerManager: Request new FuncWorker for func_id 1 with client_id 78
I1102 18:28:20.584220 IO-0/EL  worker_manager.cpp:131] WorkerManager: Request new FuncWorker for func_id 1 with client_id 79
I1102 18:28:20.584229 IO-0/EL  worker_manager.cpp:131] WorkerManager: Request new FuncWorker for func_id 1 with client_id 80
I1102 18:28:20.584241 IO-0/EL  worker_manager.cpp:131] WorkerManager: Request new FuncWorker for func_id 1 with client_id 81
I1102 18:28:20.584252 IO-0/EL  worker_manager.cpp:131] WorkerManager: Request new FuncWorker for func_id 1 with client_id 82
I1102 18:28:20.584261 IO-0/EL  worker_manager.cpp:131] WorkerManager: Request new FuncWorker for func_id 1 with client_id 83
I1102 18:28:20.584272 IO-0/EL  worker_manager.cpp:131] WorkerManager: Request new FuncWorker for func_id 1 with client_id 84
I1102 18:28:20.584285 IO-0/EL  worker_manager.cpp:131] WorkerManager: Request new FuncWorker for func_id 1 with client_id 85
I1102 18:28:20.584295 IO-0/EL  worker_manager.cpp:131] WorkerManager: Request new FuncWorker for func_id 1 with client_id 86
I1102 18:28:20.584304 IO-0/EL  worker_manager.cpp:131] WorkerManager: Request new FuncWorker for func_id 1 with client_id 87
I1102 18:28:20.584314 IO-0/EL  worker_manager.cpp:131] WorkerManager: Request new FuncWorker for func_id 1 with client_id 88
I1102 18:28:20.584330 IO-0/EL  worker_manager.cpp:131] WorkerManager: Request new FuncWorker for func_id 1 with client_id 89
I1102 18:28:20.584340 IO-0/EL  worker_manager.cpp:131] WorkerManager: Request new FuncWorker for func_id 1 with client_id 90
I1102 18:28:20.584351 IO-0/EL  worker_manager.cpp:131] WorkerManager: Request new FuncWorker for func_id 1 with client_id 91
I1102 18:28:20.584360 IO-0/EL  worker_manager.cpp:131] WorkerManager: Request new FuncWorker for func_id 1 with client_id 92
I1102 18:28:20.584371 IO-0/EL  worker_manager.cpp:131] WorkerManager: Request new FuncWorker for func_id 1 with client_id 93
I1102 18:28:20.584381 IO-0/EL  worker_manager.cpp:131] WorkerManager: Request new FuncWorker for func_id 1 with client_id 94
I1102 18:28:20.584389 IO-0/EL  worker_manager.cpp:131] WorkerManager: Request new FuncWorker for func_id 1 with client_id 95
I1102 18:28:20.584400 IO-0/EL  worker_manager.cpp:131] WorkerManager: Request new FuncWorker for func_id 1 with client_id 96
I1102 18:28:20.584411 IO-0/EL  worker_manager.cpp:131] WorkerManager: Request new FuncWorker for func_id 1 with client_id 97
I1102 18:28:20.584420 IO-0/EL  worker_manager.cpp:131] WorkerManager: Request new FuncWorker for func_id 1 with client_id 98
I1102 18:28:20.584431 IO-0/EL  worker_manager.cpp:131] WorkerManager: Request new FuncWorker for func_id 1 with client_id 99
I1102 18:28:20.584440 IO-0/EL  worker_manager.cpp:131] WorkerManager: Request new FuncWorker for func_id 1 with client_id 100
I1102 18:28:20.584451 IO-0/EL  worker_manager.cpp:131] WorkerManager: Request new FuncWorker for func_id 1 with client_id 101
I1102 18:28:20.584461 IO-0/EL  worker_manager.cpp:131] WorkerManager: Request new FuncWorker for func_id 1 with client_id 102
I1102 18:28:20.584471 IO-0/EL  worker_manager.cpp:131] WorkerManager: Request new FuncWorker for func_id 1 with client_id 103
I1102 18:28:20.584480 IO-0/EL  worker_manager.cpp:131] WorkerManager: Request new FuncWorker for func_id 1 with client_id 104
I1102 18:28:20.584492 IO-0/EL  worker_manager.cpp:131] WorkerManager: Request new FuncWorker for func_id 1 with client_id 105
I1102 18:28:20.584502 IO-0/EL  worker_manager.cpp:131] WorkerManager: Request new FuncWorker for func_id 1 with client_id 106
I1102 18:28:20.584511 IO-0/EL  worker_manager.cpp:131] WorkerManager: Request new FuncWorker for func_id 1 with client_id 107
I1102 18:28:20.584520 IO-0/EL  worker_manager.cpp:131] WorkerManager: Request new FuncWorker for func_id 1 with client_id 108
I1102 18:28:20.584531 IO-0/EL  worker_manager.cpp:131] WorkerManager: Request new FuncWorker for func_id 1 with client_id 109
I1102 18:28:20.584541 IO-0/EL  worker_manager.cpp:131] WorkerManager: Request new FuncWorker for func_id 1 with client_id 110
I1102 18:28:20.584553 IO-0/EL  worker_manager.cpp:131] WorkerManager: Request new FuncWorker for func_id 1 with client_id 111
I1102 18:28:20.584562 IO-0/EL  worker_manager.cpp:131] WorkerManager: Request new FuncWorker for func_id 1 with client_id 112
I1102 18:28:20.584573 IO-0/EL  worker_manager.cpp:131] WorkerManager: Request new FuncWorker for func_id 1 with client_id 113
I1102 18:28:20.584584 IO-0/EL  worker_manager.cpp:131] WorkerManager: Request new FuncWorker for func_id 1 with client_id 114
I1102 18:28:20.584593 IO-0/EL  worker_manager.cpp:131] WorkerManager: Request new FuncWorker for func_id 1 with client_id 115
I1102 18:28:20.584602 IO-0/EL  worker_manager.cpp:131] WorkerManager: Request new FuncWorker for func_id 1 with client_id 116
I1102 18:28:20.584613 IO-0/EL  worker_manager.cpp:131] WorkerManager: Request new FuncWorker for func_id 1 with client_id 117
I1102 18:28:20.584624 IO-0/EL  worker_manager.cpp:131] WorkerManager: Request new FuncWorker for func_id 1 with client_id 118
I1102 18:28:20.584633 IO-0/EL  worker_manager.cpp:131] WorkerManager: Request new FuncWorker for func_id 1 with client_id 119
I1102 18:28:20.584642 IO-0/EL  worker_manager.cpp:131] WorkerManager: Request new FuncWorker for func_id 1 with client_id 120
I1102 18:28:20.584655 IO-0/EL  worker_manager.cpp:131] WorkerManager: Request new FuncWorker for func_id 1 with client_id 121
I1102 18:28:20.584670 IO-0/EL  worker_manager.cpp:131] WorkerManager: Request new FuncWorker for func_id 1 with client_id 122
I1102 18:28:20.584679 IO-0/EL  worker_manager.cpp:131] WorkerManager: Request new FuncWorker for func_id 1 with client_id 123
I1102 18:28:20.584688 IO-0/EL  worker_manager.cpp:131] WorkerManager: Request new FuncWorker for func_id 1 with client_id 124
I1102 18:28:20.584700 IO-0/EL  worker_manager.cpp:131] WorkerManager: Request new FuncWorker for func_id 1 with client_id 125
I1102 18:28:20.584715 IO-0/EL  worker_manager.cpp:131] WorkerManager: Request new FuncWorker for func_id 1 with client_id 126
I1102 18:28:20.584725 IO-0/EL  worker_manager.cpp:131] WorkerManager: Request new FuncWorker for func_id 1 with client_id 127
I1102 18:28:20.584734 IO-0/EL  worker_manager.cpp:131] WorkerManager: Request new FuncWorker for func_id 1 with client_id 128
I1102 18:28:20.584746 IO-0/EL  worker_manager.cpp:131] WorkerManager: Request new FuncWorker for func_id 1 with client_id 129
I1102 18:28:20.584841 IO-0/EL  worker_manager.cpp:131] WorkerManager: Request new FuncWorker for func_id 1 with client_id 130
I1102 18:28:20.584853 IO-0/EL  worker_manager.cpp:131] WorkerManager: Request new FuncWorker for func_id 1 with client_id 131
I1102 18:28:20.584862 IO-0/EL  worker_manager.cpp:131] WorkerManager: Request new FuncWorker for func_id 1 with client_id 132
I1102 18:28:20.584874 IO-0/EL  worker_manager.cpp:131] WorkerManager: Request new FuncWorker for func_id 1 with client_id 133
I1102 18:28:20.584886 IO-0/EL  worker_manager.cpp:131] WorkerManager: Request new FuncWorker for func_id 1 with client_id 134
I1102 18:28:20.584896 IO-0/EL  worker_manager.cpp:131] WorkerManager: Request new FuncWorker for func_id 1 with client_id 135
I1102 18:28:20.584906 IO-0/EL  worker_manager.cpp:131] WorkerManager: Request new FuncWorker for func_id 1 with client_id 136
I1102 18:28:20.584917 IO-0/EL  worker_manager.cpp:131] WorkerManager: Request new FuncWorker for func_id 1 with client_id 137
I1102 18:28:20.584926 IO-0/EL  worker_manager.cpp:131] WorkerManager: Request new FuncWorker for func_id 1 with client_id 138
I1102 18:28:20.584935 IO-0/EL  worker_manager.cpp:131] WorkerManager: Request new FuncWorker for func_id 1 with client_id 139
I1102 18:28:20.584945 IO-0/EL  worker_manager.cpp:131] WorkerManager: Request new FuncWorker for func_id 1 with client_id 140
I1102 18:28:20.584957 IO-0/EL  worker_manager.cpp:131] WorkerManager: Request new FuncWorker for func_id 1 with client_id 141
I1102 18:28:20.584967 IO-0/EL  worker_manager.cpp:131] WorkerManager: Request new FuncWorker for func_id 1 with client_id 142
I1102 18:28:20.584976 IO-0/EL  worker_manager.cpp:131] WorkerManager: Request new FuncWorker for func_id 1 with client_id 143
I1102 18:28:20.584988 IO-0/EL  worker_manager.cpp:131] WorkerManager: Request new FuncWorker for func_id 1 with client_id 144
I1102 18:28:20.584999 IO-0/EL  worker_manager.cpp:131] WorkerManager: Request new FuncWorker for func_id 1 with client_id 145
I1102 18:28:20.585009 IO-0/EL  worker_manager.cpp:131] WorkerManager: Request new FuncWorker for func_id 1 with client_id 146
I1102 18:28:20.585018 IO-0/EL  worker_manager.cpp:131] WorkerManager: Request new FuncWorker for func_id 1 with client_id 147
I1102 18:28:20.585029 IO-0/EL  worker_manager.cpp:131] WorkerManager: Request new FuncWorker for func_id 1 with client_id 148
I1102 18:28:20.585039 IO-0/EL  worker_manager.cpp:131] WorkerManager: Request new FuncWorker for func_id 1 with client_id 149
I1102 18:28:20.585048 IO-0/EL  worker_manager.cpp:131] WorkerManager: Request new FuncWorker for func_id 1 with client_id 150
I1102 18:28:20.585059 IO-0/EL  worker_manager.cpp:131] WorkerManager: Request new FuncWorker for func_id 1 with client_id 151
I1102 18:28:20.585068 IO-0/EL  worker_manager.cpp:131] WorkerManager: Request new FuncWorker for func_id 1 with client_id 152
I1102 18:28:20.585079 IO-0/EL  worker_manager.cpp:131] WorkerManager: Request new FuncWorker for func_id 1 with client_id 153
I1102 18:28:20.585094 IO-0/EL  worker_manager.cpp:131] WorkerManager: Request new FuncWorker for func_id 1 with client_id 154
I1102 18:28:20.585104 IO-0/EL  worker_manager.cpp:131] WorkerManager: Request new FuncWorker for func_id 1 with client_id 155
I1102 18:28:20.585114 IO-0/EL  worker_manager.cpp:131] WorkerManager: Request new FuncWorker for func_id 1 with client_id 156
I1102 18:28:20.585125 IO-0/EL  worker_manager.cpp:131] WorkerManager: Request new FuncWorker for func_id 1 with client_id 157
I1102 18:28:20.585135 IO-0/EL  worker_manager.cpp:131] WorkerManager: Request new FuncWorker for func_id 1 with client_id 158
I1102 18:28:20.585145 IO-0/EL  worker_manager.cpp:131] WorkerManager: Request new FuncWorker for func_id 1 with client_id 159
I1102 18:28:20.585154 IO-0/EL  worker_manager.cpp:131] WorkerManager: Request new FuncWorker for func_id 1 with client_id 160
I1102 18:28:20.585165 IO-0/EL  worker_manager.cpp:131] WorkerManager: Request new FuncWorker for func_id 1 with client_id 161
I1102 18:28:20.585175 IO-0/EL  worker_manager.cpp:131] WorkerManager: Request new FuncWorker for func_id 1 with client_id 162
I1102 18:28:20.585185 IO-0/EL  worker_manager.cpp:131] WorkerManager: Request new FuncWorker for func_id 1 with client_id 163
I1102 18:28:20.585196 IO-0/EL  worker_manager.cpp:131] WorkerManager: Request new FuncWorker for func_id 1 with client_id 164
I1102 18:28:20.585207 IO-0/EL  worker_manager.cpp:131] WorkerManager: Request new FuncWorker for func_id 1 with client_id 165
I1102 18:28:20.585217 IO-0/EL  worker_manager.cpp:131] WorkerManager: Request new FuncWorker for func_id 1 with client_id 166
I1102 18:28:20.585227 IO-0/EL  worker_manager.cpp:131] WorkerManager: Request new FuncWorker for func_id 1 with client_id 167
I1102 18:28:20.585236 IO-0/EL  worker_manager.cpp:131] WorkerManager: Request new FuncWorker for func_id 1 with client_id 168
I1102 18:28:20.585247 IO-0/EL  worker_manager.cpp:131] WorkerManager: Request new FuncWorker for func_id 1 with client_id 169
I1102 18:28:20.585258 IO-0/EL  worker_manager.cpp:131] WorkerManager: Request new FuncWorker for func_id 1 with client_id 170
I1102 18:28:20.585268 IO-0/EL  worker_manager.cpp:131] WorkerManager: Request new FuncWorker for func_id 1 with client_id 171
I1102 18:28:20.585277 IO-0/EL  worker_manager.cpp:131] WorkerManager: Request new FuncWorker for func_id 1 with client_id 172
I1102 18:28:20.585288 IO-0/EL  worker_manager.cpp:131] WorkerManager: Request new FuncWorker for func_id 1 with client_id 173
I1102 18:28:20.585298 IO-0/EL  worker_manager.cpp:131] WorkerManager: Request new FuncWorker for func_id 1 with client_id 174
I1102 18:28:20.585308 IO-0/EL  worker_manager.cpp:131] WorkerManager: Request new FuncWorker for func_id 1 with client_id 175
I1102 18:28:20.585316 IO-0/EL  worker_manager.cpp:131] WorkerManager: Request new FuncWorker for func_id 1 with client_id 176
I1102 18:28:20.585327 IO-0/EL  worker_manager.cpp:131] WorkerManager: Request new FuncWorker for func_id 1 with client_id 177
I1102 18:28:20.585338 IO-0/EL  worker_manager.cpp:131] WorkerManager: Request new FuncWorker for func_id 1 with client_id 178
I1102 18:28:20.585348 IO-0/EL  worker_manager.cpp:131] WorkerManager: Request new FuncWorker for func_id 1 with client_id 179
I1102 18:28:20.585357 IO-0/EL  worker_manager.cpp:131] WorkerManager: Request new FuncWorker for func_id 1 with client_id 180
I1102 18:28:20.585369 IO-0/EL  worker_manager.cpp:131] WorkerManager: Request new FuncWorker for func_id 1 with client_id 181
I1102 18:28:20.585380 IO-0/EL  worker_manager.cpp:131] WorkerManager: Request new FuncWorker for func_id 1 with client_id 182
I1102 18:28:20.585389 IO-0/EL  worker_manager.cpp:131] WorkerManager: Request new FuncWorker for func_id 1 with client_id 183
I1102 18:28:20.585398 IO-0/EL  worker_manager.cpp:131] WorkerManager: Request new FuncWorker for func_id 1 with client_id 184
I1102 18:28:20.585411 IO-0/EL  worker_manager.cpp:131] WorkerManager: Request new FuncWorker for func_id 1 with client_id 185
I1102 18:28:20.585423 IO-0/EL  worker_manager.cpp:131] WorkerManager: Request new FuncWorker for func_id 1 with client_id 186
I1102 18:28:20.585436 IO-0/EL  worker_manager.cpp:131] WorkerManager: Request new FuncWorker for func_id 1 with client_id 187
I1102 18:28:20.585445 IO-0/EL  worker_manager.cpp:131] WorkerManager: Request new FuncWorker for func_id 1 with client_id 188
I1102 18:28:20.585459 IO-0/EL  worker_manager.cpp:131] WorkerManager: Request new FuncWorker for func_id 1 with client_id 189
I1102 18:28:20.585468 IO-0/EL  worker_manager.cpp:131] WorkerManager: Request new FuncWorker for func_id 1 with client_id 190
I1102 18:28:20.585477 IO-0/EL  worker_manager.cpp:131] WorkerManager: Request new FuncWorker for func_id 1 with client_id 191
I1102 18:28:20.585487 IO-0/EL  worker_manager.cpp:131] WorkerManager: Request new FuncWorker for func_id 1 with client_id 192
I1102 18:28:20.585499 IO-0/EL  worker_manager.cpp:131] WorkerManager: Request new FuncWorker for func_id 1 with client_id 193
I1102 18:28:20.585509 IO-0/EL  worker_manager.cpp:131] WorkerManager: Request new FuncWorker for func_id 1 with client_id 194
I1102 18:28:20.585518 IO-0/EL  worker_manager.cpp:131] WorkerManager: Request new FuncWorker for func_id 1 with client_id 195
I1102 18:28:20.585528 IO-0/EL  worker_manager.cpp:131] WorkerManager: Request new FuncWorker for func_id 1 with client_id 196
I1102 18:28:20.585540 IO-0/EL  worker_manager.cpp:131] WorkerManager: Request new FuncWorker for func_id 1 with client_id 197
I1102 18:28:20.585549 IO-0/EL  worker_manager.cpp:131] WorkerManager: Request new FuncWorker for func_id 1 with client_id 198
I1102 18:28:20.585558 IO-0/EL  worker_manager.cpp:131] WorkerManager: Request new FuncWorker for func_id 1 with client_id 199
I1102 18:28:20.585567 IO-0/EL  worker_manager.cpp:131] WorkerManager: Request new FuncWorker for func_id 1 with client_id 200
I1102 18:28:20.585579 IO-0/EL  worker_manager.cpp:131] WorkerManager: Request new FuncWorker for func_id 1 with client_id 201
I1102 18:28:20.585590 IO-0/EL  worker_manager.cpp:131] WorkerManager: Request new FuncWorker for func_id 1 with client_id 202
I1102 18:28:20.585599 IO-0/EL  worker_manager.cpp:131] WorkerManager: Request new FuncWorker for func_id 1 with client_id 203
I1102 18:28:20.585609 IO-0/EL  worker_manager.cpp:131] WorkerManager: Request new FuncWorker for func_id 1 with client_id 204
I1102 18:28:20.585621 IO-0/EL  worker_manager.cpp:131] WorkerManager: Request new FuncWorker for func_id 1 with client_id 205
I1102 18:28:20.585632 IO-0/EL  worker_manager.cpp:131] WorkerManager: Request new FuncWorker for func_id 1 with client_id 206
I1102 18:28:20.585640 IO-0/EL  worker_manager.cpp:131] WorkerManager: Request new FuncWorker for func_id 1 with client_id 207
I1102 18:28:20.585652 IO-0/EL  worker_manager.cpp:131] WorkerManager: Request new FuncWorker for func_id 1 with client_id 208
I1102 18:28:20.585663 IO-0/EL  worker_manager.cpp:131] WorkerManager: Request new FuncWorker for func_id 1 with client_id 209
I1102 18:28:20.585672 IO-0/EL  worker_manager.cpp:131] WorkerManager: Request new FuncWorker for func_id 1 with client_id 210
I1102 18:28:20.585684 IO-0/EL  worker_manager.cpp:131] WorkerManager: Request new FuncWorker for func_id 1 with client_id 211
I1102 18:28:20.585693 IO-0/EL  worker_manager.cpp:131] WorkerManager: Request new FuncWorker for func_id 1 with client_id 212
I1102 18:28:20.585704 IO-0/EL  worker_manager.cpp:131] WorkerManager: Request new FuncWorker for func_id 1 with client_id 213
I1102 18:28:20.585718 IO-0/EL  worker_manager.cpp:131] WorkerManager: Request new FuncWorker for func_id 1 with client_id 214
I1102 18:28:20.585727 IO-0/EL  worker_manager.cpp:131] WorkerManager: Request new FuncWorker for func_id 1 with client_id 215
I1102 18:28:20.585739 IO-0/EL  worker_manager.cpp:131] WorkerManager: Request new FuncWorker for func_id 1 with client_id 216
I1102 18:28:20.585750 IO-0/EL  worker_manager.cpp:131] WorkerManager: Request new FuncWorker for func_id 1 with client_id 217
I1102 18:28:20.585760 IO-0/EL  worker_manager.cpp:131] WorkerManager: Request new FuncWorker for func_id 1 with client_id 218
I1102 18:28:20.585776 IO-0/EL  worker_manager.cpp:131] WorkerManager: Request new FuncWorker for func_id 1 with client_id 219
I1102 18:28:20.585786 IO-0/EL  worker_manager.cpp:131] WorkerManager: Request new FuncWorker for func_id 1 with client_id 220
I1102 18:28:20.585796 IO-0/EL  worker_manager.cpp:131] WorkerManager: Request new FuncWorker for func_id 1 with client_id 221
I1102 18:28:20.585812 IO-0/EL  worker_manager.cpp:131] WorkerManager: Request new FuncWorker for func_id 1 with client_id 222
I1102 18:28:20.585823 IO-0/EL  worker_manager.cpp:131] WorkerManager: Request new FuncWorker for func_id 1 with client_id 223
I1102 18:28:20.585832 IO-0/EL  worker_manager.cpp:131] WorkerManager: Request new FuncWorker for func_id 1 with client_id 224
I1102 18:28:20.585843 IO-0/EL  worker_manager.cpp:131] WorkerManager: Request new FuncWorker for func_id 1 with client_id 225
I1102 18:28:20.585854 IO-0/EL  worker_manager.cpp:131] WorkerManager: Request new FuncWorker for func_id 1 with client_id 226
I1102 18:28:20.585863 IO-0/EL  worker_manager.cpp:131] WorkerManager: Request new FuncWorker for func_id 1 with client_id 227
I1102 18:28:20.585873 IO-0/EL  worker_manager.cpp:131] WorkerManager: Request new FuncWorker for func_id 1 with client_id 228
I1102 18:28:20.585885 IO-0/EL  worker_manager.cpp:131] WorkerManager: Request new FuncWorker for func_id 1 with client_id 229
I1102 18:28:20.585894 IO-0/EL  worker_manager.cpp:131] WorkerManager: Request new FuncWorker for func_id 1 with client_id 230
I1102 18:28:20.585905 IO-0/EL  worker_manager.cpp:131] WorkerManager: Request new FuncWorker for func_id 1 with client_id 231
I1102 18:28:20.585914 IO-0/EL  worker_manager.cpp:131] WorkerManager: Request new FuncWorker for func_id 1 with client_id 232
I1102 18:28:20.585925 IO-0/EL  worker_manager.cpp:131] WorkerManager: Request new FuncWorker for func_id 1 with client_id 233
I1102 18:28:20.585935 IO-0/EL  worker_manager.cpp:131] WorkerManager: Request new FuncWorker for func_id 1 with client_id 234
I1102 18:28:20.585945 IO-0/EL  worker_manager.cpp:131] WorkerManager: Request new FuncWorker for func_id 1 with client_id 235
I1102 18:28:20.585954 IO-0/EL  worker_manager.cpp:131] WorkerManager: Request new FuncWorker for func_id 1 with client_id 236
I1102 18:28:20.585966 IO-0/EL  worker_manager.cpp:131] WorkerManager: Request new FuncWorker for func_id 1 with client_id 237
I1102 18:28:20.585977 IO-0/EL  worker_manager.cpp:131] WorkerManager: Request new FuncWorker for func_id 1 with client_id 238
I1102 18:28:20.585987 IO-0/EL  worker_manager.cpp:131] WorkerManager: Request new FuncWorker for func_id 1 with client_id 239
I1102 18:28:20.585995 IO-0/EL  worker_manager.cpp:131] WorkerManager: Request new FuncWorker for func_id 1 with client_id 240
I1102 18:28:20.586008 IO-0/EL  worker_manager.cpp:131] WorkerManager: Request new FuncWorker for func_id 1 with client_id 241
I1102 18:28:20.586018 IO-0/EL  worker_manager.cpp:131] WorkerManager: Request new FuncWorker for func_id 1 with client_id 242
I1102 18:28:20.586033 IO-0/EL  worker_manager.cpp:131] WorkerManager: Request new FuncWorker for func_id 1 with client_id 243
I1102 18:28:20.586042 IO-0/EL  worker_manager.cpp:131] WorkerManager: Request new FuncWorker for func_id 1 with client_id 244
I1102 18:28:20.586053 IO-0/EL  worker_manager.cpp:131] WorkerManager: Request new FuncWorker for func_id 1 with client_id 245
I1102 18:28:20.586064 IO-0/EL  worker_manager.cpp:131] WorkerManager: Request new FuncWorker for func_id 1 with client_id 246
I1102 18:28:20.586073 IO-0/EL  worker_manager.cpp:131] WorkerManager: Request new FuncWorker for func_id 1 with client_id 247
I1102 18:28:20.586082 IO-0/EL  worker_manager.cpp:131] WorkerManager: Request new FuncWorker for func_id 1 with client_id 248
I1102 18:28:20.586094 IO-0/EL  worker_manager.cpp:131] WorkerManager: Request new FuncWorker for func_id 1 with client_id 249
I1102 18:28:20.586103 IO-0/EL  worker_manager.cpp:131] WorkerManager: Request new FuncWorker for func_id 1 with client_id 250
I1102 18:28:20.586112 IO-0/EL  worker_manager.cpp:131] WorkerManager: Request new FuncWorker for func_id 1 with client_id 251
I1102 18:28:20.586127 IO-0/EL  worker_manager.cpp:131] WorkerManager: Request new FuncWorker for func_id 1 with client_id 252
I1102 18:28:20.586140 IO-0/EL  worker_manager.cpp:131] WorkerManager: Request new FuncWorker for func_id 1 with client_id 253
I1102 18:28:20.586150 IO-0/EL  worker_manager.cpp:131] WorkerManager: Request new FuncWorker for func_id 1 with client_id 254
I1102 18:28:20.586159 IO-0/EL  worker_manager.cpp:131] WorkerManager: Request new FuncWorker for func_id 1 with client_id 255
I1102 18:28:20.586170 IO-0/EL  worker_manager.cpp:131] WorkerManager: Request new FuncWorker for func_id 1 with client_id 256
I1102 18:28:20.586335 IO-0/EL  buffer_pool.h:25] BufferPool[IO-0_Write]: Allocate new buffer, current buffer count is 1
I1102 18:28:20.586367 IO-0/EL  buffer_pool.h:25] BufferPool[IO-0_Write]: Allocate new buffer, current buffer count is 2
I1102 18:28:20.586399 IO-0/EL  buffer_pool.h:25] BufferPool[IO-0_Write]: Allocate new buffer, current buffer count is 3
I1102 18:28:20.586441 IO-0/EL  buffer_pool.h:25] BufferPool[IO-0_Write]: Allocate new buffer, current buffer count is 4
I1102 18:28:20.586479 IO-0/EL  message_connection.cpp:269] LauncherConnection[1]: Handshake done
I1102 18:28:20.589615 Server/E engine.cpp:674] Engine: New message connection
I1102 18:28:20.589650 IO-0/EL  engine.cpp:277] Engine: Receive new handshake message from message connection
I1102 18:28:20.589656 IO-0/EL  worker_manager.cpp:60] WorkerManager: FuncWorker of func_id 1, client_id 1 connected
I1102 18:28:20.589667 IO-0/EL  dispatcher.cpp:47] Dispatcher[1]: min_workers=256
I1102 18:28:20.589671 IO-0/EL  dispatcher.cpp:51] Dispatcher[1]: max_workers=256
I1102 18:28:20.589692 IO-0/EL  message_connection.cpp:269] FuncWorkerConnection[1-1]: Handshake done
I1102 18:28:20.589988 Server/E engine.cpp:674] Engine: New message connection
I1102 18:28:20.590013 IO-0/EL  engine.cpp:277] Engine: Receive new handshake message from message connection
I1102 18:28:20.590018 IO-0/EL  worker_manager.cpp:60] WorkerManager: FuncWorker of func_id 1, client_id 2 connected
I1102 18:28:20.590033 IO-0/EL  message_connection.cpp:269] FuncWorkerConnection[1-2]: Handshake done
I1102 18:28:20.592284 Server/E engine.cpp:674] Engine: New message connection
I1102 18:28:20.592309 IO-0/EL  engine.cpp:277] Engine: Receive new handshake message from message connection
I1102 18:28:20.592314 IO-0/EL  worker_manager.cpp:60] WorkerManager: FuncWorker of func_id 1, client_id 3 connected
I1102 18:28:20.592328 IO-0/EL  message_connection.cpp:269] FuncWorkerConnection[1-3]: Handshake done
I1102 18:28:20.593520 Server/E engine.cpp:674] Engine: New message connection
I1102 18:28:20.593546 IO-0/EL  engine.cpp:277] Engine: Receive new handshake message from message connection
I1102 18:28:20.593552 IO-0/EL  worker_manager.cpp:60] WorkerManager: FuncWorker of func_id 1, client_id 4 connected
I1102 18:28:20.593566 IO-0/EL  message_connection.cpp:269] FuncWorkerConnection[1-4]: Handshake done
I1102 18:28:20.593885 Server/E engine.cpp:674] Engine: New message connection
I1102 18:28:20.593905 IO-0/EL  engine.cpp:277] Engine: Receive new handshake message from message connection
I1102 18:28:20.593909 IO-0/EL  worker_manager.cpp:60] WorkerManager: FuncWorker of func_id 1, client_id 5 connected
I1102 18:28:20.593922 IO-0/EL  message_connection.cpp:269] FuncWorkerConnection[1-5]: Handshake done
I1102 18:28:20.594299 Server/E engine.cpp:674] Engine: New message connection
I1102 18:28:20.594328 IO-0/EL  engine.cpp:277] Engine: Receive new handshake message from message connection
I1102 18:28:20.594332 IO-0/EL  worker_manager.cpp:60] WorkerManager: FuncWorker of func_id 1, client_id 6 connected
I1102 18:28:20.594346 IO-0/EL  message_connection.cpp:269] FuncWorkerConnection[1-6]: Handshake done
I1102 18:28:20.596270 Server/E engine.cpp:674] Engine: New message connection
I1102 18:28:20.596315 IO-0/EL  engine.cpp:277] Engine: Receive new handshake message from message connection
I1102 18:28:20.596321 IO-0/EL  worker_manager.cpp:60] WorkerManager: FuncWorker of func_id 1, client_id 7 connected
I1102 18:28:20.596348 IO-0/EL  message_connection.cpp:269] FuncWorkerConnection[1-7]: Handshake done
I1102 18:28:20.596598 Server/E engine.cpp:674] Engine: New message connection
I1102 18:28:20.596635 IO-0/EL  engine.cpp:277] Engine: Receive new handshake message from message connection
I1102 18:28:20.596640 IO-0/EL  worker_manager.cpp:60] WorkerManager: FuncWorker of func_id 1, client_id 8 connected
I1102 18:28:20.596653 IO-0/EL  message_connection.cpp:269] FuncWorkerConnection[1-8]: Handshake done
I1102 18:28:20.597049 Server/E engine.cpp:674] Engine: New message connection
I1102 18:28:20.597092 IO-0/EL  engine.cpp:277] Engine: Receive new handshake message from message connection
I1102 18:28:20.597097 IO-0/EL  worker_manager.cpp:60] WorkerManager: FuncWorker of func_id 1, client_id 9 connected
I1102 18:28:20.597110 IO-0/EL  message_connection.cpp:269] FuncWorkerConnection[1-9]: Handshake done
I1102 18:28:20.598323 Server/E engine.cpp:674] Engine: New message connection
I1102 18:28:20.598365 IO-0/EL  engine.cpp:277] Engine: Receive new handshake message from message connection
I1102 18:28:20.598370 IO-0/EL  worker_manager.cpp:60] WorkerManager: FuncWorker of func_id 1, client_id 11 connected
I1102 18:28:20.598384 IO-0/EL  message_connection.cpp:269] FuncWorkerConnection[1-11]: Handshake done
I1102 18:28:20.598725 Server/E engine.cpp:674] Engine: New message connection
I1102 18:28:20.598765 IO-0/EL  engine.cpp:277] Engine: Receive new handshake message from message connection
I1102 18:28:20.598770 IO-0/EL  worker_manager.cpp:60] WorkerManager: FuncWorker of func_id 1, client_id 12 connected
I1102 18:28:20.598783 IO-0/EL  message_connection.cpp:269] FuncWorkerConnection[1-12]: Handshake done
I1102 18:28:20.599150 Server/E engine.cpp:674] Engine: New message connection
I1102 18:28:20.599174 IO-0/EL  engine.cpp:277] Engine: Receive new handshake message from message connection
I1102 18:28:20.599179 IO-0/EL  worker_manager.cpp:60] WorkerManager: FuncWorker of func_id 1, client_id 13 connected
I1102 18:28:20.599192 IO-0/EL  message_connection.cpp:269] FuncWorkerConnection[1-13]: Handshake done
I1102 18:28:20.599650 Server/E engine.cpp:674] Engine: New message connection
I1102 18:28:20.599676 IO-0/EL  engine.cpp:277] Engine: Receive new handshake message from message connection
I1102 18:28:20.599680 IO-0/EL  worker_manager.cpp:60] WorkerManager: FuncWorker of func_id 1, client_id 14 connected
I1102 18:28:20.599693 IO-0/EL  message_connection.cpp:269] FuncWorkerConnection[1-14]: Handshake done
I1102 18:28:20.600100 Server/E engine.cpp:674] Engine: New message connection
I1102 18:28:20.600120 Server/E engine.cpp:674] Engine: New message connection
I1102 18:28:20.600126 IO-0/EL  engine.cpp:277] Engine: Receive new handshake message from message connection
I1102 18:28:20.600131 IO-0/EL  worker_manager.cpp:60] WorkerManager: FuncWorker of func_id 1, client_id 15 connected
I1102 18:28:20.600148 IO-0/EL  message_connection.cpp:269] FuncWorkerConnection[1-15]: Handshake done
I1102 18:28:20.600162 IO-0/EL  engine.cpp:277] Engine: Receive new handshake message from message connection
I1102 18:28:20.600166 IO-0/EL  worker_manager.cpp:60] WorkerManager: FuncWorker of func_id 1, client_id 10 connected
I1102 18:28:20.600184 IO-0/EL  message_connection.cpp:269] FuncWorkerConnection[1-10]: Handshake done
I1102 18:28:20.601372 Server/E engine.cpp:674] Engine: New message connection
I1102 18:28:20.601417 IO-0/EL  engine.cpp:277] Engine: Receive new handshake message from message connection
I1102 18:28:20.601423 IO-0/EL  worker_manager.cpp:60] WorkerManager: FuncWorker of func_id 1, client_id 16 connected
I1102 18:28:20.601437 IO-0/EL  message_connection.cpp:269] FuncWorkerConnection[1-16]: Handshake done
I1102 18:28:20.601517 Server/E engine.cpp:674] Engine: New message connection
I1102 18:28:20.601564 IO-0/EL  engine.cpp:277] Engine: Receive new handshake message from message connection
I1102 18:28:20.601569 IO-0/EL  worker_manager.cpp:60] WorkerManager: FuncWorker of func_id 1, client_id 17 connected
I1102 18:28:20.601590 IO-0/EL  message_connection.cpp:269] FuncWorkerConnection[1-17]: Handshake done
I1102 18:28:20.601862 Server/E engine.cpp:674] Engine: New message connection
I1102 18:28:20.601910 IO-0/EL  engine.cpp:277] Engine: Receive new handshake message from message connection
I1102 18:28:20.601915 IO-0/EL  worker_manager.cpp:60] WorkerManager: FuncWorker of func_id 1, client_id 18 connected
I1102 18:28:20.601928 IO-0/EL  message_connection.cpp:269] FuncWorkerConnection[1-18]: Handshake done
I1102 18:28:20.603216 Server/E engine.cpp:674] Engine: New message connection
I1102 18:28:20.603258 IO-0/EL  engine.cpp:277] Engine: Receive new handshake message from message connection
I1102 18:28:20.603263 IO-0/EL  worker_manager.cpp:60] WorkerManager: FuncWorker of func_id 1, client_id 19 connected
I1102 18:28:20.603277 IO-0/EL  message_connection.cpp:269] FuncWorkerConnection[1-19]: Handshake done
I1102 18:28:20.603880 Server/E engine.cpp:674] Engine: New message connection
I1102 18:28:20.603913 IO-0/EL  engine.cpp:277] Engine: Receive new handshake message from message connection
I1102 18:28:20.603918 IO-0/EL  worker_manager.cpp:60] WorkerManager: FuncWorker of func_id 1, client_id 21 connected
I1102 18:28:20.603931 IO-0/EL  message_connection.cpp:269] FuncWorkerConnection[1-21]: Handshake done
I1102 18:28:20.604073 Server/E engine.cpp:674] Engine: New message connection
I1102 18:28:20.604113 IO-0/EL  engine.cpp:277] Engine: Receive new handshake message from message connection
I1102 18:28:20.604118 IO-0/EL  worker_manager.cpp:60] WorkerManager: FuncWorker of func_id 1, client_id 20 connected
I1102 18:28:20.604131 IO-0/EL  message_connection.cpp:269] FuncWorkerConnection[1-20]: Handshake done
I1102 18:28:20.604312 Server/E engine.cpp:674] Engine: New message connection
I1102 18:28:20.604335 IO-0/EL  engine.cpp:277] Engine: Receive new handshake message from message connection
I1102 18:28:20.604340 IO-0/EL  worker_manager.cpp:60] WorkerManager: FuncWorker of func_id 1, client_id 22 connected
I1102 18:28:20.604352 IO-0/EL  message_connection.cpp:269] FuncWorkerConnection[1-22]: Handshake done
I1102 18:28:20.604687 Server/E engine.cpp:674] Engine: New message connection
I1102 18:28:20.604715 IO-0/EL  engine.cpp:277] Engine: Receive new handshake message from message connection
I1102 18:28:20.604720 IO-0/EL  worker_manager.cpp:60] WorkerManager: FuncWorker of func_id 1, client_id 23 connected
I1102 18:28:20.604733 IO-0/EL  message_connection.cpp:269] FuncWorkerConnection[1-23]: Handshake done
I1102 18:28:20.605899 Server/E engine.cpp:674] Engine: New message connection
I1102 18:28:20.605923 IO-0/EL  engine.cpp:277] Engine: Receive new handshake message from message connection
I1102 18:28:20.605928 IO-0/EL  worker_manager.cpp:60] WorkerManager: FuncWorker of func_id 1, client_id 24 connected
I1102 18:28:20.605941 IO-0/EL  message_connection.cpp:269] FuncWorkerConnection[1-24]: Handshake done
I1102 18:28:20.606045 Server/E engine.cpp:674] Engine: New message connection
I1102 18:28:20.606070 IO-0/EL  engine.cpp:277] Engine: Receive new handshake message from message connection
I1102 18:28:20.606075 IO-0/EL  worker_manager.cpp:60] WorkerManager: FuncWorker of func_id 1, client_id 25 connected
I1102 18:28:20.606088 IO-0/EL  message_connection.cpp:269] FuncWorkerConnection[1-25]: Handshake done
I1102 18:28:20.606506 Server/E engine.cpp:674] Engine: New message connection
I1102 18:28:20.606527 IO-0/EL  engine.cpp:277] Engine: Receive new handshake message from message connection
I1102 18:28:20.606532 IO-0/EL  worker_manager.cpp:60] WorkerManager: FuncWorker of func_id 1, client_id 26 connected
I1102 18:28:20.606544 IO-0/EL  message_connection.cpp:269] FuncWorkerConnection[1-26]: Handshake done
I1102 18:28:20.606957 Server/E engine.cpp:674] Engine: New message connection
I1102 18:28:20.606992 IO-0/EL  engine.cpp:277] Engine: Receive new handshake message from message connection
I1102 18:28:20.606997 IO-0/EL  worker_manager.cpp:60] WorkerManager: FuncWorker of func_id 1, client_id 27 connected
I1102 18:28:20.607011 IO-0/EL  message_connection.cpp:269] FuncWorkerConnection[1-27]: Handshake done
I1102 18:28:20.607356 Server/E engine.cpp:674] Engine: New message connection
I1102 18:28:20.607394 IO-0/EL  engine.cpp:277] Engine: Receive new handshake message from message connection
I1102 18:28:20.607399 IO-0/EL  worker_manager.cpp:60] WorkerManager: FuncWorker of func_id 1, client_id 28 connected
I1102 18:28:20.607412 IO-0/EL  message_connection.cpp:269] FuncWorkerConnection[1-28]: Handshake done
I1102 18:28:20.607819 Server/E engine.cpp:674] Engine: New message connection
I1102 18:28:20.607849 IO-0/EL  engine.cpp:277] Engine: Receive new handshake message from message connection
I1102 18:28:20.607854 IO-0/EL  worker_manager.cpp:60] WorkerManager: FuncWorker of func_id 1, client_id 29 connected
I1102 18:28:20.607871 IO-0/EL  message_connection.cpp:269] FuncWorkerConnection[1-29]: Handshake done
I1102 18:28:20.608214 Server/E engine.cpp:674] Engine: New message connection
I1102 18:28:20.608244 IO-0/EL  engine.cpp:277] Engine: Receive new handshake message from message connection
I1102 18:28:20.608249 IO-0/EL  worker_manager.cpp:60] WorkerManager: FuncWorker of func_id 1, client_id 30 connected
I1102 18:28:20.608262 IO-0/EL  message_connection.cpp:269] FuncWorkerConnection[1-30]: Handshake done
I1102 18:28:20.608702 Server/E engine.cpp:674] Engine: New message connection
I1102 18:28:20.608737 IO-0/EL  engine.cpp:277] Engine: Receive new handshake message from message connection
I1102 18:28:20.608742 IO-0/EL  worker_manager.cpp:60] WorkerManager: FuncWorker of func_id 1, client_id 31 connected
I1102 18:28:20.608756 IO-0/EL  message_connection.cpp:269] FuncWorkerConnection[1-31]: Handshake done
I1102 18:28:20.609657 Server/E engine.cpp:674] Engine: New message connection
I1102 18:28:20.609691 IO-0/EL  engine.cpp:277] Engine: Receive new handshake message from message connection
I1102 18:28:20.609695 IO-0/EL  worker_manager.cpp:60] WorkerManager: FuncWorker of func_id 1, client_id 33 connected
I1102 18:28:20.609712 IO-0/EL  message_connection.cpp:269] FuncWorkerConnection[1-33]: Handshake done
I1102 18:28:20.609835 Server/E engine.cpp:674] Engine: New message connection
I1102 18:28:20.609870 IO-0/EL  engine.cpp:277] Engine: Receive new handshake message from message connection
I1102 18:28:20.609875 IO-0/EL  worker_manager.cpp:60] WorkerManager: FuncWorker of func_id 1, client_id 32 connected
I1102 18:28:20.609888 IO-0/EL  message_connection.cpp:269] FuncWorkerConnection[1-32]: Handshake done
I1102 18:28:20.610043 Server/E engine.cpp:674] Engine: New message connection
I1102 18:28:20.610071 IO-0/EL  engine.cpp:277] Engine: Receive new handshake message from message connection
I1102 18:28:20.610076 IO-0/EL  worker_manager.cpp:60] WorkerManager: FuncWorker of func_id 1, client_id 34 connected
I1102 18:28:20.610089 IO-0/EL  message_connection.cpp:269] FuncWorkerConnection[1-34]: Handshake done
I1102 18:28:20.610531 Server/E engine.cpp:674] Engine: New message connection
I1102 18:28:20.610552 IO-0/EL  engine.cpp:277] Engine: Receive new handshake message from message connection
I1102 18:28:20.610556 IO-0/EL  worker_manager.cpp:60] WorkerManager: FuncWorker of func_id 1, client_id 35 connected
I1102 18:28:20.610569 IO-0/EL  message_connection.cpp:269] FuncWorkerConnection[1-35]: Handshake done
I1102 18:28:20.611032 Server/E engine.cpp:674] Engine: New message connection
I1102 18:28:20.611059 IO-0/EL  engine.cpp:277] Engine: Receive new handshake message from message connection
I1102 18:28:20.611064 IO-0/EL  worker_manager.cpp:60] WorkerManager: FuncWorker of func_id 1, client_id 36 connected
I1102 18:28:20.611077 IO-0/EL  message_connection.cpp:269] FuncWorkerConnection[1-36]: Handshake done
I1102 18:28:20.611427 Server/E engine.cpp:674] Engine: New message connection
I1102 18:28:20.611448 IO-0/EL  engine.cpp:277] Engine: Receive new handshake message from message connection
I1102 18:28:20.611453 IO-0/EL  worker_manager.cpp:60] WorkerManager: FuncWorker of func_id 1, client_id 37 connected
I1102 18:28:20.611465 IO-0/EL  message_connection.cpp:269] FuncWorkerConnection[1-37]: Handshake done
I1102 18:28:20.611869 Server/E engine.cpp:674] Engine: New message connection
I1102 18:28:20.611895 IO-0/EL  engine.cpp:277] Engine: Receive new handshake message from message connection
I1102 18:28:20.611900 IO-0/EL  worker_manager.cpp:60] WorkerManager: FuncWorker of func_id 1, client_id 38 connected
I1102 18:28:20.611914 IO-0/EL  message_connection.cpp:269] FuncWorkerConnection[1-38]: Handshake done
I1102 18:28:20.612293 Server/E engine.cpp:674] Engine: New message connection
I1102 18:28:20.612314 IO-0/EL  engine.cpp:277] Engine: Receive new handshake message from message connection
I1102 18:28:20.612318 IO-0/EL  worker_manager.cpp:60] WorkerManager: FuncWorker of func_id 1, client_id 39 connected
I1102 18:28:20.612331 IO-0/EL  message_connection.cpp:269] FuncWorkerConnection[1-39]: Handshake done
I1102 18:28:20.612796 Server/E engine.cpp:674] Engine: New message connection
I1102 18:28:20.612825 IO-0/EL  engine.cpp:277] Engine: Receive new handshake message from message connection
I1102 18:28:20.612830 IO-0/EL  worker_manager.cpp:60] WorkerManager: FuncWorker of func_id 1, client_id 40 connected
I1102 18:28:20.612844 IO-0/EL  message_connection.cpp:269] FuncWorkerConnection[1-40]: Handshake done
I1102 18:28:20.613312 Server/E engine.cpp:674] Engine: New message connection
I1102 18:28:20.613332 IO-0/EL  engine.cpp:277] Engine: Receive new handshake message from message connection
I1102 18:28:20.613336 IO-0/EL  worker_manager.cpp:60] WorkerManager: FuncWorker of func_id 1, client_id 41 connected
I1102 18:28:20.613353 IO-0/EL  message_connection.cpp:269] FuncWorkerConnection[1-41]: Handshake done
I1102 18:28:20.613793 Server/E engine.cpp:674] Engine: New message connection
I1102 18:28:20.613816 IO-0/EL  engine.cpp:277] Engine: Receive new handshake message from message connection
I1102 18:28:20.613821 IO-0/EL  worker_manager.cpp:60] WorkerManager: FuncWorker of func_id 1, client_id 42 connected
I1102 18:28:20.613834 IO-0/EL  message_connection.cpp:269] FuncWorkerConnection[1-42]: Handshake done
I1102 18:28:20.614153 Server/E engine.cpp:674] Engine: New message connection
I1102 18:28:20.614175 IO-0/EL  engine.cpp:277] Engine: Receive new handshake message from message connection
I1102 18:28:20.614180 IO-0/EL  worker_manager.cpp:60] WorkerManager: FuncWorker of func_id 1, client_id 43 connected
I1102 18:28:20.614194 IO-0/EL  message_connection.cpp:269] FuncWorkerConnection[1-43]: Handshake done
I1102 18:28:20.614924 Server/E engine.cpp:674] Engine: New message connection
I1102 18:28:20.614949 IO-0/EL  engine.cpp:277] Engine: Receive new handshake message from message connection
I1102 18:28:20.614954 IO-0/EL  worker_manager.cpp:60] WorkerManager: FuncWorker of func_id 1, client_id 44 connected
I1102 18:28:20.614968 IO-0/EL  message_connection.cpp:269] FuncWorkerConnection[1-44]: Handshake done
I1102 18:28:20.615104 Server/E engine.cpp:674] Engine: New message connection
I1102 18:28:20.615131 IO-0/EL  engine.cpp:277] Engine: Receive new handshake message from message connection
I1102 18:28:20.615136 IO-0/EL  worker_manager.cpp:60] WorkerManager: FuncWorker of func_id 1, client_id 45 connected
I1102 18:28:20.615149 IO-0/EL  message_connection.cpp:269] FuncWorkerConnection[1-45]: Handshake done
I1102 18:28:20.615529 Server/E engine.cpp:674] Engine: New message connection
I1102 18:28:20.615564 IO-0/EL  engine.cpp:277] Engine: Receive new handshake message from message connection
I1102 18:28:20.615568 IO-0/EL  worker_manager.cpp:60] WorkerManager: FuncWorker of func_id 1, client_id 46 connected
I1102 18:28:20.615581 IO-0/EL  message_connection.cpp:269] FuncWorkerConnection[1-46]: Handshake done
I1102 18:28:20.616025 Server/E engine.cpp:674] Engine: New message connection
I1102 18:28:20.616055 IO-0/EL  engine.cpp:277] Engine: Receive new handshake message from message connection
I1102 18:28:20.616060 IO-0/EL  worker_manager.cpp:60] WorkerManager: FuncWorker of func_id 1, client_id 47 connected
I1102 18:28:20.616073 IO-0/EL  message_connection.cpp:269] FuncWorkerConnection[1-47]: Handshake done
I1102 18:28:20.616464 Server/E engine.cpp:674] Engine: New message connection
I1102 18:28:20.616487 IO-0/EL  engine.cpp:277] Engine: Receive new handshake message from message connection
I1102 18:28:20.616491 IO-0/EL  worker_manager.cpp:60] WorkerManager: FuncWorker of func_id 1, client_id 48 connected
I1102 18:28:20.616504 IO-0/EL  message_connection.cpp:269] FuncWorkerConnection[1-48]: Handshake done
I1102 18:28:20.616957 Server/E engine.cpp:674] Engine: New message connection
I1102 18:28:20.616983 IO-0/EL  engine.cpp:277] Engine: Receive new handshake message from message connection
I1102 18:28:20.616988 IO-0/EL  worker_manager.cpp:60] WorkerManager: FuncWorker of func_id 1, client_id 49 connected
I1102 18:28:20.617002 IO-0/EL  message_connection.cpp:269] FuncWorkerConnection[1-49]: Handshake done
I1102 18:28:20.617387 Server/E engine.cpp:674] Engine: New message connection
I1102 18:28:20.617410 IO-0/EL  engine.cpp:277] Engine: Receive new handshake message from message connection
I1102 18:28:20.617414 IO-0/EL  worker_manager.cpp:60] WorkerManager: FuncWorker of func_id 1, client_id 50 connected
I1102 18:28:20.617427 IO-0/EL  message_connection.cpp:269] FuncWorkerConnection[1-50]: Handshake done
I1102 18:28:20.617908 Server/E engine.cpp:674] Engine: New message connection
I1102 18:28:20.617935 IO-0/EL  engine.cpp:277] Engine: Receive new handshake message from message connection
I1102 18:28:20.617940 IO-0/EL  worker_manager.cpp:60] WorkerManager: FuncWorker of func_id 1, client_id 51 connected
I1102 18:28:20.617954 IO-0/EL  message_connection.cpp:269] FuncWorkerConnection[1-51]: Handshake done
I1102 18:28:20.618326 Server/E engine.cpp:674] Engine: New message connection
I1102 18:28:20.618347 IO-0/EL  engine.cpp:277] Engine: Receive new handshake message from message connection
I1102 18:28:20.618352 IO-0/EL  worker_manager.cpp:60] WorkerManager: FuncWorker of func_id 1, client_id 52 connected
I1102 18:28:20.618364 IO-0/EL  message_connection.cpp:269] FuncWorkerConnection[1-52]: Handshake done
I1102 18:28:20.618815 Server/E engine.cpp:674] Engine: New message connection
I1102 18:28:20.618846 IO-0/EL  engine.cpp:277] Engine: Receive new handshake message from message connection
I1102 18:28:20.618852 IO-0/EL  worker_manager.cpp:60] WorkerManager: FuncWorker of func_id 1, client_id 53 connected
I1102 18:28:20.618865 IO-0/EL  message_connection.cpp:269] FuncWorkerConnection[1-53]: Handshake done
I1102 18:28:20.619246 Server/E engine.cpp:674] Engine: New message connection
I1102 18:28:20.619266 IO-0/EL  engine.cpp:277] Engine: Receive new handshake message from message connection
I1102 18:28:20.619271 IO-0/EL  worker_manager.cpp:60] WorkerManager: FuncWorker of func_id 1, client_id 54 connected
I1102 18:28:20.619283 IO-0/EL  message_connection.cpp:269] FuncWorkerConnection[1-54]: Handshake done
I1102 18:28:20.619830 Server/E engine.cpp:674] Engine: New message connection
I1102 18:28:20.619856 IO-0/EL  engine.cpp:277] Engine: Receive new handshake message from message connection
I1102 18:28:20.619862 IO-0/EL  worker_manager.cpp:60] WorkerManager: FuncWorker of func_id 1, client_id 55 connected
I1102 18:28:20.619875 IO-0/EL  message_connection.cpp:269] FuncWorkerConnection[1-55]: Handshake done
I1102 18:28:20.620200 Server/E engine.cpp:674] Engine: New message connection
I1102 18:28:20.620228 IO-0/EL  engine.cpp:277] Engine: Receive new handshake message from message connection
I1102 18:28:20.620233 IO-0/EL  worker_manager.cpp:60] WorkerManager: FuncWorker of func_id 1, client_id 56 connected
I1102 18:28:20.620247 IO-0/EL  message_connection.cpp:269] FuncWorkerConnection[1-56]: Handshake done
I1102 18:28:20.621299 Server/E engine.cpp:674] Engine: New message connection
I1102 18:28:20.621323 IO-0/EL  engine.cpp:277] Engine: Receive new handshake message from message connection
I1102 18:28:20.621329 IO-0/EL  worker_manager.cpp:60] WorkerManager: FuncWorker of func_id 1, client_id 58 connected
I1102 18:28:20.621351 IO-0/EL  message_connection.cpp:269] FuncWorkerConnection[1-58]: Handshake done
I1102 18:28:20.621406 Server/E engine.cpp:674] Engine: New message connection
I1102 18:28:20.621439 IO-0/EL  engine.cpp:277] Engine: Receive new handshake message from message connection
I1102 18:28:20.621444 IO-0/EL  worker_manager.cpp:60] WorkerManager: FuncWorker of func_id 1, client_id 57 connected
I1102 18:28:20.621457 IO-0/EL  message_connection.cpp:269] FuncWorkerConnection[1-57]: Handshake done
I1102 18:28:20.621838 Server/E engine.cpp:674] Engine: New message connection
I1102 18:28:20.621870 IO-0/EL  engine.cpp:277] Engine: Receive new handshake message from message connection
I1102 18:28:20.621875 IO-0/EL  worker_manager.cpp:60] WorkerManager: FuncWorker of func_id 1, client_id 59 connected
I1102 18:28:20.621889 IO-0/EL  message_connection.cpp:269] FuncWorkerConnection[1-59]: Handshake done
I1102 18:28:20.622314 Server/E engine.cpp:674] Engine: New message connection
I1102 18:28:20.622341 IO-0/EL  engine.cpp:277] Engine: Receive new handshake message from message connection
I1102 18:28:20.622345 IO-0/EL  worker_manager.cpp:60] WorkerManager: FuncWorker of func_id 1, client_id 60 connected
I1102 18:28:20.622358 IO-0/EL  message_connection.cpp:269] FuncWorkerConnection[1-60]: Handshake done
I1102 18:28:20.622668 Server/E engine.cpp:674] Engine: New message connection
I1102 18:28:20.622689 IO-0/EL  engine.cpp:277] Engine: Receive new handshake message from message connection
I1102 18:28:20.622693 IO-0/EL  worker_manager.cpp:60] WorkerManager: FuncWorker of func_id 1, client_id 61 connected
I1102 18:28:20.622706 IO-0/EL  message_connection.cpp:269] FuncWorkerConnection[1-61]: Handshake done
I1102 18:28:20.623232 Server/E engine.cpp:674] Engine: New message connection
I1102 18:28:20.623275 IO-0/EL  engine.cpp:277] Engine: Receive new handshake message from message connection
I1102 18:28:20.623281 IO-0/EL  worker_manager.cpp:60] WorkerManager: FuncWorker of func_id 1, client_id 62 connected
I1102 18:28:20.623295 IO-0/EL  message_connection.cpp:269] FuncWorkerConnection[1-62]: Handshake done
I1102 18:28:20.623812 Server/E engine.cpp:674] Engine: New message connection
I1102 18:28:20.623844 IO-0/EL  engine.cpp:277] Engine: Receive new handshake message from message connection
I1102 18:28:20.623850 IO-0/EL  worker_manager.cpp:60] WorkerManager: FuncWorker of func_id 1, client_id 63 connected
I1102 18:28:20.623867 IO-0/EL  message_connection.cpp:269] FuncWorkerConnection[1-63]: Handshake done
I1102 18:28:20.624192 Server/E engine.cpp:674] Engine: New message connection
I1102 18:28:20.624229 IO-0/EL  engine.cpp:277] Engine: Receive new handshake message from message connection
I1102 18:28:20.624233 IO-0/EL  worker_manager.cpp:60] WorkerManager: FuncWorker of func_id 1, client_id 64 connected
I1102 18:28:20.624246 IO-0/EL  message_connection.cpp:269] FuncWorkerConnection[1-64]: Handshake done
I1102 18:28:20.624689 Server/E engine.cpp:674] Engine: New message connection
I1102 18:28:20.624727 IO-0/EL  engine.cpp:277] Engine: Receive new handshake message from message connection
I1102 18:28:20.624733 IO-0/EL  worker_manager.cpp:60] WorkerManager: FuncWorker of func_id 1, client_id 65 connected
I1102 18:28:20.624746 IO-0/EL  message_connection.cpp:269] FuncWorkerConnection[1-65]: Handshake done
I1102 18:28:20.625374 Server/E engine.cpp:674] Engine: New message connection
I1102 18:28:20.625400 IO-0/EL  engine.cpp:277] Engine: Receive new handshake message from message connection
I1102 18:28:20.625404 IO-0/EL  worker_manager.cpp:60] WorkerManager: FuncWorker of func_id 1, client_id 66 connected
I1102 18:28:20.625417 IO-0/EL  message_connection.cpp:269] FuncWorkerConnection[1-66]: Handshake done
I1102 18:28:20.625625 Server/E engine.cpp:674] Engine: New message connection
I1102 18:28:20.625655 IO-0/EL  engine.cpp:277] Engine: Receive new handshake message from message connection
I1102 18:28:20.625659 IO-0/EL  worker_manager.cpp:60] WorkerManager: FuncWorker of func_id 1, client_id 67 connected
I1102 18:28:20.625672 IO-0/EL  message_connection.cpp:269] FuncWorkerConnection[1-67]: Handshake done
I1102 18:28:20.626103 Server/E engine.cpp:674] Engine: New message connection
I1102 18:28:20.626142 IO-0/EL  engine.cpp:277] Engine: Receive new handshake message from message connection
I1102 18:28:20.626146 IO-0/EL  worker_manager.cpp:60] WorkerManager: FuncWorker of func_id 1, client_id 68 connected
I1102 18:28:20.626159 IO-0/EL  message_connection.cpp:269] FuncWorkerConnection[1-68]: Handshake done
I1102 18:28:20.626522 Server/E engine.cpp:674] Engine: New message connection
I1102 18:28:20.626556 IO-0/EL  engine.cpp:277] Engine: Receive new handshake message from message connection
I1102 18:28:20.626561 IO-0/EL  worker_manager.cpp:60] WorkerManager: FuncWorker of func_id 1, client_id 69 connected
I1102 18:28:20.626573 IO-0/EL  message_connection.cpp:269] FuncWorkerConnection[1-69]: Handshake done
I1102 18:28:20.627106 Server/E engine.cpp:674] Engine: New message connection
I1102 18:28:20.627130 IO-0/EL  engine.cpp:277] Engine: Receive new handshake message from message connection
I1102 18:28:20.627135 IO-0/EL  worker_manager.cpp:60] WorkerManager: FuncWorker of func_id 1, client_id 70 connected
I1102 18:28:20.627151 IO-0/EL  message_connection.cpp:269] FuncWorkerConnection[1-70]: Handshake done
I1102 18:28:20.627501 Server/E engine.cpp:674] Engine: New message connection
I1102 18:28:20.627521 IO-0/EL  engine.cpp:277] Engine: Receive new handshake message from message connection
I1102 18:28:20.627525 IO-0/EL  worker_manager.cpp:60] WorkerManager: FuncWorker of func_id 1, client_id 71 connected
I1102 18:28:20.627538 IO-0/EL  message_connection.cpp:269] FuncWorkerConnection[1-71]: Handshake done
I1102 18:28:20.628019 Server/E engine.cpp:674] Engine: New message connection
I1102 18:28:20.628044 IO-0/EL  engine.cpp:277] Engine: Receive new handshake message from message connection
I1102 18:28:20.628052 IO-0/EL  worker_manager.cpp:60] WorkerManager: FuncWorker of func_id 1, client_id 72 connected
I1102 18:28:20.628065 IO-0/EL  message_connection.cpp:269] FuncWorkerConnection[1-72]: Handshake done
I1102 18:28:20.628409 Server/E engine.cpp:674] Engine: New message connection
I1102 18:28:20.628430 IO-0/EL  engine.cpp:277] Engine: Receive new handshake message from message connection
I1102 18:28:20.628435 IO-0/EL  worker_manager.cpp:60] WorkerManager: FuncWorker of func_id 1, client_id 73 connected
I1102 18:28:20.628447 IO-0/EL  message_connection.cpp:269] FuncWorkerConnection[1-73]: Handshake done
I1102 18:28:20.628897 Server/E engine.cpp:674] Engine: New message connection
I1102 18:28:20.628922 IO-0/EL  engine.cpp:277] Engine: Receive new handshake message from message connection
I1102 18:28:20.628927 IO-0/EL  worker_manager.cpp:60] WorkerManager: FuncWorker of func_id 1, client_id 74 connected
I1102 18:28:20.628940 IO-0/EL  message_connection.cpp:269] FuncWorkerConnection[1-74]: Handshake done
I1102 18:28:20.629299 Server/E engine.cpp:674] Engine: New message connection
I1102 18:28:20.629321 IO-0/EL  engine.cpp:277] Engine: Receive new handshake message from message connection
I1102 18:28:20.629325 IO-0/EL  worker_manager.cpp:60] WorkerManager: FuncWorker of func_id 1, client_id 75 connected
I1102 18:28:20.629338 IO-0/EL  message_connection.cpp:269] FuncWorkerConnection[1-75]: Handshake done
I1102 18:28:20.629776 Server/E engine.cpp:674] Engine: New message connection
I1102 18:28:20.629803 IO-0/EL  engine.cpp:277] Engine: Receive new handshake message from message connection
I1102 18:28:20.629807 IO-0/EL  worker_manager.cpp:60] WorkerManager: FuncWorker of func_id 1, client_id 76 connected
I1102 18:28:20.629821 IO-0/EL  message_connection.cpp:269] FuncWorkerConnection[1-76]: Handshake done
I1102 18:28:20.630283 Server/E engine.cpp:674] Engine: New message connection
I1102 18:28:20.630313 IO-0/EL  engine.cpp:277] Engine: Receive new handshake message from message connection
I1102 18:28:20.630318 IO-0/EL  worker_manager.cpp:60] WorkerManager: FuncWorker of func_id 1, client_id 77 connected
I1102 18:28:20.630330 IO-0/EL  message_connection.cpp:269] FuncWorkerConnection[1-77]: Handshake done
I1102 18:28:20.630458 Server/E engine.cpp:674] Engine: New message connection
I1102 18:28:20.630485 IO-0/EL  engine.cpp:277] Engine: Receive new handshake message from message connection
I1102 18:28:20.630506 IO-0/EL  worker_manager.cpp:60] WorkerManager: FuncWorker of func_id 1, client_id 78 connected
I1102 18:28:20.630520 IO-0/EL  message_connection.cpp:269] FuncWorkerConnection[1-78]: Handshake done
I1102 18:28:20.650733 Server/E engine.cpp:674] Engine: New message connection
I1102 18:28:20.650763 Server/E engine.cpp:674] Engine: New message connection
I1102 18:28:20.650771 IO-0/EL  engine.cpp:277] Engine: Receive new handshake message from message connection
I1102 18:28:20.650777 IO-0/EL  worker_manager.cpp:60] WorkerManager: FuncWorker of func_id 1, client_id 79 connected
I1102 18:28:20.650780 Server/E engine.cpp:674] Engine: New message connection
I1102 18:28:20.650791 IO-0/EL  message_connection.cpp:269] FuncWorkerConnection[1-79]: Handshake done
I1102 18:28:20.650793 Server/E engine.cpp:674] Engine: New message connection
I1102 18:28:20.650807 Server/E engine.cpp:674] Engine: New message connection
I1102 18:28:20.650813 IO-0/EL  engine.cpp:277] Engine: Receive new handshake message from message connection
I1102 18:28:20.650817 IO-0/EL  worker_manager.cpp:60] WorkerManager: FuncWorker of func_id 1, client_id 80 connected
I1102 18:28:20.650824 Server/E engine.cpp:674] Engine: New message connection
I1102 18:28:20.650831 IO-0/EL  message_connection.cpp:269] FuncWorkerConnection[1-80]: Handshake done
I1102 18:28:20.650837 Server/E engine.cpp:674] Engine: New message connection
I1102 18:28:20.650844 IO-0/EL  engine.cpp:277] Engine: Receive new handshake message from message connection
I1102 18:28:20.650849 IO-0/EL  worker_manager.cpp:60] WorkerManager: FuncWorker of func_id 1, client_id 81 connected
I1102 18:28:20.650851 Server/E engine.cpp:674] Engine: New message connection
I1102 18:28:20.650862 IO-0/EL  message_connection.cpp:269] FuncWorkerConnection[1-81]: Handshake done
I1102 18:28:20.650867 Server/E engine.cpp:674] Engine: New message connection
I1102 18:28:20.650880 IO-0/EL  engine.cpp:277] Engine: Receive new handshake message from message connection
I1102 18:28:20.650884 IO-0/EL  worker_manager.cpp:60] WorkerManager: FuncWorker of func_id 1, client_id 82 connected
I1102 18:28:20.650880 Server/E engine.cpp:674] Engine: New message connection
I1102 18:28:20.650901 IO-0/EL  message_connection.cpp:269] FuncWorkerConnection[1-82]: Handshake done
I1102 18:28:20.650910 Server/E engine.cpp:674] Engine: New message connection
I1102 18:28:20.650915 IO-0/EL  engine.cpp:277] Engine: Receive new handshake message from message connection
I1102 18:28:20.650919 IO-0/EL  worker_manager.cpp:60] WorkerManager: FuncWorker of func_id 1, client_id 83 connected
I1102 18:28:20.650925 Server/E engine.cpp:674] Engine: New message connection
I1102 18:28:20.650932 IO-0/EL  message_connection.cpp:269] FuncWorkerConnection[1-83]: Handshake done
I1102 18:28:20.650940 Server/E engine.cpp:674] Engine: New message connection
I1102 18:28:20.650950 IO-0/EL  engine.cpp:277] Engine: Receive new handshake message from message connection
I1102 18:28:20.650953 Server/E engine.cpp:674] Engine: New message connection
I1102 18:28:20.650954 IO-0/EL  worker_manager.cpp:60] WorkerManager: FuncWorker of func_id 1, client_id 84 connected
I1102 18:28:20.650968 Server/E engine.cpp:674] Engine: New message connection
I1102 18:28:20.650973 IO-0/EL  message_connection.cpp:269] FuncWorkerConnection[1-84]: Handshake done
I1102 18:28:20.650980 Server/E engine.cpp:674] Engine: New message connection
I1102 18:28:20.650986 IO-0/EL  engine.cpp:277] Engine: Receive new handshake message from message connection
I1102 18:28:20.650990 IO-0/EL  worker_manager.cpp:60] WorkerManager: FuncWorker of func_id 1, client_id 85 connected
I1102 18:28:20.650993 Server/E engine.cpp:674] Engine: New message connection
I1102 18:28:20.651007 IO-0/EL  message_connection.cpp:269] FuncWorkerConnection[1-85]: Handshake done
I1102 18:28:20.651008 Server/E engine.cpp:674] Engine: New message connection
I1102 18:28:20.651021 IO-0/EL  engine.cpp:277] Engine: Receive new handshake message from message connection
I1102 18:28:20.651033 IO-0/EL  worker_manager.cpp:60] WorkerManager: FuncWorker of func_id 1, client_id 86 connected
I1102 18:28:20.651025 Server/E engine.cpp:674] Engine: New message connection
I1102 18:28:20.651049 IO-0/EL  message_connection.cpp:269] FuncWorkerConnection[1-86]: Handshake done
I1102 18:28:20.651050 Server/E engine.cpp:674] Engine: New message connection
I1102 18:28:20.651065 Server/E engine.cpp:674] Engine: New message connection
I1102 18:28:20.651065 IO-0/EL  engine.cpp:277] Engine: Receive new handshake message from message connection
I1102 18:28:20.651082 Server/E engine.cpp:674] Engine: New message connection
I1102 18:28:20.651083 IO-0/EL  worker_manager.cpp:60] WorkerManager: FuncWorker of func_id 1, client_id 87 connected
I1102 18:28:20.651096 Server/E engine.cpp:674] Engine: New message connection
I1102 18:28:20.651104 IO-0/EL  message_connection.cpp:269] FuncWorkerConnection[1-87]: Handshake done
I1102 18:28:20.651110 Server/E engine.cpp:674] Engine: New message connection
I1102 18:28:20.651118 IO-0/EL  engine.cpp:277] Engine: Receive new handshake message from message connection
I1102 18:28:20.651122 IO-0/EL  worker_manager.cpp:60] WorkerManager: FuncWorker of func_id 1, client_id 88 connected
I1102 18:28:20.651126 Server/E engine.cpp:674] Engine: New message connection
I1102 18:28:20.651135 IO-0/EL  message_connection.cpp:269] FuncWorkerConnection[1-88]: Handshake done
I1102 18:28:20.651137 Server/E engine.cpp:674] Engine: New message connection
I1102 18:28:20.651152 Server/E engine.cpp:674] Engine: New message connection
I1102 18:28:20.651153 IO-0/EL  engine.cpp:277] Engine: Receive new handshake message from message connection
I1102 18:28:20.651165 IO-0/EL  worker_manager.cpp:60] WorkerManager: FuncWorker of func_id 1, client_id 89 connected
I1102 18:28:20.651167 Server/E engine.cpp:674] Engine: New message connection
I1102 18:28:20.651180 IO-0/EL  message_connection.cpp:269] FuncWorkerConnection[1-89]: Handshake done
I1102 18:28:20.651180 Server/E engine.cpp:674] Engine: New message connection
I1102 18:28:20.651194 IO-0/EL  engine.cpp:277] Engine: Receive new handshake message from message connection
I1102 18:28:20.651199 IO-0/EL  worker_manager.cpp:60] WorkerManager: FuncWorker of func_id 1, client_id 90 connected
I1102 18:28:20.651202 Server/E engine.cpp:674] Engine: New message connection
I1102 18:28:20.651212 IO-0/EL  message_connection.cpp:269] FuncWorkerConnection[1-90]: Handshake done
I1102 18:28:20.651216 Server/E engine.cpp:674] Engine: New message connection
I1102 18:28:20.651229 IO-0/EL  engine.cpp:277] Engine: Receive new handshake message from message connection
I1102 18:28:20.651232 Server/E engine.cpp:674] Engine: New message connection
I1102 18:28:20.651234 IO-0/EL  worker_manager.cpp:60] WorkerManager: FuncWorker of func_id 1, client_id 91 connected
I1102 18:28:20.651247 Server/E engine.cpp:674] Engine: New message connection
I1102 18:28:20.651257 IO-0/EL  message_connection.cpp:269] FuncWorkerConnection[1-91]: Handshake done
I1102 18:28:20.651263 Server/E engine.cpp:674] Engine: New message connection
I1102 18:28:20.651270 IO-0/EL  engine.cpp:277] Engine: Receive new handshake message from message connection
I1102 18:28:20.651274 IO-0/EL  worker_manager.cpp:60] WorkerManager: FuncWorker of func_id 1, client_id 92 connected
I1102 18:28:20.651282 Server/E engine.cpp:674] Engine: New message connection
I1102 18:28:20.651287 IO-0/EL  message_connection.cpp:269] FuncWorkerConnection[1-92]: Handshake done
I1102 18:28:20.651297 Server/E engine.cpp:674] Engine: New message connection
I1102 18:28:20.651304 IO-0/EL  engine.cpp:277] Engine: Receive new handshake message from message connection
I1102 18:28:20.651308 IO-0/EL  worker_manager.cpp:60] WorkerManager: FuncWorker of func_id 1, client_id 93 connected
I1102 18:28:20.651309 Server/E engine.cpp:674] Engine: New message connection
I1102 18:28:20.651323 IO-0/EL  message_connection.cpp:269] FuncWorkerConnection[1-93]: Handshake done
I1102 18:28:20.651325 Server/E engine.cpp:674] Engine: New message connection
I1102 18:28:20.651335 IO-0/EL  engine.cpp:277] Engine: Receive new handshake message from message connection
I1102 18:28:20.651350 IO-0/EL  worker_manager.cpp:60] WorkerManager: FuncWorker of func_id 1, client_id 94 connected
I1102 18:28:20.651352 Server/E engine.cpp:674] Engine: New message connection
I1102 18:28:20.651364 IO-0/EL  message_connection.cpp:269] FuncWorkerConnection[1-94]: Handshake done
I1102 18:28:20.651365 Server/E engine.cpp:674] Engine: New message connection
I1102 18:28:20.651381 IO-0/EL  engine.cpp:277] Engine: Receive new handshake message from message connection
I1102 18:28:20.651385 Server/E engine.cpp:674] Engine: New message connection
I1102 18:28:20.651386 IO-0/EL  worker_manager.cpp:60] WorkerManager: FuncWorker of func_id 1, client_id 95 connected
I1102 18:28:20.651407 IO-0/EL  message_connection.cpp:269] FuncWorkerConnection[1-95]: Handshake done
I1102 18:28:20.651420 IO-0/EL  engine.cpp:277] Engine: Receive new handshake message from message connection
I1102 18:28:20.651424 IO-0/EL  worker_manager.cpp:60] WorkerManager: FuncWorker of func_id 1, client_id 96 connected
I1102 18:28:20.651437 IO-0/EL  message_connection.cpp:269] FuncWorkerConnection[1-96]: Handshake done
I1102 18:28:20.651452 IO-0/EL  engine.cpp:277] Engine: Receive new handshake message from message connection
I1102 18:28:20.651457 IO-0/EL  worker_manager.cpp:60] WorkerManager: FuncWorker of func_id 1, client_id 97 connected
I1102 18:28:20.651470 IO-0/EL  message_connection.cpp:269] FuncWorkerConnection[1-97]: Handshake done
I1102 18:28:20.651482 IO-0/EL  engine.cpp:277] Engine: Receive new handshake message from message connection
I1102 18:28:20.651486 IO-0/EL  worker_manager.cpp:60] WorkerManager: FuncWorker of func_id 1, client_id 98 connected
I1102 18:28:20.651499 IO-0/EL  message_connection.cpp:269] FuncWorkerConnection[1-98]: Handshake done
I1102 18:28:20.651516 IO-0/EL  engine.cpp:277] Engine: Receive new handshake message from message connection
I1102 18:28:20.651520 IO-0/EL  worker_manager.cpp:60] WorkerManager: FuncWorker of func_id 1, client_id 99 connected
I1102 18:28:20.651535 IO-0/EL  message_connection.cpp:269] FuncWorkerConnection[1-99]: Handshake done
I1102 18:28:20.651547 IO-0/EL  engine.cpp:277] Engine: Receive new handshake message from message connection
I1102 18:28:20.651551 IO-0/EL  worker_manager.cpp:60] WorkerManager: FuncWorker of func_id 1, client_id 100 connected
I1102 18:28:20.651567 IO-0/EL  message_connection.cpp:269] FuncWorkerConnection[1-100]: Handshake done
I1102 18:28:20.651580 IO-0/EL  engine.cpp:277] Engine: Receive new handshake message from message connection
I1102 18:28:20.651583 IO-0/EL  worker_manager.cpp:60] WorkerManager: FuncWorker of func_id 1, client_id 101 connected
I1102 18:28:20.651597 IO-0/EL  message_connection.cpp:269] FuncWorkerConnection[1-101]: Handshake done
I1102 18:28:20.651612 IO-0/EL  engine.cpp:277] Engine: Receive new handshake message from message connection
I1102 18:28:20.651616 IO-0/EL  worker_manager.cpp:60] WorkerManager: FuncWorker of func_id 1, client_id 102 connected
I1102 18:28:20.651629 IO-0/EL  message_connection.cpp:269] FuncWorkerConnection[1-102]: Handshake done
I1102 18:28:20.651640 IO-0/EL  engine.cpp:277] Engine: Receive new handshake message from message connection
I1102 18:28:20.651644 IO-0/EL  worker_manager.cpp:60] WorkerManager: FuncWorker of func_id 1, client_id 103 connected
I1102 18:28:20.651657 IO-0/EL  message_connection.cpp:269] FuncWorkerConnection[1-103]: Handshake done
I1102 18:28:20.651671 IO-0/EL  engine.cpp:277] Engine: Receive new handshake message from message connection
I1102 18:28:20.651675 IO-0/EL  worker_manager.cpp:60] WorkerManager: FuncWorker of func_id 1, client_id 104 connected
I1102 18:28:20.651689 IO-0/EL  message_connection.cpp:269] FuncWorkerConnection[1-104]: Handshake done
I1102 18:28:20.651700 IO-0/EL  engine.cpp:277] Engine: Receive new handshake message from message connection
I1102 18:28:20.651704 IO-0/EL  worker_manager.cpp:60] WorkerManager: FuncWorker of func_id 1, client_id 105 connected
I1102 18:28:20.651720 IO-0/EL  message_connection.cpp:269] FuncWorkerConnection[1-105]: Handshake done
I1102 18:28:20.651743 IO-0/EL  engine.cpp:277] Engine: Receive new handshake message from message connection
I1102 18:28:20.651748 IO-0/EL  worker_manager.cpp:60] WorkerManager: FuncWorker of func_id 1, client_id 106 connected
I1102 18:28:20.651761 IO-0/EL  message_connection.cpp:269] FuncWorkerConnection[1-106]: Handshake done
I1102 18:28:20.651772 IO-0/EL  engine.cpp:277] Engine: Receive new handshake message from message connection
I1102 18:28:20.651776 IO-0/EL  worker_manager.cpp:60] WorkerManager: FuncWorker of func_id 1, client_id 107 connected
I1102 18:28:20.651789 IO-0/EL  message_connection.cpp:269] FuncWorkerConnection[1-107]: Handshake done
I1102 18:28:20.651804 IO-0/EL  engine.cpp:277] Engine: Receive new handshake message from message connection
I1102 18:28:20.651808 IO-0/EL  worker_manager.cpp:60] WorkerManager: FuncWorker of func_id 1, client_id 108 connected
I1102 18:28:20.651821 IO-0/EL  message_connection.cpp:269] FuncWorkerConnection[1-108]: Handshake done
I1102 18:28:20.651832 IO-0/EL  engine.cpp:277] Engine: Receive new handshake message from message connection
I1102 18:28:20.651836 IO-0/EL  worker_manager.cpp:60] WorkerManager: FuncWorker of func_id 1, client_id 109 connected
I1102 18:28:20.651849 IO-0/EL  message_connection.cpp:269] FuncWorkerConnection[1-109]: Handshake done
I1102 18:28:20.651863 IO-0/EL  engine.cpp:277] Engine: Receive new handshake message from message connection
I1102 18:28:20.651867 IO-0/EL  worker_manager.cpp:60] WorkerManager: FuncWorker of func_id 1, client_id 110 connected
I1102 18:28:20.651880 IO-0/EL  message_connection.cpp:269] FuncWorkerConnection[1-110]: Handshake done
I1102 18:28:20.651898 IO-0/EL  engine.cpp:277] Engine: Receive new handshake message from message connection
I1102 18:28:20.651902 IO-0/EL  worker_manager.cpp:60] WorkerManager: FuncWorker of func_id 1, client_id 111 connected
I1102 18:28:20.651915 IO-0/EL  message_connection.cpp:269] FuncWorkerConnection[1-111]: Handshake done
I1102 18:28:20.651930 IO-0/EL  engine.cpp:277] Engine: Receive new handshake message from message connection
I1102 18:28:20.651934 IO-0/EL  worker_manager.cpp:60] WorkerManager: FuncWorker of func_id 1, client_id 112 connected
I1102 18:28:20.651947 IO-0/EL  message_connection.cpp:269] FuncWorkerConnection[1-112]: Handshake done
I1102 18:28:20.651959 IO-0/EL  engine.cpp:277] Engine: Receive new handshake message from message connection
I1102 18:28:20.651963 IO-0/EL  worker_manager.cpp:60] WorkerManager: FuncWorker of func_id 1, client_id 113 connected
I1102 18:28:20.651985 IO-0/EL  message_connection.cpp:269] FuncWorkerConnection[1-113]: Handshake done
I1102 18:28:20.651997 IO-0/EL  engine.cpp:277] Engine: Receive new handshake message from message connection
I1102 18:28:20.652001 IO-0/EL  worker_manager.cpp:60] WorkerManager: FuncWorker of func_id 1, client_id 114 connected
I1102 18:28:20.652014 IO-0/EL  message_connection.cpp:269] FuncWorkerConnection[1-114]: Handshake done
I1102 18:28:20.652026 IO-0/EL  engine.cpp:277] Engine: Receive new handshake message from message connection
I1102 18:28:20.652029 IO-0/EL  worker_manager.cpp:60] WorkerManager: FuncWorker of func_id 1, client_id 115 connected
I1102 18:28:20.652044 IO-0/EL  message_connection.cpp:269] FuncWorkerConnection[1-115]: Handshake done
I1102 18:28:20.652055 IO-0/EL  engine.cpp:277] Engine: Receive new handshake message from message connection
I1102 18:28:20.652059 IO-0/EL  worker_manager.cpp:60] WorkerManager: FuncWorker of func_id 1, client_id 116 connected
I1102 18:28:20.652072 IO-0/EL  message_connection.cpp:269] FuncWorkerConnection[1-116]: Handshake done
I1102 18:28:20.652087 IO-0/EL  engine.cpp:277] Engine: Receive new handshake message from message connection
I1102 18:28:20.652091 IO-0/EL  worker_manager.cpp:60] WorkerManager: FuncWorker of func_id 1, client_id 117 connected
I1102 18:28:20.652104 IO-0/EL  message_connection.cpp:269] FuncWorkerConnection[1-117]: Handshake done
I1102 18:28:20.652115 IO-0/EL  engine.cpp:277] Engine: Receive new handshake message from message connection
I1102 18:28:20.652123 IO-0/EL  worker_manager.cpp:60] WorkerManager: FuncWorker of func_id 1, client_id 118 connected
I1102 18:28:20.652142 IO-0/EL  message_connection.cpp:269] FuncWorkerConnection[1-118]: Handshake done
I1102 18:28:20.652152 IO-0/EL  engine.cpp:277] Engine: Receive new handshake message from message connection
I1102 18:28:20.652156 IO-0/EL  worker_manager.cpp:60] WorkerManager: FuncWorker of func_id 1, client_id 119 connected
I1102 18:28:20.652169 IO-0/EL  message_connection.cpp:269] FuncWorkerConnection[1-119]: Handshake done
I1102 18:28:20.669029 Server/E engine.cpp:674] Engine: New message connection
I1102 18:28:20.669064 IO-0/EL  engine.cpp:277] Engine: Receive new handshake message from message connection
I1102 18:28:20.669070 IO-0/EL  worker_manager.cpp:60] WorkerManager: FuncWorker of func_id 1, client_id 121 connected
I1102 18:28:20.669088 IO-0/EL  message_connection.cpp:269] FuncWorkerConnection[1-121]: Handshake done
I1102 18:28:20.669265 Server/E engine.cpp:674] Engine: New message connection
I1102 18:28:20.669312 IO-0/EL  engine.cpp:277] Engine: Receive new handshake message from message connection
I1102 18:28:20.669317 IO-0/EL  worker_manager.cpp:60] WorkerManager: FuncWorker of func_id 1, client_id 122 connected
I1102 18:28:20.669330 IO-0/EL  message_connection.cpp:269] FuncWorkerConnection[1-122]: Handshake done
I1102 18:28:20.669367 Server/E engine.cpp:674] Engine: New message connection
I1102 18:28:20.669389 IO-0/EL  engine.cpp:277] Engine: Receive new handshake message from message connection
I1102 18:28:20.669393 IO-0/EL  worker_manager.cpp:60] WorkerManager: FuncWorker of func_id 1, client_id 120 connected
I1102 18:28:20.669409 IO-0/EL  message_connection.cpp:269] FuncWorkerConnection[1-120]: Handshake done
I1102 18:28:20.669593 Server/E engine.cpp:674] Engine: New message connection
I1102 18:28:20.669614 IO-0/EL  engine.cpp:277] Engine: Receive new handshake message from message connection
I1102 18:28:20.669618 IO-0/EL  worker_manager.cpp:60] WorkerManager: FuncWorker of func_id 1, client_id 123 connected
I1102 18:28:20.669631 IO-0/EL  message_connection.cpp:269] FuncWorkerConnection[1-123]: Handshake done
I1102 18:28:20.670264 Server/E engine.cpp:674] Engine: New message connection
I1102 18:28:20.670291 IO-0/EL  engine.cpp:277] Engine: Receive new handshake message from message connection
I1102 18:28:20.670296 IO-0/EL  worker_manager.cpp:60] WorkerManager: FuncWorker of func_id 1, client_id 124 connected
I1102 18:28:20.670309 IO-0/EL  message_connection.cpp:269] FuncWorkerConnection[1-124]: Handshake done
I1102 18:28:20.670783 Server/E engine.cpp:674] Engine: New message connection
I1102 18:28:20.670806 IO-0/EL  engine.cpp:277] Engine: Receive new handshake message from message connection
I1102 18:28:20.670811 IO-0/EL  worker_manager.cpp:60] WorkerManager: FuncWorker of func_id 1, client_id 125 connected
I1102 18:28:20.670824 IO-0/EL  message_connection.cpp:269] FuncWorkerConnection[1-125]: Handshake done
I1102 18:28:20.671206 Server/E engine.cpp:674] Engine: New message connection
I1102 18:28:20.671231 IO-0/EL  engine.cpp:277] Engine: Receive new handshake message from message connection
I1102 18:28:20.671236 IO-0/EL  worker_manager.cpp:60] WorkerManager: FuncWorker of func_id 1, client_id 126 connected
I1102 18:28:20.671249 IO-0/EL  message_connection.cpp:269] FuncWorkerConnection[1-126]: Handshake done
I1102 18:28:20.671750 Server/E engine.cpp:674] Engine: New message connection
I1102 18:28:20.671795 IO-0/EL  engine.cpp:277] Engine: Receive new handshake message from message connection
I1102 18:28:20.671799 IO-0/EL  worker_manager.cpp:60] WorkerManager: FuncWorker of func_id 1, client_id 127 connected
I1102 18:28:20.671817 IO-0/EL  message_connection.cpp:269] FuncWorkerConnection[1-127]: Handshake done
I1102 18:28:20.671843 Server/E engine.cpp:674] Engine: New message connection
I1102 18:28:20.671867 IO-0/EL  engine.cpp:277] Engine: Receive new handshake message from message connection
I1102 18:28:20.671871 IO-0/EL  worker_manager.cpp:60] WorkerManager: FuncWorker of func_id 1, client_id 128 connected
I1102 18:28:20.671891 IO-0/EL  message_connection.cpp:269] FuncWorkerConnection[1-128]: Handshake done
I1102 18:28:20.672757 Server/E engine.cpp:674] Engine: New message connection
I1102 18:28:20.672785 IO-0/EL  engine.cpp:277] Engine: Receive new handshake message from message connection
I1102 18:28:20.672791 IO-0/EL  worker_manager.cpp:60] WorkerManager: FuncWorker of func_id 1, client_id 129 connected
I1102 18:28:20.672805 IO-0/EL  message_connection.cpp:269] FuncWorkerConnection[1-129]: Handshake done
I1102 18:28:20.673158 Server/E engine.cpp:674] Engine: New message connection
I1102 18:28:20.673178 IO-0/EL  engine.cpp:277] Engine: Receive new handshake message from message connection
I1102 18:28:20.673182 IO-0/EL  worker_manager.cpp:60] WorkerManager: FuncWorker of func_id 1, client_id 130 connected
I1102 18:28:20.673195 IO-0/EL  message_connection.cpp:269] FuncWorkerConnection[1-130]: Handshake done
I1102 18:28:20.673806 Server/E engine.cpp:674] Engine: New message connection
I1102 18:28:20.673834 IO-0/EL  engine.cpp:277] Engine: Receive new handshake message from message connection
I1102 18:28:20.673839 IO-0/EL  worker_manager.cpp:60] WorkerManager: FuncWorker of func_id 1, client_id 131 connected
I1102 18:28:20.673855 IO-0/EL  message_connection.cpp:269] FuncWorkerConnection[1-131]: Handshake done
I1102 18:28:20.674800 Server/E engine.cpp:674] Engine: New message connection
I1102 18:28:20.674822 IO-0/EL  engine.cpp:277] Engine: Receive new handshake message from message connection
I1102 18:28:20.674827 IO-0/EL  worker_manager.cpp:60] WorkerManager: FuncWorker of func_id 1, client_id 133 connected
I1102 18:28:20.674841 IO-0/EL  message_connection.cpp:269] FuncWorkerConnection[1-133]: Handshake done
I1102 18:28:20.675013 Server/E engine.cpp:674] Engine: New message connection
I1102 18:28:20.675039 IO-0/EL  engine.cpp:277] Engine: Receive new handshake message from message connection
I1102 18:28:20.675043 IO-0/EL  worker_manager.cpp:60] WorkerManager: FuncWorker of func_id 1, client_id 132 connected
I1102 18:28:20.675056 IO-0/EL  message_connection.cpp:269] FuncWorkerConnection[1-132]: Handshake done
I1102 18:28:20.675199 Server/E engine.cpp:674] Engine: New message connection
I1102 18:28:20.675222 IO-0/EL  engine.cpp:277] Engine: Receive new handshake message from message connection
I1102 18:28:20.675226 IO-0/EL  worker_manager.cpp:60] WorkerManager: FuncWorker of func_id 1, client_id 134 connected
I1102 18:28:20.675239 IO-0/EL  message_connection.cpp:269] FuncWorkerConnection[1-134]: Handshake done
I1102 18:28:20.675660 Server/E engine.cpp:674] Engine: New message connection
I1102 18:28:20.675683 IO-0/EL  engine.cpp:277] Engine: Receive new handshake message from message connection
I1102 18:28:20.675688 IO-0/EL  worker_manager.cpp:60] WorkerManager: FuncWorker of func_id 1, client_id 135 connected
I1102 18:28:20.675701 IO-0/EL  message_connection.cpp:269] FuncWorkerConnection[1-135]: Handshake done
I1102 18:28:20.675801 Server/E engine.cpp:674] Engine: New message connection
I1102 18:28:20.675824 IO-0/EL  engine.cpp:277] Engine: Receive new handshake message from message connection
I1102 18:28:20.675829 IO-0/EL  worker_manager.cpp:60] WorkerManager: FuncWorker of func_id 1, client_id 136 connected
I1102 18:28:20.675842 IO-0/EL  message_connection.cpp:269] FuncWorkerConnection[1-136]: Handshake done
I1102 18:28:20.676951 Server/E engine.cpp:674] Engine: New message connection
I1102 18:28:20.676977 IO-0/EL  engine.cpp:277] Engine: Receive new handshake message from message connection
I1102 18:28:20.676982 IO-0/EL  worker_manager.cpp:60] WorkerManager: FuncWorker of func_id 1, client_id 137 connected
I1102 18:28:20.676996 IO-0/EL  message_connection.cpp:269] FuncWorkerConnection[1-137]: Handshake done
I1102 18:28:20.677242 Server/E engine.cpp:674] Engine: New message connection
I1102 18:28:20.677263 IO-0/EL  engine.cpp:277] Engine: Receive new handshake message from message connection
I1102 18:28:20.677267 IO-0/EL  worker_manager.cpp:60] WorkerManager: FuncWorker of func_id 1, client_id 138 connected
I1102 18:28:20.677291 IO-0/EL  message_connection.cpp:269] FuncWorkerConnection[1-138]: Handshake done
I1102 18:28:20.677527 Server/E engine.cpp:674] Engine: New message connection
I1102 18:28:20.677557 IO-0/EL  engine.cpp:277] Engine: Receive new handshake message from message connection
I1102 18:28:20.677561 IO-0/EL  worker_manager.cpp:60] WorkerManager: FuncWorker of func_id 1, client_id 139 connected
I1102 18:28:20.677574 IO-0/EL  message_connection.cpp:269] FuncWorkerConnection[1-139]: Handshake done
I1102 18:28:20.677981 Server/E engine.cpp:674] Engine: New message connection
I1102 18:28:20.678009 IO-0/EL  engine.cpp:277] Engine: Receive new handshake message from message connection
I1102 18:28:20.678013 IO-0/EL  worker_manager.cpp:60] WorkerManager: FuncWorker of func_id 1, client_id 140 connected
I1102 18:28:20.678030 IO-0/EL  message_connection.cpp:269] FuncWorkerConnection[1-140]: Handshake done
I1102 18:28:20.678520 Server/E engine.cpp:674] Engine: New message connection
I1102 18:28:20.678547 IO-0/EL  engine.cpp:277] Engine: Receive new handshake message from message connection
I1102 18:28:20.678551 IO-0/EL  worker_manager.cpp:60] WorkerManager: FuncWorker of func_id 1, client_id 141 connected
I1102 18:28:20.678565 IO-0/EL  message_connection.cpp:269] FuncWorkerConnection[1-141]: Handshake done
I1102 18:28:20.679072 Server/E engine.cpp:674] Engine: New message connection
I1102 18:28:20.679116 IO-0/EL  engine.cpp:277] Engine: Receive new handshake message from message connection
I1102 18:28:20.679121 IO-0/EL  worker_manager.cpp:60] WorkerManager: FuncWorker of func_id 1, client_id 142 connected
I1102 18:28:20.679135 IO-0/EL  message_connection.cpp:269] FuncWorkerConnection[1-142]: Handshake done
I1102 18:28:20.679419 Server/E engine.cpp:674] Engine: New message connection
I1102 18:28:20.679469 IO-0/EL  engine.cpp:277] Engine: Receive new handshake message from message connection
I1102 18:28:20.679474 IO-0/EL  worker_manager.cpp:60] WorkerManager: FuncWorker of func_id 1, client_id 143 connected
I1102 18:28:20.679487 IO-0/EL  message_connection.cpp:269] FuncWorkerConnection[1-143]: Handshake done
I1102 18:28:20.679895 Server/E engine.cpp:674] Engine: New message connection
I1102 18:28:20.679935 IO-0/EL  engine.cpp:277] Engine: Receive new handshake message from message connection
I1102 18:28:20.679940 IO-0/EL  worker_manager.cpp:60] WorkerManager: FuncWorker of func_id 1, client_id 144 connected
I1102 18:28:20.679954 IO-0/EL  message_connection.cpp:269] FuncWorkerConnection[1-144]: Handshake done
I1102 18:28:20.680308 Server/E engine.cpp:674] Engine: New message connection
I1102 18:28:20.680329 IO-0/EL  engine.cpp:277] Engine: Receive new handshake message from message connection
I1102 18:28:20.680334 IO-0/EL  worker_manager.cpp:60] WorkerManager: FuncWorker of func_id 1, client_id 145 connected
I1102 18:28:20.680346 IO-0/EL  message_connection.cpp:269] FuncWorkerConnection[1-145]: Handshake done
I1102 18:28:20.680777 Server/E engine.cpp:674] Engine: New message connection
I1102 18:28:20.680804 IO-0/EL  engine.cpp:277] Engine: Receive new handshake message from message connection
I1102 18:28:20.680809 IO-0/EL  worker_manager.cpp:60] WorkerManager: FuncWorker of func_id 1, client_id 146 connected
I1102 18:28:20.680823 IO-0/EL  message_connection.cpp:269] FuncWorkerConnection[1-146]: Handshake done
I1102 18:28:20.681313 Server/E engine.cpp:674] Engine: New message connection
I1102 18:28:20.681332 IO-0/EL  engine.cpp:277] Engine: Receive new handshake message from message connection
I1102 18:28:20.681337 IO-0/EL  worker_manager.cpp:60] WorkerManager: FuncWorker of func_id 1, client_id 147 connected
I1102 18:28:20.681351 IO-0/EL  message_connection.cpp:269] FuncWorkerConnection[1-147]: Handshake done
I1102 18:28:20.681742 Server/E engine.cpp:674] Engine: New message connection
I1102 18:28:20.681769 IO-0/EL  engine.cpp:277] Engine: Receive new handshake message from message connection
I1102 18:28:20.681774 IO-0/EL  worker_manager.cpp:60] WorkerManager: FuncWorker of func_id 1, client_id 148 connected
I1102 18:28:20.681794 IO-0/EL  message_connection.cpp:269] FuncWorkerConnection[1-148]: Handshake done
I1102 18:28:20.683031 Server/E engine.cpp:674] Engine: New message connection
I1102 18:28:20.683054 IO-0/EL  engine.cpp:277] Engine: Receive new handshake message from message connection
I1102 18:28:20.683059 IO-0/EL  worker_manager.cpp:60] WorkerManager: FuncWorker of func_id 1, client_id 149 connected
I1102 18:28:20.683072 IO-0/EL  message_connection.cpp:269] FuncWorkerConnection[1-149]: Handshake done
I1102 18:28:20.683203 Server/E engine.cpp:674] Engine: New message connection
I1102 18:28:20.683227 IO-0/EL  engine.cpp:277] Engine: Receive new handshake message from message connection
I1102 18:28:20.683232 IO-0/EL  worker_manager.cpp:60] WorkerManager: FuncWorker of func_id 1, client_id 150 connected
I1102 18:28:20.683245 IO-0/EL  message_connection.cpp:269] FuncWorkerConnection[1-150]: Handshake done
I1102 18:28:20.683632 Server/E engine.cpp:674] Engine: New message connection
I1102 18:28:20.683655 IO-0/EL  engine.cpp:277] Engine: Receive new handshake message from message connection
I1102 18:28:20.683659 IO-0/EL  worker_manager.cpp:60] WorkerManager: FuncWorker of func_id 1, client_id 151 connected
I1102 18:28:20.683672 IO-0/EL  message_connection.cpp:269] FuncWorkerConnection[1-151]: Handshake done
I1102 18:28:20.684098 Server/E engine.cpp:674] Engine: New message connection
I1102 18:28:20.684134 IO-0/EL  engine.cpp:277] Engine: Receive new handshake message from message connection
I1102 18:28:20.684139 IO-0/EL  worker_manager.cpp:60] WorkerManager: FuncWorker of func_id 1, client_id 152 connected
I1102 18:28:20.684152 IO-0/EL  message_connection.cpp:269] FuncWorkerConnection[1-152]: Handshake done
I1102 18:28:20.684531 Server/E engine.cpp:674] Engine: New message connection
I1102 18:28:20.684552 IO-0/EL  engine.cpp:277] Engine: Receive new handshake message from message connection
I1102 18:28:20.684556 IO-0/EL  worker_manager.cpp:60] WorkerManager: FuncWorker of func_id 1, client_id 153 connected
I1102 18:28:20.684569 IO-0/EL  message_connection.cpp:269] FuncWorkerConnection[1-153]: Handshake done
I1102 18:28:20.684979 Server/E engine.cpp:674] Engine: New message connection
I1102 18:28:20.685007 IO-0/EL  engine.cpp:277] Engine: Receive new handshake message from message connection
I1102 18:28:20.685012 IO-0/EL  worker_manager.cpp:60] WorkerManager: FuncWorker of func_id 1, client_id 154 connected
I1102 18:28:20.685026 IO-0/EL  message_connection.cpp:269] FuncWorkerConnection[1-154]: Handshake done
I1102 18:28:20.685430 Server/E engine.cpp:674] Engine: New message connection
I1102 18:28:20.685450 IO-0/EL  engine.cpp:277] Engine: Receive new handshake message from message connection
I1102 18:28:20.685455 IO-0/EL  worker_manager.cpp:60] WorkerManager: FuncWorker of func_id 1, client_id 155 connected
I1102 18:28:20.685471 IO-0/EL  message_connection.cpp:269] FuncWorkerConnection[1-155]: Handshake done
I1102 18:28:20.685987 Server/E engine.cpp:674] Engine: New message connection
I1102 18:28:20.686010 IO-0/EL  engine.cpp:277] Engine: Receive new handshake message from message connection
I1102 18:28:20.686015 IO-0/EL  worker_manager.cpp:60] WorkerManager: FuncWorker of func_id 1, client_id 156 connected
I1102 18:28:20.686028 IO-0/EL  message_connection.cpp:269] FuncWorkerConnection[1-156]: Handshake done
I1102 18:28:20.686429 Server/E engine.cpp:674] Engine: New message connection
I1102 18:28:20.686454 IO-0/EL  engine.cpp:277] Engine: Receive new handshake message from message connection
I1102 18:28:20.686459 IO-0/EL  worker_manager.cpp:60] WorkerManager: FuncWorker of func_id 1, client_id 157 connected
I1102 18:28:20.686472 IO-0/EL  message_connection.cpp:269] FuncWorkerConnection[1-157]: Handshake done
I1102 18:28:20.686838 Server/E engine.cpp:674] Engine: New message connection
I1102 18:28:20.686859 IO-0/EL  engine.cpp:277] Engine: Receive new handshake message from message connection
I1102 18:28:20.686864 IO-0/EL  worker_manager.cpp:60] WorkerManager: FuncWorker of func_id 1, client_id 158 connected
I1102 18:28:20.686885 IO-0/EL  message_connection.cpp:269] FuncWorkerConnection[1-158]: Handshake done
I1102 18:28:20.687313 Server/E engine.cpp:674] Engine: New message connection
I1102 18:28:20.687339 IO-0/EL  engine.cpp:277] Engine: Receive new handshake message from message connection
I1102 18:28:20.687344 IO-0/EL  worker_manager.cpp:60] WorkerManager: FuncWorker of func_id 1, client_id 159 connected
I1102 18:28:20.687357 IO-0/EL  message_connection.cpp:269] FuncWorkerConnection[1-159]: Handshake done
I1102 18:28:20.687734 Server/E engine.cpp:674] Engine: New message connection
I1102 18:28:20.687758 IO-0/EL  engine.cpp:277] Engine: Receive new handshake message from message connection
I1102 18:28:20.687763 IO-0/EL  worker_manager.cpp:60] WorkerManager: FuncWorker of func_id 1, client_id 160 connected
I1102 18:28:20.687776 IO-0/EL  message_connection.cpp:269] FuncWorkerConnection[1-160]: Handshake done
I1102 18:28:20.688663 Server/E engine.cpp:674] Engine: New message connection
I1102 18:28:20.688689 IO-0/EL  engine.cpp:277] Engine: Receive new handshake message from message connection
I1102 18:28:20.688694 IO-0/EL  worker_manager.cpp:60] WorkerManager: FuncWorker of func_id 1, client_id 162 connected
I1102 18:28:20.688707 IO-0/EL  message_connection.cpp:269] FuncWorkerConnection[1-162]: Handshake done
I1102 18:28:20.688940 Server/E engine.cpp:674] Engine: New message connection
I1102 18:28:20.688964 IO-0/EL  engine.cpp:277] Engine: Receive new handshake message from message connection
I1102 18:28:20.688969 IO-0/EL  worker_manager.cpp:60] WorkerManager: FuncWorker of func_id 1, client_id 161 connected
I1102 18:28:20.688982 IO-0/EL  message_connection.cpp:269] FuncWorkerConnection[1-161]: Handshake done
I1102 18:28:20.689127 Server/E engine.cpp:674] Engine: New message connection
I1102 18:28:20.689152 IO-0/EL  engine.cpp:277] Engine: Receive new handshake message from message connection
I1102 18:28:20.689156 IO-0/EL  worker_manager.cpp:60] WorkerManager: FuncWorker of func_id 1, client_id 163 connected
I1102 18:28:20.689171 IO-0/EL  message_connection.cpp:269] FuncWorkerConnection[1-163]: Handshake done
I1102 18:28:20.689524 Server/E engine.cpp:674] Engine: New message connection
I1102 18:28:20.704738 Server/E engine.cpp:674] Engine: New message connection
I1102 18:28:20.704774 Server/E engine.cpp:674] Engine: New message connection
I1102 18:28:20.704789 Server/E engine.cpp:674] Engine: New message connection
I1102 18:28:20.704795 IO-0/EL  engine.cpp:277] Engine: Receive new handshake message from message connection
I1102 18:28:20.704815 IO-0/EL  worker_manager.cpp:60] WorkerManager: FuncWorker of func_id 1, client_id 164 connected
I1102 18:28:20.704804 Server/E engine.cpp:674] Engine: New message connection
I1102 18:28:20.704835 Server/E engine.cpp:674] Engine: New message connection
I1102 18:28:20.704841 IO-0/EL  message_connection.cpp:269] FuncWorkerConnection[1-164]: Handshake done
I1102 18:28:20.704852 Server/E engine.cpp:674] Engine: New message connection
I1102 18:28:20.704865 Server/E engine.cpp:674] Engine: New message connection
I1102 18:28:20.704873 IO-0/EL  engine.cpp:277] Engine: Receive new handshake message from message connection
I1102 18:28:20.704879 IO-0/EL  worker_manager.cpp:60] WorkerManager: FuncWorker of func_id 1, client_id 165 connected
I1102 18:28:20.704879 Server/E engine.cpp:674] Engine: New message connection
I1102 18:28:20.704893 IO-0/EL  message_connection.cpp:269] FuncWorkerConnection[1-165]: Handshake done
I1102 18:28:20.704895 Server/E engine.cpp:674] Engine: New message connection
I1102 18:28:20.704908 IO-0/EL  engine.cpp:277] Engine: Receive new handshake message from message connection
I1102 18:28:20.704914 IO-0/EL  worker_manager.cpp:60] WorkerManager: FuncWorker of func_id 1, client_id 166 connected
I1102 18:28:20.704909 Server/E engine.cpp:674] Engine: New message connection
I1102 18:28:20.704927 IO-0/EL  message_connection.cpp:269] FuncWorkerConnection[1-166]: Handshake done
I1102 18:28:20.704932 Server/E engine.cpp:674] Engine: New message connection
I1102 18:28:20.704947 IO-0/EL  engine.cpp:277] Engine: Receive new handshake message from message connection
I1102 18:28:20.704956 IO-0/EL  worker_manager.cpp:60] WorkerManager: FuncWorker of func_id 1, client_id 167 connected
I1102 18:28:20.704959 Server/E engine.cpp:674] Engine: New message connection
I1102 18:28:20.704972 IO-0/EL  message_connection.cpp:269] FuncWorkerConnection[1-167]: Handshake done
I1102 18:28:20.704973 Server/E engine.cpp:674] Engine: New message connection
I1102 18:28:20.704993 IO-0/EL  engine.cpp:277] Engine: Receive new handshake message from message connection
I1102 18:28:20.704998 Server/E engine.cpp:674] Engine: New message connection
I1102 18:28:20.705001 IO-0/EL  worker_manager.cpp:60] WorkerManager: FuncWorker of func_id 1, client_id 169 connected
I1102 18:28:20.705015 Server/E engine.cpp:674] Engine: New message connection
I1102 18:28:20.705021 IO-0/EL  message_connection.cpp:269] FuncWorkerConnection[1-169]: Handshake done
I1102 18:28:20.705030 Server/E engine.cpp:674] Engine: New message connection
I1102 18:28:20.705041 IO-0/EL  engine.cpp:277] Engine: Receive new handshake message from message connection
I1102 18:28:20.705045 Server/E engine.cpp:674] Engine: New message connection
I1102 18:28:20.705045 IO-0/EL  worker_manager.cpp:60] WorkerManager: FuncWorker of func_id 1, client_id 170 connected
I1102 18:28:20.705062 Server/E engine.cpp:674] Engine: New message connection
I1102 18:28:20.705072 IO-0/EL  message_connection.cpp:269] FuncWorkerConnection[1-170]: Handshake done
I1102 18:28:20.705076 Server/E engine.cpp:674] Engine: New message connection
I1102 18:28:20.705087 IO-0/EL  engine.cpp:277] Engine: Receive new handshake message from message connection
I1102 18:28:20.705090 Server/E engine.cpp:674] Engine: New message connection
I1102 18:28:20.705091 IO-0/EL  worker_manager.cpp:60] WorkerManager: FuncWorker of func_id 1, client_id 168 connected
I1102 18:28:20.705107 Server/E engine.cpp:674] Engine: New message connection
I1102 18:28:20.705117 IO-0/EL  message_connection.cpp:269] FuncWorkerConnection[1-168]: Handshake done
I1102 18:28:20.705121 Server/E engine.cpp:674] Engine: New message connection
I1102 18:28:20.705132 IO-0/EL  engine.cpp:277] Engine: Receive new handshake message from message connection
I1102 18:28:20.705134 Server/E engine.cpp:674] Engine: New message connection
I1102 18:28:20.705136 IO-0/EL  worker_manager.cpp:60] WorkerManager: FuncWorker of func_id 1, client_id 171 connected
I1102 18:28:20.705153 Server/E engine.cpp:674] Engine: New message connection
I1102 18:28:20.705159 IO-0/EL  message_connection.cpp:269] FuncWorkerConnection[1-171]: Handshake done
I1102 18:28:20.705166 Server/E engine.cpp:674] Engine: New message connection
I1102 18:28:20.705176 IO-0/EL  engine.cpp:277] Engine: Receive new handshake message from message connection
I1102 18:28:20.705180 Server/E engine.cpp:674] Engine: New message connection
I1102 18:28:20.705181 IO-0/EL  worker_manager.cpp:60] WorkerManager: FuncWorker of func_id 1, client_id 172 connected
I1102 18:28:20.705195 Server/E engine.cpp:674] Engine: New message connection
I1102 18:28:20.705203 IO-0/EL  message_connection.cpp:269] FuncWorkerConnection[1-172]: Handshake done
I1102 18:28:20.705208 Server/E engine.cpp:674] Engine: New message connection
I1102 18:28:20.705217 IO-0/EL  engine.cpp:277] Engine: Receive new handshake message from message connection
I1102 18:28:20.705222 IO-0/EL  worker_manager.cpp:60] WorkerManager: FuncWorker of func_id 1, client_id 173 connected
I1102 18:28:20.705223 Server/E engine.cpp:674] Engine: New message connection
I1102 18:28:20.705235 IO-0/EL  message_connection.cpp:269] FuncWorkerConnection[1-173]: Handshake done
I1102 18:28:20.705238 Server/E engine.cpp:674] Engine: New message connection
I1102 18:28:20.705251 Server/E engine.cpp:674] Engine: New message connection
I1102 18:28:20.705252 IO-0/EL  engine.cpp:277] Engine: Receive new handshake message from message connection
I1102 18:28:20.705264 IO-0/EL  worker_manager.cpp:60] WorkerManager: FuncWorker of func_id 1, client_id 174 connected
I1102 18:28:20.705266 Server/E engine.cpp:674] Engine: New message connection
I1102 18:28:20.705293 IO-0/EL  message_connection.cpp:269] FuncWorkerConnection[1-174]: Handshake done
I1102 18:28:20.705298 Server/E engine.cpp:674] Engine: New message connection
I1102 18:28:20.705308 IO-0/EL  engine.cpp:277] Engine: Receive new handshake message from message connection
I1102 18:28:20.705313 IO-0/EL  worker_manager.cpp:60] WorkerManager: FuncWorker of func_id 1, client_id 175 connected
I1102 18:28:20.705327 IO-0/EL  message_connection.cpp:269] FuncWorkerConnection[1-175]: Handshake done
I1102 18:28:20.705344 IO-0/EL  engine.cpp:277] Engine: Receive new handshake message from message connection
I1102 18:28:20.705348 IO-0/EL  worker_manager.cpp:60] WorkerManager: FuncWorker of func_id 1, client_id 176 connected
I1102 18:28:20.705362 IO-0/EL  message_connection.cpp:269] FuncWorkerConnection[1-176]: Handshake done
I1102 18:28:20.705375 IO-0/EL  engine.cpp:277] Engine: Receive new handshake message from message connection
I1102 18:28:20.705379 IO-0/EL  worker_manager.cpp:60] WorkerManager: FuncWorker of func_id 1, client_id 177 connected
I1102 18:28:20.705393 IO-0/EL  message_connection.cpp:269] FuncWorkerConnection[1-177]: Handshake done
I1102 18:28:20.705408 IO-0/EL  engine.cpp:277] Engine: Receive new handshake message from message connection
I1102 18:28:20.705412 IO-0/EL  worker_manager.cpp:60] WorkerManager: FuncWorker of func_id 1, client_id 178 connected
I1102 18:28:20.705426 IO-0/EL  message_connection.cpp:269] FuncWorkerConnection[1-178]: Handshake done
I1102 18:28:20.705438 IO-0/EL  engine.cpp:277] Engine: Receive new handshake message from message connection
I1102 18:28:20.705442 IO-0/EL  worker_manager.cpp:60] WorkerManager: FuncWorker of func_id 1, client_id 179 connected
I1102 18:28:20.705455 IO-0/EL  message_connection.cpp:269] FuncWorkerConnection[1-179]: Handshake done
I1102 18:28:20.705471 IO-0/EL  engine.cpp:277] Engine: Receive new handshake message from message connection
I1102 18:28:20.705475 IO-0/EL  worker_manager.cpp:60] WorkerManager: FuncWorker of func_id 1, client_id 180 connected
I1102 18:28:20.705488 IO-0/EL  message_connection.cpp:269] FuncWorkerConnection[1-180]: Handshake done
I1102 18:28:20.705500 IO-0/EL  engine.cpp:277] Engine: Receive new handshake message from message connection
I1102 18:28:20.705504 IO-0/EL  worker_manager.cpp:60] WorkerManager: FuncWorker of func_id 1, client_id 181 connected
I1102 18:28:20.705517 IO-0/EL  message_connection.cpp:269] FuncWorkerConnection[1-181]: Handshake done
I1102 18:28:20.705534 IO-0/EL  engine.cpp:277] Engine: Receive new handshake message from message connection
I1102 18:28:20.705541 IO-0/EL  worker_manager.cpp:60] WorkerManager: FuncWorker of func_id 1, client_id 182 connected
I1102 18:28:20.705555 IO-0/EL  message_connection.cpp:269] FuncWorkerConnection[1-182]: Handshake done
I1102 18:28:20.705573 IO-0/EL  engine.cpp:277] Engine: Receive new handshake message from message connection
I1102 18:28:20.705579 IO-0/EL  worker_manager.cpp:60] WorkerManager: FuncWorker of func_id 1, client_id 183 connected
I1102 18:28:20.705598 IO-0/EL  message_connection.cpp:269] FuncWorkerConnection[1-183]: Handshake done
I1102 18:28:20.705617 IO-0/EL  engine.cpp:277] Engine: Receive new handshake message from message connection
I1102 18:28:20.705621 IO-0/EL  worker_manager.cpp:60] WorkerManager: FuncWorker of func_id 1, client_id 184 connected
I1102 18:28:20.705635 IO-0/EL  message_connection.cpp:269] FuncWorkerConnection[1-184]: Handshake done
I1102 18:28:20.705647 IO-0/EL  engine.cpp:277] Engine: Receive new handshake message from message connection
I1102 18:28:20.705651 IO-0/EL  worker_manager.cpp:60] WorkerManager: FuncWorker of func_id 1, client_id 185 connected
I1102 18:28:20.705669 IO-0/EL  message_connection.cpp:269] FuncWorkerConnection[1-185]: Handshake done
I1102 18:28:20.705683 IO-0/EL  engine.cpp:277] Engine: Receive new handshake message from message connection
I1102 18:28:20.705687 IO-0/EL  worker_manager.cpp:60] WorkerManager: FuncWorker of func_id 1, client_id 186 connected
I1102 18:28:20.705687 Server/E engine.cpp:674] Engine: New message connection
I1102 18:28:20.705717 IO-0/EL  message_connection.cpp:269] FuncWorkerConnection[1-186]: Handshake done
I1102 18:28:20.705734 IO-0/EL  engine.cpp:277] Engine: Receive new handshake message from message connection
I1102 18:28:20.705738 IO-0/EL  worker_manager.cpp:60] WorkerManager: FuncWorker of func_id 1, client_id 187 connected
I1102 18:28:20.705756 IO-0/EL  message_connection.cpp:269] FuncWorkerConnection[1-187]: Handshake done
I1102 18:28:20.705769 IO-0/EL  engine.cpp:277] Engine: Receive new handshake message from message connection
I1102 18:28:20.705773 IO-0/EL  worker_manager.cpp:60] WorkerManager: FuncWorker of func_id 1, client_id 188 connected
I1102 18:28:20.705786 IO-0/EL  message_connection.cpp:269] FuncWorkerConnection[1-188]: Handshake done
I1102 18:28:20.705801 IO-0/EL  engine.cpp:277] Engine: Receive new handshake message from message connection
I1102 18:28:20.705805 IO-0/EL  worker_manager.cpp:60] WorkerManager: FuncWorker of func_id 1, client_id 189 connected
I1102 18:28:20.705819 IO-0/EL  message_connection.cpp:269] FuncWorkerConnection[1-189]: Handshake done
I1102 18:28:20.705831 IO-0/EL  engine.cpp:277] Engine: Receive new handshake message from message connection
I1102 18:28:20.705835 IO-0/EL  worker_manager.cpp:60] WorkerManager: FuncWorker of func_id 1, client_id 190 connected
I1102 18:28:20.705851 IO-0/EL  message_connection.cpp:269] FuncWorkerConnection[1-190]: Handshake done
I1102 18:28:20.705870 IO-0/EL  engine.cpp:277] Engine: Receive new handshake message from message connection
I1102 18:28:20.705877 IO-0/EL  worker_manager.cpp:60] WorkerManager: FuncWorker of func_id 1, client_id 191 connected
I1102 18:28:20.705895 IO-0/EL  message_connection.cpp:269] FuncWorkerConnection[1-191]: Handshake done
I1102 18:28:20.705913 IO-0/EL  engine.cpp:277] Engine: Receive new handshake message from message connection
I1102 18:28:20.705920 IO-0/EL  worker_manager.cpp:60] WorkerManager: FuncWorker of func_id 1, client_id 192 connected
I1102 18:28:20.705939 IO-0/EL  message_connection.cpp:269] FuncWorkerConnection[1-192]: Handshake done
I1102 18:28:20.705957 IO-0/EL  engine.cpp:277] Engine: Receive new handshake message from message connection
I1102 18:28:20.705961 IO-0/EL  worker_manager.cpp:60] WorkerManager: FuncWorker of func_id 1, client_id 193 connected
I1102 18:28:20.705974 IO-0/EL  message_connection.cpp:269] FuncWorkerConnection[1-193]: Handshake done
I1102 18:28:20.705986 IO-0/EL  engine.cpp:277] Engine: Receive new handshake message from message connection
I1102 18:28:20.705991 IO-0/EL  worker_manager.cpp:60] WorkerManager: FuncWorker of func_id 1, client_id 194 connected
I1102 18:28:20.706011 IO-0/EL  message_connection.cpp:269] FuncWorkerConnection[1-194]: Handshake done
I1102 18:28:20.706035 IO-0/EL  engine.cpp:277] Engine: Receive new handshake message from message connection
I1102 18:28:20.706042 IO-0/EL  worker_manager.cpp:60] WorkerManager: FuncWorker of func_id 1, client_id 195 connected
I1102 18:28:20.706063 IO-0/EL  message_connection.cpp:269] FuncWorkerConnection[1-195]: Handshake done
I1102 18:28:20.706082 IO-0/EL  engine.cpp:277] Engine: Receive new handshake message from message connection
I1102 18:28:20.706088 IO-0/EL  worker_manager.cpp:60] WorkerManager: FuncWorker of func_id 1, client_id 196 connected
I1102 18:28:20.706109 IO-0/EL  message_connection.cpp:269] FuncWorkerConnection[1-196]: Handshake done
I1102 18:28:20.706133 IO-0/EL  engine.cpp:277] Engine: Receive new handshake message from message connection
I1102 18:28:20.706139 IO-0/EL  worker_manager.cpp:60] WorkerManager: FuncWorker of func_id 1, client_id 197 connected
I1102 18:28:20.706160 IO-0/EL  message_connection.cpp:269] FuncWorkerConnection[1-197]: Handshake done
I1102 18:28:20.706175 IO-0/EL  engine.cpp:277] Engine: Receive new handshake message from message connection
I1102 18:28:20.706178 Server/E engine.cpp:674] Engine: New message connection
I1102 18:28:20.706182 IO-0/EL  worker_manager.cpp:60] WorkerManager: FuncWorker of func_id 1, client_id 198 connected
I1102 18:28:20.706217 IO-0/EL  message_connection.cpp:269] FuncWorkerConnection[1-198]: Handshake done
I1102 18:28:20.706244 IO-0/EL  engine.cpp:277] Engine: Receive new handshake message from message connection
I1102 18:28:20.706251 IO-0/EL  worker_manager.cpp:60] WorkerManager: FuncWorker of func_id 1, client_id 199 connected
I1102 18:28:20.706272 IO-0/EL  message_connection.cpp:269] FuncWorkerConnection[1-199]: Handshake done
I1102 18:28:20.706576 Server/E engine.cpp:674] Engine: New message connection
I1102 18:28:20.706600 IO-0/EL  engine.cpp:277] Engine: Receive new handshake message from message connection
I1102 18:28:20.706606 IO-0/EL  worker_manager.cpp:60] WorkerManager: FuncWorker of func_id 1, client_id 200 connected
I1102 18:28:20.706620 IO-0/EL  message_connection.cpp:269] FuncWorkerConnection[1-200]: Handshake done
I1102 18:28:20.707207 Server/E engine.cpp:674] Engine: New message connection
I1102 18:28:20.707244 IO-0/EL  engine.cpp:277] Engine: Receive new handshake message from message connection
I1102 18:28:20.707256 IO-0/EL  worker_manager.cpp:60] WorkerManager: FuncWorker of func_id 1, client_id 201 connected
I1102 18:28:20.707280 IO-0/EL  message_connection.cpp:269] FuncWorkerConnection[1-201]: Handshake done
I1102 18:28:20.707551 Server/E engine.cpp:674] Engine: New message connection
I1102 18:28:20.707575 IO-0/EL  engine.cpp:277] Engine: Receive new handshake message from message connection
I1102 18:28:20.707583 IO-0/EL  worker_manager.cpp:60] WorkerManager: FuncWorker of func_id 1, client_id 202 connected
I1102 18:28:20.707598 IO-0/EL  message_connection.cpp:269] FuncWorkerConnection[1-202]: Handshake done
I1102 18:28:20.708097 Server/E engine.cpp:674] Engine: New message connection
I1102 18:28:20.708132 IO-0/EL  engine.cpp:277] Engine: Receive new handshake message from message connection
I1102 18:28:20.708141 IO-0/EL  worker_manager.cpp:60] WorkerManager: FuncWorker of func_id 1, client_id 203 connected
I1102 18:28:20.708157 IO-0/EL  message_connection.cpp:269] FuncWorkerConnection[1-203]: Handshake done
I1102 18:28:20.708666 Server/E engine.cpp:674] Engine: New message connection
I1102 18:28:20.708690 IO-0/EL  engine.cpp:277] Engine: Receive new handshake message from message connection
I1102 18:28:20.708698 IO-0/EL  worker_manager.cpp:60] WorkerManager: FuncWorker of func_id 1, client_id 204 connected
I1102 18:28:20.708725 IO-0/EL  message_connection.cpp:269] FuncWorkerConnection[1-204]: Handshake done
I1102 18:28:20.709252 Server/E engine.cpp:674] Engine: New message connection
I1102 18:28:20.709277 IO-0/EL  engine.cpp:277] Engine: Receive new handshake message from message connection
I1102 18:28:20.709285 IO-0/EL  worker_manager.cpp:60] WorkerManager: FuncWorker of func_id 1, client_id 205 connected
I1102 18:28:20.709301 IO-0/EL  message_connection.cpp:269] FuncWorkerConnection[1-205]: Handshake done
I1102 18:28:20.709844 Server/E engine.cpp:674] Engine: New message connection
I1102 18:28:20.709876 IO-0/EL  engine.cpp:277] Engine: Receive new handshake message from message connection
I1102 18:28:20.709885 IO-0/EL  worker_manager.cpp:60] WorkerManager: FuncWorker of func_id 1, client_id 206 connected
I1102 18:28:20.709902 IO-0/EL  message_connection.cpp:269] FuncWorkerConnection[1-206]: Handshake done
I1102 18:28:20.710393 Server/E engine.cpp:674] Engine: New message connection
I1102 18:28:20.710418 IO-0/EL  engine.cpp:277] Engine: Receive new handshake message from message connection
I1102 18:28:20.710426 IO-0/EL  worker_manager.cpp:60] WorkerManager: FuncWorker of func_id 1, client_id 207 connected
I1102 18:28:20.710442 IO-0/EL  message_connection.cpp:269] FuncWorkerConnection[1-207]: Handshake done
I1102 18:28:20.710959 Server/E engine.cpp:674] Engine: New message connection
I1102 18:28:20.710990 IO-0/EL  engine.cpp:277] Engine: Receive new handshake message from message connection
I1102 18:28:20.710998 IO-0/EL  worker_manager.cpp:60] WorkerManager: FuncWorker of func_id 1, client_id 208 connected
I1102 18:28:20.711014 IO-0/EL  message_connection.cpp:269] FuncWorkerConnection[1-208]: Handshake done
I1102 18:28:20.711534 Server/E engine.cpp:674] Engine: New message connection
I1102 18:28:20.711557 IO-0/EL  engine.cpp:277] Engine: Receive new handshake message from message connection
I1102 18:28:20.711565 IO-0/EL  worker_manager.cpp:60] WorkerManager: FuncWorker of func_id 1, client_id 209 connected
I1102 18:28:20.711581 IO-0/EL  message_connection.cpp:269] FuncWorkerConnection[1-209]: Handshake done
I1102 18:28:20.712102 Server/E engine.cpp:674] Engine: New message connection
I1102 18:28:20.712135 IO-0/EL  engine.cpp:277] Engine: Receive new handshake message from message connection
I1102 18:28:20.712143 IO-0/EL  worker_manager.cpp:60] WorkerManager: FuncWorker of func_id 1, client_id 210 connected
I1102 18:28:20.712159 IO-0/EL  message_connection.cpp:269] FuncWorkerConnection[1-210]: Handshake done
I1102 18:28:20.712685 Server/E engine.cpp:674] Engine: New message connection
I1102 18:28:20.712715 IO-0/EL  engine.cpp:277] Engine: Receive new handshake message from message connection
I1102 18:28:20.712726 IO-0/EL  worker_manager.cpp:60] WorkerManager: FuncWorker of func_id 1, client_id 211 connected
I1102 18:28:20.712748 IO-0/EL  message_connection.cpp:269] FuncWorkerConnection[1-211]: Handshake done
I1102 18:28:20.713232 Server/E engine.cpp:674] Engine: New message connection
I1102 18:28:20.713268 IO-0/EL  engine.cpp:277] Engine: Receive new handshake message from message connection
I1102 18:28:20.713276 IO-0/EL  worker_manager.cpp:60] WorkerManager: FuncWorker of func_id 1, client_id 212 connected
I1102 18:28:20.713292 IO-0/EL  message_connection.cpp:269] FuncWorkerConnection[1-212]: Handshake done
I1102 18:28:20.713862 Server/E engine.cpp:674] Engine: New message connection
I1102 18:28:20.713890 IO-0/EL  engine.cpp:277] Engine: Receive new handshake message from message connection
I1102 18:28:20.713901 IO-0/EL  worker_manager.cpp:60] WorkerManager: FuncWorker of func_id 1, client_id 213 connected
I1102 18:28:20.713917 IO-0/EL  message_connection.cpp:269] FuncWorkerConnection[1-213]: Handshake done
I1102 18:28:20.714459 Server/E engine.cpp:674] Engine: New message connection
I1102 18:28:20.714490 IO-0/EL  engine.cpp:277] Engine: Receive new handshake message from message connection
I1102 18:28:20.714499 IO-0/EL  worker_manager.cpp:60] WorkerManager: FuncWorker of func_id 1, client_id 214 connected
I1102 18:28:20.714515 IO-0/EL  message_connection.cpp:269] FuncWorkerConnection[1-214]: Handshake done
I1102 18:28:20.715032 Server/E engine.cpp:674] Engine: New message connection
I1102 18:28:20.715060 IO-0/EL  engine.cpp:277] Engine: Receive new handshake message from message connection
I1102 18:28:20.715069 IO-0/EL  worker_manager.cpp:60] WorkerManager: FuncWorker of func_id 1, client_id 215 connected
I1102 18:28:20.715084 IO-0/EL  message_connection.cpp:269] FuncWorkerConnection[1-215]: Handshake done
I1102 18:28:20.715629 Server/E engine.cpp:674] Engine: New message connection
I1102 18:28:20.715659 IO-0/EL  engine.cpp:277] Engine: Receive new handshake message from message connection
I1102 18:28:20.715667 IO-0/EL  worker_manager.cpp:60] WorkerManager: FuncWorker of func_id 1, client_id 216 connected
I1102 18:28:20.715682 IO-0/EL  message_connection.cpp:269] FuncWorkerConnection[1-216]: Handshake done
I1102 18:28:20.716301 Server/E engine.cpp:674] Engine: New message connection
I1102 18:28:20.716326 IO-0/EL  engine.cpp:277] Engine: Receive new handshake message from message connection
I1102 18:28:20.716333 IO-0/EL  worker_manager.cpp:60] WorkerManager: FuncWorker of func_id 1, client_id 217 connected
I1102 18:28:20.716349 IO-0/EL  message_connection.cpp:269] FuncWorkerConnection[1-217]: Handshake done
I1102 18:28:20.716754 Server/E engine.cpp:674] Engine: New message connection
I1102 18:28:20.716786 IO-0/EL  engine.cpp:277] Engine: Receive new handshake message from message connection
I1102 18:28:20.716794 IO-0/EL  worker_manager.cpp:60] WorkerManager: FuncWorker of func_id 1, client_id 218 connected
I1102 18:28:20.716809 IO-0/EL  message_connection.cpp:269] FuncWorkerConnection[1-218]: Handshake done
I1102 18:28:20.717310 Server/E engine.cpp:674] Engine: New message connection
I1102 18:28:20.717338 IO-0/EL  engine.cpp:277] Engine: Receive new handshake message from message connection
I1102 18:28:20.717348 IO-0/EL  worker_manager.cpp:60] WorkerManager: FuncWorker of func_id 1, client_id 219 connected
I1102 18:28:20.717366 IO-0/EL  message_connection.cpp:269] FuncWorkerConnection[1-219]: Handshake done
I1102 18:28:20.717961 Server/E engine.cpp:674] Engine: New message connection
I1102 18:28:20.717995 IO-0/EL  engine.cpp:277] Engine: Receive new handshake message from message connection
I1102 18:28:20.718003 IO-0/EL  worker_manager.cpp:60] WorkerManager: FuncWorker of func_id 1, client_id 220 connected
I1102 18:28:20.718020 IO-0/EL  message_connection.cpp:269] FuncWorkerConnection[1-220]: Handshake done
I1102 18:28:20.718581 Server/E engine.cpp:674] Engine: New message connection
I1102 18:28:20.718606 IO-0/EL  engine.cpp:277] Engine: Receive new handshake message from message connection
I1102 18:28:20.718614 IO-0/EL  worker_manager.cpp:60] WorkerManager: FuncWorker of func_id 1, client_id 221 connected
I1102 18:28:20.718635 IO-0/EL  message_connection.cpp:269] FuncWorkerConnection[1-221]: Handshake done
I1102 18:28:20.719098 Server/E engine.cpp:674] Engine: New message connection
I1102 18:28:20.719127 IO-0/EL  engine.cpp:277] Engine: Receive new handshake message from message connection
I1102 18:28:20.719136 IO-0/EL  worker_manager.cpp:60] WorkerManager: FuncWorker of func_id 1, client_id 222 connected
I1102 18:28:20.719154 IO-0/EL  message_connection.cpp:269] FuncWorkerConnection[1-222]: Handshake done
I1102 18:28:20.719722 Server/E engine.cpp:674] Engine: New message connection
I1102 18:28:20.719760 IO-0/EL  engine.cpp:277] Engine: Receive new handshake message from message connection
I1102 18:28:20.719768 IO-0/EL  worker_manager.cpp:60] WorkerManager: FuncWorker of func_id 1, client_id 223 connected
I1102 18:28:20.719787 IO-0/EL  message_connection.cpp:269] FuncWorkerConnection[1-223]: Handshake done
I1102 18:28:20.720322 Server/E engine.cpp:674] Engine: New message connection
I1102 18:28:20.720357 IO-0/EL  engine.cpp:277] Engine: Receive new handshake message from message connection
I1102 18:28:20.720365 IO-0/EL  worker_manager.cpp:60] WorkerManager: FuncWorker of func_id 1, client_id 224 connected
I1102 18:28:20.720381 IO-0/EL  message_connection.cpp:269] FuncWorkerConnection[1-224]: Handshake done
I1102 18:28:20.720883 Server/E engine.cpp:674] Engine: New message connection
I1102 18:28:20.720909 IO-0/EL  engine.cpp:277] Engine: Receive new handshake message from message connection
I1102 18:28:20.720917 IO-0/EL  worker_manager.cpp:60] WorkerManager: FuncWorker of func_id 1, client_id 225 connected
I1102 18:28:20.720954 IO-0/EL  message_connection.cpp:269] FuncWorkerConnection[1-225]: Handshake done
I1102 18:28:20.721465 Server/E engine.cpp:674] Engine: New message connection
I1102 18:28:20.721504 IO-0/EL  engine.cpp:277] Engine: Receive new handshake message from message connection
I1102 18:28:20.721512 IO-0/EL  worker_manager.cpp:60] WorkerManager: FuncWorker of func_id 1, client_id 226 connected
I1102 18:28:20.721527 IO-0/EL  message_connection.cpp:269] FuncWorkerConnection[1-226]: Handshake done
I1102 18:28:20.722018 Server/E engine.cpp:674] Engine: New message connection
I1102 18:28:20.722044 IO-0/EL  engine.cpp:277] Engine: Receive new handshake message from message connection
I1102 18:28:20.722052 IO-0/EL  worker_manager.cpp:60] WorkerManager: FuncWorker of func_id 1, client_id 227 connected
I1102 18:28:20.722067 IO-0/EL  message_connection.cpp:269] FuncWorkerConnection[1-227]: Handshake done
I1102 18:28:20.722587 Server/E engine.cpp:674] Engine: New message connection
I1102 18:28:20.722624 IO-0/EL  engine.cpp:277] Engine: Receive new handshake message from message connection
I1102 18:28:20.722632 IO-0/EL  worker_manager.cpp:60] WorkerManager: FuncWorker of func_id 1, client_id 228 connected
I1102 18:28:20.722648 IO-0/EL  message_connection.cpp:269] FuncWorkerConnection[1-228]: Handshake done
I1102 18:28:20.723199 Server/E engine.cpp:674] Engine: New message connection
I1102 18:28:20.723226 IO-0/EL  engine.cpp:277] Engine: Receive new handshake message from message connection
I1102 18:28:20.723234 IO-0/EL  worker_manager.cpp:60] WorkerManager: FuncWorker of func_id 1, client_id 229 connected
I1102 18:28:20.723250 IO-0/EL  message_connection.cpp:269] FuncWorkerConnection[1-229]: Handshake done
I1102 18:28:20.723839 Server/E engine.cpp:674] Engine: New message connection
I1102 18:28:20.723867 IO-0/EL  engine.cpp:277] Engine: Receive new handshake message from message connection
I1102 18:28:20.723877 IO-0/EL  worker_manager.cpp:60] WorkerManager: FuncWorker of func_id 1, client_id 230 connected
I1102 18:28:20.723899 IO-0/EL  message_connection.cpp:269] FuncWorkerConnection[1-230]: Handshake done
I1102 18:28:20.724322 Server/E engine.cpp:674] Engine: New message connection
I1102 18:28:20.724348 IO-0/EL  engine.cpp:277] Engine: Receive new handshake message from message connection
I1102 18:28:20.724357 IO-0/EL  worker_manager.cpp:60] WorkerManager: FuncWorker of func_id 1, client_id 231 connected
I1102 18:28:20.724379 IO-0/EL  message_connection.cpp:269] FuncWorkerConnection[1-231]: Handshake done
I1102 18:28:20.724939 Server/E engine.cpp:674] Engine: New message connection
I1102 18:28:20.724976 IO-0/EL  engine.cpp:277] Engine: Receive new handshake message from message connection
I1102 18:28:20.724986 IO-0/EL  worker_manager.cpp:60] WorkerManager: FuncWorker of func_id 1, client_id 232 connected
I1102 18:28:20.725007 IO-0/EL  message_connection.cpp:269] FuncWorkerConnection[1-232]: Handshake done
I1102 18:28:20.725776 Server/E engine.cpp:674] Engine: New message connection
I1102 18:28:20.725803 IO-0/EL  engine.cpp:277] Engine: Receive new handshake message from message connection
I1102 18:28:20.725812 IO-0/EL  worker_manager.cpp:60] WorkerManager: FuncWorker of func_id 1, client_id 233 connected
I1102 18:28:20.725828 IO-0/EL  message_connection.cpp:269] FuncWorkerConnection[1-233]: Handshake done
I1102 18:28:20.726306 Server/E engine.cpp:674] Engine: New message connection
I1102 18:28:20.726340 IO-0/EL  engine.cpp:277] Engine: Receive new handshake message from message connection
I1102 18:28:20.726350 IO-0/EL  worker_manager.cpp:60] WorkerManager: FuncWorker of func_id 1, client_id 234 connected
I1102 18:28:20.726372 IO-0/EL  message_connection.cpp:269] FuncWorkerConnection[1-234]: Handshake done
I1102 18:28:20.726903 Server/E engine.cpp:674] Engine: New message connection
I1102 18:28:20.726927 IO-0/EL  engine.cpp:277] Engine: Receive new handshake message from message connection
I1102 18:28:20.726932 IO-0/EL  worker_manager.cpp:60] WorkerManager: FuncWorker of func_id 1, client_id 235 connected
I1102 18:28:20.726946 IO-0/EL  message_connection.cpp:269] FuncWorkerConnection[1-235]: Handshake done
I1102 18:28:20.727421 Server/E engine.cpp:674] Engine: New message connection
I1102 18:28:20.727455 IO-0/EL  engine.cpp:277] Engine: Receive new handshake message from message connection
I1102 18:28:20.727464 IO-0/EL  worker_manager.cpp:60] WorkerManager: FuncWorker of func_id 1, client_id 236 connected
I1102 18:28:20.727486 IO-0/EL  message_connection.cpp:269] FuncWorkerConnection[1-236]: Handshake done
I1102 18:28:20.728147 Server/E engine.cpp:674] Engine: New message connection
I1102 18:28:20.728172 IO-0/EL  engine.cpp:277] Engine: Receive new handshake message from message connection
I1102 18:28:20.728180 IO-0/EL  worker_manager.cpp:60] WorkerManager: FuncWorker of func_id 1, client_id 237 connected
I1102 18:28:20.728201 IO-0/EL  message_connection.cpp:269] FuncWorkerConnection[1-237]: Handshake done
I1102 18:28:20.729820 Server/E engine.cpp:674] Engine: New message connection
I1102 18:28:20.729880 IO-0/EL  engine.cpp:277] Engine: Receive new handshake message from message connection
I1102 18:28:20.729892 IO-0/EL  worker_manager.cpp:60] WorkerManager: FuncWorker of func_id 1, client_id 238 connected
I1102 18:28:20.729911 IO-0/EL  message_connection.cpp:269] FuncWorkerConnection[1-238]: Handshake done
I1102 18:28:20.729957 Server/E engine.cpp:674] Engine: New message connection
I1102 18:28:20.730000 IO-0/EL  engine.cpp:277] Engine: Receive new handshake message from message connection
I1102 18:28:20.730007 IO-0/EL  worker_manager.cpp:60] WorkerManager: FuncWorker of func_id 1, client_id 239 connected
I1102 18:28:20.730022 IO-0/EL  message_connection.cpp:269] FuncWorkerConnection[1-239]: Handshake done
I1102 18:28:20.730478 Server/E engine.cpp:674] Engine: New message connection
I1102 18:28:20.730511 IO-0/EL  engine.cpp:277] Engine: Receive new handshake message from message connection
I1102 18:28:20.730521 IO-0/EL  worker_manager.cpp:60] WorkerManager: FuncWorker of func_id 1, client_id 240 connected
I1102 18:28:20.730537 IO-0/EL  message_connection.cpp:269] FuncWorkerConnection[1-240]: Handshake done
I1102 18:28:20.731069 Server/E engine.cpp:674] Engine: New message connection
I1102 18:28:20.731119 IO-0/EL  engine.cpp:277] Engine: Receive new handshake message from message connection
I1102 18:28:20.731129 IO-0/EL  worker_manager.cpp:60] WorkerManager: FuncWorker of func_id 1, client_id 241 connected
I1102 18:28:20.731154 IO-0/EL  message_connection.cpp:269] FuncWorkerConnection[1-241]: Handshake done
I1102 18:28:20.731678 Server/E engine.cpp:674] Engine: New message connection
I1102 18:28:20.731715 IO-0/EL  engine.cpp:277] Engine: Receive new handshake message from message connection
I1102 18:28:20.731725 IO-0/EL  worker_manager.cpp:60] WorkerManager: FuncWorker of func_id 1, client_id 242 connected
I1102 18:28:20.731748 IO-0/EL  message_connection.cpp:269] FuncWorkerConnection[1-242]: Handshake done
I1102 18:28:20.732246 Server/E engine.cpp:674] Engine: New message connection
I1102 18:28:20.732283 IO-0/EL  engine.cpp:277] Engine: Receive new handshake message from message connection
I1102 18:28:20.732289 IO-0/EL  worker_manager.cpp:60] WorkerManager: FuncWorker of func_id 1, client_id 243 connected
I1102 18:28:20.732304 IO-0/EL  message_connection.cpp:269] FuncWorkerConnection[1-243]: Handshake done
I1102 18:28:20.733914 Server/E engine.cpp:674] Engine: New message connection
I1102 18:28:20.733948 IO-0/EL  engine.cpp:277] Engine: Receive new handshake message from message connection
I1102 18:28:20.733956 IO-0/EL  worker_manager.cpp:60] WorkerManager: FuncWorker of func_id 1, client_id 244 connected
I1102 18:28:20.733973 IO-0/EL  message_connection.cpp:269] FuncWorkerConnection[1-244]: Handshake done
I1102 18:28:20.734208 Server/E engine.cpp:674] Engine: New message connection
I1102 18:28:20.734243 IO-0/EL  engine.cpp:277] Engine: Receive new handshake message from message connection
I1102 18:28:20.734248 IO-0/EL  worker_manager.cpp:60] WorkerManager: FuncWorker of func_id 1, client_id 245 connected
I1102 18:28:20.734262 IO-0/EL  message_connection.cpp:269] FuncWorkerConnection[1-245]: Handshake done
I1102 18:28:20.734598 Server/E engine.cpp:674] Engine: New message connection
I1102 18:28:20.734627 IO-0/EL  engine.cpp:277] Engine: Receive new handshake message from message connection
I1102 18:28:20.734631 IO-0/EL  worker_manager.cpp:60] WorkerManager: FuncWorker of func_id 1, client_id 246 connected
I1102 18:28:20.734644 IO-0/EL  message_connection.cpp:269] FuncWorkerConnection[1-246]: Handshake done
I1102 18:28:20.735083 Server/E engine.cpp:674] Engine: New message connection
I1102 18:28:20.735116 IO-0/EL  engine.cpp:277] Engine: Receive new handshake message from message connection
I1102 18:28:20.735122 IO-0/EL  worker_manager.cpp:60] WorkerManager: FuncWorker of func_id 1, client_id 247 connected
I1102 18:28:20.735135 IO-0/EL  message_connection.cpp:269] FuncWorkerConnection[1-247]: Handshake done
I1102 18:28:20.751233 Server/E engine.cpp:674] Engine: New message connection
I1102 18:28:20.751284 IO-0/EL  engine.cpp:277] Engine: Receive new handshake message from message connection
I1102 18:28:20.751297 IO-0/EL  worker_manager.cpp:60] WorkerManager: FuncWorker of func_id 1, client_id 248 connected
I1102 18:28:20.751314 IO-0/EL  message_connection.cpp:269] FuncWorkerConnection[1-248]: Handshake done
I1102 18:28:20.751869 Server/E engine.cpp:674] Engine: New message connection
I1102 18:28:20.751915 IO-0/EL  engine.cpp:277] Engine: Receive new handshake message from message connection
I1102 18:28:20.751923 IO-0/EL  worker_manager.cpp:60] WorkerManager: FuncWorker of func_id 1, client_id 249 connected
I1102 18:28:20.751940 IO-0/EL  message_connection.cpp:269] FuncWorkerConnection[1-249]: Handshake done
I1102 18:28:20.753069 Server/E engine.cpp:674] Engine: New message connection
I1102 18:28:20.753101 IO-0/EL  engine.cpp:277] Engine: Receive new handshake message from message connection
I1102 18:28:20.753110 IO-0/EL  worker_manager.cpp:60] WorkerManager: FuncWorker of func_id 1, client_id 251 connected
I1102 18:28:20.753127 IO-0/EL  message_connection.cpp:269] FuncWorkerConnection[1-251]: Handshake done
I1102 18:28:20.753647 Server/E engine.cpp:674] Engine: New message connection
I1102 18:28:20.753689 IO-0/EL  engine.cpp:277] Engine: Receive new handshake message from message connection
I1102 18:28:20.753698 IO-0/EL  worker_manager.cpp:60] WorkerManager: FuncWorker of func_id 1, client_id 252 connected
I1102 18:28:20.753724 IO-0/EL  message_connection.cpp:269] FuncWorkerConnection[1-252]: Handshake done
I1102 18:28:20.753911 Server/E engine.cpp:674] Engine: New message connection
I1102 18:28:20.753941 IO-0/EL  engine.cpp:277] Engine: Receive new handshake message from message connection
I1102 18:28:20.753947 IO-0/EL  worker_manager.cpp:60] WorkerManager: FuncWorker of func_id 1, client_id 250 connected
I1102 18:28:20.753966 IO-0/EL  message_connection.cpp:269] FuncWorkerConnection[1-250]: Handshake done
I1102 18:28:20.754251 Server/E engine.cpp:674] Engine: New message connection
I1102 18:28:20.754280 IO-0/EL  engine.cpp:277] Engine: Receive new handshake message from message connection
I1102 18:28:20.754287 IO-0/EL  worker_manager.cpp:60] WorkerManager: FuncWorker of func_id 1, client_id 253 connected
I1102 18:28:20.754308 IO-0/EL  message_connection.cpp:269] FuncWorkerConnection[1-253]: Handshake done
I1102 18:28:20.754849 Server/E engine.cpp:674] Engine: New message connection
I1102 18:28:20.754892 IO-0/EL  engine.cpp:277] Engine: Receive new handshake message from message connection
I1102 18:28:20.754897 IO-0/EL  worker_manager.cpp:60] WorkerManager: FuncWorker of func_id 1, client_id 254 connected
I1102 18:28:20.754913 IO-0/EL  message_connection.cpp:269] FuncWorkerConnection[1-254]: Handshake done
I1102 18:28:20.756247 Server/E engine.cpp:674] Engine: New message connection
I1102 18:28:20.756273 Server/E engine.cpp:674] Engine: New message connection
I1102 18:28:20.756279 IO-0/EL  engine.cpp:277] Engine: Receive new handshake message from message connection
I1102 18:28:20.756285 IO-0/EL  worker_manager.cpp:60] WorkerManager: FuncWorker of func_id 1, client_id 255 connected
I1102 18:28:20.756304 IO-0/EL  message_connection.cpp:269] FuncWorkerConnection[1-255]: Handshake done
I1102 18:28:20.756321 IO-0/EL  engine.cpp:277] Engine: Receive new handshake message from message connection
I1102 18:28:20.756326 IO-0/EL  worker_manager.cpp:60] WorkerManager: FuncWorker of func_id 1, client_id 256 connected
I1102 18:28:20.756343 IO-0/EL  message_connection.cpp:269] FuncWorkerConnection[1-256]: Handshake done
I1102 18:28:24.229792 IO-0/EL  buffer_pool.h:25] BufferPool[IO-0_Write]: Allocate new buffer, current buffer count is 5
I1102 18:28:24.229814 IO-0/EL  buffer_pool.h:25] BufferPool[IO-0_Write]: Allocate new buffer, current buffer count is 6
I1102 18:28:24.229820 IO-0/EL  buffer_pool.h:25] BufferPool[IO-0_Write]: Allocate new buffer, current buffer count is 7
I1102 18:28:24.496256 IO-0/EL  buffer_pool.h:25] BufferPool[IO-0_Write]: Allocate new buffer, current buffer count is 8
I1102 18:28:24.496276 IO-0/EL  buffer_pool.h:25] BufferPool[IO-0_Write]: Allocate new buffer, current buffer count is 9
I1102 18:28:24.496291 IO-0/EL  buffer_pool.h:25] BufferPool[IO-0_Write]: Allocate new buffer, current buffer count is 10
I1102 18:28:24.496306 IO-0/EL  buffer_pool.h:25] BufferPool[IO-0_Write]: Allocate new buffer, current buffer count is 11
I1102 18:28:24.496339 IO-0/EL  buffer_pool.h:25] BufferPool[IO-0_Write]: Allocate new buffer, current buffer count is 12
I1102 18:28:24.496352 IO-0/EL  buffer_pool.h:25] BufferPool[IO-0_Write]: Allocate new buffer, current buffer count is 13
I1102 18:28:26.689508 IO-0/EL  buffer_pool.h:25] BufferPool[IO-0_Write]: Allocate new buffer, current buffer count is 14
I1102 18:28:26.689538 IO-0/EL  buffer_pool.h:25] BufferPool[IO-0_Write]: Allocate new buffer, current buffer count is 15
I1102 18:28:26.689552 IO-0/EL  buffer_pool.h:25] BufferPool[IO-0_Write]: Allocate new buffer, current buffer count is 16
I1102 18:28:26.689570 IO-0/EL  buffer_pool.h:25] BufferPool[IO-0_Write]: Allocate new buffer, current buffer count is 17
I1102 18:28:26.689584 IO-0/EL  buffer_pool.h:25] BufferPool[IO-0_Write]: Allocate new buffer, current buffer count is 18
I1102 18:28:26.689596 IO-0/EL  buffer_pool.h:25] BufferPool[IO-0_Write]: Allocate new buffer, current buffer count is 19
I1102 18:28:26.689609 IO-0/EL  buffer_pool.h:25] BufferPool[IO-0_Write]: Allocate new buffer, current buffer count is 20
I1102 18:28:26.689627 IO-0/EL  buffer_pool.h:25] BufferPool[IO-0_Write]: Allocate new buffer, current buffer count is 21
I1102 18:28:26.689643 IO-0/EL  buffer_pool.h:25] BufferPool[IO-0_Write]: Allocate new buffer, current buffer count is 22
I1102 18:28:26.689658 IO-0/EL  buffer_pool.h:25] BufferPool[IO-0_Write]: Allocate new buffer, current buffer count is 23
I1102 18:28:26.689671 IO-0/EL  buffer_pool.h:25] BufferPool[IO-0_Write]: Allocate new buffer, current buffer count is 24
I1102 18:28:26.689687 IO-0/EL  buffer_pool.h:25] BufferPool[IO-0_Write]: Allocate new buffer, current buffer count is 25
I1102 18:28:26.689705 IO-0/EL  buffer_pool.h:25] BufferPool[IO-0_Write]: Allocate new buffer, current buffer count is 26
I1102 18:28:26.689725 IO-0/EL  buffer_pool.h:25] BufferPool[IO-0_Write]: Allocate new buffer, current buffer count is 27
I1102 18:28:26.689738 IO-0/EL  buffer_pool.h:25] BufferPool[IO-0_Write]: Allocate new buffer, current buffer count is 28
I1102 18:28:26.689752 IO-0/EL  buffer_pool.h:25] BufferPool[IO-0_Write]: Allocate new buffer, current buffer count is 29
I1102 18:28:26.689766 IO-0/EL  buffer_pool.h:25] BufferPool[IO-0_Write]: Allocate new buffer, current buffer count is 30
I1102 18:28:26.689777 IO-0/EL  buffer_pool.h:25] BufferPool[IO-0_Write]: Allocate new buffer, current buffer count is 31
I1102 18:28:26.689790 IO-0/EL  buffer_pool.h:25] BufferPool[IO-0_Write]: Allocate new buffer, current buffer count is 32
I1102 18:28:26.689810 IO-0/EL  buffer_pool.h:25] BufferPool[IO-0_Write]: Allocate new buffer, current buffer count is 33
I1102 18:28:26.689825 IO-0/EL  buffer_pool.h:25] BufferPool[IO-0_Write]: Allocate new buffer, current buffer count is 34
I1102 18:28:26.689839 IO-0/EL  buffer_pool.h:25] BufferPool[IO-0_Write]: Allocate new buffer, current buffer count is 35
I1102 18:28:26.689854 IO-0/EL  buffer_pool.h:25] BufferPool[IO-0_Write]: Allocate new buffer, current buffer count is 36
I1102 18:28:26.689873 IO-0/EL  buffer_pool.h:25] BufferPool[IO-0_Write]: Allocate new buffer, current buffer count is 37
I1102 18:28:26.689888 IO-0/EL  buffer_pool.h:25] BufferPool[IO-0_Write]: Allocate new buffer, current buffer count is 38
I1102 18:28:26.689901 IO-0/EL  buffer_pool.h:25] BufferPool[IO-0_Write]: Allocate new buffer, current buffer count is 39
I1102 18:28:26.689910 IO-0/EL  buffer_pool.h:25] BufferPool[IO-0_Write]: Allocate new buffer, current buffer count is 40
I1102 18:28:28.434518 Main     server_base.cpp:35] Server: Scheduled to stop
I1102 18:28:28.434589 IO-0/EL  message_connection.cpp:284] LauncherConnection[1]: Connection closed remotely
I1102 18:28:28.434597 Server/E server_base.cpp:109] Server: Start stopping process
I1102 18:28:28.434624 IO-0/EL  io_worker.cpp:206] IO-0: Start stopping process
I1102 18:28:28.434644 Server/E server_base.cpp:55] Server: Event loop finishes
