I1102 19:11:39.922518 Main     thread.cpp:100] Register main thread: tid=1401307
E1102 19:11:39.923675 Main     docker.cpp:59] Cannot find docker's cgroup in /proc/self/cgroup
I1102 19:11:39.923746 Main     func_config.cpp:135] Load configuration for function Echo[1]
I1102 19:11:39.923759 Main     engine.cpp:109] Engine: Start 1 IO workers
I1102 19:11:39.927038 IO-0/EL  thread.cpp:40] Start thread: IO-0/EL
I1102 19:11:39.927094 IO-0/EL  io_worker.cpp:192] IO-0: Event loop starts
Checking for file descriptor...
Got a file descriptor!
I1102 19:11:41.368032 Main     engine.cpp:180] Engine: Created 1 Machnet connections to Gateway at 10.10.1.2:10007
I1102 19:11:41.368147 Main     engine.cpp:208] Engine: Listen on /dev/shm/faas_ipc/engine.sock for IPC connections
I1102 19:11:41.368418 Server/E thread.cpp:40] Start thread: Server/EL
I1102 19:11:41.368538 Server/E server_base.cpp:50] Server: Event loop starts
I1102 19:11:41.923846 Server/E engine.cpp:674] Engine: New message connection
I1102 19:11:41.927153 IO-0/EL  buffer_pool.h:25] BufferPool[IO-0_Read]: Allocate new buffer, current buffer count is 1
I1102 19:11:41.927185 IO-0/EL  engine.cpp:277] Engine: Receive new handshake message from message connection
I1102 19:11:41.927192 IO-0/EL  worker_manager.cpp:23] WorkerManager: Launcher of func_id 1 connected
I1102 19:11:41.927197 IO-0/EL  worker_manager.cpp:131] WorkerManager: Request new FuncWorker for func_id 1 with client_id 1
I1102 19:11:41.927217 IO-0/EL  worker_manager.cpp:131] WorkerManager: Request new FuncWorker for func_id 1 with client_id 2
I1102 19:11:41.927230 IO-0/EL  worker_manager.cpp:131] WorkerManager: Request new FuncWorker for func_id 1 with client_id 3
I1102 19:11:41.927240 IO-0/EL  worker_manager.cpp:131] WorkerManager: Request new FuncWorker for func_id 1 with client_id 4
I1102 19:11:41.927248 IO-0/EL  worker_manager.cpp:131] WorkerManager: Request new FuncWorker for func_id 1 with client_id 5
I1102 19:11:41.927257 IO-0/EL  worker_manager.cpp:131] WorkerManager: Request new FuncWorker for func_id 1 with client_id 6
I1102 19:11:41.927268 IO-0/EL  worker_manager.cpp:131] WorkerManager: Request new FuncWorker for func_id 1 with client_id 7
I1102 19:11:41.927277 IO-0/EL  worker_manager.cpp:131] WorkerManager: Request new FuncWorker for func_id 1 with client_id 8
I1102 19:11:41.927289 IO-0/EL  worker_manager.cpp:131] WorkerManager: Request new FuncWorker for func_id 1 with client_id 9
I1102 19:11:41.927299 IO-0/EL  worker_manager.cpp:131] WorkerManager: Request new FuncWorker for func_id 1 with client_id 10
I1102 19:11:41.927311 IO-0/EL  worker_manager.cpp:131] WorkerManager: Request new FuncWorker for func_id 1 with client_id 11
I1102 19:11:41.927320 IO-0/EL  worker_manager.cpp:131] WorkerManager: Request new FuncWorker for func_id 1 with client_id 12
I1102 19:11:41.927332 IO-0/EL  worker_manager.cpp:131] WorkerManager: Request new FuncWorker for func_id 1 with client_id 13
I1102 19:11:41.927341 IO-0/EL  worker_manager.cpp:131] WorkerManager: Request new FuncWorker for func_id 1 with client_id 14
I1102 19:11:41.927350 IO-0/EL  worker_manager.cpp:131] WorkerManager: Request new FuncWorker for func_id 1 with client_id 15
I1102 19:11:41.927361 IO-0/EL  worker_manager.cpp:131] WorkerManager: Request new FuncWorker for func_id 1 with client_id 16
I1102 19:11:41.927371 IO-0/EL  worker_manager.cpp:131] WorkerManager: Request new FuncWorker for func_id 1 with client_id 17
I1102 19:11:41.927392 IO-0/EL  worker_manager.cpp:131] WorkerManager: Request new FuncWorker for func_id 1 with client_id 18
I1102 19:11:41.927401 IO-0/EL  worker_manager.cpp:131] WorkerManager: Request new FuncWorker for func_id 1 with client_id 19
I1102 19:11:41.927412 IO-0/EL  worker_manager.cpp:131] WorkerManager: Request new FuncWorker for func_id 1 with client_id 20
I1102 19:11:41.927423 IO-0/EL  worker_manager.cpp:131] WorkerManager: Request new FuncWorker for func_id 1 with client_id 21
I1102 19:11:41.927434 IO-0/EL  worker_manager.cpp:131] WorkerManager: Request new FuncWorker for func_id 1 with client_id 22
I1102 19:11:41.927444 IO-0/EL  worker_manager.cpp:131] WorkerManager: Request new FuncWorker for func_id 1 with client_id 23
I1102 19:11:41.927469 IO-0/EL  worker_manager.cpp:131] WorkerManager: Request new FuncWorker for func_id 1 with client_id 24
I1102 19:11:41.927480 IO-0/EL  worker_manager.cpp:131] WorkerManager: Request new FuncWorker for func_id 1 with client_id 25
I1102 19:11:41.927489 IO-0/EL  worker_manager.cpp:131] WorkerManager: Request new FuncWorker for func_id 1 with client_id 26
I1102 19:11:41.927499 IO-0/EL  worker_manager.cpp:131] WorkerManager: Request new FuncWorker for func_id 1 with client_id 27
I1102 19:11:41.927511 IO-0/EL  worker_manager.cpp:131] WorkerManager: Request new FuncWorker for func_id 1 with client_id 28
I1102 19:11:41.927522 IO-0/EL  worker_manager.cpp:131] WorkerManager: Request new FuncWorker for func_id 1 with client_id 29
I1102 19:11:41.927531 IO-0/EL  worker_manager.cpp:131] WorkerManager: Request new FuncWorker for func_id 1 with client_id 30
I1102 19:11:41.927542 IO-0/EL  worker_manager.cpp:131] WorkerManager: Request new FuncWorker for func_id 1 with client_id 31
I1102 19:11:41.927551 IO-0/EL  worker_manager.cpp:131] WorkerManager: Request new FuncWorker for func_id 1 with client_id 32
I1102 19:11:41.927560 IO-0/EL  worker_manager.cpp:131] WorkerManager: Request new FuncWorker for func_id 1 with client_id 33
I1102 19:11:41.927594 IO-0/EL  worker_manager.cpp:131] WorkerManager: Request new FuncWorker for func_id 1 with client_id 34
I1102 19:11:41.927604 IO-0/EL  worker_manager.cpp:131] WorkerManager: Request new FuncWorker for func_id 1 with client_id 35
I1102 19:11:41.927617 IO-0/EL  worker_manager.cpp:131] WorkerManager: Request new FuncWorker for func_id 1 with client_id 36
I1102 19:11:41.927627 IO-0/EL  worker_manager.cpp:131] WorkerManager: Request new FuncWorker for func_id 1 with client_id 37
I1102 19:11:41.927636 IO-0/EL  worker_manager.cpp:131] WorkerManager: Request new FuncWorker for func_id 1 with client_id 38
I1102 19:11:41.927647 IO-0/EL  worker_manager.cpp:131] WorkerManager: Request new FuncWorker for func_id 1 with client_id 39
I1102 19:11:41.927658 IO-0/EL  worker_manager.cpp:131] WorkerManager: Request new FuncWorker for func_id 1 with client_id 40
I1102 19:11:41.927667 IO-0/EL  worker_manager.cpp:131] WorkerManager: Request new FuncWorker for func_id 1 with client_id 41
I1102 19:11:41.927676 IO-0/EL  worker_manager.cpp:131] WorkerManager: Request new FuncWorker for func_id 1 with client_id 42
I1102 19:11:41.927687 IO-0/EL  worker_manager.cpp:131] WorkerManager: Request new FuncWorker for func_id 1 with client_id 43
I1102 19:11:41.927698 IO-0/EL  worker_manager.cpp:131] WorkerManager: Request new FuncWorker for func_id 1 with client_id 44
I1102 19:11:41.927708 IO-0/EL  worker_manager.cpp:131] WorkerManager: Request new FuncWorker for func_id 1 with client_id 45
I1102 19:11:41.927725 IO-0/EL  worker_manager.cpp:131] WorkerManager: Request new FuncWorker for func_id 1 with client_id 46
I1102 19:11:41.927734 IO-0/EL  worker_manager.cpp:131] WorkerManager: Request new FuncWorker for func_id 1 with client_id 47
I1102 19:11:41.927745 IO-0/EL  worker_manager.cpp:131] WorkerManager: Request new FuncWorker for func_id 1 with client_id 48
I1102 19:11:41.927754 IO-0/EL  worker_manager.cpp:131] WorkerManager: Request new FuncWorker for func_id 1 with client_id 49
I1102 19:11:41.927763 IO-0/EL  worker_manager.cpp:131] WorkerManager: Request new FuncWorker for func_id 1 with client_id 50
I1102 19:11:41.927774 IO-0/EL  worker_manager.cpp:131] WorkerManager: Request new FuncWorker for func_id 1 with client_id 51
I1102 19:11:41.927785 IO-0/EL  worker_manager.cpp:131] WorkerManager: Request new FuncWorker for func_id 1 with client_id 52
I1102 19:11:41.927794 IO-0/EL  worker_manager.cpp:131] WorkerManager: Request new FuncWorker for func_id 1 with client_id 53
I1102 19:11:41.927804 IO-0/EL  worker_manager.cpp:131] WorkerManager: Request new FuncWorker for func_id 1 with client_id 54
I1102 19:11:41.927813 IO-0/EL  worker_manager.cpp:131] WorkerManager: Request new FuncWorker for func_id 1 with client_id 55
I1102 19:11:41.927824 IO-0/EL  worker_manager.cpp:131] WorkerManager: Request new FuncWorker for func_id 1 with client_id 56
I1102 19:11:41.927840 IO-0/EL  worker_manager.cpp:131] WorkerManager: Request new FuncWorker for func_id 1 with client_id 57
I1102 19:11:41.927851 IO-0/EL  worker_manager.cpp:131] WorkerManager: Request new FuncWorker for func_id 1 with client_id 58
I1102 19:11:41.927860 IO-0/EL  worker_manager.cpp:131] WorkerManager: Request new FuncWorker for func_id 1 with client_id 59
I1102 19:11:41.927872 IO-0/EL  worker_manager.cpp:131] WorkerManager: Request new FuncWorker for func_id 1 with client_id 60
I1102 19:11:41.927882 IO-0/EL  worker_manager.cpp:131] WorkerManager: Request new FuncWorker for func_id 1 with client_id 61
I1102 19:11:41.927892 IO-0/EL  worker_manager.cpp:131] WorkerManager: Request new FuncWorker for func_id 1 with client_id 62
I1102 19:11:41.927901 IO-0/EL  worker_manager.cpp:131] WorkerManager: Request new FuncWorker for func_id 1 with client_id 63
I1102 19:11:41.927910 IO-0/EL  worker_manager.cpp:131] WorkerManager: Request new FuncWorker for func_id 1 with client_id 64
I1102 19:11:41.927919 IO-0/EL  worker_manager.cpp:131] WorkerManager: Request new FuncWorker for func_id 1 with client_id 65
I1102 19:11:41.927969 IO-0/EL  worker_manager.cpp:131] WorkerManager: Request new FuncWorker for func_id 1 with client_id 66
I1102 19:11:41.927979 IO-0/EL  worker_manager.cpp:131] WorkerManager: Request new FuncWorker for func_id 1 with client_id 67
I1102 19:11:41.927988 IO-0/EL  worker_manager.cpp:131] WorkerManager: Request new FuncWorker for func_id 1 with client_id 68
I1102 19:11:41.928001 IO-0/EL  worker_manager.cpp:131] WorkerManager: Request new FuncWorker for func_id 1 with client_id 69
I1102 19:11:41.928011 IO-0/EL  worker_manager.cpp:131] WorkerManager: Request new FuncWorker for func_id 1 with client_id 70
I1102 19:11:41.928021 IO-0/EL  worker_manager.cpp:131] WorkerManager: Request new FuncWorker for func_id 1 with client_id 71
I1102 19:11:41.928030 IO-0/EL  worker_manager.cpp:131] WorkerManager: Request new FuncWorker for func_id 1 with client_id 72
I1102 19:11:41.928043 IO-0/EL  worker_manager.cpp:131] WorkerManager: Request new FuncWorker for func_id 1 with client_id 73
I1102 19:11:41.928053 IO-0/EL  worker_manager.cpp:131] WorkerManager: Request new FuncWorker for func_id 1 with client_id 74
I1102 19:11:41.928062 IO-0/EL  worker_manager.cpp:131] WorkerManager: Request new FuncWorker for func_id 1 with client_id 75
I1102 19:11:41.928074 IO-0/EL  worker_manager.cpp:131] WorkerManager: Request new FuncWorker for func_id 1 with client_id 76
I1102 19:11:41.928086 IO-0/EL  worker_manager.cpp:131] WorkerManager: Request new FuncWorker for func_id 1 with client_id 77
I1102 19:11:41.928095 IO-0/EL  worker_manager.cpp:131] WorkerManager: Request new FuncWorker for func_id 1 with client_id 78
I1102 19:11:41.928104 IO-0/EL  worker_manager.cpp:131] WorkerManager: Request new FuncWorker for func_id 1 with client_id 79
I1102 19:11:41.928114 IO-0/EL  worker_manager.cpp:131] WorkerManager: Request new FuncWorker for func_id 1 with client_id 80
I1102 19:11:41.928128 IO-0/EL  worker_manager.cpp:131] WorkerManager: Request new FuncWorker for func_id 1 with client_id 81
I1102 19:11:41.928138 IO-0/EL  worker_manager.cpp:131] WorkerManager: Request new FuncWorker for func_id 1 with client_id 82
I1102 19:11:41.928147 IO-0/EL  worker_manager.cpp:131] WorkerManager: Request new FuncWorker for func_id 1 with client_id 83
I1102 19:11:41.928158 IO-0/EL  worker_manager.cpp:131] WorkerManager: Request new FuncWorker for func_id 1 with client_id 84
I1102 19:11:41.928171 IO-0/EL  worker_manager.cpp:131] WorkerManager: Request new FuncWorker for func_id 1 with client_id 85
I1102 19:11:41.928181 IO-0/EL  worker_manager.cpp:131] WorkerManager: Request new FuncWorker for func_id 1 with client_id 86
I1102 19:11:41.928190 IO-0/EL  worker_manager.cpp:131] WorkerManager: Request new FuncWorker for func_id 1 with client_id 87
I1102 19:11:41.928200 IO-0/EL  worker_manager.cpp:131] WorkerManager: Request new FuncWorker for func_id 1 with client_id 88
I1102 19:11:41.928217 IO-0/EL  worker_manager.cpp:131] WorkerManager: Request new FuncWorker for func_id 1 with client_id 89
I1102 19:11:41.928227 IO-0/EL  worker_manager.cpp:131] WorkerManager: Request new FuncWorker for func_id 1 with client_id 90
I1102 19:11:41.928238 IO-0/EL  worker_manager.cpp:131] WorkerManager: Request new FuncWorker for func_id 1 with client_id 91
I1102 19:11:41.928247 IO-0/EL  worker_manager.cpp:131] WorkerManager: Request new FuncWorker for func_id 1 with client_id 92
I1102 19:11:41.928269 IO-0/EL  worker_manager.cpp:131] WorkerManager: Request new FuncWorker for func_id 1 with client_id 93
I1102 19:11:41.928279 IO-0/EL  worker_manager.cpp:131] WorkerManager: Request new FuncWorker for func_id 1 with client_id 94
I1102 19:11:41.928288 IO-0/EL  worker_manager.cpp:131] WorkerManager: Request new FuncWorker for func_id 1 with client_id 95
I1102 19:11:41.928298 IO-0/EL  worker_manager.cpp:131] WorkerManager: Request new FuncWorker for func_id 1 with client_id 96
I1102 19:11:41.928310 IO-0/EL  worker_manager.cpp:131] WorkerManager: Request new FuncWorker for func_id 1 with client_id 97
I1102 19:11:41.928319 IO-0/EL  worker_manager.cpp:131] WorkerManager: Request new FuncWorker for func_id 1 with client_id 98
I1102 19:11:41.928330 IO-0/EL  worker_manager.cpp:131] WorkerManager: Request new FuncWorker for func_id 1 with client_id 99
I1102 19:11:41.928339 IO-0/EL  worker_manager.cpp:131] WorkerManager: Request new FuncWorker for func_id 1 with client_id 100
I1102 19:11:41.928351 IO-0/EL  worker_manager.cpp:131] WorkerManager: Request new FuncWorker for func_id 1 with client_id 101
I1102 19:11:41.928360 IO-0/EL  worker_manager.cpp:131] WorkerManager: Request new FuncWorker for func_id 1 with client_id 102
I1102 19:11:41.928371 IO-0/EL  worker_manager.cpp:131] WorkerManager: Request new FuncWorker for func_id 1 with client_id 103
I1102 19:11:41.928380 IO-0/EL  worker_manager.cpp:131] WorkerManager: Request new FuncWorker for func_id 1 with client_id 104
I1102 19:11:41.928392 IO-0/EL  worker_manager.cpp:131] WorkerManager: Request new FuncWorker for func_id 1 with client_id 105
I1102 19:11:41.928404 IO-0/EL  worker_manager.cpp:131] WorkerManager: Request new FuncWorker for func_id 1 with client_id 106
I1102 19:11:41.928414 IO-0/EL  worker_manager.cpp:131] WorkerManager: Request new FuncWorker for func_id 1 with client_id 107
I1102 19:11:41.928423 IO-0/EL  worker_manager.cpp:131] WorkerManager: Request new FuncWorker for func_id 1 with client_id 108
I1102 19:11:41.928434 IO-0/EL  worker_manager.cpp:131] WorkerManager: Request new FuncWorker for func_id 1 with client_id 109
I1102 19:11:41.928444 IO-0/EL  worker_manager.cpp:131] WorkerManager: Request new FuncWorker for func_id 1 with client_id 110
I1102 19:11:41.928455 IO-0/EL  worker_manager.cpp:131] WorkerManager: Request new FuncWorker for func_id 1 with client_id 111
I1102 19:11:41.928464 IO-0/EL  worker_manager.cpp:131] WorkerManager: Request new FuncWorker for func_id 1 with client_id 112
I1102 19:11:41.928475 IO-0/EL  worker_manager.cpp:131] WorkerManager: Request new FuncWorker for func_id 1 with client_id 113
I1102 19:11:41.928486 IO-0/EL  worker_manager.cpp:131] WorkerManager: Request new FuncWorker for func_id 1 with client_id 114
I1102 19:11:41.928495 IO-0/EL  worker_manager.cpp:131] WorkerManager: Request new FuncWorker for func_id 1 with client_id 115
I1102 19:11:41.928505 IO-0/EL  worker_manager.cpp:131] WorkerManager: Request new FuncWorker for func_id 1 with client_id 116
I1102 19:11:41.928516 IO-0/EL  worker_manager.cpp:131] WorkerManager: Request new FuncWorker for func_id 1 with client_id 117
I1102 19:11:41.928527 IO-0/EL  worker_manager.cpp:131] WorkerManager: Request new FuncWorker for func_id 1 with client_id 118
I1102 19:11:41.928537 IO-0/EL  worker_manager.cpp:131] WorkerManager: Request new FuncWorker for func_id 1 with client_id 119
I1102 19:11:41.928546 IO-0/EL  worker_manager.cpp:131] WorkerManager: Request new FuncWorker for func_id 1 with client_id 120
I1102 19:11:41.928559 IO-0/EL  worker_manager.cpp:131] WorkerManager: Request new FuncWorker for func_id 1 with client_id 121
I1102 19:11:41.928574 IO-0/EL  worker_manager.cpp:131] WorkerManager: Request new FuncWorker for func_id 1 with client_id 122
I1102 19:11:41.928583 IO-0/EL  worker_manager.cpp:131] WorkerManager: Request new FuncWorker for func_id 1 with client_id 123
I1102 19:11:41.928593 IO-0/EL  worker_manager.cpp:131] WorkerManager: Request new FuncWorker for func_id 1 with client_id 124
I1102 19:11:41.928604 IO-0/EL  worker_manager.cpp:131] WorkerManager: Request new FuncWorker for func_id 1 with client_id 125
I1102 19:11:41.928616 IO-0/EL  worker_manager.cpp:131] WorkerManager: Request new FuncWorker for func_id 1 with client_id 126
I1102 19:11:41.928626 IO-0/EL  worker_manager.cpp:131] WorkerManager: Request new FuncWorker for func_id 1 with client_id 127
I1102 19:11:41.928636 IO-0/EL  worker_manager.cpp:131] WorkerManager: Request new FuncWorker for func_id 1 with client_id 128
I1102 19:11:41.928748 IO-0/EL  buffer_pool.h:25] BufferPool[IO-0_Write]: Allocate new buffer, current buffer count is 1
I1102 19:11:41.928779 IO-0/EL  buffer_pool.h:25] BufferPool[IO-0_Write]: Allocate new buffer, current buffer count is 2
I1102 19:11:41.928810 IO-0/EL  message_connection.cpp:269] LauncherConnection[1]: Handshake done
I1102 19:11:41.933196 Server/E engine.cpp:674] Engine: New message connection
I1102 19:11:41.933230 IO-0/EL  engine.cpp:277] Engine: Receive new handshake message from message connection
I1102 19:11:41.933236 IO-0/EL  worker_manager.cpp:60] WorkerManager: FuncWorker of func_id 1, client_id 1 connected
I1102 19:11:41.933248 IO-0/EL  dispatcher.cpp:47] Dispatcher[1]: min_workers=128
I1102 19:11:41.933252 IO-0/EL  dispatcher.cpp:51] Dispatcher[1]: max_workers=128
I1102 19:11:41.933273 IO-0/EL  message_connection.cpp:269] FuncWorkerConnection[1-1]: Handshake done
I1102 19:11:41.933535 Server/E engine.cpp:674] Engine: New message connection
I1102 19:11:41.933562 IO-0/EL  engine.cpp:277] Engine: Receive new handshake message from message connection
I1102 19:11:41.933567 IO-0/EL  worker_manager.cpp:60] WorkerManager: FuncWorker of func_id 1, client_id 2 connected
I1102 19:11:41.933581 IO-0/EL  message_connection.cpp:269] FuncWorkerConnection[1-2]: Handshake done
I1102 19:11:41.935160 Server/E engine.cpp:674] Engine: New message connection
I1102 19:11:41.935191 IO-0/EL  engine.cpp:277] Engine: Receive new handshake message from message connection
I1102 19:11:41.935197 IO-0/EL  worker_manager.cpp:60] WorkerManager: FuncWorker of func_id 1, client_id 3 connected
I1102 19:11:41.935211 IO-0/EL  message_connection.cpp:269] FuncWorkerConnection[1-3]: Handshake done
I1102 19:11:41.936056 Server/E engine.cpp:674] Engine: New message connection
I1102 19:11:41.936086 IO-0/EL  engine.cpp:277] Engine: Receive new handshake message from message connection
I1102 19:11:41.936091 IO-0/EL  worker_manager.cpp:60] WorkerManager: FuncWorker of func_id 1, client_id 4 connected
I1102 19:11:41.936105 IO-0/EL  message_connection.cpp:269] FuncWorkerConnection[1-4]: Handshake done
I1102 19:11:41.936875 Server/E engine.cpp:674] Engine: New message connection
I1102 19:11:41.936911 IO-0/EL  engine.cpp:277] Engine: Receive new handshake message from message connection
I1102 19:11:41.936916 IO-0/EL  worker_manager.cpp:60] WorkerManager: FuncWorker of func_id 1, client_id 5 connected
I1102 19:11:41.936929 IO-0/EL  message_connection.cpp:269] FuncWorkerConnection[1-5]: Handshake done
I1102 19:11:41.937236 Server/E engine.cpp:674] Engine: New message connection
I1102 19:11:41.937271 IO-0/EL  engine.cpp:277] Engine: Receive new handshake message from message connection
I1102 19:11:41.937276 IO-0/EL  worker_manager.cpp:60] WorkerManager: FuncWorker of func_id 1, client_id 6 connected
I1102 19:11:41.937289 IO-0/EL  message_connection.cpp:269] FuncWorkerConnection[1-6]: Handshake done
I1102 19:11:41.939250 Server/E engine.cpp:674] Engine: New message connection
I1102 19:11:41.939283 IO-0/EL  engine.cpp:277] Engine: Receive new handshake message from message connection
I1102 19:11:41.939288 IO-0/EL  worker_manager.cpp:60] WorkerManager: FuncWorker of func_id 1, client_id 8 connected
I1102 19:11:41.939311 IO-0/EL  message_connection.cpp:269] FuncWorkerConnection[1-8]: Handshake done
I1102 19:11:41.939412 Server/E engine.cpp:674] Engine: New message connection
I1102 19:11:41.939436 IO-0/EL  engine.cpp:277] Engine: Receive new handshake message from message connection
I1102 19:11:41.939441 IO-0/EL  worker_manager.cpp:60] WorkerManager: FuncWorker of func_id 1, client_id 9 connected
I1102 19:11:41.939454 IO-0/EL  message_connection.cpp:269] FuncWorkerConnection[1-9]: Handshake done
I1102 19:11:41.939515 Server/E engine.cpp:674] Engine: New message connection
I1102 19:11:41.939542 IO-0/EL  engine.cpp:277] Engine: Receive new handshake message from message connection
I1102 19:11:41.939546 IO-0/EL  worker_manager.cpp:60] WorkerManager: FuncWorker of func_id 1, client_id 7 connected
I1102 19:11:41.939560 IO-0/EL  message_connection.cpp:269] FuncWorkerConnection[1-7]: Handshake done
I1102 19:11:41.939731 Server/E engine.cpp:674] Engine: New message connection
I1102 19:11:41.939753 IO-0/EL  engine.cpp:277] Engine: Receive new handshake message from message connection
I1102 19:11:41.939757 IO-0/EL  worker_manager.cpp:60] WorkerManager: FuncWorker of func_id 1, client_id 10 connected
I1102 19:11:41.939770 IO-0/EL  message_connection.cpp:269] FuncWorkerConnection[1-10]: Handshake done
I1102 19:11:41.940167 Server/E engine.cpp:674] Engine: New message connection
I1102 19:11:41.940200 IO-0/EL  engine.cpp:277] Engine: Receive new handshake message from message connection
I1102 19:11:41.940205 IO-0/EL  worker_manager.cpp:60] WorkerManager: FuncWorker of func_id 1, client_id 11 connected
I1102 19:11:41.940218 IO-0/EL  message_connection.cpp:269] FuncWorkerConnection[1-11]: Handshake done
I1102 19:11:41.940562 Server/E engine.cpp:674] Engine: New message connection
I1102 19:11:41.940593 IO-0/EL  engine.cpp:277] Engine: Receive new handshake message from message connection
I1102 19:11:41.940598 IO-0/EL  worker_manager.cpp:60] WorkerManager: FuncWorker of func_id 1, client_id 12 connected
I1102 19:11:41.940611 IO-0/EL  message_connection.cpp:269] FuncWorkerConnection[1-12]: Handshake done
I1102 19:11:41.941039 Server/E engine.cpp:674] Engine: New message connection
I1102 19:11:41.941070 IO-0/EL  engine.cpp:277] Engine: Receive new handshake message from message connection
I1102 19:11:41.941075 IO-0/EL  worker_manager.cpp:60] WorkerManager: FuncWorker of func_id 1, client_id 13 connected
I1102 19:11:41.941088 IO-0/EL  message_connection.cpp:269] FuncWorkerConnection[1-13]: Handshake done
I1102 19:11:41.942577 Server/E engine.cpp:674] Engine: New message connection
I1102 19:11:41.942615 IO-0/EL  engine.cpp:277] Engine: Receive new handshake message from message connection
I1102 19:11:41.942620 IO-0/EL  worker_manager.cpp:60] WorkerManager: FuncWorker of func_id 1, client_id 15 connected
I1102 19:11:41.942634 IO-0/EL  message_connection.cpp:269] FuncWorkerConnection[1-15]: Handshake done
I1102 19:11:41.943016 Server/E engine.cpp:674] Engine: New message connection
I1102 19:11:41.943045 IO-0/EL  engine.cpp:277] Engine: Receive new handshake message from message connection
I1102 19:11:41.943050 IO-0/EL  worker_manager.cpp:60] WorkerManager: FuncWorker of func_id 1, client_id 16 connected
I1102 19:11:41.943063 IO-0/EL  message_connection.cpp:269] FuncWorkerConnection[1-16]: Handshake done
I1102 19:11:41.943382 Server/E engine.cpp:674] Engine: New message connection
I1102 19:11:41.943411 IO-0/EL  engine.cpp:277] Engine: Receive new handshake message from message connection
I1102 19:11:41.943415 IO-0/EL  worker_manager.cpp:60] WorkerManager: FuncWorker of func_id 1, client_id 14 connected
I1102 19:11:41.943429 IO-0/EL  message_connection.cpp:269] FuncWorkerConnection[1-14]: Handshake done
I1102 19:11:41.943614 Server/E engine.cpp:674] Engine: New message connection
I1102 19:11:41.943646 Server/E engine.cpp:674] Engine: New message connection
I1102 19:11:41.943650 IO-0/EL  engine.cpp:277] Engine: Receive new handshake message from message connection
I1102 19:11:41.943662 IO-0/EL  worker_manager.cpp:60] WorkerManager: FuncWorker of func_id 1, client_id 17 connected
I1102 19:11:41.943680 IO-0/EL  message_connection.cpp:269] FuncWorkerConnection[1-17]: Handshake done
I1102 19:11:41.943694 IO-0/EL  engine.cpp:277] Engine: Receive new handshake message from message connection
I1102 19:11:41.943698 IO-0/EL  worker_manager.cpp:60] WorkerManager: FuncWorker of func_id 1, client_id 18 connected
I1102 19:11:41.943717 IO-0/EL  message_connection.cpp:269] FuncWorkerConnection[1-18]: Handshake done
I1102 19:11:41.944411 Server/E engine.cpp:674] Engine: New message connection
I1102 19:11:41.944454 IO-0/EL  engine.cpp:277] Engine: Receive new handshake message from message connection
I1102 19:11:41.944459 IO-0/EL  worker_manager.cpp:60] WorkerManager: FuncWorker of func_id 1, client_id 19 connected
I1102 19:11:41.944472 IO-0/EL  message_connection.cpp:269] FuncWorkerConnection[1-19]: Handshake done
I1102 19:11:41.944904 Server/E engine.cpp:674] Engine: New message connection
I1102 19:11:41.944950 IO-0/EL  engine.cpp:277] Engine: Receive new handshake message from message connection
I1102 19:11:41.944955 IO-0/EL  worker_manager.cpp:60] WorkerManager: FuncWorker of func_id 1, client_id 20 connected
I1102 19:11:41.944968 IO-0/EL  message_connection.cpp:269] FuncWorkerConnection[1-20]: Handshake done
I1102 19:11:41.945294 Server/E engine.cpp:674] Engine: New message connection
I1102 19:11:41.945321 IO-0/EL  engine.cpp:277] Engine: Receive new handshake message from message connection
I1102 19:11:41.945326 IO-0/EL  worker_manager.cpp:60] WorkerManager: FuncWorker of func_id 1, client_id 21 connected
I1102 19:11:41.945339 IO-0/EL  message_connection.cpp:269] FuncWorkerConnection[1-21]: Handshake done
I1102 19:11:41.946160 Server/E engine.cpp:674] Engine: New message connection
I1102 19:11:41.946184 IO-0/EL  engine.cpp:277] Engine: Receive new handshake message from message connection
I1102 19:11:41.946189 IO-0/EL  worker_manager.cpp:60] WorkerManager: FuncWorker of func_id 1, client_id 22 connected
I1102 19:11:41.946203 IO-0/EL  message_connection.cpp:269] FuncWorkerConnection[1-22]: Handshake done
I1102 19:11:41.946393 Server/E engine.cpp:674] Engine: New message connection
I1102 19:11:41.946417 IO-0/EL  engine.cpp:277] Engine: Receive new handshake message from message connection
I1102 19:11:41.946422 IO-0/EL  worker_manager.cpp:60] WorkerManager: FuncWorker of func_id 1, client_id 23 connected
I1102 19:11:41.946435 IO-0/EL  message_connection.cpp:269] FuncWorkerConnection[1-23]: Handshake done
I1102 19:11:41.947153 Server/E engine.cpp:674] Engine: New message connection
I1102 19:11:41.947176 IO-0/EL  engine.cpp:277] Engine: Receive new handshake message from message connection
I1102 19:11:41.947180 IO-0/EL  worker_manager.cpp:60] WorkerManager: FuncWorker of func_id 1, client_id 24 connected
I1102 19:11:41.947194 IO-0/EL  message_connection.cpp:269] FuncWorkerConnection[1-24]: Handshake done
I1102 19:11:41.947435 Server/E engine.cpp:674] Engine: New message connection
I1102 19:11:41.947462 IO-0/EL  engine.cpp:277] Engine: Receive new handshake message from message connection
I1102 19:11:41.947467 IO-0/EL  worker_manager.cpp:60] WorkerManager: FuncWorker of func_id 1, client_id 25 connected
I1102 19:11:41.947481 IO-0/EL  message_connection.cpp:269] FuncWorkerConnection[1-25]: Handshake done
I1102 19:11:41.947591 Server/E engine.cpp:674] Engine: New message connection
I1102 19:11:41.947621 IO-0/EL  engine.cpp:277] Engine: Receive new handshake message from message connection
I1102 19:11:41.947626 IO-0/EL  worker_manager.cpp:60] WorkerManager: FuncWorker of func_id 1, client_id 26 connected
I1102 19:11:41.947639 IO-0/EL  message_connection.cpp:269] FuncWorkerConnection[1-26]: Handshake done
I1102 19:11:41.948585 Server/E engine.cpp:674] Engine: New message connection
I1102 19:11:41.948625 IO-0/EL  engine.cpp:277] Engine: Receive new handshake message from message connection
I1102 19:11:41.948631 IO-0/EL  worker_manager.cpp:60] WorkerManager: FuncWorker of func_id 1, client_id 27 connected
I1102 19:11:41.948652 IO-0/EL  message_connection.cpp:269] FuncWorkerConnection[1-27]: Handshake done
I1102 19:11:41.948880 Server/E engine.cpp:674] Engine: New message connection
I1102 19:11:41.948913 IO-0/EL  engine.cpp:277] Engine: Receive new handshake message from message connection
I1102 19:11:41.948918 IO-0/EL  worker_manager.cpp:60] WorkerManager: FuncWorker of func_id 1, client_id 28 connected
I1102 19:11:41.948932 IO-0/EL  message_connection.cpp:269] FuncWorkerConnection[1-28]: Handshake done
I1102 19:11:41.949297 Server/E engine.cpp:674] Engine: New message connection
I1102 19:11:41.949328 IO-0/EL  engine.cpp:277] Engine: Receive new handshake message from message connection
I1102 19:11:41.949333 IO-0/EL  worker_manager.cpp:60] WorkerManager: FuncWorker of func_id 1, client_id 29 connected
I1102 19:11:41.949350 IO-0/EL  message_connection.cpp:269] FuncWorkerConnection[1-29]: Handshake done
I1102 19:11:41.949705 Server/E engine.cpp:674] Engine: New message connection
I1102 19:11:41.949746 IO-0/EL  engine.cpp:277] Engine: Receive new handshake message from message connection
I1102 19:11:41.949751 IO-0/EL  worker_manager.cpp:60] WorkerManager: FuncWorker of func_id 1, client_id 30 connected
I1102 19:11:41.949764 IO-0/EL  message_connection.cpp:269] FuncWorkerConnection[1-30]: Handshake done
I1102 19:11:41.950197 Server/E engine.cpp:674] Engine: New message connection
I1102 19:11:41.950226 IO-0/EL  engine.cpp:277] Engine: Receive new handshake message from message connection
I1102 19:11:41.950230 IO-0/EL  worker_manager.cpp:60] WorkerManager: FuncWorker of func_id 1, client_id 31 connected
I1102 19:11:41.950242 IO-0/EL  message_connection.cpp:269] FuncWorkerConnection[1-31]: Handshake done
I1102 19:11:41.950665 Server/E engine.cpp:674] Engine: New message connection
I1102 19:11:41.950698 IO-0/EL  engine.cpp:277] Engine: Receive new handshake message from message connection
I1102 19:11:41.950703 IO-0/EL  worker_manager.cpp:60] WorkerManager: FuncWorker of func_id 1, client_id 32 connected
I1102 19:11:41.950719 IO-0/EL  message_connection.cpp:269] FuncWorkerConnection[1-32]: Handshake done
I1102 19:11:41.951222 Server/E engine.cpp:674] Engine: New message connection
I1102 19:11:41.951249 IO-0/EL  engine.cpp:277] Engine: Receive new handshake message from message connection
I1102 19:11:41.951254 IO-0/EL  worker_manager.cpp:60] WorkerManager: FuncWorker of func_id 1, client_id 33 connected
I1102 19:11:41.951267 IO-0/EL  message_connection.cpp:269] FuncWorkerConnection[1-33]: Handshake done
I1102 19:11:41.951287 Server/E engine.cpp:674] Engine: New message connection
I1102 19:11:41.951312 IO-0/EL  engine.cpp:277] Engine: Receive new handshake message from message connection
I1102 19:11:41.951316 IO-0/EL  worker_manager.cpp:60] WorkerManager: FuncWorker of func_id 1, client_id 34 connected
I1102 19:11:41.951329 IO-0/EL  message_connection.cpp:269] FuncWorkerConnection[1-34]: Handshake done
I1102 19:11:41.952056 Server/E engine.cpp:674] Engine: New message connection
I1102 19:11:41.952102 IO-0/EL  engine.cpp:277] Engine: Receive new handshake message from message connection
I1102 19:11:41.952107 IO-0/EL  worker_manager.cpp:60] WorkerManager: FuncWorker of func_id 1, client_id 35 connected
I1102 19:11:41.952120 IO-0/EL  message_connection.cpp:269] FuncWorkerConnection[1-35]: Handshake done
I1102 19:11:41.952529 Server/E engine.cpp:674] Engine: New message connection
I1102 19:11:41.952555 IO-0/EL  engine.cpp:277] Engine: Receive new handshake message from message connection
I1102 19:11:41.952560 IO-0/EL  worker_manager.cpp:60] WorkerManager: FuncWorker of func_id 1, client_id 36 connected
I1102 19:11:41.952573 IO-0/EL  message_connection.cpp:269] FuncWorkerConnection[1-36]: Handshake done
I1102 19:11:41.952973 Server/E engine.cpp:674] Engine: New message connection
I1102 19:11:41.952999 IO-0/EL  engine.cpp:277] Engine: Receive new handshake message from message connection
I1102 19:11:41.953004 IO-0/EL  worker_manager.cpp:60] WorkerManager: FuncWorker of func_id 1, client_id 37 connected
I1102 19:11:41.953017 IO-0/EL  message_connection.cpp:269] FuncWorkerConnection[1-37]: Handshake done
I1102 19:11:41.953490 Server/E engine.cpp:674] Engine: New message connection
I1102 19:11:41.953513 IO-0/EL  engine.cpp:277] Engine: Receive new handshake message from message connection
I1102 19:11:41.953518 IO-0/EL  worker_manager.cpp:60] WorkerManager: FuncWorker of func_id 1, client_id 38 connected
I1102 19:11:41.953532 IO-0/EL  message_connection.cpp:269] FuncWorkerConnection[1-38]: Handshake done
I1102 19:11:41.953964 Server/E engine.cpp:674] Engine: New message connection
I1102 19:11:41.953988 IO-0/EL  engine.cpp:277] Engine: Receive new handshake message from message connection
I1102 19:11:41.953992 IO-0/EL  worker_manager.cpp:60] WorkerManager: FuncWorker of func_id 1, client_id 39 connected
I1102 19:11:41.954005 IO-0/EL  message_connection.cpp:269] FuncWorkerConnection[1-39]: Handshake done
I1102 19:11:41.954457 Server/E engine.cpp:674] Engine: New message connection
I1102 19:11:41.954483 IO-0/EL  engine.cpp:277] Engine: Receive new handshake message from message connection
I1102 19:11:41.954488 IO-0/EL  worker_manager.cpp:60] WorkerManager: FuncWorker of func_id 1, client_id 40 connected
I1102 19:11:41.954500 IO-0/EL  message_connection.cpp:269] FuncWorkerConnection[1-40]: Handshake done
I1102 19:11:41.954998 Server/E engine.cpp:674] Engine: New message connection
I1102 19:11:41.955024 IO-0/EL  engine.cpp:277] Engine: Receive new handshake message from message connection
I1102 19:11:41.955029 IO-0/EL  worker_manager.cpp:60] WorkerManager: FuncWorker of func_id 1, client_id 41 connected
I1102 19:11:41.955044 IO-0/EL  message_connection.cpp:269] FuncWorkerConnection[1-41]: Handshake done
I1102 19:11:41.955540 Server/E engine.cpp:674] Engine: New message connection
I1102 19:11:41.955569 IO-0/EL  engine.cpp:277] Engine: Receive new handshake message from message connection
I1102 19:11:41.955573 IO-0/EL  worker_manager.cpp:60] WorkerManager: FuncWorker of func_id 1, client_id 42 connected
I1102 19:11:41.955586 IO-0/EL  message_connection.cpp:269] FuncWorkerConnection[1-42]: Handshake done
I1102 19:11:41.955873 Server/E engine.cpp:674] Engine: New message connection
I1102 19:11:41.955900 IO-0/EL  engine.cpp:277] Engine: Receive new handshake message from message connection
I1102 19:11:41.955906 IO-0/EL  worker_manager.cpp:60] WorkerManager: FuncWorker of func_id 1, client_id 43 connected
I1102 19:11:41.955923 IO-0/EL  message_connection.cpp:269] FuncWorkerConnection[1-43]: Handshake done
I1102 19:11:41.956489 Server/E engine.cpp:674] Engine: New message connection
I1102 19:11:41.956518 IO-0/EL  engine.cpp:277] Engine: Receive new handshake message from message connection
I1102 19:11:41.956523 IO-0/EL  worker_manager.cpp:60] WorkerManager: FuncWorker of func_id 1, client_id 44 connected
I1102 19:11:41.956535 IO-0/EL  message_connection.cpp:269] FuncWorkerConnection[1-44]: Handshake done
I1102 19:11:41.956971 Server/E engine.cpp:674] Engine: New message connection
I1102 19:11:41.957007 IO-0/EL  engine.cpp:277] Engine: Receive new handshake message from message connection
I1102 19:11:41.957012 IO-0/EL  worker_manager.cpp:60] WorkerManager: FuncWorker of func_id 1, client_id 45 connected
I1102 19:11:41.957025 IO-0/EL  message_connection.cpp:269] FuncWorkerConnection[1-45]: Handshake done
I1102 19:11:41.957375 Server/E engine.cpp:674] Engine: New message connection
I1102 19:11:41.957404 IO-0/EL  engine.cpp:277] Engine: Receive new handshake message from message connection
I1102 19:11:41.957408 IO-0/EL  worker_manager.cpp:60] WorkerManager: FuncWorker of func_id 1, client_id 46 connected
I1102 19:11:41.957421 IO-0/EL  message_connection.cpp:269] FuncWorkerConnection[1-46]: Handshake done
I1102 19:11:41.957875 Server/E engine.cpp:674] Engine: New message connection
I1102 19:11:41.957906 IO-0/EL  engine.cpp:277] Engine: Receive new handshake message from message connection
I1102 19:11:41.957911 IO-0/EL  worker_manager.cpp:60] WorkerManager: FuncWorker of func_id 1, client_id 47 connected
I1102 19:11:41.957924 IO-0/EL  message_connection.cpp:269] FuncWorkerConnection[1-47]: Handshake done
I1102 19:11:41.958311 Server/E engine.cpp:674] Engine: New message connection
I1102 19:11:41.958338 IO-0/EL  engine.cpp:277] Engine: Receive new handshake message from message connection
I1102 19:11:41.958343 IO-0/EL  worker_manager.cpp:60] WorkerManager: FuncWorker of func_id 1, client_id 48 connected
I1102 19:11:41.958355 IO-0/EL  message_connection.cpp:269] FuncWorkerConnection[1-48]: Handshake done
I1102 19:11:41.958874 Server/E engine.cpp:674] Engine: New message connection
I1102 19:11:41.958904 IO-0/EL  engine.cpp:277] Engine: Receive new handshake message from message connection
I1102 19:11:41.958909 IO-0/EL  worker_manager.cpp:60] WorkerManager: FuncWorker of func_id 1, client_id 49 connected
I1102 19:11:41.958924 IO-0/EL  message_connection.cpp:269] FuncWorkerConnection[1-49]: Handshake done
I1102 19:11:41.959470 Server/E engine.cpp:674] Engine: New message connection
I1102 19:11:41.959496 IO-0/EL  engine.cpp:277] Engine: Receive new handshake message from message connection
I1102 19:11:41.959501 IO-0/EL  worker_manager.cpp:60] WorkerManager: FuncWorker of func_id 1, client_id 50 connected
I1102 19:11:41.959514 IO-0/EL  message_connection.cpp:269] FuncWorkerConnection[1-50]: Handshake done
I1102 19:11:41.960043 Server/E engine.cpp:674] Engine: New message connection
I1102 19:11:41.960076 IO-0/EL  engine.cpp:277] Engine: Receive new handshake message from message connection
I1102 19:11:41.960082 IO-0/EL  worker_manager.cpp:60] WorkerManager: FuncWorker of func_id 1, client_id 51 connected
I1102 19:11:41.960095 IO-0/EL  message_connection.cpp:269] FuncWorkerConnection[1-51]: Handshake done
I1102 19:11:41.960625 Server/E engine.cpp:674] Engine: New message connection
I1102 19:11:41.960652 IO-0/EL  engine.cpp:277] Engine: Receive new handshake message from message connection
I1102 19:11:41.960656 IO-0/EL  worker_manager.cpp:60] WorkerManager: FuncWorker of func_id 1, client_id 52 connected
I1102 19:11:41.960669 IO-0/EL  message_connection.cpp:269] FuncWorkerConnection[1-52]: Handshake done
I1102 19:11:41.960861 Server/E engine.cpp:674] Engine: New message connection
I1102 19:11:41.960892 IO-0/EL  engine.cpp:277] Engine: Receive new handshake message from message connection
I1102 19:11:41.960898 IO-0/EL  worker_manager.cpp:60] WorkerManager: FuncWorker of func_id 1, client_id 53 connected
I1102 19:11:41.960911 IO-0/EL  message_connection.cpp:269] FuncWorkerConnection[1-53]: Handshake done
I1102 19:11:41.961767 Server/E engine.cpp:674] Engine: New message connection
I1102 19:11:41.961809 IO-0/EL  engine.cpp:277] Engine: Receive new handshake message from message connection
I1102 19:11:41.961814 IO-0/EL  worker_manager.cpp:60] WorkerManager: FuncWorker of func_id 1, client_id 54 connected
I1102 19:11:41.961828 IO-0/EL  message_connection.cpp:269] FuncWorkerConnection[1-54]: Handshake done
I1102 19:11:41.962312 Server/E engine.cpp:674] Engine: New message connection
I1102 19:11:41.962359 IO-0/EL  engine.cpp:277] Engine: Receive new handshake message from message connection
I1102 19:11:41.962364 IO-0/EL  worker_manager.cpp:60] WorkerManager: FuncWorker of func_id 1, client_id 55 connected
I1102 19:11:41.962377 IO-0/EL  message_connection.cpp:269] FuncWorkerConnection[1-55]: Handshake done
I1102 19:11:41.962783 Server/E engine.cpp:674] Engine: New message connection
I1102 19:11:41.962826 IO-0/EL  engine.cpp:277] Engine: Receive new handshake message from message connection
I1102 19:11:41.962831 IO-0/EL  worker_manager.cpp:60] WorkerManager: FuncWorker of func_id 1, client_id 56 connected
I1102 19:11:41.962845 IO-0/EL  message_connection.cpp:269] FuncWorkerConnection[1-56]: Handshake done
I1102 19:11:41.963249 Server/E engine.cpp:674] Engine: New message connection
I1102 19:11:41.963286 IO-0/EL  engine.cpp:277] Engine: Receive new handshake message from message connection
I1102 19:11:41.963290 IO-0/EL  worker_manager.cpp:60] WorkerManager: FuncWorker of func_id 1, client_id 57 connected
I1102 19:11:41.963312 IO-0/EL  message_connection.cpp:269] FuncWorkerConnection[1-57]: Handshake done
I1102 19:11:41.963807 Server/E engine.cpp:674] Engine: New message connection
I1102 19:11:41.963843 IO-0/EL  engine.cpp:277] Engine: Receive new handshake message from message connection
I1102 19:11:41.963849 IO-0/EL  worker_manager.cpp:60] WorkerManager: FuncWorker of func_id 1, client_id 58 connected
I1102 19:11:41.963862 IO-0/EL  message_connection.cpp:269] FuncWorkerConnection[1-58]: Handshake done
I1102 19:11:41.964181 Server/E engine.cpp:674] Engine: New message connection
I1102 19:11:41.964214 IO-0/EL  engine.cpp:277] Engine: Receive new handshake message from message connection
I1102 19:11:41.964219 IO-0/EL  worker_manager.cpp:60] WorkerManager: FuncWorker of func_id 1, client_id 59 connected
I1102 19:11:41.964232 IO-0/EL  message_connection.cpp:269] FuncWorkerConnection[1-59]: Handshake done
I1102 19:11:41.964653 Server/E engine.cpp:674] Engine: New message connection
I1102 19:11:41.964691 IO-0/EL  engine.cpp:277] Engine: Receive new handshake message from message connection
I1102 19:11:41.964695 IO-0/EL  worker_manager.cpp:60] WorkerManager: FuncWorker of func_id 1, client_id 60 connected
I1102 19:11:41.964713 IO-0/EL  message_connection.cpp:269] FuncWorkerConnection[1-60]: Handshake done
I1102 19:11:41.964790 Server/E engine.cpp:674] Engine: New message connection
I1102 19:11:41.964812 IO-0/EL  engine.cpp:277] Engine: Receive new handshake message from message connection
I1102 19:11:41.964817 IO-0/EL  worker_manager.cpp:60] WorkerManager: FuncWorker of func_id 1, client_id 61 connected
I1102 19:11:41.964832 IO-0/EL  message_connection.cpp:269] FuncWorkerConnection[1-61]: Handshake done
I1102 19:11:41.965530 Server/E engine.cpp:674] Engine: New message connection
I1102 19:11:41.965556 IO-0/EL  engine.cpp:277] Engine: Receive new handshake message from message connection
I1102 19:11:41.965561 IO-0/EL  worker_manager.cpp:60] WorkerManager: FuncWorker of func_id 1, client_id 62 connected
I1102 19:11:41.965574 IO-0/EL  message_connection.cpp:269] FuncWorkerConnection[1-62]: Handshake done
I1102 19:11:41.965997 Server/E engine.cpp:674] Engine: New message connection
I1102 19:11:41.966021 IO-0/EL  engine.cpp:277] Engine: Receive new handshake message from message connection
I1102 19:11:41.966026 IO-0/EL  worker_manager.cpp:60] WorkerManager: FuncWorker of func_id 1, client_id 63 connected
I1102 19:11:41.966039 IO-0/EL  message_connection.cpp:269] FuncWorkerConnection[1-63]: Handshake done
I1102 19:11:41.966459 Server/E engine.cpp:674] Engine: New message connection
I1102 19:11:41.966485 IO-0/EL  engine.cpp:277] Engine: Receive new handshake message from message connection
I1102 19:11:41.966489 IO-0/EL  worker_manager.cpp:60] WorkerManager: FuncWorker of func_id 1, client_id 64 connected
I1102 19:11:41.966503 IO-0/EL  message_connection.cpp:269] FuncWorkerConnection[1-64]: Handshake done
I1102 19:11:41.967069 Server/E engine.cpp:674] Engine: New message connection
I1102 19:11:41.967096 IO-0/EL  engine.cpp:277] Engine: Receive new handshake message from message connection
I1102 19:11:41.967102 IO-0/EL  worker_manager.cpp:60] WorkerManager: FuncWorker of func_id 1, client_id 65 connected
I1102 19:11:41.967116 IO-0/EL  message_connection.cpp:269] FuncWorkerConnection[1-65]: Handshake done
I1102 19:11:41.967719 Server/E engine.cpp:674] Engine: New message connection
I1102 19:11:41.967741 IO-0/EL  engine.cpp:277] Engine: Receive new handshake message from message connection
I1102 19:11:41.967745 IO-0/EL  worker_manager.cpp:60] WorkerManager: FuncWorker of func_id 1, client_id 66 connected
I1102 19:11:41.967758 IO-0/EL  message_connection.cpp:269] FuncWorkerConnection[1-66]: Handshake done
I1102 19:11:41.968248 Server/E engine.cpp:674] Engine: New message connection
I1102 19:11:41.968273 IO-0/EL  engine.cpp:277] Engine: Receive new handshake message from message connection
I1102 19:11:41.968278 IO-0/EL  worker_manager.cpp:60] WorkerManager: FuncWorker of func_id 1, client_id 67 connected
I1102 19:11:41.968290 IO-0/EL  message_connection.cpp:269] FuncWorkerConnection[1-67]: Handshake done
I1102 19:11:41.968789 Server/E engine.cpp:674] Engine: New message connection
I1102 19:11:41.968822 IO-0/EL  engine.cpp:277] Engine: Receive new handshake message from message connection
I1102 19:11:41.968827 IO-0/EL  worker_manager.cpp:60] WorkerManager: FuncWorker of func_id 1, client_id 68 connected
I1102 19:11:41.968840 IO-0/EL  message_connection.cpp:269] FuncWorkerConnection[1-68]: Handshake done
I1102 19:11:41.969367 Server/E engine.cpp:674] Engine: New message connection
I1102 19:11:41.969391 IO-0/EL  engine.cpp:277] Engine: Receive new handshake message from message connection
I1102 19:11:41.969397 IO-0/EL  worker_manager.cpp:60] WorkerManager: FuncWorker of func_id 1, client_id 69 connected
I1102 19:11:41.969409 IO-0/EL  message_connection.cpp:269] FuncWorkerConnection[1-69]: Handshake done
I1102 19:11:41.969933 Server/E engine.cpp:674] Engine: New message connection
I1102 19:11:41.969958 IO-0/EL  engine.cpp:277] Engine: Receive new handshake message from message connection
I1102 19:11:41.969963 IO-0/EL  worker_manager.cpp:60] WorkerManager: FuncWorker of func_id 1, client_id 70 connected
I1102 19:11:41.969976 IO-0/EL  message_connection.cpp:269] FuncWorkerConnection[1-70]: Handshake done
I1102 19:11:41.970514 Server/E engine.cpp:674] Engine: New message connection
I1102 19:11:41.970538 IO-0/EL  engine.cpp:277] Engine: Receive new handshake message from message connection
I1102 19:11:41.970542 IO-0/EL  worker_manager.cpp:60] WorkerManager: FuncWorker of func_id 1, client_id 71 connected
I1102 19:11:41.970555 IO-0/EL  message_connection.cpp:269] FuncWorkerConnection[1-71]: Handshake done
I1102 19:11:41.970976 Server/E engine.cpp:674] Engine: New message connection
I1102 19:11:41.971053 IO-0/EL  engine.cpp:277] Engine: Receive new handshake message from message connection
I1102 19:11:41.971058 IO-0/EL  worker_manager.cpp:60] WorkerManager: FuncWorker of func_id 1, client_id 72 connected
I1102 19:11:41.971075 IO-0/EL  message_connection.cpp:269] FuncWorkerConnection[1-72]: Handshake done
I1102 19:11:41.971169 Server/E engine.cpp:674] Engine: New message connection
I1102 19:11:41.971193 IO-0/EL  engine.cpp:277] Engine: Receive new handshake message from message connection
I1102 19:11:41.971197 IO-0/EL  worker_manager.cpp:60] WorkerManager: FuncWorker of func_id 1, client_id 73 connected
I1102 19:11:41.971210 IO-0/EL  message_connection.cpp:269] FuncWorkerConnection[1-73]: Handshake done
I1102 19:11:41.971995 Server/E engine.cpp:674] Engine: New message connection
I1102 19:11:41.972022 IO-0/EL  engine.cpp:277] Engine: Receive new handshake message from message connection
I1102 19:11:41.972027 IO-0/EL  worker_manager.cpp:60] WorkerManager: FuncWorker of func_id 1, client_id 74 connected
I1102 19:11:41.972040 IO-0/EL  message_connection.cpp:269] FuncWorkerConnection[1-74]: Handshake done
I1102 19:11:41.972508 Server/E engine.cpp:674] Engine: New message connection
I1102 19:11:41.972531 IO-0/EL  engine.cpp:277] Engine: Receive new handshake message from message connection
I1102 19:11:41.972535 IO-0/EL  worker_manager.cpp:60] WorkerManager: FuncWorker of func_id 1, client_id 75 connected
I1102 19:11:41.972549 IO-0/EL  message_connection.cpp:269] FuncWorkerConnection[1-75]: Handshake done
I1102 19:11:41.973173 Server/E engine.cpp:674] Engine: New message connection
I1102 19:11:41.973198 IO-0/EL  engine.cpp:277] Engine: Receive new handshake message from message connection
I1102 19:11:41.973203 IO-0/EL  worker_manager.cpp:60] WorkerManager: FuncWorker of func_id 1, client_id 76 connected
I1102 19:11:41.973216 IO-0/EL  message_connection.cpp:269] FuncWorkerConnection[1-76]: Handshake done
I1102 19:11:41.973676 Server/E engine.cpp:674] Engine: New message connection
I1102 19:11:41.973725 IO-0/EL  engine.cpp:277] Engine: Receive new handshake message from message connection
I1102 19:11:41.973731 IO-0/EL  worker_manager.cpp:60] WorkerManager: FuncWorker of func_id 1, client_id 77 connected
I1102 19:11:41.973747 IO-0/EL  message_connection.cpp:269] FuncWorkerConnection[1-77]: Handshake done
I1102 19:11:41.974234 Server/E engine.cpp:674] Engine: New message connection
I1102 19:11:41.974293 IO-0/EL  engine.cpp:277] Engine: Receive new handshake message from message connection
I1102 19:11:41.974298 IO-0/EL  worker_manager.cpp:60] WorkerManager: FuncWorker of func_id 1, client_id 78 connected
I1102 19:11:41.974312 IO-0/EL  message_connection.cpp:269] FuncWorkerConnection[1-78]: Handshake done
I1102 19:11:41.989731 Server/E engine.cpp:674] Engine: New message connection
I1102 19:11:41.989768 Server/E engine.cpp:674] Engine: New message connection
I1102 19:11:41.989776 IO-0/EL  engine.cpp:277] Engine: Receive new handshake message from message connection
I1102 19:11:41.989782 IO-0/EL  worker_manager.cpp:60] WorkerManager: FuncWorker of func_id 1, client_id 79 connected
I1102 19:11:41.989786 Server/E engine.cpp:674] Engine: New message connection
I1102 19:11:41.989795 IO-0/EL  message_connection.cpp:269] FuncWorkerConnection[1-79]: Handshake done
I1102 19:11:41.989799 Server/E engine.cpp:674] Engine: New message connection
I1102 19:11:41.989812 Server/E engine.cpp:674] Engine: New message connection
I1102 19:11:41.989819 IO-0/EL  engine.cpp:277] Engine: Receive new handshake message from message connection
I1102 19:11:41.989823 IO-0/EL  worker_manager.cpp:60] WorkerManager: FuncWorker of func_id 1, client_id 80 connected
I1102 19:11:41.989826 Server/E engine.cpp:674] Engine: New message connection
I1102 19:11:41.989837 IO-0/EL  message_connection.cpp:269] FuncWorkerConnection[1-80]: Handshake done
I1102 19:11:41.989839 Server/E engine.cpp:674] Engine: New message connection
I1102 19:11:41.989852 IO-0/EL  engine.cpp:277] Engine: Receive new handshake message from message connection
I1102 19:11:41.989854 Server/E engine.cpp:674] Engine: New message connection
I1102 19:11:41.989856 IO-0/EL  worker_manager.cpp:60] WorkerManager: FuncWorker of func_id 1, client_id 81 connected
I1102 19:11:41.989869 Server/E engine.cpp:674] Engine: New message connection
I1102 19:11:41.989874 IO-0/EL  message_connection.cpp:269] FuncWorkerConnection[1-81]: Handshake done
I1102 19:11:41.989882 Server/E engine.cpp:674] Engine: New message connection
I1102 19:11:41.989892 IO-0/EL  engine.cpp:277] Engine: Receive new handshake message from message connection
I1102 19:11:41.989896 Server/E engine.cpp:674] Engine: New message connection
I1102 19:11:41.989896 IO-0/EL  worker_manager.cpp:60] WorkerManager: FuncWorker of func_id 1, client_id 82 connected
I1102 19:11:41.989916 Server/E engine.cpp:674] Engine: New message connection
I1102 19:11:41.989925 IO-0/EL  message_connection.cpp:269] FuncWorkerConnection[1-82]: Handshake done
I1102 19:11:41.989932 Server/E engine.cpp:674] Engine: New message connection
I1102 19:11:41.989941 IO-0/EL  engine.cpp:277] Engine: Receive new handshake message from message connection
I1102 19:11:41.989945 Server/E engine.cpp:674] Engine: New message connection
I1102 19:11:41.989962 Server/E engine.cpp:674] Engine: New message connection
I1102 19:11:41.989945 IO-0/EL  worker_manager.cpp:60] WorkerManager: FuncWorker of func_id 1, client_id 83 connected
I1102 19:11:41.989974 Server/E engine.cpp:674] Engine: New message connection
I1102 19:11:41.989985 IO-0/EL  message_connection.cpp:269] FuncWorkerConnection[1-83]: Handshake done
I1102 19:11:41.989987 Server/E engine.cpp:674] Engine: New message connection
I1102 19:11:41.990005 Server/E engine.cpp:674] Engine: New message connection
I1102 19:11:41.990007 IO-0/EL  engine.cpp:277] Engine: Receive new handshake message from message connection
I1102 19:11:41.990013 IO-0/EL  worker_manager.cpp:60] WorkerManager: FuncWorker of func_id 1, client_id 84 connected
I1102 19:11:41.990019 Server/E engine.cpp:674] Engine: New message connection
I1102 19:11:41.990026 IO-0/EL  message_connection.cpp:269] FuncWorkerConnection[1-84]: Handshake done
I1102 19:11:41.990031 Server/E engine.cpp:674] Engine: New message connection
I1102 19:11:41.990040 IO-0/EL  engine.cpp:277] Engine: Receive new handshake message from message connection
I1102 19:11:41.990045 Server/E engine.cpp:674] Engine: New message connection
I1102 19:11:41.990045 IO-0/EL  worker_manager.cpp:60] WorkerManager: FuncWorker of func_id 1, client_id 85 connected
I1102 19:11:41.990061 Server/E engine.cpp:674] Engine: New message connection
I1102 19:11:41.990082 IO-0/EL  message_connection.cpp:269] FuncWorkerConnection[1-85]: Handshake done
I1102 19:11:41.990085 Server/E engine.cpp:674] Engine: New message connection
I1102 19:11:41.990101 Server/E engine.cpp:674] Engine: New message connection
I1102 19:11:41.990101 IO-0/EL  engine.cpp:277] Engine: Receive new handshake message from message connection
I1102 19:11:41.990114 IO-0/EL  worker_manager.cpp:60] WorkerManager: FuncWorker of func_id 1, client_id 86 connected
I1102 19:11:41.990116 Server/E engine.cpp:674] Engine: New message connection
I1102 19:11:41.990128 IO-0/EL  message_connection.cpp:269] FuncWorkerConnection[1-86]: Handshake done
I1102 19:11:41.990129 Server/E engine.cpp:674] Engine: New message connection
I1102 19:11:41.990144 IO-0/EL  engine.cpp:277] Engine: Receive new handshake message from message connection
I1102 19:11:41.990147 Server/E engine.cpp:674] Engine: New message connection
I1102 19:11:41.990151 IO-0/EL  worker_manager.cpp:60] WorkerManager: FuncWorker of func_id 1, client_id 87 connected
I1102 19:11:41.990166 Server/E engine.cpp:674] Engine: New message connection
I1102 19:11:41.990174 IO-0/EL  message_connection.cpp:269] FuncWorkerConnection[1-87]: Handshake done
I1102 19:11:41.990178 Server/E engine.cpp:674] Engine: New message connection
I1102 19:11:41.990189 IO-0/EL  engine.cpp:277] Engine: Receive new handshake message from message connection
I1102 19:11:41.990194 IO-0/EL  worker_manager.cpp:60] WorkerManager: FuncWorker of func_id 1, client_id 88 connected
I1102 19:11:41.990194 Server/E engine.cpp:674] Engine: New message connection
I1102 19:11:41.990210 IO-0/EL  message_connection.cpp:269] FuncWorkerConnection[1-88]: Handshake done
I1102 19:11:41.990214 Server/E engine.cpp:674] Engine: New message connection
I1102 19:11:41.990228 IO-0/EL  engine.cpp:277] Engine: Receive new handshake message from message connection
I1102 19:11:41.990233 IO-0/EL  worker_manager.cpp:60] WorkerManager: FuncWorker of func_id 1, client_id 89 connected
I1102 19:11:41.990240 Server/E engine.cpp:674] Engine: New message connection
I1102 19:11:41.990246 IO-0/EL  message_connection.cpp:269] FuncWorkerConnection[1-89]: Handshake done
I1102 19:11:41.990260 IO-0/EL  engine.cpp:277] Engine: Receive new handshake message from message connection
I1102 19:11:41.990264 IO-0/EL  worker_manager.cpp:60] WorkerManager: FuncWorker of func_id 1, client_id 90 connected
I1102 19:11:41.990269 Server/E engine.cpp:674] Engine: New message connection
I1102 19:11:41.990277 IO-0/EL  message_connection.cpp:269] FuncWorkerConnection[1-90]: Handshake done
I1102 19:11:41.990284 Server/E engine.cpp:674] Engine: New message connection
I1102 19:11:41.990296 IO-0/EL  engine.cpp:277] Engine: Receive new handshake message from message connection
I1102 19:11:41.990300 IO-0/EL  worker_manager.cpp:60] WorkerManager: FuncWorker of func_id 1, client_id 91 connected
I1102 19:11:41.990314 IO-0/EL  message_connection.cpp:269] FuncWorkerConnection[1-91]: Handshake done
I1102 19:11:41.990328 IO-0/EL  engine.cpp:277] Engine: Receive new handshake message from message connection
I1102 19:11:41.990332 IO-0/EL  worker_manager.cpp:60] WorkerManager: FuncWorker of func_id 1, client_id 92 connected
I1102 19:11:41.990346 IO-0/EL  message_connection.cpp:269] FuncWorkerConnection[1-92]: Handshake done
I1102 19:11:41.990362 IO-0/EL  engine.cpp:277] Engine: Receive new handshake message from message connection
I1102 19:11:41.990366 IO-0/EL  worker_manager.cpp:60] WorkerManager: FuncWorker of func_id 1, client_id 93 connected
I1102 19:11:41.990381 IO-0/EL  message_connection.cpp:269] FuncWorkerConnection[1-93]: Handshake done
I1102 19:11:41.990394 IO-0/EL  engine.cpp:277] Engine: Receive new handshake message from message connection
I1102 19:11:41.990398 IO-0/EL  worker_manager.cpp:60] WorkerManager: FuncWorker of func_id 1, client_id 94 connected
I1102 19:11:41.990411 IO-0/EL  message_connection.cpp:269] FuncWorkerConnection[1-94]: Handshake done
I1102 19:11:41.990434 IO-0/EL  engine.cpp:277] Engine: Receive new handshake message from message connection
I1102 19:11:41.990439 IO-0/EL  worker_manager.cpp:60] WorkerManager: FuncWorker of func_id 1, client_id 95 connected
I1102 19:11:41.990452 IO-0/EL  message_connection.cpp:269] FuncWorkerConnection[1-95]: Handshake done
I1102 19:11:41.990466 IO-0/EL  engine.cpp:277] Engine: Receive new handshake message from message connection
I1102 19:11:41.990473 IO-0/EL  worker_manager.cpp:60] WorkerManager: FuncWorker of func_id 1, client_id 96 connected
I1102 19:11:41.990492 IO-0/EL  message_connection.cpp:269] FuncWorkerConnection[1-96]: Handshake done
I1102 19:11:41.990517 IO-0/EL  engine.cpp:277] Engine: Receive new handshake message from message connection
I1102 19:11:41.990525 IO-0/EL  worker_manager.cpp:60] WorkerManager: FuncWorker of func_id 1, client_id 97 connected
I1102 19:11:41.990545 IO-0/EL  message_connection.cpp:269] FuncWorkerConnection[1-97]: Handshake done
I1102 19:11:41.990570 IO-0/EL  engine.cpp:277] Engine: Receive new handshake message from message connection
I1102 19:11:41.990577 IO-0/EL  worker_manager.cpp:60] WorkerManager: FuncWorker of func_id 1, client_id 98 connected
I1102 19:11:41.990586 Server/E engine.cpp:674] Engine: New message connection
I1102 19:11:41.990598 IO-0/EL  message_connection.cpp:269] FuncWorkerConnection[1-98]: Handshake done
I1102 19:11:41.990691 IO-0/EL  engine.cpp:277] Engine: Receive new handshake message from message connection
I1102 19:11:41.990703 IO-0/EL  worker_manager.cpp:60] WorkerManager: FuncWorker of func_id 1, client_id 99 connected
I1102 19:11:41.990736 IO-0/EL  message_connection.cpp:269] FuncWorkerConnection[1-99]: Handshake done
I1102 19:11:41.990754 IO-0/EL  engine.cpp:277] Engine: Receive new handshake message from message connection
I1102 19:11:41.990759 IO-0/EL  worker_manager.cpp:60] WorkerManager: FuncWorker of func_id 1, client_id 100 connected
I1102 19:11:41.990773 IO-0/EL  message_connection.cpp:269] FuncWorkerConnection[1-100]: Handshake done
I1102 19:11:41.990793 IO-0/EL  engine.cpp:277] Engine: Receive new handshake message from message connection
I1102 19:11:41.990797 IO-0/EL  worker_manager.cpp:60] WorkerManager: FuncWorker of func_id 1, client_id 101 connected
I1102 19:11:41.990812 IO-0/EL  message_connection.cpp:269] FuncWorkerConnection[1-101]: Handshake done
I1102 19:11:41.990827 IO-0/EL  engine.cpp:277] Engine: Receive new handshake message from message connection
I1102 19:11:41.990831 IO-0/EL  worker_manager.cpp:60] WorkerManager: FuncWorker of func_id 1, client_id 102 connected
I1102 19:11:41.990848 IO-0/EL  message_connection.cpp:269] FuncWorkerConnection[1-102]: Handshake done
I1102 19:11:41.990862 IO-0/EL  engine.cpp:277] Engine: Receive new handshake message from message connection
I1102 19:11:41.990866 IO-0/EL  worker_manager.cpp:60] WorkerManager: FuncWorker of func_id 1, client_id 103 connected
I1102 19:11:41.990881 IO-0/EL  message_connection.cpp:269] FuncWorkerConnection[1-103]: Handshake done
I1102 19:11:41.990903 IO-0/EL  engine.cpp:277] Engine: Receive new handshake message from message connection
I1102 19:11:41.990908 IO-0/EL  worker_manager.cpp:60] WorkerManager: FuncWorker of func_id 1, client_id 104 connected
I1102 19:11:41.990922 IO-0/EL  message_connection.cpp:269] FuncWorkerConnection[1-104]: Handshake done
I1102 19:11:41.990935 IO-0/EL  engine.cpp:277] Engine: Receive new handshake message from message connection
I1102 19:11:41.990939 IO-0/EL  worker_manager.cpp:60] WorkerManager: FuncWorker of func_id 1, client_id 105 connected
I1102 19:11:41.990955 IO-0/EL  message_connection.cpp:269] FuncWorkerConnection[1-105]: Handshake done
I1102 19:11:41.990975 IO-0/EL  engine.cpp:277] Engine: Receive new handshake message from message connection
I1102 19:11:41.990979 IO-0/EL  worker_manager.cpp:60] WorkerManager: FuncWorker of func_id 1, client_id 106 connected
I1102 19:11:41.990993 IO-0/EL  message_connection.cpp:269] FuncWorkerConnection[1-106]: Handshake done
I1102 19:11:41.991007 IO-0/EL  engine.cpp:277] Engine: Receive new handshake message from message connection
I1102 19:11:41.991029 IO-0/EL  worker_manager.cpp:60] WorkerManager: FuncWorker of func_id 1, client_id 107 connected
I1102 19:11:41.991044 IO-0/EL  message_connection.cpp:269] FuncWorkerConnection[1-107]: Handshake done
I1102 19:11:41.991075 IO-0/EL  engine.cpp:277] Engine: Receive new handshake message from message connection
I1102 19:11:41.991083 IO-0/EL  worker_manager.cpp:60] WorkerManager: FuncWorker of func_id 1, client_id 108 connected
I1102 19:11:41.991105 IO-0/EL  message_connection.cpp:269] FuncWorkerConnection[1-108]: Handshake done
I1102 19:11:41.991129 IO-0/EL  engine.cpp:277] Engine: Receive new handshake message from message connection
I1102 19:11:41.991136 IO-0/EL  worker_manager.cpp:60] WorkerManager: FuncWorker of func_id 1, client_id 109 connected
I1102 19:11:41.991165 IO-0/EL  message_connection.cpp:269] FuncWorkerConnection[1-109]: Handshake done
I1102 19:11:41.991196 IO-0/EL  engine.cpp:277] Engine: Receive new handshake message from message connection
I1102 19:11:41.991203 IO-0/EL  worker_manager.cpp:60] WorkerManager: FuncWorker of func_id 1, client_id 110 connected
I1102 19:11:41.991223 IO-0/EL  message_connection.cpp:269] FuncWorkerConnection[1-110]: Handshake done
I1102 19:11:41.991228 Server/E engine.cpp:674] Engine: New message connection
I1102 19:11:41.991257 IO-0/EL  engine.cpp:277] Engine: Receive new handshake message from message connection
I1102 19:11:41.991264 IO-0/EL  worker_manager.cpp:60] WorkerManager: FuncWorker of func_id 1, client_id 111 connected
I1102 19:11:41.991285 IO-0/EL  message_connection.cpp:269] FuncWorkerConnection[1-111]: Handshake done
I1102 19:11:41.991315 IO-0/EL  engine.cpp:277] Engine: Receive new handshake message from message connection
I1102 19:11:41.991322 IO-0/EL  worker_manager.cpp:60] WorkerManager: FuncWorker of func_id 1, client_id 112 connected
I1102 19:11:41.991344 IO-0/EL  message_connection.cpp:269] FuncWorkerConnection[1-112]: Handshake done
I1102 19:11:41.991351 Server/E engine.cpp:674] Engine: New message connection
I1102 19:11:41.991369 IO-0/EL  engine.cpp:277] Engine: Receive new handshake message from message connection
I1102 19:11:41.991376 IO-0/EL  worker_manager.cpp:60] WorkerManager: FuncWorker of func_id 1, client_id 113 connected
I1102 19:11:41.991414 IO-0/EL  message_connection.cpp:269] FuncWorkerConnection[1-113]: Handshake done
I1102 19:11:41.991437 IO-0/EL  engine.cpp:277] Engine: Receive new handshake message from message connection
I1102 19:11:41.991444 IO-0/EL  worker_manager.cpp:60] WorkerManager: FuncWorker of func_id 1, client_id 114 connected
I1102 19:11:41.991465 IO-0/EL  message_connection.cpp:269] FuncWorkerConnection[1-114]: Handshake done
I1102 19:11:41.991484 IO-0/EL  engine.cpp:277] Engine: Receive new handshake message from message connection
I1102 19:11:41.991490 IO-0/EL  worker_manager.cpp:60] WorkerManager: FuncWorker of func_id 1, client_id 115 connected
I1102 19:11:41.991514 IO-0/EL  message_connection.cpp:269] FuncWorkerConnection[1-115]: Handshake done
I1102 19:11:41.992648 Server/E engine.cpp:674] Engine: New message connection
I1102 19:11:41.992753 IO-0/EL  engine.cpp:277] Engine: Receive new handshake message from message connection
I1102 19:11:41.992772 IO-0/EL  worker_manager.cpp:60] WorkerManager: FuncWorker of func_id 1, client_id 116 connected
I1102 19:11:41.992809 IO-0/EL  message_connection.cpp:269] FuncWorkerConnection[1-116]: Handshake done
I1102 19:11:41.993143 Server/E engine.cpp:674] Engine: New message connection
I1102 19:11:41.993209 IO-0/EL  engine.cpp:277] Engine: Receive new handshake message from message connection
I1102 19:11:41.993218 IO-0/EL  worker_manager.cpp:60] WorkerManager: FuncWorker of func_id 1, client_id 117 connected
I1102 19:11:41.993235 IO-0/EL  message_connection.cpp:269] FuncWorkerConnection[1-117]: Handshake done
I1102 19:11:41.994547 Server/E engine.cpp:674] Engine: New message connection
I1102 19:11:41.994587 IO-0/EL  engine.cpp:277] Engine: Receive new handshake message from message connection
I1102 19:11:41.994615 IO-0/EL  worker_manager.cpp:60] WorkerManager: FuncWorker of func_id 1, client_id 118 connected
I1102 19:11:41.994630 IO-0/EL  message_connection.cpp:269] FuncWorkerConnection[1-118]: Handshake done
I1102 19:11:41.996124 Server/E engine.cpp:674] Engine: New message connection
I1102 19:11:41.996153 IO-0/EL  engine.cpp:277] Engine: Receive new handshake message from message connection
I1102 19:11:41.996159 IO-0/EL  worker_manager.cpp:60] WorkerManager: FuncWorker of func_id 1, client_id 119 connected
I1102 19:11:41.996173 IO-0/EL  message_connection.cpp:269] FuncWorkerConnection[1-119]: Handshake done
I1102 19:11:42.016947 Server/E engine.cpp:674] Engine: New message connection
I1102 19:11:42.016996 IO-0/EL  engine.cpp:277] Engine: Receive new handshake message from message connection
I1102 19:11:42.017004 IO-0/EL  worker_manager.cpp:60] WorkerManager: FuncWorker of func_id 1, client_id 121 connected
I1102 19:11:42.017021 IO-0/EL  message_connection.cpp:269] FuncWorkerConnection[1-121]: Handshake done
I1102 19:11:42.017448 Server/E engine.cpp:674] Engine: New message connection
I1102 19:11:42.017478 IO-0/EL  engine.cpp:277] Engine: Receive new handshake message from message connection
I1102 19:11:42.017483 IO-0/EL  worker_manager.cpp:60] WorkerManager: FuncWorker of func_id 1, client_id 120 connected
I1102 19:11:42.017499 IO-0/EL  message_connection.cpp:269] FuncWorkerConnection[1-120]: Handshake done
I1102 19:11:42.017742 Server/E engine.cpp:674] Engine: New message connection
I1102 19:11:42.017791 IO-0/EL  engine.cpp:277] Engine: Receive new handshake message from message connection
I1102 19:11:42.017795 IO-0/EL  worker_manager.cpp:60] WorkerManager: FuncWorker of func_id 1, client_id 122 connected
I1102 19:11:42.017813 IO-0/EL  message_connection.cpp:269] FuncWorkerConnection[1-122]: Handshake done
I1102 19:11:42.017899 Server/E engine.cpp:674] Engine: New message connection
I1102 19:11:42.017926 IO-0/EL  engine.cpp:277] Engine: Receive new handshake message from message connection
I1102 19:11:42.017930 IO-0/EL  worker_manager.cpp:60] WorkerManager: FuncWorker of func_id 1, client_id 123 connected
I1102 19:11:42.017944 IO-0/EL  message_connection.cpp:269] FuncWorkerConnection[1-123]: Handshake done
I1102 19:11:42.018348 Server/E engine.cpp:674] Engine: New message connection
I1102 19:11:42.018377 IO-0/EL  engine.cpp:277] Engine: Receive new handshake message from message connection
I1102 19:11:42.018382 IO-0/EL  worker_manager.cpp:60] WorkerManager: FuncWorker of func_id 1, client_id 124 connected
I1102 19:11:42.018402 IO-0/EL  message_connection.cpp:269] FuncWorkerConnection[1-124]: Handshake done
I1102 19:11:42.018857 Server/E engine.cpp:674] Engine: New message connection
I1102 19:11:42.018885 IO-0/EL  engine.cpp:277] Engine: Receive new handshake message from message connection
I1102 19:11:42.018890 IO-0/EL  worker_manager.cpp:60] WorkerManager: FuncWorker of func_id 1, client_id 125 connected
I1102 19:11:42.018903 IO-0/EL  message_connection.cpp:269] FuncWorkerConnection[1-125]: Handshake done
I1102 19:11:42.019486 Server/E engine.cpp:674] Engine: New message connection
I1102 19:11:42.019515 IO-0/EL  engine.cpp:277] Engine: Receive new handshake message from message connection
I1102 19:11:42.019519 IO-0/EL  worker_manager.cpp:60] WorkerManager: FuncWorker of func_id 1, client_id 126 connected
I1102 19:11:42.019533 IO-0/EL  message_connection.cpp:269] FuncWorkerConnection[1-126]: Handshake done
I1102 19:11:42.019838 Server/E engine.cpp:674] Engine: New message connection
I1102 19:11:42.019862 IO-0/EL  engine.cpp:277] Engine: Receive new handshake message from message connection
I1102 19:11:42.019867 IO-0/EL  worker_manager.cpp:60] WorkerManager: FuncWorker of func_id 1, client_id 127 connected
I1102 19:11:42.019881 IO-0/EL  message_connection.cpp:269] FuncWorkerConnection[1-127]: Handshake done
I1102 19:11:42.020377 Server/E engine.cpp:674] Engine: New message connection
I1102 19:11:42.020407 IO-0/EL  engine.cpp:277] Engine: Receive new handshake message from message connection
I1102 19:11:42.020412 IO-0/EL  worker_manager.cpp:60] WorkerManager: FuncWorker of func_id 1, client_id 128 connected
I1102 19:11:42.020436 IO-0/EL  message_connection.cpp:269] FuncWorkerConnection[1-128]: Handshake done
I1102 19:11:44.456427 IO-0/EL  buffer_pool.h:25] BufferPool[IO-0_Write]: Allocate new buffer, current buffer count is 3
I1102 19:11:44.456451 IO-0/EL  buffer_pool.h:25] BufferPool[IO-0_Write]: Allocate new buffer, current buffer count is 4
I1102 19:11:44.456465 IO-0/EL  buffer_pool.h:25] BufferPool[IO-0_Write]: Allocate new buffer, current buffer count is 5
I1102 19:11:44.456473 IO-0/EL  buffer_pool.h:25] BufferPool[IO-0_Write]: Allocate new buffer, current buffer count is 6
I1102 19:11:44.456485 IO-0/EL  buffer_pool.h:25] BufferPool[IO-0_Write]: Allocate new buffer, current buffer count is 7
I1102 19:11:44.456495 IO-0/EL  buffer_pool.h:25] BufferPool[IO-0_Write]: Allocate new buffer, current buffer count is 8
I1102 19:11:44.456504 IO-0/EL  buffer_pool.h:25] BufferPool[IO-0_Write]: Allocate new buffer, current buffer count is 9
I1102 19:11:44.456513 IO-0/EL  buffer_pool.h:25] BufferPool[IO-0_Write]: Allocate new buffer, current buffer count is 10
I1102 19:11:44.456524 IO-0/EL  buffer_pool.h:25] BufferPool[IO-0_Write]: Allocate new buffer, current buffer count is 11
I1102 19:11:44.456532 IO-0/EL  buffer_pool.h:25] BufferPool[IO-0_Write]: Allocate new buffer, current buffer count is 12
I1102 19:11:44.456543 IO-0/EL  buffer_pool.h:25] BufferPool[IO-0_Write]: Allocate new buffer, current buffer count is 13
I1102 19:11:44.456552 IO-0/EL  buffer_pool.h:25] BufferPool[IO-0_Write]: Allocate new buffer, current buffer count is 14
I1102 19:11:44.456565 IO-0/EL  buffer_pool.h:25] BufferPool[IO-0_Write]: Allocate new buffer, current buffer count is 15
I1102 19:11:44.456574 IO-0/EL  buffer_pool.h:25] BufferPool[IO-0_Write]: Allocate new buffer, current buffer count is 16
I1102 19:11:44.456587 IO-0/EL  buffer_pool.h:25] BufferPool[IO-0_Write]: Allocate new buffer, current buffer count is 17
I1102 19:11:44.456598 IO-0/EL  buffer_pool.h:25] BufferPool[IO-0_Write]: Allocate new buffer, current buffer count is 18
I1102 19:11:44.456609 IO-0/EL  buffer_pool.h:25] BufferPool[IO-0_Write]: Allocate new buffer, current buffer count is 19
I1102 19:11:44.456619 IO-0/EL  buffer_pool.h:25] BufferPool[IO-0_Write]: Allocate new buffer, current buffer count is 20
I1102 19:11:44.456630 IO-0/EL  buffer_pool.h:25] BufferPool[IO-0_Write]: Allocate new buffer, current buffer count is 21
I1102 19:11:44.456641 IO-0/EL  buffer_pool.h:25] BufferPool[IO-0_Write]: Allocate new buffer, current buffer count is 22
I1102 19:11:44.456654 IO-0/EL  buffer_pool.h:25] BufferPool[IO-0_Write]: Allocate new buffer, current buffer count is 23
I1102 19:11:44.456675 IO-0/EL  buffer_pool.h:25] BufferPool[IO-0_Write]: Allocate new buffer, current buffer count is 24
I1102 19:11:44.456689 IO-0/EL  buffer_pool.h:25] BufferPool[IO-0_Write]: Allocate new buffer, current buffer count is 25
I1102 19:11:44.456717 IO-0/EL  buffer_pool.h:25] BufferPool[IO-0_Write]: Allocate new buffer, current buffer count is 26
I1102 19:11:44.456735 IO-0/EL  buffer_pool.h:25] BufferPool[IO-0_Write]: Allocate new buffer, current buffer count is 27
I1102 19:11:44.456754 IO-0/EL  buffer_pool.h:25] BufferPool[IO-0_Write]: Allocate new buffer, current buffer count is 28
I1102 19:11:44.456779 IO-0/EL  buffer_pool.h:25] BufferPool[IO-0_Write]: Allocate new buffer, current buffer count is 29
I1102 19:11:44.456796 IO-0/EL  buffer_pool.h:25] BufferPool[IO-0_Write]: Allocate new buffer, current buffer count is 30
I1102 19:11:44.456817 IO-0/EL  buffer_pool.h:25] BufferPool[IO-0_Write]: Allocate new buffer, current buffer count is 31
I1102 19:11:44.456838 IO-0/EL  buffer_pool.h:25] BufferPool[IO-0_Write]: Allocate new buffer, current buffer count is 32
I1102 19:11:44.456860 IO-0/EL  buffer_pool.h:25] BufferPool[IO-0_Write]: Allocate new buffer, current buffer count is 33
I1102 19:11:44.456882 IO-0/EL  buffer_pool.h:25] BufferPool[IO-0_Write]: Allocate new buffer, current buffer count is 34
I1102 19:11:44.456907 IO-0/EL  buffer_pool.h:25] BufferPool[IO-0_Write]: Allocate new buffer, current buffer count is 35
I1102 19:11:44.456940 IO-0/EL  buffer_pool.h:25] BufferPool[IO-0_Write]: Allocate new buffer, current buffer count is 36
I1102 19:11:44.456964 IO-0/EL  buffer_pool.h:25] BufferPool[IO-0_Write]: Allocate new buffer, current buffer count is 37
I1102 19:11:44.456979 IO-0/EL  buffer_pool.h:25] BufferPool[IO-0_Write]: Allocate new buffer, current buffer count is 38
I1102 19:11:44.457005 IO-0/EL  buffer_pool.h:25] BufferPool[IO-0_Write]: Allocate new buffer, current buffer count is 39
I1102 19:11:44.457024 IO-0/EL  buffer_pool.h:25] BufferPool[IO-0_Write]: Allocate new buffer, current buffer count is 40
I1102 19:11:44.457043 IO-0/EL  buffer_pool.h:25] BufferPool[IO-0_Write]: Allocate new buffer, current buffer count is 41
I1102 19:11:44.457060 IO-0/EL  buffer_pool.h:25] BufferPool[IO-0_Write]: Allocate new buffer, current buffer count is 42
I1102 19:11:44.457076 IO-0/EL  buffer_pool.h:25] BufferPool[IO-0_Write]: Allocate new buffer, current buffer count is 43
I1102 19:11:44.457091 IO-0/EL  buffer_pool.h:25] BufferPool[IO-0_Write]: Allocate new buffer, current buffer count is 44
I1102 19:11:44.457110 IO-0/EL  buffer_pool.h:25] BufferPool[IO-0_Write]: Allocate new buffer, current buffer count is 45
I1102 19:11:44.457128 IO-0/EL  buffer_pool.h:25] BufferPool[IO-0_Write]: Allocate new buffer, current buffer count is 46
I1102 19:11:44.457138 IO-0/EL  buffer_pool.h:25] BufferPool[IO-0_Write]: Allocate new buffer, current buffer count is 47
I1102 19:11:44.457153 IO-0/EL  buffer_pool.h:25] BufferPool[IO-0_Write]: Allocate new buffer, current buffer count is 48
I1102 19:11:44.457163 IO-0/EL  buffer_pool.h:25] BufferPool[IO-0_Write]: Allocate new buffer, current buffer count is 49
I1102 19:11:44.457178 IO-0/EL  buffer_pool.h:25] BufferPool[IO-0_Write]: Allocate new buffer, current buffer count is 50
I1102 19:11:44.457189 IO-0/EL  buffer_pool.h:25] BufferPool[IO-0_Write]: Allocate new buffer, current buffer count is 51
I1102 19:11:44.457201 IO-0/EL  buffer_pool.h:25] BufferPool[IO-0_Write]: Allocate new buffer, current buffer count is 52
I1102 19:11:44.457213 IO-0/EL  buffer_pool.h:25] BufferPool[IO-0_Write]: Allocate new buffer, current buffer count is 53
I1102 19:11:44.457232 IO-0/EL  buffer_pool.h:25] BufferPool[IO-0_Write]: Allocate new buffer, current buffer count is 54
I1102 19:11:44.457243 IO-0/EL  buffer_pool.h:25] BufferPool[IO-0_Write]: Allocate new buffer, current buffer count is 55
I1102 19:11:44.457255 IO-0/EL  buffer_pool.h:25] BufferPool[IO-0_Write]: Allocate new buffer, current buffer count is 56
I1102 19:11:44.457271 IO-0/EL  buffer_pool.h:25] BufferPool[IO-0_Write]: Allocate new buffer, current buffer count is 57
I1102 19:11:44.457282 IO-0/EL  buffer_pool.h:25] BufferPool[IO-0_Write]: Allocate new buffer, current buffer count is 58
I1102 19:11:44.457296 IO-0/EL  buffer_pool.h:25] BufferPool[IO-0_Write]: Allocate new buffer, current buffer count is 59
I1102 19:11:44.457307 IO-0/EL  buffer_pool.h:25] BufferPool[IO-0_Write]: Allocate new buffer, current buffer count is 60
I1102 19:11:44.457320 IO-0/EL  buffer_pool.h:25] BufferPool[IO-0_Write]: Allocate new buffer, current buffer count is 61
I1102 19:11:44.457330 IO-0/EL  buffer_pool.h:25] BufferPool[IO-0_Write]: Allocate new buffer, current buffer count is 62
I1102 19:11:44.457344 IO-0/EL  buffer_pool.h:25] BufferPool[IO-0_Write]: Allocate new buffer, current buffer count is 63
I1102 19:11:44.457353 IO-0/EL  buffer_pool.h:25] BufferPool[IO-0_Write]: Allocate new buffer, current buffer count is 64
I1102 19:11:44.457367 IO-0/EL  buffer_pool.h:25] BufferPool[IO-0_Write]: Allocate new buffer, current buffer count is 65
I1102 19:11:44.457381 IO-0/EL  buffer_pool.h:25] BufferPool[IO-0_Write]: Allocate new buffer, current buffer count is 66
I1102 19:11:44.457400 IO-0/EL  buffer_pool.h:25] BufferPool[IO-0_Write]: Allocate new buffer, current buffer count is 67
I1102 19:11:44.457416 IO-0/EL  buffer_pool.h:25] BufferPool[IO-0_Write]: Allocate new buffer, current buffer count is 68
I1102 19:11:44.457446 IO-0/EL  buffer_pool.h:25] BufferPool[IO-0_Write]: Allocate new buffer, current buffer count is 69
I1102 19:11:44.457463 IO-0/EL  buffer_pool.h:25] BufferPool[IO-0_Write]: Allocate new buffer, current buffer count is 70
I1102 19:11:44.457478 IO-0/EL  buffer_pool.h:25] BufferPool[IO-0_Write]: Allocate new buffer, current buffer count is 71
I1102 19:11:44.457496 IO-0/EL  buffer_pool.h:25] BufferPool[IO-0_Write]: Allocate new buffer, current buffer count is 72
I1102 19:11:44.457510 IO-0/EL  buffer_pool.h:25] BufferPool[IO-0_Write]: Allocate new buffer, current buffer count is 73
I1102 19:11:44.457532 IO-0/EL  buffer_pool.h:25] BufferPool[IO-0_Write]: Allocate new buffer, current buffer count is 74
I1102 19:11:44.457547 IO-0/EL  buffer_pool.h:25] BufferPool[IO-0_Write]: Allocate new buffer, current buffer count is 75
I1102 19:11:44.457559 IO-0/EL  buffer_pool.h:25] BufferPool[IO-0_Write]: Allocate new buffer, current buffer count is 76
I1102 19:11:44.457570 IO-0/EL  buffer_pool.h:25] BufferPool[IO-0_Write]: Allocate new buffer, current buffer count is 77
I1102 19:11:44.457583 IO-0/EL  buffer_pool.h:25] BufferPool[IO-0_Write]: Allocate new buffer, current buffer count is 78
I1102 19:11:44.457593 IO-0/EL  buffer_pool.h:25] BufferPool[IO-0_Write]: Allocate new buffer, current buffer count is 79
I1102 19:11:44.457606 IO-0/EL  buffer_pool.h:25] BufferPool[IO-0_Write]: Allocate new buffer, current buffer count is 80
I1102 19:11:44.457616 IO-0/EL  buffer_pool.h:25] BufferPool[IO-0_Write]: Allocate new buffer, current buffer count is 81
I1102 19:11:44.457626 IO-0/EL  buffer_pool.h:25] BufferPool[IO-0_Write]: Allocate new buffer, current buffer count is 82
I1102 19:11:44.457642 IO-0/EL  buffer_pool.h:25] BufferPool[IO-0_Write]: Allocate new buffer, current buffer count is 83
I1102 19:11:44.457652 IO-0/EL  buffer_pool.h:25] BufferPool[IO-0_Write]: Allocate new buffer, current buffer count is 84
I1102 19:11:44.457665 IO-0/EL  buffer_pool.h:25] BufferPool[IO-0_Write]: Allocate new buffer, current buffer count is 85
I1102 19:11:44.457675 IO-0/EL  buffer_pool.h:25] BufferPool[IO-0_Write]: Allocate new buffer, current buffer count is 86
I1102 19:11:44.457688 IO-0/EL  buffer_pool.h:25] BufferPool[IO-0_Write]: Allocate new buffer, current buffer count is 87
I1102 19:11:44.457700 IO-0/EL  buffer_pool.h:25] BufferPool[IO-0_Write]: Allocate new buffer, current buffer count is 88
I1102 19:11:44.457723 IO-0/EL  buffer_pool.h:25] BufferPool[IO-0_Write]: Allocate new buffer, current buffer count is 89
I1102 19:11:44.457740 IO-0/EL  buffer_pool.h:25] BufferPool[IO-0_Write]: Allocate new buffer, current buffer count is 90
I1102 19:11:44.457765 IO-0/EL  buffer_pool.h:25] BufferPool[IO-0_Write]: Allocate new buffer, current buffer count is 91
I1102 19:11:44.457781 IO-0/EL  buffer_pool.h:25] BufferPool[IO-0_Write]: Allocate new buffer, current buffer count is 92
I1102 19:11:44.457796 IO-0/EL  buffer_pool.h:25] BufferPool[IO-0_Write]: Allocate new buffer, current buffer count is 93
I1102 19:11:44.457815 IO-0/EL  buffer_pool.h:25] BufferPool[IO-0_Write]: Allocate new buffer, current buffer count is 94
I1102 19:11:44.457829 IO-0/EL  buffer_pool.h:25] BufferPool[IO-0_Write]: Allocate new buffer, current buffer count is 95
I1102 19:11:44.457851 IO-0/EL  buffer_pool.h:25] BufferPool[IO-0_Write]: Allocate new buffer, current buffer count is 96
I1102 19:11:44.457865 IO-0/EL  buffer_pool.h:25] BufferPool[IO-0_Write]: Allocate new buffer, current buffer count is 97
I1102 19:11:44.457879 IO-0/EL  buffer_pool.h:25] BufferPool[IO-0_Write]: Allocate new buffer, current buffer count is 98
I1102 19:11:44.457893 IO-0/EL  buffer_pool.h:25] BufferPool[IO-0_Write]: Allocate new buffer, current buffer count is 99
I1102 19:11:44.457909 IO-0/EL  buffer_pool.h:25] BufferPool[IO-0_Write]: Allocate new buffer, current buffer count is 100
I1102 19:11:44.457924 IO-0/EL  buffer_pool.h:25] BufferPool[IO-0_Write]: Allocate new buffer, current buffer count is 101
I1102 19:11:44.457944 IO-0/EL  buffer_pool.h:25] BufferPool[IO-0_Write]: Allocate new buffer, current buffer count is 102
I1102 19:11:44.457994 IO-0/EL  buffer_pool.h:25] BufferPool[IO-0_Write]: Allocate new buffer, current buffer count is 103
I1102 19:11:44.458008 IO-0/EL  buffer_pool.h:25] BufferPool[IO-0_Write]: Allocate new buffer, current buffer count is 104
I1102 19:11:44.458030 IO-0/EL  buffer_pool.h:25] BufferPool[IO-0_Write]: Allocate new buffer, current buffer count is 105
I1102 19:11:44.458045 IO-0/EL  buffer_pool.h:25] BufferPool[IO-0_Write]: Allocate new buffer, current buffer count is 106
I1102 19:11:44.458058 IO-0/EL  buffer_pool.h:25] BufferPool[IO-0_Write]: Allocate new buffer, current buffer count is 107
I1102 19:11:44.458070 IO-0/EL  buffer_pool.h:25] BufferPool[IO-0_Write]: Allocate new buffer, current buffer count is 108
I1102 19:11:44.458084 IO-0/EL  buffer_pool.h:25] BufferPool[IO-0_Write]: Allocate new buffer, current buffer count is 109
I1102 19:11:44.458097 IO-0/EL  buffer_pool.h:25] BufferPool[IO-0_Write]: Allocate new buffer, current buffer count is 110
I1102 19:11:44.458113 IO-0/EL  buffer_pool.h:25] BufferPool[IO-0_Write]: Allocate new buffer, current buffer count is 111
I1102 19:11:44.458127 IO-0/EL  buffer_pool.h:25] BufferPool[IO-0_Write]: Allocate new buffer, current buffer count is 112
I1102 19:11:44.458157 IO-0/EL  buffer_pool.h:25] BufferPool[IO-0_Write]: Allocate new buffer, current buffer count is 113
I1102 19:11:44.458178 IO-0/EL  buffer_pool.h:25] BufferPool[IO-0_Write]: Allocate new buffer, current buffer count is 114
I1102 19:11:44.458191 IO-0/EL  buffer_pool.h:25] BufferPool[IO-0_Write]: Allocate new buffer, current buffer count is 115
I1102 19:11:44.458211 IO-0/EL  buffer_pool.h:25] BufferPool[IO-0_Write]: Allocate new buffer, current buffer count is 116
I1102 19:11:44.458224 IO-0/EL  buffer_pool.h:25] BufferPool[IO-0_Write]: Allocate new buffer, current buffer count is 117
I1102 19:11:44.458240 IO-0/EL  buffer_pool.h:25] BufferPool[IO-0_Write]: Allocate new buffer, current buffer count is 118
I1102 19:11:44.458258 IO-0/EL  buffer_pool.h:25] BufferPool[IO-0_Write]: Allocate new buffer, current buffer count is 119
I1102 19:11:44.458269 IO-0/EL  buffer_pool.h:25] BufferPool[IO-0_Write]: Allocate new buffer, current buffer count is 120
I1102 19:11:44.458288 IO-0/EL  buffer_pool.h:25] BufferPool[IO-0_Write]: Allocate new buffer, current buffer count is 121
I1102 19:11:44.458305 IO-0/EL  buffer_pool.h:25] BufferPool[IO-0_Write]: Allocate new buffer, current buffer count is 122
I1102 19:11:44.458327 IO-0/EL  buffer_pool.h:25] BufferPool[IO-0_Write]: Allocate new buffer, current buffer count is 123
I1102 19:11:44.458342 IO-0/EL  buffer_pool.h:25] BufferPool[IO-0_Write]: Allocate new buffer, current buffer count is 124
I1102 19:11:44.458358 IO-0/EL  buffer_pool.h:25] BufferPool[IO-0_Write]: Allocate new buffer, current buffer count is 125
I1102 19:11:44.458370 IO-0/EL  buffer_pool.h:25] BufferPool[IO-0_Write]: Allocate new buffer, current buffer count is 126
I1102 19:11:44.458391 IO-0/EL  buffer_pool.h:25] BufferPool[IO-0_Write]: Allocate new buffer, current buffer count is 127
I1102 19:11:44.458407 IO-0/EL  buffer_pool.h:25] BufferPool[IO-0_Write]: Allocate new buffer, current buffer count is 128
I1102 19:11:44.458972 IO-0/EL  buffer_pool.h:25] BufferPool[IO-0_Write]: Allocate new buffer, current buffer count is 129
I1102 19:11:44.458996 IO-0/EL  buffer_pool.h:25] BufferPool[IO-0_Write]: Allocate new buffer, current buffer count is 130
I1102 19:11:44.459010 IO-0/EL  buffer_pool.h:25] BufferPool[IO-0_Write]: Allocate new buffer, current buffer count is 131
I1102 19:11:44.459026 IO-0/EL  buffer_pool.h:25] BufferPool[IO-0_Write]: Allocate new buffer, current buffer count is 132
I1102 19:11:44.459042 IO-0/EL  buffer_pool.h:25] BufferPool[IO-0_Write]: Allocate new buffer, current buffer count is 133
I1102 19:11:44.459056 IO-0/EL  buffer_pool.h:25] BufferPool[IO-0_Write]: Allocate new buffer, current buffer count is 134
I1102 19:11:44.459071 IO-0/EL  buffer_pool.h:25] BufferPool[IO-0_Write]: Allocate new buffer, current buffer count is 135
I1102 19:11:44.459082 IO-0/EL  buffer_pool.h:25] BufferPool[IO-0_Write]: Allocate new buffer, current buffer count is 136
I1102 19:11:44.459103 IO-0/EL  buffer_pool.h:25] BufferPool[IO-0_Write]: Allocate new buffer, current buffer count is 137
I1102 19:11:44.459114 IO-0/EL  buffer_pool.h:25] BufferPool[IO-0_Write]: Allocate new buffer, current buffer count is 138
I1102 19:11:44.459130 IO-0/EL  buffer_pool.h:25] BufferPool[IO-0_Write]: Allocate new buffer, current buffer count is 139
I1102 19:11:44.459144 IO-0/EL  buffer_pool.h:25] BufferPool[IO-0_Write]: Allocate new buffer, current buffer count is 140
I1102 19:11:44.459160 IO-0/EL  buffer_pool.h:25] BufferPool[IO-0_Write]: Allocate new buffer, current buffer count is 141
I1102 19:11:44.459175 IO-0/EL  buffer_pool.h:25] BufferPool[IO-0_Write]: Allocate new buffer, current buffer count is 142
I1102 19:11:44.459191 IO-0/EL  buffer_pool.h:25] BufferPool[IO-0_Write]: Allocate new buffer, current buffer count is 143
I1102 19:11:44.459205 IO-0/EL  buffer_pool.h:25] BufferPool[IO-0_Write]: Allocate new buffer, current buffer count is 144
I1102 19:11:44.459215 IO-0/EL  buffer_pool.h:25] BufferPool[IO-0_Write]: Allocate new buffer, current buffer count is 145
I1102 19:11:44.459225 IO-0/EL  buffer_pool.h:25] BufferPool[IO-0_Write]: Allocate new buffer, current buffer count is 146
I1102 19:11:44.459234 IO-0/EL  buffer_pool.h:25] BufferPool[IO-0_Write]: Allocate new buffer, current buffer count is 147
I1102 19:11:44.459244 IO-0/EL  buffer_pool.h:25] BufferPool[IO-0_Write]: Allocate new buffer, current buffer count is 148
I1102 19:11:44.459254 IO-0/EL  buffer_pool.h:25] BufferPool[IO-0_Write]: Allocate new buffer, current buffer count is 149
I1102 19:11:44.459264 IO-0/EL  buffer_pool.h:25] BufferPool[IO-0_Write]: Allocate new buffer, current buffer count is 150
I1102 19:11:44.459274 IO-0/EL  buffer_pool.h:25] BufferPool[IO-0_Write]: Allocate new buffer, current buffer count is 151
I1102 19:11:44.459283 IO-0/EL  buffer_pool.h:25] BufferPool[IO-0_Write]: Allocate new buffer, current buffer count is 152
I1102 19:11:44.459293 IO-0/EL  buffer_pool.h:25] BufferPool[IO-0_Write]: Allocate new buffer, current buffer count is 153
I1102 19:11:44.459305 IO-0/EL  buffer_pool.h:25] BufferPool[IO-0_Write]: Allocate new buffer, current buffer count is 154
I1102 19:11:44.459318 IO-0/EL  buffer_pool.h:25] BufferPool[IO-0_Write]: Allocate new buffer, current buffer count is 155
I1102 19:11:44.459333 IO-0/EL  buffer_pool.h:25] BufferPool[IO-0_Write]: Allocate new buffer, current buffer count is 156
I1102 19:11:44.459351 IO-0/EL  buffer_pool.h:25] BufferPool[IO-0_Write]: Allocate new buffer, current buffer count is 157
I1102 19:11:44.459373 IO-0/EL  buffer_pool.h:25] BufferPool[IO-0_Write]: Allocate new buffer, current buffer count is 158
I1102 19:11:44.459389 IO-0/EL  buffer_pool.h:25] BufferPool[IO-0_Write]: Allocate new buffer, current buffer count is 159
I1102 19:11:44.459399 IO-0/EL  buffer_pool.h:25] BufferPool[IO-0_Write]: Allocate new buffer, current buffer count is 160
I1102 19:11:44.459410 IO-0/EL  buffer_pool.h:25] BufferPool[IO-0_Write]: Allocate new buffer, current buffer count is 161
I1102 19:11:44.459419 IO-0/EL  buffer_pool.h:25] BufferPool[IO-0_Write]: Allocate new buffer, current buffer count is 162
I1102 19:11:44.459429 IO-0/EL  buffer_pool.h:25] BufferPool[IO-0_Write]: Allocate new buffer, current buffer count is 163
I1102 19:11:44.459439 IO-0/EL  buffer_pool.h:25] BufferPool[IO-0_Write]: Allocate new buffer, current buffer count is 164
I1102 19:11:44.459448 IO-0/EL  buffer_pool.h:25] BufferPool[IO-0_Write]: Allocate new buffer, current buffer count is 165
I1102 19:11:44.459457 IO-0/EL  buffer_pool.h:25] BufferPool[IO-0_Write]: Allocate new buffer, current buffer count is 166
I1102 19:11:44.459467 IO-0/EL  buffer_pool.h:25] BufferPool[IO-0_Write]: Allocate new buffer, current buffer count is 167
I1102 19:11:44.459477 IO-0/EL  buffer_pool.h:25] BufferPool[IO-0_Write]: Allocate new buffer, current buffer count is 168
I1102 19:11:44.459486 IO-0/EL  buffer_pool.h:25] BufferPool[IO-0_Write]: Allocate new buffer, current buffer count is 169
I1102 19:11:44.459504 IO-0/EL  buffer_pool.h:25] BufferPool[IO-0_Write]: Allocate new buffer, current buffer count is 170
I1102 19:11:44.459514 IO-0/EL  buffer_pool.h:25] BufferPool[IO-0_Write]: Allocate new buffer, current buffer count is 171
I1102 19:11:44.459525 IO-0/EL  buffer_pool.h:25] BufferPool[IO-0_Write]: Allocate new buffer, current buffer count is 172
I1102 19:11:44.459536 IO-0/EL  buffer_pool.h:25] BufferPool[IO-0_Write]: Allocate new buffer, current buffer count is 173
I1102 19:11:44.459546 IO-0/EL  buffer_pool.h:25] BufferPool[IO-0_Write]: Allocate new buffer, current buffer count is 174
I1102 19:11:44.459559 IO-0/EL  buffer_pool.h:25] BufferPool[IO-0_Write]: Allocate new buffer, current buffer count is 175
I1102 19:11:44.459573 IO-0/EL  buffer_pool.h:25] BufferPool[IO-0_Write]: Allocate new buffer, current buffer count is 176
I1102 19:11:44.459582 IO-0/EL  buffer_pool.h:25] BufferPool[IO-0_Write]: Allocate new buffer, current buffer count is 177
I1102 19:11:44.459592 IO-0/EL  buffer_pool.h:25] BufferPool[IO-0_Write]: Allocate new buffer, current buffer count is 178
I1102 19:11:44.459601 IO-0/EL  buffer_pool.h:25] BufferPool[IO-0_Write]: Allocate new buffer, current buffer count is 179
I1102 19:11:44.459612 IO-0/EL  buffer_pool.h:25] BufferPool[IO-0_Write]: Allocate new buffer, current buffer count is 180
I1102 19:11:44.459621 IO-0/EL  buffer_pool.h:25] BufferPool[IO-0_Write]: Allocate new buffer, current buffer count is 181
I1102 19:11:44.459631 IO-0/EL  buffer_pool.h:25] BufferPool[IO-0_Write]: Allocate new buffer, current buffer count is 182
I1102 19:11:44.459640 IO-0/EL  buffer_pool.h:25] BufferPool[IO-0_Write]: Allocate new buffer, current buffer count is 183
I1102 19:11:44.459650 IO-0/EL  buffer_pool.h:25] BufferPool[IO-0_Write]: Allocate new buffer, current buffer count is 184
I1102 19:11:44.459659 IO-0/EL  buffer_pool.h:25] BufferPool[IO-0_Write]: Allocate new buffer, current buffer count is 185
I1102 19:11:44.459668 IO-0/EL  buffer_pool.h:25] BufferPool[IO-0_Write]: Allocate new buffer, current buffer count is 186
I1102 19:11:44.459681 IO-0/EL  buffer_pool.h:25] BufferPool[IO-0_Write]: Allocate new buffer, current buffer count is 187
I1102 19:11:44.459695 IO-0/EL  buffer_pool.h:25] BufferPool[IO-0_Write]: Allocate new buffer, current buffer count is 188
I1102 19:11:44.459718 IO-0/EL  buffer_pool.h:25] BufferPool[IO-0_Write]: Allocate new buffer, current buffer count is 189
I1102 19:11:44.459735 IO-0/EL  buffer_pool.h:25] BufferPool[IO-0_Write]: Allocate new buffer, current buffer count is 190
I1102 19:11:44.459753 IO-0/EL  buffer_pool.h:25] BufferPool[IO-0_Write]: Allocate new buffer, current buffer count is 191
I1102 19:11:44.459770 IO-0/EL  buffer_pool.h:25] BufferPool[IO-0_Write]: Allocate new buffer, current buffer count is 192
I1102 19:11:44.459784 IO-0/EL  buffer_pool.h:25] BufferPool[IO-0_Write]: Allocate new buffer, current buffer count is 193
I1102 19:11:44.459798 IO-0/EL  buffer_pool.h:25] BufferPool[IO-0_Write]: Allocate new buffer, current buffer count is 194
I1102 19:11:44.459808 IO-0/EL  buffer_pool.h:25] BufferPool[IO-0_Write]: Allocate new buffer, current buffer count is 195
I1102 19:11:44.459817 IO-0/EL  buffer_pool.h:25] BufferPool[IO-0_Write]: Allocate new buffer, current buffer count is 196
I1102 19:11:44.459827 IO-0/EL  buffer_pool.h:25] BufferPool[IO-0_Write]: Allocate new buffer, current buffer count is 197
I1102 19:11:44.459837 IO-0/EL  buffer_pool.h:25] BufferPool[IO-0_Write]: Allocate new buffer, current buffer count is 198
I1102 19:11:44.459847 IO-0/EL  buffer_pool.h:25] BufferPool[IO-0_Write]: Allocate new buffer, current buffer count is 199
I1102 19:11:44.459856 IO-0/EL  buffer_pool.h:25] BufferPool[IO-0_Write]: Allocate new buffer, current buffer count is 200
I1102 19:11:44.459866 IO-0/EL  buffer_pool.h:25] BufferPool[IO-0_Write]: Allocate new buffer, current buffer count is 201
I1102 19:11:44.459876 IO-0/EL  buffer_pool.h:25] BufferPool[IO-0_Write]: Allocate new buffer, current buffer count is 202
I1102 19:11:44.459888 IO-0/EL  buffer_pool.h:25] BufferPool[IO-0_Write]: Allocate new buffer, current buffer count is 203
I1102 19:11:44.459916 IO-0/EL  buffer_pool.h:25] BufferPool[IO-0_Write]: Allocate new buffer, current buffer count is 204
I1102 19:11:44.459933 IO-0/EL  buffer_pool.h:25] BufferPool[IO-0_Write]: Allocate new buffer, current buffer count is 205
I1102 19:11:44.459948 IO-0/EL  buffer_pool.h:25] BufferPool[IO-0_Write]: Allocate new buffer, current buffer count is 206
I1102 19:11:44.459961 IO-0/EL  buffer_pool.h:25] BufferPool[IO-0_Write]: Allocate new buffer, current buffer count is 207
I1102 19:11:44.459972 IO-0/EL  buffer_pool.h:25] BufferPool[IO-0_Write]: Allocate new buffer, current buffer count is 208
I1102 19:11:44.459983 IO-0/EL  buffer_pool.h:25] BufferPool[IO-0_Write]: Allocate new buffer, current buffer count is 209
I1102 19:11:44.459993 IO-0/EL  buffer_pool.h:25] BufferPool[IO-0_Write]: Allocate new buffer, current buffer count is 210
I1102 19:11:44.460004 IO-0/EL  buffer_pool.h:25] BufferPool[IO-0_Write]: Allocate new buffer, current buffer count is 211
I1102 19:11:44.460015 IO-0/EL  buffer_pool.h:25] BufferPool[IO-0_Write]: Allocate new buffer, current buffer count is 212
I1102 19:11:44.460026 IO-0/EL  buffer_pool.h:25] BufferPool[IO-0_Write]: Allocate new buffer, current buffer count is 213
I1102 19:11:44.460037 IO-0/EL  buffer_pool.h:25] BufferPool[IO-0_Write]: Allocate new buffer, current buffer count is 214
I1102 19:11:44.460046 IO-0/EL  buffer_pool.h:25] BufferPool[IO-0_Write]: Allocate new buffer, current buffer count is 215
I1102 19:11:44.460055 IO-0/EL  buffer_pool.h:25] BufferPool[IO-0_Write]: Allocate new buffer, current buffer count is 216
I1102 19:11:44.460067 IO-0/EL  buffer_pool.h:25] BufferPool[IO-0_Write]: Allocate new buffer, current buffer count is 217
I1102 19:11:44.460080 IO-0/EL  buffer_pool.h:25] BufferPool[IO-0_Write]: Allocate new buffer, current buffer count is 218
I1102 19:11:44.460096 IO-0/EL  buffer_pool.h:25] BufferPool[IO-0_Write]: Allocate new buffer, current buffer count is 219
I1102 19:11:44.460112 IO-0/EL  buffer_pool.h:25] BufferPool[IO-0_Write]: Allocate new buffer, current buffer count is 220
I1102 19:11:44.460129 IO-0/EL  buffer_pool.h:25] BufferPool[IO-0_Write]: Allocate new buffer, current buffer count is 221
I1102 19:11:44.460139 IO-0/EL  buffer_pool.h:25] BufferPool[IO-0_Write]: Allocate new buffer, current buffer count is 222
I1102 19:11:44.460149 IO-0/EL  buffer_pool.h:25] BufferPool[IO-0_Write]: Allocate new buffer, current buffer count is 223
I1102 19:11:44.460159 IO-0/EL  buffer_pool.h:25] BufferPool[IO-0_Write]: Allocate new buffer, current buffer count is 224
I1102 19:11:44.460169 IO-0/EL  buffer_pool.h:25] BufferPool[IO-0_Write]: Allocate new buffer, current buffer count is 225
I1102 19:11:44.460179 IO-0/EL  buffer_pool.h:25] BufferPool[IO-0_Write]: Allocate new buffer, current buffer count is 226
I1102 19:11:44.460189 IO-0/EL  buffer_pool.h:25] BufferPool[IO-0_Write]: Allocate new buffer, current buffer count is 227
I1102 19:11:44.460202 IO-0/EL  buffer_pool.h:25] BufferPool[IO-0_Write]: Allocate new buffer, current buffer count is 228
I1102 19:11:44.460213 IO-0/EL  buffer_pool.h:25] BufferPool[IO-0_Write]: Allocate new buffer, current buffer count is 229
I1102 19:11:44.460223 IO-0/EL  buffer_pool.h:25] BufferPool[IO-0_Write]: Allocate new buffer, current buffer count is 230
I1102 19:11:44.460237 IO-0/EL  buffer_pool.h:25] BufferPool[IO-0_Write]: Allocate new buffer, current buffer count is 231
I1102 19:11:44.460248 IO-0/EL  buffer_pool.h:25] BufferPool[IO-0_Write]: Allocate new buffer, current buffer count is 232
I1102 19:11:44.460262 IO-0/EL  buffer_pool.h:25] BufferPool[IO-0_Write]: Allocate new buffer, current buffer count is 233
I1102 19:11:44.460277 IO-0/EL  buffer_pool.h:25] BufferPool[IO-0_Write]: Allocate new buffer, current buffer count is 234
I1102 19:11:44.460293 IO-0/EL  buffer_pool.h:25] BufferPool[IO-0_Write]: Allocate new buffer, current buffer count is 235
I1102 19:11:44.460308 IO-0/EL  buffer_pool.h:25] BufferPool[IO-0_Write]: Allocate new buffer, current buffer count is 236
I1102 19:11:44.460321 IO-0/EL  buffer_pool.h:25] BufferPool[IO-0_Write]: Allocate new buffer, current buffer count is 237
I1102 19:11:44.460341 IO-0/EL  buffer_pool.h:25] BufferPool[IO-0_Write]: Allocate new buffer, current buffer count is 238
I1102 19:11:44.460352 IO-0/EL  buffer_pool.h:25] BufferPool[IO-0_Write]: Allocate new buffer, current buffer count is 239
I1102 19:11:44.460362 IO-0/EL  buffer_pool.h:25] BufferPool[IO-0_Write]: Allocate new buffer, current buffer count is 240
I1102 19:11:44.460372 IO-0/EL  buffer_pool.h:25] BufferPool[IO-0_Write]: Allocate new buffer, current buffer count is 241
I1102 19:11:44.460382 IO-0/EL  buffer_pool.h:25] BufferPool[IO-0_Write]: Allocate new buffer, current buffer count is 242
I1102 19:11:44.460394 IO-0/EL  buffer_pool.h:25] BufferPool[IO-0_Write]: Allocate new buffer, current buffer count is 243
I1102 19:11:44.460408 IO-0/EL  buffer_pool.h:25] BufferPool[IO-0_Write]: Allocate new buffer, current buffer count is 244
I1102 19:11:44.460426 IO-0/EL  buffer_pool.h:25] BufferPool[IO-0_Write]: Allocate new buffer, current buffer count is 245
I1102 19:11:44.460443 IO-0/EL  buffer_pool.h:25] BufferPool[IO-0_Write]: Allocate new buffer, current buffer count is 246
I1102 19:11:44.460459 IO-0/EL  buffer_pool.h:25] BufferPool[IO-0_Write]: Allocate new buffer, current buffer count is 247
I1102 19:11:44.460471 IO-0/EL  buffer_pool.h:25] BufferPool[IO-0_Write]: Allocate new buffer, current buffer count is 248
I1102 19:11:44.460485 IO-0/EL  buffer_pool.h:25] BufferPool[IO-0_Write]: Allocate new buffer, current buffer count is 249
I1102 19:11:44.460494 IO-0/EL  buffer_pool.h:25] BufferPool[IO-0_Write]: Allocate new buffer, current buffer count is 250
I1102 19:11:44.460503 IO-0/EL  buffer_pool.h:25] BufferPool[IO-0_Write]: Allocate new buffer, current buffer count is 251
I1102 19:11:44.460512 IO-0/EL  buffer_pool.h:25] BufferPool[IO-0_Write]: Allocate new buffer, current buffer count is 252
I1102 19:11:44.460522 IO-0/EL  buffer_pool.h:25] BufferPool[IO-0_Write]: Allocate new buffer, current buffer count is 253
I1102 19:11:44.460531 IO-0/EL  buffer_pool.h:25] BufferPool[IO-0_Write]: Allocate new buffer, current buffer count is 254
I1102 19:11:44.460540 IO-0/EL  buffer_pool.h:25] BufferPool[IO-0_Write]: Allocate new buffer, current buffer count is 255
I1102 19:11:44.460549 IO-0/EL  buffer_pool.h:25] BufferPool[IO-0_Write]: Allocate new buffer, current buffer count is 256
I1102 19:11:49.553649 Main     server_base.cpp:35] Server: Scheduled to stop
I1102 19:11:49.553738 Server/E server_base.cpp:109] Server: Start stopping process
I1102 19:11:49.553831 Server/E server_base.cpp:55] Server: Event loop finishes
